"","ONTOLOGY","ID","Description","GeneRatio","BgRatio","pvalue","p.adjust","qvalue","geneID","Count"
"GO:0042742","BP","GO:0042742","defense response to bacterium","18/202","430/28891",1.65456324343271e-09,2.52585894122887e-06,2.23831994087825e-06,"Lypd8/Reg3b/Lgals4/Zg16/Acp5/Reg3g/Pla2g2a/Lgals9/Pglyrp1/Gpr15lg/Romo1/Dmbt1/Slamf9/Sprr2a3/Wfdc2/Isg15/Oas1g/Oas1a",18
"GO:0009615","BP","GO:0009615","response to virus","17/202","389/28891",2.5151921499902e-09,2.52585894122887e-06,2.23831994087825e-06,"Irf7/Ifi27l2a/Lgals9/Pou2f2/Rtp4/Isg15/Ifit2/Ifit1bl1/Ifi27l2b/Oas1g/Parp9/Oasl2/Oas1a/Ifit1/Dhx58/Exosc4/Ifit3",17
"GO:0045333","BP","GO:0045333","cellular respiration","14/202","254/28891",3.62043804285074e-09,2.52585894122887e-06,2.23831994087825e-06,"Atp5mf/Uqcr10/Atp5me/Ndufa7/Ndufa3/Ndufc1/Ndufa11/Cyc1/Mdh1/Chchd10/Ndufa12/Mrps36/Oas1g/Oas1a",14
"GO:0140546","BP","GO:0140546","defense response to symbiont","15/202","329/28891",1.28380305102307e-08,6.37135960104788e-06,5.64605608521959e-06,"Zg16/Irf7/Rtp4/Isg15/Ifit2/Ifit1bl1/Ifi27l2b/Oas1g/Parp9/Oasl2/Oas1a/Ifit1/Dhx58/Exosc4/Ifit3",15
"GO:0009060","BP","GO:0009060","aerobic respiration","12/202","196/28891",1.5220639276273e-08,6.37135960104788e-06,5.64605608521959e-06,"Atp5mf/Uqcr10/Atp5me/Ndufa7/Ndufa3/Ndufc1/Ndufa11/Cyc1/Mdh1/Chchd10/Ndufa12/Mrps36",12
"GO:0051607","BP","GO:0051607","defense response to virus","14/202","328/28891",8.98649669167855e-08,2.53329347496775e-05,2.24490814137007e-05,"Irf7/Rtp4/Isg15/Ifit2/Ifit1bl1/Ifi27l2b/Oas1g/Parp9/Oasl2/Oas1a/Ifit1/Dhx58/Exosc4/Ifit3",14
"GO:0006119","BP","GO:0006119","oxidative phosphorylation","10/202","147/28891",9.23874575410953e-08,2.53329347496775e-05,2.24490814137007e-05,"Atp5mf/Uqcr10/Atp5me/Ndufa7/Ndufa3/Ndufc1/Ndufa11/Cyc1/Chchd10/Ndufa12",10
"GO:0031348","BP","GO:0031348","negative regulation of defense response","14/202","330/28891",9.68291820341233e-08,2.53329347496775e-05,2.24490814137007e-05,"Reg3b/Acp5/Reg3g/Lgals9/Pglyrp1/Tnfaip8l2/Sh2d1b1/Isg15/Nr1h3/Gstp1/Oas1g/Siglece/Oas1a/Dhx58",14
"GO:0015980","BP","GO:0015980","energy derivation by oxidation of organic compounds","14/202","350/28891",1.98532761342364e-07,4.6169896609952e-05,4.09140029807305e-05,"Atp5mf/Uqcr10/Atp5me/Ndufa7/Ndufa3/Ndufc1/Ndufa11/Cyc1/Mdh1/Chchd10/Ndufa12/Mrps36/Oas1g/Oas1a",14
"GO:0032102","BP","GO:0032102","negative regulation of response to external stimulus","16/202","485/28891",3.56262995255188e-07,6.91737014036654e-05,6.12990981835484e-05,"Reg3b/Acp5/Reg3g/Lgals9/Pglyrp1/Tnfaip8l2/Sh2d1b1/Isg15/Cldn3/Nr1h3/Gstp1/Tspan8/Oas1g/Siglece/Oas1a/Dhx58",16
"GO:0042776","BP","GO:0042776","proton motive force-driven mitochondrial ATP synthesis","7/202","65/28891",3.63550270157821e-07,6.91737014036654e-05,6.12990981835484e-05,"Atp5mf/Atp5me/Ndufa7/Ndufa3/Ndufc1/Ndufa11/Ndufa12",7
"GO:0009165","BP","GO:0009165","nucleotide biosynthetic process","12/202","267/28891",4.42845338755698e-07,7.7181390454952e-05,6.83952070720072e-05,"Atp5mf/Atp5me/Ndufa7/Ndufa3/Ndufc1/Upp1/Ndufa11/Ndufa12/Oasl2/Oas1a/Gmpr2/Umps",12
"GO:1901293","BP","GO:1901293","nucleoside phosphate biosynthetic process","12/202","269/28891",4.79387518353739e-07,7.7181390454952e-05,6.83952070720072e-05,"Atp5mf/Atp5me/Ndufa7/Ndufa3/Ndufc1/Upp1/Ndufa11/Ndufa12/Oasl2/Oas1a/Gmpr2/Umps",12
"GO:0015986","BP","GO:0015986","proton motive force-driven ATP synthesis","7/202","70/28891",6.07799361424311e-07,9.08660045329345e-05,8.05219905886944e-05,"Atp5mf/Atp5me/Ndufa7/Ndufa3/Ndufc1/Ndufa11/Ndufa12",7
"GO:0050830","BP","GO:0050830","defense response to Gram-positive bacterium","10/202","203/28891",1.8139904988594e-06,0.000253112140940848,0.000224298333964228,"Reg3b/Zg16/Acp5/Reg3g/Pla2g2a/Pglyrp1/Gpr15lg/Romo1/Dmbt1/Sprr2a3",10
"GO:0009260","BP","GO:0009260","ribonucleotide biosynthetic process","10/202","210/28891",2.45944715218974e-06,0.000308414551784049,0.00027330522304599,"Atp5mf/Atp5me/Ndufa7/Ndufa3/Ndufc1/Upp1/Ndufa11/Ndufa12/Gmpr2/Umps",10
"GO:0009117","BP","GO:0009117","nucleotide metabolic process","15/202","497/28891",2.50503935992777e-06,0.000308414551784049,0.00027330522304599,"Atp5mf/Atp5me/Ndufa7/Ndufa3/Ndufc1/Upp1/Ndufa11/Mdh1/Ndufa12/Sult1b1/Atp1b1/Oasl2/Oas1a/Gmpr2/Umps",15
"GO:0046390","BP","GO:0046390","ribose phosphate biosynthetic process","10/202","218/28891",3.43378195760169e-06,0.000399272535403352,0.000353820105806677,"Atp5mf/Atp5me/Ndufa7/Ndufa3/Ndufc1/Upp1/Ndufa11/Ndufa12/Gmpr2/Umps",10
"GO:0050728","BP","GO:0050728","negative regulation of inflammatory response","9/202","172/28891",3.67298063517263e-06,0.000404607814179806,0.000358548026547046,"Reg3b/Acp5/Reg3g/Lgals9/Pglyrp1/Tnfaip8l2/Nr1h3/Gstp1/Siglece",9
"GO:0002274","BP","GO:0002274","myeloid leukocyte activation","11/202","280/28891",4.93311964316927e-06,0.000513786913912793,0.0004552983842454,"Pla2g2a/Rac2/Lgals9/Gpr15lg/Rhoh/Milr1/Nr1h3/Tlr1/Il16/Cd244a/Ltbr",11
"GO:0046034","BP","GO:0046034","ATP metabolic process","8/202","135/28891",5.15505264795444e-06,0.000513786913912793,0.0004552983842454,"Atp5mf/Atp5me/Ndufa7/Ndufa3/Ndufc1/Ndufa11/Ndufa12/Atp1b1",8
"GO:0006164","BP","GO:0006164","purine nucleotide biosynthetic process","10/202","233/28891",6.18623477462015e-06,0.000588535881058181,0.000521538070472761,"Atp5mf/Atp5me/Ndufa7/Ndufa3/Ndufc1/Ndufa11/Ndufa12/Oasl2/Oas1a/Gmpr2",10
"GO:0006754","BP","GO:0006754","ATP biosynthetic process","7/202","101/28891",7.26440009197391e-06,0.000661060408369626,0.000585806542885951,"Atp5mf/Atp5me/Ndufa7/Ndufa3/Ndufc1/Ndufa11/Ndufa12",7
"GO:0072521","BP","GO:0072521","purine-containing compound metabolic process","14/202","479/28891",7.85582140510869e-06,0.000685093091703854,0.000607103391043926,"Atp5mf/Atp5me/Ndufa7/Ndufa3/Ndufc1/Ndufa11/Mdh1/Ndufa12/Sult1b1/Atp1b1/Oasl2/Oas1a/Gmpr2/Abcg3",14
"GO:0072522","BP","GO:0072522","purine-containing compound biosynthetic process","10/202","241/28891",8.3168178183386e-06,0.000696283987751307,0.000617020336670005,"Atp5mf/Atp5me/Ndufa7/Ndufa3/Ndufc1/Ndufa11/Ndufa12/Oasl2/Oas1a/Gmpr2",10
"GO:0006091","BP","GO:0006091","generation of precursor metabolites and energy","14/202","484/28891",8.83013964278636e-06,0.000710826241244302,0.000629907127554233,"Atp5mf/Uqcr10/Atp5me/Ndufa7/Ndufa3/Ndufc1/Ndufa11/Cyc1/Mdh1/Chchd10/Ndufa12/Mrps36/Oas1g/Oas1a",14
"GO:0035457","BP","GO:0035457","cellular response to interferon-alpha","4/202","20/28891",1.02947228779099e-05,0.000798031666054272,0.00070718525188605,"Ifit2/Oas1g/Oas1a/Ifit1",4
"GO:0009259","BP","GO:0009259","ribonucleotide metabolic process","12/202","364/28891",1.08345043856606e-05,0.000809879202828131,0.000717684087501279,"Atp5mf/Atp5me/Ndufa7/Ndufa3/Ndufc1/Upp1/Ndufa11/Ndufa12/Sult1b1/Atp1b1/Gmpr2/Umps",12
"GO:0019693","BP","GO:0019693","ribose phosphate metabolic process","12/202","373/28891",1.38140098815142e-05,0.000996990437310663,0.000883494933256916,"Atp5mf/Atp5me/Ndufa7/Ndufa3/Ndufc1/Upp1/Ndufa11/Ndufa12/Sult1b1/Atp1b1/Gmpr2/Umps",12
"GO:0009206","BP","GO:0009206","purine ribonucleoside triphosphate biosynthetic process","7/202","113/28891",1.51996237054673e-05,0.0010604270805181,0.000939710069088888,"Atp5mf/Atp5me/Ndufa7/Ndufa3/Ndufc1/Ndufa11/Ndufa12",7
"GO:0009145","BP","GO:0009145","purine nucleoside triphosphate biosynthetic process","7/202","114/28891",1.60990353092677e-05,0.00107058552166439,0.000948712092525289,"Atp5mf/Atp5me/Ndufa7/Ndufa3/Ndufc1/Ndufa11/Ndufa12",7
"GO:0006163","BP","GO:0006163","purine nucleotide metabolic process","13/202","444/28891",1.63682449561684e-05,0.00107058552166439,0.000948712092525289,"Atp5mf/Atp5me/Ndufa7/Ndufa3/Ndufc1/Ndufa11/Mdh1/Ndufa12/Sult1b1/Atp1b1/Oasl2/Oas1a/Gmpr2",13
"GO:0009205","BP","GO:0009205","purine ribonucleoside triphosphate metabolic process","8/202","160/28891",1.78867896815494e-05,0.00113445608495402,0.00100531175179872,"Atp5mf/Atp5me/Ndufa7/Ndufa3/Ndufc1/Ndufa11/Ndufa12/Atp1b1",8
"GO:0009201","BP","GO:0009201","ribonucleoside triphosphate biosynthetic process","7/202","118/28891",2.01485301724651e-05,0.00124031981326381,0.0010991241536806,"Atp5mf/Atp5me/Ndufa7/Ndufa3/Ndufc1/Ndufa11/Ndufa12",7
"GO:0140053","BP","GO:0140053","mitochondrial gene expression","8/202","166/28891",2.3323295990482e-05,0.00139473310023083,0.0012359593243678,"Ndufa7/Mrpl52/Mrps18c/Chchd10/Mrpl40/Mrpl2/Mrps34/Mrpl58",8
"GO:0009199","BP","GO:0009199","ribonucleoside triphosphate metabolic process","8/202","167/28891",2.43517133600764e-05,0.00141578155729555,0.00125461166492557,"Atp5mf/Atp5me/Ndufa7/Ndufa3/Ndufc1/Ndufa11/Ndufa12/Atp1b1",8
"GO:0009144","BP","GO:0009144","purine nucleoside triphosphate metabolic process","8/202","169/28891",2.65228758318719e-05,0.00150033457070562,0.00132953932335017,"Atp5mf/Atp5me/Ndufa7/Ndufa3/Ndufc1/Ndufa11/Ndufa12/Atp1b1",8
"GO:0009142","BP","GO:0009142","nucleoside triphosphate biosynthetic process","7/202","124/28891",2.77705894456403e-05,0.00152957483446645,0.00135545093083707,"Atp5mf/Atp5me/Ndufa7/Ndufa3/Ndufc1/Ndufa11/Ndufa12",7
"GO:0032543","BP","GO:0032543","mitochondrial translation","7/202","130/28891",3.76221481911923e-05,0.00201905528626065,0.00178920985459867,"Ndufa7/Mrpl52/Mrps18c/Mrpl40/Mrpl2/Mrps34/Mrpl58",7
"GO:0140374","BP","GO:0140374","antiviral innate immune response","5/202","55/28891",4.16401314615037e-05,0.00217881987872318,0.00193078714829394,"Ifit2/Oas1g/Oas1a/Dhx58/Ifit3",5
"GO:0009141","BP","GO:0009141","nucleoside triphosphate metabolic process","8/202","184/28891",4.85773865553293e-05,0.00247981634293425,0.00219751874481361,"Atp5mf/Atp5me/Ndufa7/Ndufa3/Ndufc1/Ndufa11/Ndufa12/Atp1b1",8
"GO:0035455","BP","GO:0035455","response to interferon-alpha","4/202","32/28891",7.15502128289079e-05,0.00356558560597391,0.00315968609033924,"Ifit2/Oas1g/Oas1a/Ifit1",4
"GO:0001818","BP","GO:0001818","negative regulation of cytokine production","10/202","314/28891",7.89870864404572e-05,0.00384465050976458,0.00340698277375974,"Acp5/Lgals9/Pglyrp1/Xaf1/Sh2d1b1/Serpinb1a/Gstp1/Oas1g/Oas1a/Dhx58",10
"GO:0009152","BP","GO:0009152","purine ribonucleotide biosynthetic process","8/202","198/28891",8.127350384804e-05,0.00386603280804427,0.00342593095168054,"Atp5mf/Atp5me/Ndufa7/Ndufa3/Ndufc1/Ndufa11/Ndufa12/Gmpr2",8
"GO:0033108","BP","GO:0033108","mitochondrial respiratory chain complex assembly","6/202","104/28891",9.31555811923598e-05,0.00433276958745798,0.00383953529967106,"Ndufa3/Ndufc1/Ndufa11/Ndufa12/Pet100/Smim20",6
"GO:0045088","BP","GO:0045088","regulation of innate immune response","12/202","474/28891",0.000138020826605334,0.0062799476105427,0.00556505026266816,"Irf7/Reg3g/Lgals9/Sh2d1b1/Isg15/Serpinb1a/Nr1h3/Tlr1/Oas1g/Parp9/Oas1a/Dhx58",12
"GO:0009150","BP","GO:0009150","purine ribonucleotide metabolic process","10/202","345/28891",0.000170321423440883,0.0075319511078664,0.0066745280519328,"Atp5mf/Atp5me/Ndufa7/Ndufa3/Ndufc1/Ndufa11/Ndufa12/Sult1b1/Atp1b1/Gmpr2",10
"GO:0035456","BP","GO:0035456","response to interferon-beta","5/202","74/28891",0.000173184651255657,0.0075319511078664,0.0066745280519328,"Xaf1/Oas1g/Oas1a/Ifit1/Ifit3",5
"GO:0060700","BP","GO:0060700","regulation of ribonuclease activity","3/202","16/28891",0.000176333303528645,0.0075319511078664,0.0066745280519328,"Oas1g/Oasl2/Oas1a",3
"GO:0032640","BP","GO:0032640","tumor necrosis factor production","8/202","223/28891",0.000184416663156189,0.00771968151971809,0.00684088758907801,"Zg16/Acp5/Lgals9/Slamf9/Gstp1/Tlr1/Oas1g/Oas1a",8
"GO:0071706","BP","GO:0071706","tumor necrosis factor superfamily cytokine production","8/202","226/28891",0.000201956434100208,0.00828813365826931,0.00734462821227174,"Zg16/Acp5/Lgals9/Slamf9/Gstp1/Tlr1/Oas1g/Oas1a",8
"GO:0032612","BP","GO:0032612","interleukin-1 production","6/202","122/28891",0.000223671065142703,0.0090027603719938,0.00797790317371342,"Acp5/Lgals9/Slamf9/Serpinb1a/Gstp1/Il16",6
"GO:0019755","BP","GO:0019755","one-carbon compound transport","4/202","43/28891",0.000231234577316264,0.00913158434571584,0.00809206207013419,"Aqp8/Car2/Car4/Slc26a3",4
"GO:0006953","BP","GO:0006953","acute-phase response","4/202","44/28891",0.000252974525589517,0.00980510522331222,0.00868891060601812,"Reg3b/Saa1/Reg3g/Saa3",4
"GO:0032602","BP","GO:0032602","chemokine production","6/202","126/28891",0.00026632269380396,0.0101347890569398,0.00898106385612589,"Lgals9/Slamf9/Gstp1/Oas1g/Il16/Oas1a",6
"GO:0140888","BP","GO:0140888","interferon-mediated signaling pathway","5/202","84/28891",0.000313702396144546,0.011570946753875,0.0102537320795271,"Irf7/Isg15/Oas1g/Parp9/Oas1a",5
"GO:0045824","BP","GO:0045824","negative regulation of innate immune response","6/202","130/28891",0.00031511895125221,0.011570946753875,0.0102537320795271,"Lgals9/Sh2d1b1/Isg15/Oas1g/Oas1a/Dhx58",6
"GO:0060338","BP","GO:0060338","regulation of type I interferon-mediated signaling pathway","4/202","47/28891",0.000326994493754596,0.011757543837952,0.0104190873047861,"Irf7/Isg15/Oas1g/Oas1a",4
"GO:0032481","BP","GO:0032481","positive regulation of type I interferon production","5/202","85/28891",0.00033143577947404,0.011757543837952,0.0104190873047861,"Irf7/Isg15/Oas1g/Oas1a/Dhx58",5
"GO:0002764","BP","GO:0002764","immune response-regulating signaling pathway","11/202","450/28891",0.000352102928175508,0.0120811709618252,0.0107058733295124,"Irf7/Reg3g/Fpr1/Sh2d1b1/Nr1h3/Pigr/Tlr1/Oas1g/Oas1a/Dhx58/Rab29",11
"GO:0019221","BP","GO:0019221","cytokine-mediated signaling pathway","11/202","450/28891",0.000352102928175508,0.0120811709618252,0.0107058733295124,"Krt8/Irf7/Isg15/Ebi3/Dok1/Ecm1/Oas1g/Parp9/Il16/Oasl2/Oas1a",11
"GO:0032479","BP","GO:0032479","regulation of type I interferon production","6/202","136/28891",0.000401159833591442,0.0135171632343236,0.0119783949600816,"Irf7/Xaf1/Isg15/Oas1g/Oas1a/Dhx58",6
"GO:0045089","BP","GO:0045089","positive regulation of innate immune response","10/202","385/28891",0.00040687113414352,0.0135171632343236,0.0119783949600816,"Irf7/Reg3g/Lgals9/Sh2d1b1/Nr1h3/Tlr1/Oas1g/Parp9/Oas1a/Dhx58",10
"GO:0032728","BP","GO:0032728","positive regulation of interferon-beta production","4/202","52/28891",0.00048298224413193,0.0154125084959057,0.0136579777050247,"Irf7/Isg15/Oas1g/Oas1a",4
"GO:0032606","BP","GO:0032606","type I interferon production","6/202","141/28891",0.000486013168050537,0.0154125084959057,0.0136579777050247,"Irf7/Xaf1/Isg15/Oas1g/Oas1a/Dhx58",6
"GO:0032609","BP","GO:0032609","type II interferon production","6/202","141/28891",0.000486013168050537,0.0154125084959057,0.0136579777050247,"Zg16/Lgals9/Pglyrp1/Sh2d1b1/Isg15/Cd244a",6
"GO:0001959","BP","GO:0001959","regulation of cytokine-mediated signaling pathway","6/202","146/28891",0.000584232879081593,0.0182507375510116,0.0161731081373412,"Irf7/Isg15/Ecm1/Oas1g/Parp9/Oas1a",6
"GO:0035634","BP","GO:0035634","response to stilbenoid","3/202","24/28891",0.000611583712245691,0.0188241869077975,0.0166812771049057,"Saa3/Usp18/Ifit3",3
"GO:0002181","BP","GO:0002181","cytoplasmic translation","6/202","148/28891",0.000627573020282769,0.019036381615244,0.0168693159685468,"Rps8/Uba52/Rps12/Rpl31/Rpl36a/Rps7",6
"GO:0045071","BP","GO:0045071","negative regulation of viral genome replication","4/202","56/28891",0.000641148735329306,0.0191703471863463,0.0169880311526352,"Isg15/Oas1g/Oasl2/Oas1a",4
"GO:0050727","BP","GO:0050727","regulation of inflammatory response","10/202","411/28891",0.000674347457445156,0.0198790032173621,0.0176160151225851,"Reg3b/Acp5/Reg3g/Lgals9/Pglyrp1/Tnfaip8l2/Nr1h3/Gstp1/Il16/Siglece",10
"GO:0061844","BP","GO:0061844","antimicrobial humoral immune response mediated by antimicrobial peptide","6/202","151/28891",0.000697211284388414,0.0200653083334542,0.0177811116169418,"Reg3b/Lgals4/Reg3g/Pglyrp1/Romo1/Dmbt1",6
"GO:0002833","BP","GO:0002833","positive regulation of response to biotic stimulus","10/202","413/28891",0.000699841141109487,0.0200653083334542,0.0177811116169418,"Irf7/Reg3g/Lgals9/Sh2d1b1/Nr1h3/Tlr1/Oas1g/Parp9/Oas1a/Dhx58",10
"GO:0006692","BP","GO:0006692","prostanoid metabolic process","4/202","58/28891",0.000732602779298372,0.0207207786090742,0.0183619643972081,"Pla2g2a/Mgst3/Gstp1/Ptgs1",4
"GO:0060759","BP","GO:0060759","regulation of response to cytokine stimulus","6/202","156/28891",0.000826405495714089,0.0230622227003945,0.0204368629255891,"Irf7/Isg15/Ecm1/Oas1g/Parp9/Oas1a",6
"GO:0060339","BP","GO:0060339","negative regulation of type I interferon-mediated signaling pathway","3/202","27/28891",0.000870303218683782,0.023698228976018,0.0210004674507726,"Isg15/Oas1g/Oas1a",3
"GO:0048525","BP","GO:0048525","negative regulation of viral process","5/202","105/28891",0.000871841199786614,0.023698228976018,0.0210004674507726,"Isg15/Oas1g/Oasl2/Oas1a/Rad50",5
"GO:0032069","BP","GO:0032069","regulation of nuclease activity","3/202","28/28891",0.000969742731729007,0.0257133666548043,0.0227862056709157,"Oas1g/Oasl2/Oas1a",3
"GO:0019730","BP","GO:0019730","antimicrobial humoral response","7/202","221/28891",0.000970547523043259,0.0257133666548043,0.0227862056709157,"Reg3b/Lgals4/Reg3g/Pglyrp1/Romo1/Dmbt1/Wfdc2",7
"GO:0035458","BP","GO:0035458","cellular response to interferon-beta","4/202","63/28891",0.00100098788734984,0.0261883456027902,0.0232071139146108,"Oas1g/Oas1a/Ifit1/Ifit3",4
"GO:0010257","BP","GO:0010257","NADH dehydrogenase complex assembly","4/202","65/28891",0.00112544670141221,0.028726340805558,0.0254561885479886,"Ndufa3/Ndufc1/Ndufa11/Ndufa12",4
"GO:0032981","BP","GO:0032981","mitochondrial respiratory chain complex I assembly","4/202","65/28891",0.00112544670141221,0.028726340805558,0.0254561885479886,"Ndufa3/Ndufc1/Ndufa11/Ndufa12",4
"GO:0002768","BP","GO:0002768","immune response-regulating cell surface receptor signaling pathway","8/202","294/28891",0.00114153694536488,0.0287859858632372,0.0255090437252114,"Fpr1/Sh2d1b1/Nr1h3/Pigr/Tlr1/Oas1g/Oas1a/Rab29",8
"GO:0060337","BP","GO:0060337","type I interferon-mediated signaling pathway","4/202","66/28891",0.0011915709301838,0.0293406818455846,0.0260005941669827,"Irf7/Isg15/Oas1g/Oas1a",4
"GO:0071357","BP","GO:0071357","cellular response to type I interferon","4/202","66/28891",0.0011915709301838,0.0293406818455846,0.0260005941669827,"Irf7/Isg15/Oas1g/Oas1a",4
"GO:0140895","BP","GO:0140895","cell surface toll-like receptor signaling pathway","4/202","67/28891",0.00126036809292278,0.0306266924800513,0.0271402077852744,"Nr1h3/Tlr1/Oas1g/Oas1a",4
"GO:0022600","BP","GO:0022600","digestive system process","5/202","115/28891",0.00131009154576071,0.0306266924800513,0.0271402077852744,"Tff3/Tifab/Nr1h3/Fabp2/Muc13",5
"GO:0071605","BP","GO:0071605","monocyte chemotactic protein-1 production","3/202","31/28891",0.00131023910992188,0.0306266924800513,0.0271402077852744,"Gstp1/Oas1g/Oas1a",3
"GO:0071637","BP","GO:0071637","regulation of monocyte chemotactic protein-1 production","3/202","31/28891",0.00131023910992188,0.0306266924800513,0.0271402077852744,"Gstp1/Oas1g/Oas1a",3
"GO:0002221","BP","GO:0002221","pattern recognition receptor signaling pathway","7/202","233/28891",0.00131696240955787,0.0306266924800513,0.0271402077852744,"Irf7/Reg3g/Nr1h3/Tlr1/Oas1g/Oas1a/Dhx58",7
"GO:0032642","BP","GO:0032642","regulation of chemokine production","5/202","116/28891",0.00136144829947659,0.0309729488130923,0.0274470469528346,"Lgals9/Gstp1/Oas1g/Il16/Oas1a",5
"GO:0032652","BP","GO:0032652","regulation of interleukin-1 production","5/202","116/28891",0.00136144829947659,0.0309729488130923,0.0274470469528346,"Acp5/Lgals9/Serpinb1a/Gstp1/Il16",5
"GO:0002752","BP","GO:0002752","cell surface pattern recognition receptor signaling pathway","4/202","70/28891",0.001483368616837,0.0333837689789231,0.0295834239147346,"Nr1h3/Tlr1/Oas1g/Oas1a",4
"GO:0050777","BP","GO:0050777","negative regulation of immune response","7/202","239/28891",0.00152301145243532,0.0339113081909269,0.0300509090614898,"Lgals9/Pglyrp1/Sh2d1b1/Isg15/Oas1g/Oas1a/Dhx58",7
"GO:0009156","BP","GO:0009156","ribonucleoside monophosphate biosynthetic process","3/202","33/28891",0.00157411974331516,0.0343190898204025,0.0304122696022075,"Upp1/Gmpr2/Umps",3
"GO:0032691","BP","GO:0032691","negative regulation of interleukin-1 beta production","3/202","33/28891",0.00157411974331516,0.0343190898204025,0.0304122696022075,"Acp5/Serpinb1a/Gstp1",3
"GO:0032608","BP","GO:0032608","interferon-beta production","4/202","72/28891",0.00164644591546933,0.0351633806232378,0.0311604479383132,"Irf7/Isg15/Oas1g/Oas1a",4
"GO:0032648","BP","GO:0032648","regulation of interferon-beta production","4/202","72/28891",0.00164644591546933,0.0351633806232378,0.0311604479383132,"Irf7/Isg15/Oas1g/Oas1a",4
"GO:0002758","BP","GO:0002758","innate immune response-activating signaling pathway","7/202","244/28891",0.00171321505968452,0.0359017415050922,0.0318147552151143,"Irf7/Reg3g/Nr1h3/Tlr1/Oas1g/Oas1a/Dhx58",7
"GO:0070633","BP","GO:0070633","transepithelial transport","3/202","34/28891",0.00171762115802216,0.0359017415050922,0.0318147552151143,"Cldn3/Aqp8/Abcg3",3
"GO:0034340","BP","GO:0034340","response to type I interferon","4/202","73/28891",0.00173247773149275,0.0359017415050922,0.0318147552151143,"Irf7/Isg15/Oas1g/Oas1a",4
"GO:0031647","BP","GO:0031647","regulation of protein stability","8/202","316/28891",0.00179846622800084,0.0369038217177035,0.0327027605132867,"Tspan1/Ddost/Id1/Glmp/Rps7/Atp1b1/Slc51b/H1f5",8
"GO:0032682","BP","GO:0032682","negative regulation of chemokine production","3/202","35/28891",0.00186903996503917,0.037979617930359,0.0336560901216047,"Gstp1/Oas1g/Oas1a",3
"GO:0001960","BP","GO:0001960","negative regulation of cytokine-mediated signaling pathway","4/202","76/28891",0.00200922148619423,0.0400639696625011,0.0355031631982935,"Isg15/Ecm1/Oas1g/Oas1a",4
"GO:0090075","BP","GO:0090075","relaxation of muscle","3/202","36/28891",0.0020285281512512,0.0400639696625011,0.0355031631982935,"Rgs2/Tifab/Atp1b1",3
"GO:0032649","BP","GO:0032649","regulation of type II interferon production","5/202","127/28891",0.00202904003068567,0.0400639696625011,0.0355031631982935,"Lgals9/Pglyrp1/Sh2d1b1/Isg15/Cd244a",5
"GO:0002832","BP","GO:0002832","negative regulation of response to biotic stimulus","6/202","187/28891",0.00208641039553813,0.0408117472697319,0.0361658152182803,"Lgals9/Sh2d1b1/Isg15/Oas1g/Oas1a/Dhx58",6
"GO:1990778","BP","GO:1990778","protein localization to cell periphery","9/202","400/28891",0.00211935464866062,0.0410723081448767,0.0363967143366474,"Abi3/Agr2/Mmp14/Pgap2/Atp1b1/Pdzd11/Ppil2/Misp/Rab29",9
"GO:0007586","BP","GO:0007586","digestion","5/202","129/28891",0.00217221294096825,0.0417104741784087,0.0369622327569875,"Tff3/Tifab/Nr1h3/Fabp2/Muc13",5
"GO:0042775","BP","GO:0042775","mitochondrial ATP synthesis coupled electron transport","4/202","80/28891",0.00242380801122507,0.0457029744819286,0.0405002343838651,"Uqcr10/Ndufa7/Cyc1/Ndufa12",4
"GO:0060761","BP","GO:0060761","negative regulation of response to cytokine stimulus","4/202","80/28891",0.00242380801122507,0.0457029744819286,0.0405002343838651,"Isg15/Ecm1/Oas1g/Oas1a",4
"GO:0002366","BP","GO:0002366","leukocyte activation involved in immune response","8/202","333/28891",0.00248637134865088,0.0463094759724534,0.0410376928928322,"Rac2/Lgals9/Pglyrp1/Gpr15lg/Milr1/Apbb1ip/Sh2d1b1/Cd244a",8
"GO:0050829","BP","GO:0050829","defense response to Gram-negative bacterium","5/202","134/28891",0.00256222766400122,0.0463094759724534,0.0410376928928322,"Lypd8/Reg3b/Reg3g/Romo1/Dmbt1",5
"GO:0032815","BP","GO:0032815","negative regulation of natural killer cell activation","2/202","11/28891",0.00256660258614649,0.0463094759724534,0.0410376928928322,"Lgals9/Pglyrp1",2
"GO:0071659","BP","GO:0071659","negative regulation of IP-10 production","2/202","11/28891",0.00256660258614649,0.0463094759724534,0.0410376928928322,"Oas1g/Oas1a",2
"GO:2000342","BP","GO:2000342","negative regulation of chemokine (C-X-C motif) ligand 2 production","2/202","11/28891",0.00256660258614649,0.0463094759724534,0.0410376928928322,"Oas1g/Oas1a",2
"GO:0002220","BP","GO:0002220","innate immune response activating cell surface receptor signaling pathway","4/202","82/28891",0.00265163471787219,0.0466528861422895,0.0413420098990188,"Nr1h3/Tlr1/Oas1g/Oas1a",4
"GO:0042773","BP","GO:0042773","ATP synthesis coupled electron transport","4/202","82/28891",0.00265163471787219,0.0466528861422895,0.0413420098990188,"Uqcr10/Ndufa7/Cyc1/Ndufa12",4
"GO:0002263","BP","GO:0002263","cell activation involved in immune response","8/202","337/28891",0.00267479519210451,0.0466528861422895,0.0413420098990188,"Rac2/Lgals9/Pglyrp1/Gpr15lg/Milr1/Apbb1ip/Sh2d1b1/Cd244a",8
"GO:0006959","BP","GO:0006959","humoral immune response","8/202","337/28891",0.00267479519210451,0.0466528861422895,0.0413420098990188,"Reg3b/Lgals4/Reg3g/Cfp/Pglyrp1/Romo1/Dmbt1/Wfdc2",8
"GO:0006730","BP","GO:0006730","one-carbon metabolic process","3/202","40/28891",0.00275006431470085,0.0475692943030486,0.0421540958895424,"Car1/Car2/Car4",3
"GO:0098798","CC","GO:0098798","mitochondrial protein-containing complex","20/204","303/28573",7.31276629871013e-14,2.0914511614311e-11,1.64729682939365e-11,"Atp5mf/Uqcr10/Atp5me/Ndufa7/Ndufa3/Mrpl52/Ndufc1/Ndufa11/Cyc1/AA467197/Mrps18c/Romo1/Chchd10/Ndufa12/Mrps36/Mrpl40/Mrpl2/Mtx1/Mrps34/Mrpl58",20
"GO:0005840","CC","GO:0005840","ribosome","16/204","267/28573",1.05809207489104e-10,1.51307166709418e-08,1.19174581066675e-08,"Rps8/Uba52/Rps12/Ndufa7/Mrpl52/Rpl31/Mrps18c/Rpl36a/Rpl17-ps8/Rps7/Oas1g/Mrpl40/Mrpl2/Oas1a/Mrps34/Mrpl58",16
"GO:0098800","CC","GO:0098800","inner mitochondrial membrane protein complex","12/204","154/28573",1.2506579021692e-09,1.19229386673464e-07,9.39090494962135e-08,"Atp5mf/Uqcr10/Atp5me/Ndufa7/Ndufa3/Ndufc1/Ndufa11/Cyc1/AA467197/Romo1/Chchd10/Ndufa12",12
"GO:0044391","CC","GO:0044391","ribosomal subunit","13/204","215/28573",5.6195383559542e-09,4.01796992450725e-07,3.1646873899321e-07,"Rps8/Uba52/Rps12/Mrpl52/Rpl31/Mrps18c/Rpl36a/Rpl17-ps8/Rps7/Mrpl40/Mrpl2/Mrps34/Mrpl58",13
"GO:1990204","CC","GO:1990204","oxidoreductase complex","9/204","127/28573",3.46091513627565e-07,1.8619092900573e-05,1.4665019803911e-05,"Uqcr10/Ndufa7/Ndufa3/Ndufc1/Ndufa11/Cyc1/Ndufa12/Mrps36/Gmpr2",9
"GO:0005746","CC","GO:0005746","mitochondrial respirasome","8/204","95/28573",4.20288520896296e-07,1.8619092900573e-05,1.4665019803911e-05,"Uqcr10/Ndufa7/Ndufa3/Ndufc1/Ndufa11/Cyc1/AA467197/Ndufa12",8
"GO:0098803","CC","GO:0098803","respiratory chain complex","8/204","96/28573",4.55712064000039e-07,1.8619092900573e-05,1.4665019803911e-05,"Uqcr10/Ndufa7/Ndufa3/Ndufc1/Ndufa11/Cyc1/AA467197/Ndufa12",8
"GO:0015934","CC","GO:0015934","large ribosomal subunit","9/204","137/28573",6.57935481509499e-07,2.35211934639646e-05,1.8526078031978e-05,"Uba52/Rps12/Mrpl52/Rpl31/Rpl36a/Rpl17-ps8/Mrpl40/Mrpl2/Mrpl58",9
"GO:0070469","CC","GO:0070469","respirasome","8/204","103/28573",7.8301699828885e-07,2.48825401678457e-05,1.95983201910894e-05,"Uqcr10/Ndufa7/Ndufa3/Ndufc1/Ndufa11/Cyc1/AA467197/Ndufa12",8
"GO:0000313","CC","GO:0000313","organellar ribosome","7/204","91/28573",4.1575815668844e-06,0.000108097120738994,8.51409048146662e-05,"Ndufa7/Mrpl52/Mrps18c/Mrpl40/Mrpl2/Mrps34/Mrpl58",7
"GO:0005761","CC","GO:0005761","mitochondrial ribosome","7/204","91/28573",4.1575815668844e-06,0.000108097120738994,8.51409048146662e-05,"Ndufa7/Mrpl52/Mrps18c/Mrpl40/Mrpl2/Mrps34/Mrpl58",7
"GO:0031526","CC","GO:0031526","brush border membrane","6/204","82/28573",2.74390548589424e-05,0.000646861206629389,0.000509489503933343,"Muc17/Aqp8/Car4/Cdhr5/Slc26a3/Abcg3",6
"GO:0015935","CC","GO:0015935","small ribosomal subunit","6/204","83/28573",2.94027821195177e-05,0.000646861206629389,0.000509489503933343,"Rps8/Uba52/Rps12/Mrps18c/Rps7/Mrps34",6
"GO:0016327","CC","GO:0016327","apicolateral plasma membrane","4/204","27/28573",3.89267399382488e-05,0.000773456644008012,0.000609200301132553,"Krt8/Krt19/Cldn7/Cldn3",4
"GO:0005747","CC","GO:0005747","mitochondrial respiratory chain complex I","5/204","55/28573",4.59746956228539e-05,0.000773456644008012,0.000609200301132553,"Ndufa7/Ndufa3/Ndufc1/Ndufa11/Ndufa12",5
"GO:0030964","CC","GO:0030964","NADH dehydrogenase complex","5/204","55/28573",4.59746956228539e-05,0.000773456644008012,0.000609200301132553,"Ndufa7/Ndufa3/Ndufc1/Ndufa11/Ndufa12",5
"GO:0045271","CC","GO:0045271","respiratory chain complex I","5/204","55/28573",4.59746956228539e-05,0.000773456644008012,0.000609200301132553,"Ndufa7/Ndufa3/Ndufc1/Ndufa11/Ndufa12",5
"GO:0022626","CC","GO:0022626","cytosolic ribosome","7/204","142/28573",7.5167768344556e-05,0.00119433231925239,0.000940696048288596,"Rps8/Uba52/Rps12/Rpl31/Rpl36a/Rpl17-ps8/Rps7",7
"GO:0022625","CC","GO:0022625","cytosolic large ribosomal subunit","5/204","79/28573",0.000259332777172206,0.00390364075111848,0.00307463791218018,"Uba52/Rps12/Rpl31/Rpl36a/Rpl17-ps8",5
"GO:0022627","CC","GO:0022627","cytosolic small ribosomal subunit","4/204","45/28573",0.000298903452198616,0.0042743193664402,0.00336659677739494,"Rps8/Uba52/Rps12/Rps7",4
"GO:0005759","CC","GO:0005759","mitochondrial matrix","9/204","304/28573",0.000358816339935001,0.00488673682006716,0.00384895723038047,"Ndufa7/Mrpl52/Mrps18c/Mrps36/Mrpl40/Alas1/Mrpl2/Mrps34/Mrpl58",9
"GO:0062023","CC","GO:0062023","collagen-containing extracellular matrix","10/204","396/28573",0.000595235897815364,0.00773806667159973,0.00609475991064535,"Reg3b/Lgals4/Zg16/Reg3g/Tgfbi/Lgals9/Dmbt1/Serpinb1a/Ecm1/Il16",10
"GO:0005903","CC","GO:0005903","brush border","6/204","149/28573",0.000724746885037533,0.00848036933871193,0.00667942229843339,"Muc17/Aqp8/Car4/Cdhr5/Slc26a3/Abcg3",6
"GO:0000315","CC","GO:0000315","organellar large ribosomal subunit","4/204","57/28573",0.000741291026111182,0.00848036933871193,0.00667942229843339,"Mrpl52/Mrpl40/Mrpl2/Mrpl58",4
"GO:0005762","CC","GO:0005762","mitochondrial large ribosomal subunit","4/204","57/28573",0.000741291026111182,0.00848036933871193,0.00667942229843339,"Mrpl52/Mrpl40/Mrpl2/Mrpl58",4
"GO:0042588","CC","GO:0042588","zymogen granule","3/204","26/28573",0.000825990910623525,0.00908590001685878,0.00715635849690018,"Reg3b/Zg16/Dmbt1",3
"GO:0030141","CC","GO:0030141","secretory granule","11/204","498/28573",0.000964055696425939,0.0102118492288081,0.00804319372456729,"Reg3b/Zg16/Reg3g/Pla2g2a/Cfp/Tff3/Dmbt1/Klk1/Sycn/Sprr2a3/Car4",11
"GO:0030684","CC","GO:0030684","preribosome","5/204","112/28573",0.00127710139773276,0.013044678562556,0.0102744247787522,"Rps8/Rps12/Rps7/2810004N23Rik/Pes1",5
"GO:0016328","CC","GO:0016328","lateral plasma membrane","4/204","73/28573",0.0018692401560141,0.0184345753317253,0.0145196876002547,"Epcam/Cldn7/Cldn3/Atp1b1",4
"GO:0032040","CC","GO:0032040","small-subunit processome","4/204","75/28573",0.00206441565585911,0.0196807625858568,0.0155012263282052,"Rps8/Rps12/Rps7/2810004N23Rik",4
"GO:0070069","CC","GO:0070069","cytochrome complex","3/204","41/28573",0.003130685622131,0.0268654948816197,0.0211601615924424,"Uqcr10/Cyc1/AA467197",3
"GO:0016323","CC","GO:0016323","basolateral plasma membrane","7/204","267/28573",0.00318323158823348,0.0268654948816197,0.0211601615924424,"Epcam/Cldn7/Aqp8/Car2/Atp1b1/Slc51b/Pdzd11",7
"GO:0000276","CC","GO:0000276","mitochondrial proton-transporting ATP synthase complex, coupling factor F(o)","2/204","12/28573",0.00319380009082192,0.0268654948816197,0.0211601615924424,"Atp5mf/Atp5me",2
"GO:0008540","CC","GO:0008540","proteasome regulatory particle, base subcomplex","2/204","12/28573",0.00319380009082192,0.0268654948816197,0.0211601615924424,"Psmc3/Psmc1",2
"GO:0005750","CC","GO:0005750","mitochondrial respiratory chain complex III","2/204","13/28573",0.00375680147372746,0.0286809689445148,0.0225900896360919,"Uqcr10/Cyc1",2
"GO:0045263","CC","GO:0045263","proton-transporting ATP synthase complex, coupling factor F(o)","2/204","13/28573",0.00375680147372746,0.0286809689445148,0.0225900896360919,"Atp5mf/Atp5me",2
"GO:0045275","CC","GO:0045275","respiratory chain complex III","2/204","13/28573",0.00375680147372746,0.0286809689445148,0.0225900896360919,"Uqcr10/Cyc1",2
"GO:0030667","CC","GO:0030667","secretory granule membrane","4/204","89/28573",0.00383857677155159,0.0286809689445148,0.0225900896360919,"Zg16/Dmbt1/Sycn/Car4",4
"GO:0043209","CC","GO:0043209","myelin sheath","6/204","208/28573",0.00391104121970656,0.0286809689445148,0.0225900896360919,"Uba52/Ckmt1/Tubb4b/Mdh1/Car2/Atp1b1",6
"GO:0098862","CC","GO:0098862","cluster of actin-based cell projections","6/204","211/28573",0.00419249356972539,0.0299763290235366,0.023610358524243,"Muc17/Aqp8/Car4/Cdhr5/Slc26a3/Abcg3",6
"GO:0042589","CC","GO:0042589","zymogen granule membrane","2/204","16/28573",0.00569890610449573,0.0397533450216044,0.0313110630644952,"Zg16/Dmbt1",2
"GO:0009925","CC","GO:0009925","basal plasma membrane","7/204","301/28573",0.00607936137928038,0.0413975560589093,0.0326060986257143,"Epcam/Cldn7/Aqp8/Car2/Atp1b1/Slc51b/Pdzd11",7
"GO:0005902","CC","GO:0005902","microvillus","4/204","107/28573",0.00734846292276275,0.0488758231607011,0.038496231712882,"Muc17/Fabp2/Car2/Cdhr5",4
"GO:0003735","MF","GO:0003735","structural constituent of ribosome","12/199","178/28407",5.2473598336688e-09,1.91528633928911e-06,1.75648466011229e-06,"Rps8/Uba52/Rps12/Ndufa7/Mrpl52/Rpl31/Mrps18c/Rpl36a/Rpl17-ps8/Rps7/Mrpl2/Mrps34",12
"GO:0042834","MF","GO:0042834","peptidoglycan binding","4/199","19/28407",8.34040671216401e-06,0.00152212422496993,0.00139592070235166,"Reg3b/Zg16/Reg3g/Pglyrp1",4
"GO:0004089","MF","GO:0004089","carbonate dehydratase activity","3/199","15/28407",0.000144801132424878,0.0167961919079303,0.0154035732565878,"Car1/Car2/Car4",3
"GO:0030246","MF","GO:0030246","carbohydrate binding","9/199","283/28407",0.000184067856525264,0.0167961919079303,0.0154035732565878,"Reg3b/Lgals4/Zg16/Reg3g/Lgals9/Clec4a2/Cd72/Clec2h/Siglece",9
"GO:0003725","MF","GO:0003725","double-stranded RNA binding","5/199","82/28407",0.000282715220836057,0.0183760163613989,0.0168524101021625,"Tubb4b/Oas1g/Oasl2/Oas1a/Dhx58",5
"GO:0070492","MF","GO:0070492","oligosaccharide binding","3/199","19/28407",0.000302071501831215,0.0183760163613989,0.0168524101021625,"Reg3b/Reg3g/Lgals9",3
"GO:0016779","MF","GO:0016779","nucleotidyltransferase activity","6/199","137/28407",0.000421031742854654,0.0219537980202784,0.0201335480041774,"Polr2l/Oas1g/Parp9/Uap1l1/Oasl2/Oas1a",6
"GO:0016836","MF","GO:0016836","hydro-lyase activity","4/199","59/28407",0.000786943357540635,0.0359042906877915,0.0329273668023582,"Car1/Car2/Car4/Gmds",4
"GO:0004601","MF","GO:0004601","peroxidase activity","4/199","61/28407",0.000892552181426612,0.0361979495800792,0.0331966776249898,"Mgst3/Hbb-bs/Gstp1/Ptgs1",4
"GO:0016684","MF","GO:0016684","oxidoreductase activity, acting on peroxide as acceptor","4/199","63/28407",0.00100776641926624,0.0367834743032178,0.0337336548764911,"Mgst3/Hbb-bs/Gstp1/Ptgs1",4
"GO:0070566","MF","GO:0070566","adenylyltransferase activity","3/199","30/28407",0.00119589418737405,0.0396819434901391,0.036391803979421,"Oas1g/Oasl2/Oas1a",3
