"","ONTOLOGY","ID","Description","GeneRatio","BgRatio","pvalue","p.adjust","qvalue","geneID","Count"
"GO:0042742","BP","GO:0042742","defense response to bacterium","19/174","430/28891",1.71795990975438e-11,4.43405452707604e-08,3.6475001452364e-08,"Lypd8/Reg3b/Lgals4/Zg16/Plac8/Pla2g2a/Dmbt1/Sprr2a3/Pglyrp1/Gpr15lg/Wfdc2/Il18/Cxcl13/Lyz2/Lpo/Naip1/Wfdc17/Lcn2/Romo1",19
"GO:0006119","BP","GO:0006119","oxidative phosphorylation","10/174","147/28891",2.25924881203439e-08,2.91556059193038e-05,2.39837097572282e-05,"Cox4i1/Cox7b/Chchd10/Cox7c/Atp5me/Uqcr10/Ndufa6/Ndufa3/Nupr1/Cox7a1",10
"GO:0009060","BP","GO:0009060","aerobic respiration","10/174","196/28891",3.37301364496095e-07,0.000290191607254807,0.000238714684978465,"Cox4i1/Cox7b/Chchd10/Cox7c/Atp5me/Uqcr10/Ndufa6/Ndufa3/Nupr1/Cox7a1",10
"GO:0050830","BP","GO:0050830","defense response to Gram-positive bacterium","10/174","203/28891",4.65886789006806e-07,0.000300613450606641,0.000247287803533349,"Reg3b/Zg16/Pla2g2a/Dmbt1/Sprr2a3/Pglyrp1/Gpr15lg/Il18/Lyz2/Romo1",10
"GO:0019730","BP","GO:0019730","antimicrobial humoral response","10/174","221/28891",1.0115649765426e-06,0.00050821851919569,0.000418065928431537,"Reg3b/Lgals4/Dmbt1/Pglyrp1/Wfdc2/Lgals3/S100a9/Cxcl13/Wfdc17/Romo1",10
"GO:1903034","BP","GO:1903034","regulation of response to wounding","9/174","174/28891",1.18144560835883e-06,0.00050821851919569,0.000418065928431537,"Reg3b/Tspan8/Ceacam1/Cldn3/Apoe/S100a9/Klf4/Hbegf/Cd9",9
"GO:0045333","BP","GO:0045333","cellular respiration","10/174","254/28891",3.52622060038035e-06,0.0012694789116353,0.00104428677777621,"Cox4i1/Cox7b/Chchd10/Cox7c/Atp5me/Uqcr10/Ndufa6/Ndufa3/Nupr1/Cox7a1",10
"GO:0061844","BP","GO:0061844","antimicrobial humoral immune response mediated by antimicrobial peptide","8/174","151/28891",3.93484358507647e-06,0.0012694789116353,0.00104428677777621,"Reg3b/Lgals4/Dmbt1/Pglyrp1/Lgals3/S100a9/Cxcl13/Romo1",8
"GO:0006123","BP","GO:0006123","mitochondrial electron transport, cytochrome c to oxygen","4/174","19/28891",4.59026529554025e-06,0.00131638608086549,0.00108287311124031,"Cox4i1/Cox7b/Cox7c/Cox7a1",4
"GO:0061041","BP","GO:0061041","regulation of wound healing","7/174","128/28891",1.30503631030765e-05,0.00336829871690405,0.00277079814514793,"Tspan8/Ceacam1/Cldn3/Apoe/S100a9/Hbegf/Cd9",7
"GO:0009636","BP","GO:0009636","response to toxic substance","7/174","136/28891",1.93534961471206e-05,0.00454103395961075,0.00373550255777438,"Muc2/Gpx2/Sod1/Aldh2/Nupr1/Lcn2/Abcg2",7
"GO:0010632","BP","GO:0010632","regulation of epithelial cell migration","9/174","250/28891",2.22728610646179e-05,0.00456384758705864,0.00375426928897297,"Ceacam1/Apoe/Klf4/Cd63/Hbegf/Fgfbp1/Cxcl13/Jup/Lcn2",9
"GO:1903035","BP","GO:1903035","negative regulation of response to wounding","6/174","94/28891",2.29872214768548e-05,0.00456384758705864,0.00375426928897297,"Reg3b/Tspan8/Ceacam1/Cldn3/Apoe/Cd9",6
"GO:0006692","BP","GO:0006692","prostanoid metabolic process","5/174","58/28891",2.64732514065625e-05,0.0046012500020284,0.00378503691106722,"Pla2g2a/Mgst3/Ces2e/Hpgd/Ces2c",5
"GO:1901616","BP","GO:1901616","organic hydroxy compound catabolic process","5/174","59/28891",2.87843131525041e-05,0.0046012500020284,0.00378503691106722,"Apoe/Sult1b1/Maoa/Adh1/Cyp4f14",5
"GO:0010631","BP","GO:0010631","epithelial cell migration","10/174","328/28891",3.2354558907242e-05,0.0046012500020284,0.00378503691106722,"Ceacam1/Apoe/S100a9/Klf4/Cd63/Hbegf/Fgfbp1/Cxcl13/Jup/Lcn2",10
"GO:0090132","BP","GO:0090132","epithelium migration","10/174","330/28891",3.40592477534522e-05,0.0046012500020284,0.00378503691106722,"Ceacam1/Apoe/S100a9/Klf4/Cd63/Hbegf/Fgfbp1/Cxcl13/Jup/Lcn2",10
"GO:0090130","BP","GO:0090130","tissue migration","10/174","332/28891",3.58402347454748e-05,0.0046012500020284,0.00378503691106722,"Ceacam1/Apoe/S100a9/Klf4/Cd63/Hbegf/Fgfbp1/Cxcl13/Jup/Lcn2",10
"GO:0006091","BP","GO:0006091","generation of precursor metabolites and energy","12/174","484/28891",4.02342605034764e-05,0.0046012500020284,0.00378503691106722,"Cox4i1/Cox7b/Chchd10/Cox7c/Atp5me/Uqcr10/Hmgcs2/Ndufa6/Ndufa3/Nupr1/Adh1/Cox7a1",12
"GO:0006959","BP","GO:0006959","humoral immune response","10/174","337/28891",4.06449732430733e-05,0.0046012500020284,0.00378503691106722,"Reg3b/Lgals4/Dmbt1/Pglyrp1/Wfdc2/Lgals3/S100a9/Cxcl13/Wfdc17/Romo1",10
"GO:0032102","BP","GO:0032102","negative regulation of response to external stimulus","12/174","485/28891",4.10419119924041e-05,0.0046012500020284,0.00378503691106722,"Reg3b/Pglyrp1/Tspan8/Ceacam1/Cldn3/Pyy/Apoe/Gpx2/Sod1/Cd9/Gcg/Cxcl13",12
"GO:0006584","BP","GO:0006584","catecholamine metabolic process","5/174","64/28891",4.2785741979342e-05,0.0046012500020284,0.00378503691106722,"Sult1d1/Sult1a1/Maoa/Aldh2/Ly6e",5
"GO:0009712","BP","GO:0009712","catechol-containing compound metabolic process","5/174","64/28891",4.2785741979342e-05,0.0046012500020284,0.00378503691106722,"Sult1d1/Sult1a1/Maoa/Aldh2/Ly6e",5
"GO:0019646","BP","GO:0019646","aerobic electron transport chain","5/174","64/28891",4.2785741979342e-05,0.0046012500020284,0.00378503691106722,"Cox4i1/Cox7b/Cox7c/Uqcr10/Cox7a1",5
"GO:0030193","BP","GO:0030193","regulation of blood coagulation","5/174","66/28891",4.96660069939698e-05,0.00493585580647175,0.00406028718434451,"Tspan8/Ceacam1/Apoe/S100a9/Cd9",5
"GO:0006576","BP","GO:0006576","biogenic amine metabolic process","6/174","109/28891",5.30720280313365e-05,0.00493585580647175,0.00406028718434451,"Sult1d1/Sult1a1/Maoa/Aldh2/Ly6e/Sat1",6
"GO:0050878","BP","GO:0050878","regulation of body fluid levels","10/174","348/28891",5.31855577794047e-05,0.00493585580647175,0.00406028718434451,"Agr2/Tspan8/Ceacam1/Apoe/Muc2/S100a9/Cd9/Hsd11b2/Aqp4/Papss2",10
"GO:0015980","BP","GO:0015980","energy derivation by oxidation of organic compounds","10/174","350/28891",5.57880643747688e-05,0.00493585580647175,0.00406028718434451,"Cox4i1/Cox7b/Chchd10/Cox7c/Atp5me/Uqcr10/Ndufa6/Ndufa3/Nupr1/Cox7a1",10
"GO:0061045","BP","GO:0061045","negative regulation of wound healing","5/174","68/28891",5.73714351778971e-05,0.00493585580647175,0.00406028718434451,"Tspan8/Ceacam1/Cldn3/Apoe/Cd9",5
"GO:1900046","BP","GO:1900046","regulation of hemostasis","5/174","68/28891",5.73714351778971e-05,0.00493585580647175,0.00406028718434451,"Tspan8/Ceacam1/Apoe/S100a9/Cd9",5
"GO:0001906","BP","GO:0001906","cell killing","9/174","286/28891",6.33331763226946e-05,0.00518270828101649,0.00426335064043323,"Pglyrp1/Ceacam1/Lgals3/Il18/H2-Ea/Lamp1/Cxcl13/Lyz2/Romo1",9
"GO:0051346","BP","GO:0051346","negative regulation of hydrolase activity","10/174","356/28891",6.42567473818394e-05,0.00518270828101649,0.00426335064043323,"Spink1/Spink4/Serpinb1a/Wfdc2/Serpinb6a/Atp5if1/Klf4/Ppp1r14d/Naip1/Birc5",10
"GO:0008202","BP","GO:0008202","steroid metabolic process","10/174","358/28891",6.73123787300652e-05,0.00520790792961193,0.00428408013786059,"Saa1/Apoe/Hmgcs2/Sod1/Sult1a1/Fabp6/Egr1/Hsd11b2/Atp1a1/Akr1c13",10
"GO:0050818","BP","GO:0050818","regulation of coagulation","5/174","71/28891",7.06225406960162e-05,0.00520790792961193,0.00428408013786059,"Tspan8/Ceacam1/Apoe/S100a9/Cd9",5
"GO:0098754","BP","GO:0098754","detoxification","5/174","71/28891",7.06225406960162e-05,0.00520790792961193,0.00428408013786059,"Muc2/Gpx2/Sod1/Aldh2/Abcg2",5
"GO:0043542","BP","GO:0043542","endothelial cell migration","8/174","231/28891",8.39475620464674e-05,0.00585590966599817,0.00481713321899644,"Ceacam1/Apoe/S100a9/Klf4/Fgfbp1/Cxcl13/Jup/Lcn2",8
"GO:0045216","BP","GO:0045216","cell-cell junction organization","8/174","231/28891",8.39475620464674e-05,0.00585590966599817,0.00481713321899644,"Cldn7/Ceacam1/Cldn3/Cd9/Rhoc/Jup/Dsg2/Cldn8",8
"GO:0010633","BP","GO:0010633","negative regulation of epithelial cell migration","5/174","75/28891",9.18199347641089e-05,0.00597677303164181,0.00491655670173598,"Apoe/Klf4/Cd63/Cxcl13/Jup",5
"GO:0010544","BP","GO:0010544","negative regulation of platelet activation","3/174","15/28891",9.26272457441583e-05,0.00597677303164181,0.00491655670173598,"Ceacam1/Apoe/Cd9",3
"GO:0015670","BP","GO:0015670","carbon dioxide transport","3/174","15/28891",9.26272457441583e-05,0.00597677303164181,0.00491655670173598,"Car4/Car2/Aqp4",3
"GO:0010594","BP","GO:0010594","regulation of endothelial cell migration","7/174","177/28891",0.000103332325460273,0.00650489590275524,0.00535099616054867,"Ceacam1/Apoe/Klf4/Fgfbp1/Cxcl13/Jup/Lcn2",7
"GO:0052547","BP","GO:0052547","regulation of peptidase activity","11/174","457/28891",0.000109888592588471,0.00675291565406772,0.00555501983085079,"Spink1/Spink4/Serpinb1a/Cldn3/Wfdc2/Serpinb6a/S100a8/S100a9/Klf4/Naip1/Birc5",11
"GO:0042775","BP","GO:0042775","mitochondrial ATP synthesis coupled electron transport","5/174","80/28891",0.000124830956086099,0.00749276041065631,0.00616362395166858,"Cox4i1/Cox7b/Cox7c/Uqcr10/Cox7a1",5
"GO:0019755","BP","GO:0019755","one-carbon compound transport","4/174","43/28891",0.000130569166391112,0.0075757155986204,0.00623186376656023,"Car4/Car2/Slc26a3/Aqp4",4
"GO:0006979","BP","GO:0006979","response to oxidative stress","10/174","389/28891",0.000133042330493031,0.0075757155986204,0.00623186376656023,"Reg3b/Apoe/Mgst1/Gpx2/Ndufa6/Sod1/Lpo/Mapk13/Lcn2/Romo1",10
"GO:0009308","BP","GO:0009308","amine metabolic process","6/174","129/28891",0.000135018565492653,0.0075757155986204,0.00623186376656023,"Sult1d1/Sult1a1/Maoa/Aldh2/Ly6e/Sat1",6
"GO:0042773","BP","GO:0042773","ATP synthesis coupled electron transport","5/174","82/28891",0.000140316606685437,0.00770547152883219,0.00633860236695468,"Cox4i1/Cox7b/Cox7c/Uqcr10/Cox7a1",5
"GO:0018958","BP","GO:0018958","phenol-containing compound metabolic process","6/174","132/28891",0.000153120779076845,0.00823343189161117,0.00677290814469289,"Sult1b1/Sult1d1/Sult1a1/Maoa/Aldh2/Ly6e",6
"GO:0030195","BP","GO:0030195","negative regulation of blood coagulation","4/174","46/28891",0.000170241187784858,0.00888981123203774,0.00731285273150763,"Tspan8/Ceacam1/Apoe/Cd9",4
"GO:0010466","BP","GO:0010466","negative regulation of peptidase activity","8/174","257/28891",0.000174879638794348,0.00888981123203774,0.00731285273150763,"Spink1/Spink4/Serpinb1a/Wfdc2/Serpinb6a/Klf4/Naip1/Birc5",8
"GO:0034109","BP","GO:0034109","homotypic cell-cell adhesion","5/174","86/28891",0.000175660741121242,0.00888981123203774,0.00731285273150763,"Ceacam1/Cdhr5/Cd9/Jup/Dsg2",5
"GO:1900047","BP","GO:1900047","negative regulation of hemostasis","4/174","47/28891",0.000185207888826109,0.00919272232808054,0.00756203060247495,"Tspan8/Ceacam1/Apoe/Cd9",4
"GO:0060326","BP","GO:0060326","cell chemotaxis","9/174","331/28891",0.000190756995041255,0.00926284333031893,0.00761971288046383,"Agr2/Saa3/Gpr15lg/Lgals3/S100a8/S100a9/Hbegf/Cxcl13/Ccl6",9
"GO:0015669","BP","GO:0015669","gas transport","3/174","19/28891",0.000193798349413879,0.00926284333031893,0.00761971288046383,"Car4/Car2/Aqp4",3
"GO:0044403","BP","GO:0044403","biological process involved in symbiotic interaction","8/174","264/28891",0.000209883057906299,0.00972024733682484,0.00799597825338024,"Pglyrp1/Apoe/Muc2/Gpx2/Ly6e/Nucks1/Ifitm2/Romo1",8
"GO:0033559","BP","GO:0033559","unsaturated fatty acid metabolic process","6/174","140/28891",0.000210900368408443,0.00972024733682484,0.00799597825338024,"Pla2g2a/Mgst3/Ces2e/Hpgd/Ces2c/Cyp4f14",6
"GO:0050819","BP","GO:0050819","negative regulation of coagulation","4/174","49/28891",0.000217953366763112,0.00986908139676476,0.00811841072504517,"Tspan8/Ceacam1/Apoe/Cd9",4
"GO:0006690","BP","GO:0006690","icosanoid metabolic process","6/174","147/28891",0.00027445113951775,0.0120628540719431,0.0099230313273555,"Pla2g2a/Mgst3/Ces2e/Hpgd/Ces2c/Cyp4f14",6
"GO:0050678","BP","GO:0050678","regulation of epithelial cell proliferation","10/174","426/28891",0.000275749085720513,0.0120628540719431,0.0099230313273555,"Pla2g2a/Gpr15lg/Ceacam1/Id1/Atp5if1/Apoe/Il18/Fgfbp1/Nupr1/Birc5",10
"GO:1990748","BP","GO:1990748","cellular detoxification","4/174","53/28891",0.000295636681267034,0.0127173045725036,0.0104613892300984,"Gpx2/Sod1/Aldh2/Abcg2",4
"GO:0006066","BP","GO:0006066","alcohol metabolic process","9/174","354/28891",0.000312748724003207,0.0132328599451193,0.0108854905317423,"Saa1/Apoe/Hmgcs2/Sult1b1/Sod1/Degs2/Hsd11b2/Adh1/Akr1c13",9
"GO:0045861","BP","GO:0045861","negative regulation of proteolysis","9/174","362/28891",0.000367970455007139,0.0152523112046411,0.0125467124940399,"Spink1/Spink4/Serpinb1a/Wfdc2/Serpinb6a/Tm4sf20/Klf4/Naip1/Birc5",9
"GO:0141060","BP","GO:0141060","disruption of anatomical structure in another organism","6/174","156/28891",0.000377249746737365,0.0152523112046411,0.0125467124940399,"Reg3b/Pglyrp1/Lgals3/Cxcl13/Lyz2/Romo1",6
"GO:0009259","BP","GO:0009259","ribonucleotide metabolic process","9/174","364/28891",0.000382965560301281,0.0152523112046411,0.0125467124940399,"Atp5me/Atp5if1/Hmgcs2/Sult1b1/Ndufa6/Upp1/Ndufa3/Nme7/Papss2",9
"GO:0006693","BP","GO:0006693","prostaglandin metabolic process","4/174","57/28891",0.000391410527199647,0.0152523112046411,0.0125467124940399,"Pla2g2a/Ces2e/Hpgd/Ces2c",4
"GO:0010596","BP","GO:0010596","negative regulation of endothelial cell migration","4/174","57/28891",0.000391410527199647,0.0152523112046411,0.0125467124940399,"Apoe/Klf4/Cxcl13/Jup",4
"GO:0030277","BP","GO:0030277","maintenance of gastrointestinal epithelium","3/174","24/28891",0.000395933688768289,0.0152523112046411,0.0125467124940399,"Tff3/Muc13/Muc2",3
"GO:0007173","BP","GO:0007173","epidermal growth factor receptor signaling pathway","5/174","104/28891",0.000425181778833643,0.0161221330577225,0.0132622371489738,"Agr2/Pigr/Ceacam1/Areg/Hbegf",5
"GO:0042060","BP","GO:0042060","wound healing","9/174","370/28891",0.00043100626926883,0.0161221330577225,0.0132622371489738,"Tspan8/Ceacam1/Cldn3/Apoe/S100a9/Hbegf/Cd9/Plet1/Papss2",9
"GO:0010894","BP","GO:0010894","negative regulation of steroid biosynthetic process","3/174","25/28891",0.000447938629586404,0.0165161371851787,0.0135863491109139,"Apoe/Sod1/Atp1a1",3
"GO:0019693","BP","GO:0019693","ribose phosphate metabolic process","9/174","373/28891",0.000456825781723393,0.0166065822905363,0.0136607502110613,"Atp5me/Atp5if1/Hmgcs2/Sult1b1/Ndufa6/Upp1/Ndufa3/Nme7/Papss2",9
"GO:0022904","BP","GO:0022904","respiratory electron transport chain","5/174","106/28891",0.000464037823344385,0.0166344669729425,0.0136836884456963,"Cox4i1/Cox7b/Cox7c/Uqcr10/Cox7a1",5
"GO:0097237","BP","GO:0097237","cellular response to toxic substance","4/174","60/28891",0.000476462640273413,0.0168458914321326,0.0138576084416939,"Gpx2/Sod1/Aldh2/Abcg2",4
"GO:0030593","BP","GO:0030593","neutrophil chemotaxis","5/174","110/28891",0.0005497094394319,0.0186684218838649,0.0153568412650158,"Lgals3/S100a8/S100a9/Cxcl13/Ccl6",5
"GO:0031640","BP","GO:0031640","killing of cells of another organism","5/174","110/28891",0.0005497094394319,0.0186684218838649,0.0153568412650158,"Pglyrp1/Lgals3/Cxcl13/Lyz2/Romo1",5
"GO:0141061","BP","GO:0141061","disruption of cell in another organism","5/174","110/28891",0.0005497094394319,0.0186684218838649,0.0153568412650158,"Pglyrp1/Lgals3/Cxcl13/Lyz2/Romo1",5
"GO:0007043","BP","GO:0007043","cell-cell junction assembly","6/174","168/28891",0.000558574577454692,0.0186839642382202,0.0153696265700728,"Cldn7/Cldn3/Cd9/Rhoc/Jup/Cldn8",6
"GO:0045939","BP","GO:0045939","negative regulation of steroid metabolic process","3/174","27/28891",0.000564645180387901,0.0186839642382202,0.0153696265700728,"Apoe/Sod1/Atp1a1",3
"GO:0001667","BP","GO:0001667","ameboidal-type cell migration","10/174","471/28891",0.000603743621839795,0.019724839088209,0.0162258612291921,"Ceacam1/Apoe/S100a9/Klf4/Cd63/Hbegf/Fgfbp1/Cxcl13/Jup/Lcn2",10
"GO:0062012","BP","GO:0062012","regulation of small molecule metabolic process","9/174","389/28891",0.000616960660402789,0.019904693306245,0.016373811210953,"Tff3/Dbi/Ceacam1/Atp5if1/Apoe/Sod1/Nupr1/Egr1/Gcg",9
"GO:0022600","BP","GO:0022600","digestive system process","5/174","115/28891",0.000672891854315966,0.0211796814145062,0.0174226299121348,"Tff3/Muc13/Muc2/Fabp2/Abcg2",5
"GO:0051702","BP","GO:0051702","biological process involved in interaction with symbiont","5/174","115/28891",0.000672891854315966,0.0211796814145062,0.0174226299121348,"Apoe/Muc2/Gpx2/Nucks1/Romo1",5
"GO:0051055","BP","GO:0051055","negative regulation of lipid biosynthetic process","4/174","66/28891",0.000684746394694801,0.0212497919488886,0.0174803035791547,"Ceacam1/Apoe/Sod1/Atp1a1",4
"GO:0007596","BP","GO:0007596","blood coagulation","6/174","175/28891",0.000691920134307732,0.0212497919488886,0.0174803035791547,"Tspan8/Ceacam1/Apoe/S100a9/Cd9/Papss2",6
"GO:0022900","BP","GO:0022900","electron transport chain","5/174","116/28891",0.0006998187972319,0.0212497919488886,0.0174803035791547,"Cox4i1/Cox7b/Cox7c/Uqcr10/Cox7a1",5
"GO:0045833","BP","GO:0045833","negative regulation of lipid metabolic process","5/174","118/28891",0.000756081255580667,0.0224305045691039,0.0184515702668825,"Dbi/Ceacam1/Apoe/Sod1/Atp1a1",5
"GO:0050817","BP","GO:0050817","coagulation","6/174","178/28891",0.000756084423677659,0.0224305045691039,0.0184515702668825,"Tspan8/Ceacam1/Apoe/S100a9/Cd9/Papss2",6
"GO:0007599","BP","GO:0007599","hemostasis","6/174","179/28891",0.000778463498316532,0.0225792445868999,0.0185739253784853,"Tspan8/Ceacam1/Apoe/S100a9/Cd9/Papss2",6
"GO:0032970","BP","GO:0032970","regulation of actin filament-based process","9/174","402/28891",0.000778594640927584,0.0225792445868999,0.0185739253784853,"Dstn/Id1/Iqgap2/Smim22/Atp1a1/Cdc42ep5/Rhoc/Jup/Dsg2",9
"GO:0015718","BP","GO:0015718","monocarboxylic acid transport","6/174","180/28891",0.000801350942322895,0.0229809642459488,0.0189043842183074,"Ceacam1/Apoe/Slc51b/Fabp6/Fabp2/Abcg2",6
"GO:0062014","BP","GO:0062014","negative regulation of small molecule metabolic process","5/174","121/28891",0.000846721569393864,0.0239168636045818,0.0196742649280946,"Dbi/Ceacam1/Apoe/Sod1/Nupr1",5
"GO:0051923","BP","GO:0051923","sulfation","3/174","31/28891",0.000852518966145496,0.0239168636045818,0.0196742649280946,"Sult1b1/Sult1d1/Sult1a1",3
"GO:0010951","BP","GO:0010951","negative regulation of endopeptidase activity","6/174","184/28891",0.000898141334435136,0.0247637441311713,0.0203709178052458,"Spink1/Serpinb1a/Serpinb6a/Klf4/Naip1/Birc5",6
"GO:0050727","BP","GO:0050727","regulation of inflammatory response","9/174","411/28891",0.000909538116953882,0.0247637441311713,0.0203709178052458,"Reg3b/Pglyrp1/Apoe/S100a8/Gpx2/S100a9/Il18/Sod1/Nupr1",9
"GO:0038127","BP","GO:0038127","ERBB signaling pathway","5/174","123/28891",0.000911490000953611,0.0247637441311713,0.0203709178052458,"Agr2/Pigr/Ceacam1/Areg/Hbegf",5
"GO:2001244","BP","GO:2001244","positive regulation of intrinsic apoptotic signaling pathway","4/174","73/28891",0.00100087876197282,0.0269090425484567,0.0221356629703857,"S100a8/S100a9/Sod1/Nupr1",4
"GO:0010669","BP","GO:0010669","epithelial structure maintenance","3/174","33/28891",0.00102568558008853,0.027291695692871,0.022450437493636,"Tff3/Muc13/Muc2",3
"GO:0007586","BP","GO:0007586","digestion","5/174","129/28891",0.00112799356804449,0.0297076673379882,0.0244378413184291,"Tff3/Muc13/Muc2/Fabp2/Abcg2",5
"GO:0048660","BP","GO:0048660","regulation of smooth muscle cell proliferation","6/174","193/28891",0.00114877108504956,0.0299492744496254,0.024636589883519,"Apoe/Il18/Klf4/Hbegf/Egr1/Hpgd",6
"GO:0001659","BP","GO:0001659","temperature homeostasis","6/174","195/28891",0.00121109645759903,0.0308606501029924,0.0253862971340099,"Plac8/Id1/Gpx2/Il18/Egr1/Lcn2",6
"GO:0009150","BP","GO:0009150","purine ribonucleotide metabolic process","8/174","345/28891",0.00121571550357423,0.0308606501029924,0.0253862971340099,"Atp5me/Atp5if1/Hmgcs2/Sult1b1/Ndufa6/Ndufa3/Nme7/Papss2",8
"GO:0090279","BP","GO:0090279","regulation of calcium ion import","3/174","35/28891",0.00121959950038947,0.0308606501029924,0.0253862971340099,"Spink1/Lgals3/Gcg",3
"GO:0043537","BP","GO:0043537","negative regulation of blood vessel endothelial cell migration","3/174","36/28891",0.00132461741681073,0.0331490480049471,0.0272687574485525,"Apoe/Klf4/Jup",3
"GO:0050829","BP","GO:0050829","defense response to Gram-negative bacterium","5/174","134/28891",0.00133572297269062,0.0331490480049471,0.0272687574485525,"Lypd8/Reg3b/Dmbt1/Lyz2/Romo1",5
"GO:0015711","BP","GO:0015711","organic anion transport","9/174","436/28891",0.00136964869537351,0.0336124007101736,0.0276499162839455,"Car4/Ceacam1/Apoe/Slc26a3/Mgst1/Slc51b/Fabp6/Fabp2/Abcg2",9
"GO:0071621","BP","GO:0071621","granulocyte chemotaxis","5/174","135/28891",0.00138043954873243,0.0336124007101736,0.0276499162839455,"Lgals3/S100a8/S100a9/Cxcl13/Ccl6",5
"GO:0046164","BP","GO:0046164","alcohol catabolic process","3/174","37/28891",0.00143515389323605,0.0345840786258901,0.028449228813157,"Apoe/Sult1b1/Adh1",3
"GO:0048659","BP","GO:0048659","smooth muscle cell proliferation","6/174","202/28891",0.00144982441608813,0.0345840786258901,0.028449228813157,"Apoe/Il18/Klf4/Hbegf/Egr1/Hpgd",6
"GO:0003158","BP","GO:0003158","endothelium development","5/174","137/28891",0.00147317264800644,0.0345840786258901,0.028449228813157,"Ceacam1/Cldn3/Id1/Btg1/Lcn2",5
"GO:0071347","BP","GO:0071347","cellular response to interleukin-1","4/174","81/28891",0.00147394368417199,0.0345840786258901,0.028449228813157,"Saa3/Egr1/Ccl6/Mapk13",4
"GO:1990266","BP","GO:1990266","neutrophil migration","5/174","138/28891",0.00152122171628184,0.0349810453241719,0.0287757778171883,"Lgals3/S100a8/S100a9/Cxcl13/Ccl6",5
"GO:0002934","BP","GO:0002934","desmosome organization","2/174","10/28891",0.00157218181232233,0.0349810453241719,0.0287757778171883,"Jup/Dsg2",2
"GO:0014908","BP","GO:0014908","myotube differentiation involved in skeletal muscle regeneration","2/174","10/28891",0.00157218181232233,0.0349810453241719,0.0287757778171883,"Klf5/Cd9",2
"GO:0060312","BP","GO:0060312","regulation of blood vessel remodeling","2/174","10/28891",0.00157218181232233,0.0349810453241719,0.0287757778171883,"Ceacam1/Il18",2
"GO:0090331","BP","GO:0090331","negative regulation of platelet aggregation","2/174","10/28891",0.00157218181232233,0.0349810453241719,0.0287757778171883,"Ceacam1/Cd9",2
"GO:1901523","BP","GO:1901523","icosanoid catabolic process","2/174","10/28891",0.00157218181232233,0.0349810453241719,0.0287757778171883,"Hpgd/Cyp4f14",2
"GO:0052548","BP","GO:0052548","regulation of endopeptidase activity","8/174","360/28891",0.00158979337190569,0.0350705700246889,0.0288494217825802,"Spink1/Serpinb1a/Serpinb6a/S100a8/S100a9/Klf4/Naip1/Birc5",8
"GO:0045471","BP","GO:0045471","response to ethanol","4/174","83/28891",0.00161290418309072,0.03527886183523,0.0290207648286706,"Sod1/Aldh2/Adh1/Hpgd",4
"GO:0044342","BP","GO:0044342","type B pancreatic cell proliferation","3/174","39/28891",0.00167320122591621,0.0362901879335272,0.0298526923721627,"Serpinb1a/Nupr1/Birc5",3
"GO:0019221","BP","GO:0019221","cytokine-mediated signaling pathway","9/174","450/28891",0.00169971345602501,0.0365580035833378,0.0300730003579161,"Krt8/Ceacam1/Il18/Egr1/Cxcl13/Krt18/Ccl6/Ifitm2/Naip1",9
"GO:2000379","BP","GO:2000379","positive regulation of reactive oxygen species metabolic process","4/174","85/28891",0.00176072176847833,0.0373235451106238,0.0307027429140595,"Il18/Sod1/Lcn2/Romo1",4
"GO:0009260","BP","GO:0009260","ribonucleotide biosynthetic process","6/174","210/28891",0.00176485284737052,0.0373235451106238,0.0307027429140595,"Atp5me/Ndufa6/Upp1/Ndufa3/Nme7/Papss2",6
"GO:0006730","BP","GO:0006730","one-carbon metabolic process","3/174","40/28891",0.00180091526559324,0.0373235451106238,0.0307027429140595,"Car4/Car1/Car2",3
"GO:0086004","BP","GO:0086004","regulation of cardiac muscle cell contraction","3/174","40/28891",0.00180091526559324,0.0373235451106238,0.0307027429140595,"Atp1a1/Jup/Dsg2",3
"GO:0098742","BP","GO:0098742","cell-cell adhesion via plasma-membrane adhesion molecules","6/174","211/28891",0.00180761066982874,0.0373235451106238,0.0307027429140595,"Ceacam1/Cldn3/Epcam/Cdhr5/Klf4/Dsg2",6
"GO:0048149","BP","GO:0048149","behavioral response to ethanol","2/174","11/28891",0.00191395739056632,0.0390084737157843,0.0320887830032166,"Aldh2/Adh1",2
"GO:0032692","BP","GO:0032692","negative regulation of interleukin-1 production","3/174","41/28891",0.00193455429508732,0.0390084737157843,0.0320887830032166,"Serpinb1a/Ceacam1/Aqp4",3
"GO:0045601","BP","GO:0045601","regulation of endothelial cell differentiation","3/174","41/28891",0.00193455429508732,0.0390084737157843,0.0320887830032166,"Ceacam1/Id1/Btg1",3
"GO:0006935","BP","GO:0006935","chemotaxis","9/174","462/28891",0.00203089405555328,0.0405737935588401,0.033376431659773,"Agr2/Saa3/Gpr15lg/Lgals3/S100a8/S100a9/Hbegf/Cxcl13/Ccl6",9
"GO:0006631","BP","GO:0006631","fatty acid metabolic process","9/174","463/28891",0.00206066542046536,0.0405737935588401,0.033376431659773,"Pla2g2a/Dbi/Ceacam1/Mgst3/Ces2e/Fabp2/Hpgd/Ces2c/Cyp4f14",9
"GO:0002181","BP","GO:0002181","cytoplasmic translation","5/174","148/28891",0.00206731942608021,0.0405737935588401,0.033376431659773,"Rps8/Rps15/Rpl23a/Eif2s2/Rps17",5
"GO:0034308","BP","GO:0034308","primary alcohol metabolic process","4/174","89/28891",0.00208407570949262,0.0405737935588401,0.033376431659773,"Sult1b1/Hsd11b2/Adh1/Akr1c13",4
"GO:0042330","BP","GO:0042330","taxis","9/174","464/28891",0.00209078440268335,0.0405737935588401,0.033376431659773,"Agr2/Saa3/Gpr15lg/Lgals3/S100a8/S100a9/Hbegf/Cxcl13/Ccl6",9
"GO:0046390","BP","GO:0046390","ribose phosphate biosynthetic process","6/174","218/28891",0.0021293078866161,0.0410130123534042,0.0337377376850328,"Atp5me/Ndufa6/Upp1/Ndufa3/Nme7/Papss2",6
"GO:0002065","BP","GO:0002065","columnar/cuboidal epithelial cell differentiation","5/174","150/28891",0.00219171455428976,0.0415808455318195,0.0342048432625787,"Agr2/Dmbt1/Muc2/Klf4/Klf5",5
"GO:0007616","BP","GO:0007616","long-term memory","3/174","43/28891",0.00221998723432017,0.0415808455318195,0.0342048432625787,"Apoe/Egr1/Lcn2",3
"GO:0095500","BP","GO:0095500","acetylcholine receptor signaling pathway","3/174","43/28891",0.00221998723432017,0.0415808455318195,0.0342048432625787,"Ly6a/Ly6g/Ly6e",3
"GO:0006790","BP","GO:0006790","sulfur compound metabolic process","7/174","298/28891",0.00227228942453117,0.0415808455318195,0.0342048432625787,"Sqor/Hmgcs2/Sult1b1/Sult1d1/Ethe1/Sult1a1/Papss2",7
"GO:0002176","BP","GO:0002176","male germ cell proliferation","2/174","12/28891",0.00228767147056117,0.0415808455318195,0.0342048432625787,"Eif2s2/Il18",2
"GO:0098911","BP","GO:0098911","regulation of ventricular cardiac muscle cell action potential","2/174","12/28891",0.00228767147056117,0.0415808455318195,0.0342048432625787,"Jup/Dsg2",2
"GO:1901030","BP","GO:1901030","positive regulation of mitochondrial outer membrane permeabilization involved in apoptotic signaling pathway","2/174","12/28891",0.00228767147056117,0.0415808455318195,0.0342048432625787,"Chchd10/Atp5if1",2
"GO:1902947","BP","GO:1902947","regulation of tau-protein kinase activity","2/174","12/28891",0.00228767147056117,0.0415808455318195,0.0342048432625787,"Apoe/Egr1",2
"GO:0046890","BP","GO:0046890","regulation of lipid biosynthetic process","6/174","222/28891",0.00233154819087899,0.0420819991654452,0.0346170975414274,"Dbi/Ceacam1/Apoe/Sod1/Egr1/Atp1a1",6
"GO:0006953","BP","GO:0006953","acute-phase response","3/174","44/28891",0.00237196524336506,0.042220981331898,0.0347314257413236,"Saa1/Reg3b/Saa3",3
"GO:0010543","BP","GO:0010543","regulation of platelet activation","3/174","44/28891",0.00237196524336506,0.042220981331898,0.0347314257413236,"Ceacam1/Apoe/Cd9",3
"GO:1901568","BP","GO:1901568","fatty acid derivative metabolic process","3/174","45/28891",0.00253023650128602,0.044350781371478,0.0364834217770636,"Hmgcs2/Hpgd/Cyp4f14",3
"GO:1905145","BP","GO:1905145","cellular response to acetylcholine","3/174","45/28891",0.00253023650128602,0.044350781371478,0.0364834217770636,"Ly6a/Ly6g/Ly6e",3
"GO:0043525","BP","GO:0043525","positive regulation of neuron apoptotic process","4/174","94/28891",0.00254316762610567,0.044350781371478,0.0364834217770636,"Il18/Nupr1/Egr1/Lcn2",4
"GO:0072521","BP","GO:0072521","purine-containing compound metabolic process","9/174","479/28891",0.00258628192045817,0.0447999572933057,0.0368529186405096,"Atp5me/Atp5if1/Hmgcs2/Sult1b1/Ndufa6/Ndufa3/Nme7/Abcg2/Papss2",9
"GO:0006068","BP","GO:0006068","ethanol catabolic process","2/174","13/28891",0.00269293141450579,0.0454120879144917,0.0373564637629355,"Sult1b1/Adh1",2
"GO:0042402","BP","GO:0042402","cellular biogenic amine catabolic process","2/174","13/28891",0.00269293141450579,0.0454120879144917,0.0373564637629355,"Maoa/Sat1",2
"GO:2000271","BP","GO:2000271","positive regulation of fibroblast apoptotic process","2/174","13/28891",0.00269293141450579,0.0454120879144917,0.0373564637629355,"Nupr1/Btg1",2
"GO:0043535","BP","GO:0043535","regulation of blood vessel endothelial cell migration","4/174","96/28891",0.00274478330672635,0.0454120879144917,0.0373564637629355,"Apoe/Klf4/Fgfbp1/Jup",4
"GO:0045104","BP","GO:0045104","intermediate filament cytoskeleton organization","4/174","96/28891",0.00274478330672635,0.0454120879144917,0.0373564637629355,"Krt19/Sod1/Krt20/Krt18",4
"GO:0050810","BP","GO:0050810","regulation of steroid biosynthetic process","4/174","96/28891",0.00274478330672635,0.0454120879144917,0.0373564637629355,"Apoe/Sod1/Egr1/Atp1a1",4
"GO:0070555","BP","GO:0070555","response to interleukin-1","4/174","96/28891",0.00274478330672635,0.0454120879144917,0.0373564637629355,"Saa3/Egr1/Ccl6/Mapk13",4
"GO:0043523","BP","GO:0043523","regulation of neuron apoptotic process","7/174","310/28891",0.00282975867939318,0.0465197907739732,0.0382676718493868,"Apoe/Il18/Sod1/Nupr1/Egr1/Lcn2/Birc5",7
"GO:0045103","BP","GO:0045103","intermediate filament-based process","4/174","97/28891",0.00284958202646288,0.0465491848753208,0.0382918517480055,"Krt19/Sod1/Krt20/Krt18",4
"GO:0009205","BP","GO:0009205","purine ribonucleoside triphosphate metabolic process","5/174","160/28891",0.00289692399608958,0.0466524730634302,0.0383768177038434,"Atp5me/Atp5if1/Ndufa6/Ndufa3/Nme7",5
"GO:0019216","BP","GO:0019216","regulation of lipid metabolic process","8/174","398/28891",0.002952378514025,0.0466524730634302,0.0383768177038434,"Dbi/Ceacam1/Apoe/Sod1/Golm1/Egr1/Atp1a1/Hpgd",8
"GO:0043297","BP","GO:0043297","apical junction assembly","4/174","98/28891",0.00295708690695389,0.0466524730634302,0.0383768177038434,"Cldn7/Cldn3/Rhoc/Cldn8",4
"GO:0030336","BP","GO:0030336","negative regulation of cell migration","7/174","313/28891",0.00298424344575386,0.0466524730634302,0.0383768177038434,"Cldn3/Apoe/Muc2/Klf4/Cd63/Cxcl13/Jup",7
"GO:0043114","BP","GO:0043114","regulation of vascular permeability","3/174","48/28891",0.00304366191314127,0.0466524730634302,0.0383768177038434,"Ceacam1/Apoe/Il18",3
"GO:1905144","BP","GO:1905144","response to acetylcholine","3/174","48/28891",0.00304366191314127,0.0466524730634302,0.0383768177038434,"Ly6a/Ly6g/Ly6e",3
"GO:0007162","BP","GO:0007162","negative regulation of cell adhesion","7/174","315/28891",0.00309076855332926,0.0466524730634302,0.0383768177038434,"Cldn7/Ceacam1/Epcam/Lgals3/Klf4/Cd9/Plet1",7
"GO:0009310","BP","GO:0009310","amine catabolic process","2/174","14/28891",0.00312934810818658,0.0466524730634302,0.0383768177038434,"Maoa/Sat1",2
"GO:0034035","BP","GO:0034035","purine ribonucleoside bisphosphate metabolic process","2/174","14/28891",0.00312934810818658,0.0466524730634302,0.0383768177038434,"Sult1b1/Papss2",2
"GO:0036093","BP","GO:0036093","germ cell proliferation","2/174","14/28891",0.00312934810818658,0.0466524730634302,0.0383768177038434,"Eif2s2/Il18",2
"GO:0050427","BP","GO:0050427","3'-phosphoadenosine 5'-phosphosulfate metabolic process","2/174","14/28891",0.00312934810818658,0.0466524730634302,0.0383768177038434,"Sult1b1/Papss2",2
"GO:0086069","BP","GO:0086069","bundle of His cell to Purkinje myocyte communication","2/174","14/28891",0.00312934810818658,0.0466524730634302,0.0383768177038434,"Jup/Dsg2",2
"GO:1902931","BP","GO:1902931","negative regulation of alcohol biosynthetic process","2/174","14/28891",0.00312934810818658,0.0466524730634302,0.0383768177038434,"Apoe/Sod1",2
"GO:2001140","BP","GO:2001140","positive regulation of phospholipid transport","2/174","14/28891",0.00312934810818658,0.0466524730634302,0.0383768177038434,"Dbi/Apoe",2
"GO:1904019","BP","GO:1904019","epithelial cell apoptotic process","5/174","163/28891",0.00313717774987669,0.0466524730634302,0.0383768177038434,"Krt8/Id1/Nupr1/Krt18/Naip1",5
"GO:0062197","BP","GO:0062197","cellular response to chemical stress","7/174","316/28891",0.00314511054360204,0.0466524730634302,0.0383768177038434,"Reg3b/Serpinb6a/Mgst1/Sod1/Mapk13/Lcn2/Romo1",7
"GO:1903115","BP","GO:1903115","regulation of actin filament-based movement","3/174","49/28891",0.00322794725312245,0.0476076106303374,0.0391625239672059,"Atp1a1/Jup/Dsg2",3
"GO:0035914","BP","GO:0035914","skeletal muscle cell differentiation","4/174","101/28891",0.0032961771137983,0.0481101000079533,0.0395758770431868,"Atf3/Klf5/Nupr1/Egr1",4
"GO:0009117","BP","GO:0009117","nucleotide metabolic process","9/174","497/28891",0.00329929783084376,0.0481101000079533,0.0395758770431868,"Atp5me/Atp5if1/Hmgcs2/Sult1b1/Ndufa6/Upp1/Ndufa3/Nme7/Papss2",9
"GO:0030595","BP","GO:0030595","leukocyte chemotaxis","6/174","240/28891",0.00342556214350139,0.0492042252089082,0.0404759160041469,"Gpr15lg/Lgals3/S100a8/S100a9/Cxcl13/Ccl6",6
"GO:0009199","BP","GO:0009199","ribonucleoside triphosphate metabolic process","5/174","167/28891",0.00347945092437613,0.0492042252089082,0.0404759160041469,"Atp5me/Atp5if1/Ndufa6/Ndufa3/Nme7",5
"GO:0097530","BP","GO:0097530","granulocyte migration","5/174","167/28891",0.00347945092437613,0.0492042252089082,0.0404759160041469,"Lgals3/S100a8/S100a9/Cxcl13/Ccl6",5
"GO:0097191","BP","GO:0097191","extrinsic apoptotic signaling pathway","6/174","242/28891",0.00356724932554515,0.0492042252089082,0.0404759160041469,"Krt8/Atf3/Lgals3/Il18/Krt18/Lcn2",6
"GO:2000377","BP","GO:2000377","regulation of reactive oxygen species metabolic process","5/174","168/28891",0.00356904835833078,0.0492042252089082,0.0404759160041469,"Il18/Sod1/Aldh2/Lcn2/Romo1",5
"GO:0032096","BP","GO:0032096","negative regulation of response to food","2/174","15/28891",0.00359653593317773,0.0492042252089082,0.0404759160041469,"Pyy/Gcg",2
"GO:0032105","BP","GO:0032105","negative regulation of response to extracellular stimulus","2/174","15/28891",0.00359653593317773,0.0492042252089082,0.0404759160041469,"Pyy/Gcg",2
"GO:0032108","BP","GO:0032108","negative regulation of response to nutrient levels","2/174","15/28891",0.00359653593317773,0.0492042252089082,0.0404759160041469,"Pyy/Gcg",2
"GO:0032530","BP","GO:0032530","regulation of microvillus organization","2/174","15/28891",0.00359653593317773,0.0492042252089082,0.0404759160041469,"Cdhr5/Klf5",2
"GO:0034111","BP","GO:0034111","negative regulation of homotypic cell-cell adhesion","2/174","15/28891",0.00359653593317773,0.0492042252089082,0.0404759160041469,"Ceacam1/Cd9",2
"GO:2001138","BP","GO:2001138","regulation of phospholipid transport","2/174","15/28891",0.00359653593317773,0.0492042252089082,0.0404759160041469,"Dbi/Apoe",2
"GO:0034599","BP","GO:0034599","cellular response to oxidative stress","6/174","243/28891",0.00363970567505905,0.0492042252089082,0.0404759160041469,"Reg3b/Mgst1/Sod1/Mapk13/Lcn2/Romo1",6
"GO:0009144","BP","GO:0009144","purine nucleoside triphosphate metabolic process","5/174","169/28891",0.00366029106552126,0.0492042252089082,0.0404759160041469,"Atp5me/Atp5if1/Ndufa6/Ndufa3/Nme7",5
"GO:0043433","BP","GO:0043433","negative regulation of DNA-binding transcription factor activity","5/174","169/28891",0.00366029106552126,0.0492042252089082,0.0404759160041469,"Tax1bp1/Id1/Klf4/Id3/Nupr1",5
"GO:0050680","BP","GO:0050680","negative regulation of epithelial cell proliferation","5/174","169/28891",0.00366029106552126,0.0492042252089082,0.0404759160041469,"Pla2g2a/Ceacam1/Atp5if1/Apoe/Nupr1",5
"GO:2000146","BP","GO:2000146","negative regulation of cell motility","7/174","326/28891",0.00372962328360219,0.0498764647408148,0.0410289073521987,"Cldn3/Apoe/Muc2/Klf4/Cd63/Cxcl13/Jup",7
"GO:0098800","CC","GO:0098800","inner mitochondrial membrane protein complex","12/177","154/28573",2.44841333368551e-10,5.97412853419265e-08,4.25250736903273e-08,"Cox4i1/Cox7b/Chchd10/AA467197/Atp5mj/Cox7c/Atp5me/Uqcr10/Ndufa6/Ndufa3/Cox7a1/Romo1",12
"GO:0016327","CC","GO:0016327","apicolateral plasma membrane","6/177","27/28573",1.37901618677551e-08,1.68239974786613e-06,1.19756668851558e-06,"Krt8/Krt19/Cldn7/Cldn3/Jup/Cldn8",6
"GO:0016324","CC","GO:0016324","apical plasma membrane","15/177","427/28573",7.81120066408734e-08,6.3531098734577e-06,4.52227406868214e-06,"Car4/Muc13/Ceacam1/Epcam/Muc17/Slc26a3/Il18/Cdhr5/Cd9/Atp1a1/Cyp4f14/Dsg2/Plet1/Birc5/Abcg2",15
"GO:0005746","CC","GO:0005746","mitochondrial respirasome","8/177","95/28573",1.42140038502831e-07,7.52735387439138e-06,5.35812506158144e-06,"Cox4i1/Cox7b/AA467197/Cox7c/Uqcr10/Ndufa6/Ndufa3/Cox7a1",8
"GO:0098803","CC","GO:0098803","respiratory chain complex","8/177","96/28573",1.54249054803102e-07,7.52735387439138e-06,5.35812506158144e-06,"Cox4i1/Cox7b/AA467197/Cox7c/Uqcr10/Ndufa6/Ndufa3/Cox7a1",8
"GO:0070069","CC","GO:0070069","cytochrome complex","6/177","41/28573",1.94947757372037e-07,7.92787546646282e-06,5.64322455550633e-06,"Cox4i1/Cox7b/AA467197/Cox7c/Uqcr10/Cox7a1",6
"GO:0070469","CC","GO:0070469","respirasome","8/177","103/28573",2.66589727124678e-07,9.29255620263162e-06,6.61463232715365e-06,"Cox4i1/Cox7b/AA467197/Cox7c/Uqcr10/Ndufa6/Ndufa3/Cox7a1",8
"GO:0016328","CC","GO:0016328","lateral plasma membrane","7/177","73/28573",3.58840607414695e-07,1.09446385261482e-05,7.79061845045061e-06,"Cldn7/Ceacam1/Cldn3/Epcam/Atp1a1/Jup/Dsg2",7
"GO:0005751","CC","GO:0005751","mitochondrial respiratory chain complex IV","5/177","25/28573",4.14181507250544e-07,1.1228920863237e-05,7.99297645571225e-06,"Cox4i1/Cox7b/AA467197/Cox7c/Cox7a1",5
"GO:0098798","CC","GO:0098798","mitochondrial protein-containing complex","12/177","303/28573",4.62642498217641e-07,1.12884769565104e-05,8.03536970588535e-06,"Cox4i1/Cox7b/Chchd10/AA467197/Atp5mj/Cox7c/Atp5me/Uqcr10/Ndufa6/Ndufa3/Cox7a1/Romo1",12
"GO:0045277","CC","GO:0045277","respiratory chain complex IV","5/177","28/28573",7.54707452749015e-07,1.67407834973418e-05,1.19164334644581e-05,"Cox4i1/Cox7b/AA467197/Cox7c/Cox7a1",5
"GO:0016323","CC","GO:0016323","basolateral plasma membrane","11/177","267/28573",9.5904292474097e-07,1.9500539469733e-05,1.38808844370404e-05,"Cldn7/Ceacam1/Epcam/Car2/Slc51b/Atp1a1/Aqp4/Lpo/Hpgd/Naip1/Cldn8",11
"GO:0030141","CC","GO:0030141","secretory granule","14/177","498/28573",2.99794925651887e-06,5.33829208891047e-05,3.79990593041513e-05,"Reg3b/Zg16/Tff3/Pla2g2a/Dmbt1/Sprr2a3/Klk1/Car4/Sycn/Lamp1/Sod1/Gcg/Lyz2/Slirp",14
"GO:0009925","CC","GO:0009925","basal plasma membrane","11/177","301/28573",3.06295447724371e-06,5.33829208891047e-05,3.79990593041513e-05,"Cldn7/Ceacam1/Epcam/Car2/Slc51b/Atp1a1/Aqp4/Lpo/Hpgd/Naip1/Cldn8",11
"GO:0045178","CC","GO:0045178","basal part of cell","11/177","325/28573",6.35500264753816e-06,0.000103374709733287,7.35842411820208e-05,"Cldn7/Ceacam1/Epcam/Car2/Slc51b/Atp1a1/Aqp4/Lpo/Hpgd/Naip1/Cldn8",11
"GO:0005902","CC","GO:0005902","microvillus","6/177","107/28573",5.59032547006331e-05,0.000852524634184655,0.000606844541158189,"Car2/Muc17/Cdhr5/Iqgap2/Lyz2/Fabp2",6
"GO:0031526","CC","GO:0031526","brush border membrane","5/177","82/28573",0.00015994713844366,0.00229571186942665,0.00163413485097237,"Car4/Muc17/Slc26a3/Cdhr5/Abcg2",5
"GO:0032994","CC","GO:0032994","protein-lipid complex","4/177","46/28573",0.000189567884402406,0.00247845960086539,0.00176421843892489,"Saa1/Dbi/Saa3/Apoe",4
"GO:0062023","CC","GO:0062023","collagen-containing extracellular matrix","10/177","396/28573",0.000192994804985419,0.00247845960086539,0.00176421843892489,"Reg3b/S100a6/Lgals4/Zg16/Dmbt1/Serpinb1a/Serpinb6a/Lgals3/Muc2/Insl5",10
"GO:0031902","CC","GO:0031902","late endosome membrane","5/177","94/28573",0.000303108022690042,0.00369791787681851,0.00263225388125563,"H2-Ea/Cd63/Lamp1/Ifitm2/Atp10b",5
"GO:0005903","CC","GO:0005903","brush border","6/177","149/28573",0.000342824354187673,0.00398329249627582,0.00283538939553715,"Car4/Muc17/Slc26a3/Cdhr5/Myo15b/Abcg2",6
"GO:0098862","CC","GO:0098862","cluster of actin-based cell projections","7/177","211/28573",0.000360027322941398,0.00399303030898642,0.00284232097058999,"Car4/Muc17/Slc26a3/Cdhr5/Myo15b/Rhoc/Abcg2",7
"GO:0042588","CC","GO:0042588","zymogen granule","3/177","26/28573",0.000547124632175624,0.00580427870655879,0.00413160477386627,"Reg3b/Zg16/Dmbt1",3
"GO:0098858","CC","GO:0098858","actin-based cell projection","7/177","234/28573",0.000666422914222684,0.00671944288138527,0.00478303742635276,"Car2/Muc17/Cdhr5/Iqgap2/Lyz2/Fabp2/Rhoc",7
"GO:0042383","CC","GO:0042383","sarcolemma","6/177","170/28573",0.000688467508338654,0.00671944288138527,0.00478303742635276,"Krt8/Krt19/Car4/Lamp1/Atp1a1/Aqp4",6
"GO:0045111","CC","GO:0045111","intermediate filament cytoskeleton","6/177","175/28573",0.000800808949687636,0.00751528398937628,0.00534953346957328,"Krt8/Krt19/S100a8/Krt20/Krt18/Jup",6
"GO:0034364","CC","GO:0034364","high-density lipoprotein particle","3/177","35/28573",0.00132210169425526,0.0119478819777142,0.00850474774082332,"Saa1/Saa3/Apoe",3
"GO:0005882","CC","GO:0005882","intermediate filament","5/177","139/28573",0.00177604760261306,0.0154769862513424,0.0110168366327502,"Krt8/Krt19/Krt20/Krt18/Jup",5
"GO:0005890","CC","GO:0005890","sodium:potassium-exchanging ATPase complex","2/177","11/28573",0.00202297329859962,0.0170208787882175,0.0121158110442445,"Atp1a1/Fxyd4",2
"GO:0030667","CC","GO:0030667","secretory granule membrane","4/177","89/28573",0.0023073628380356,0.0183315807567415,0.0130487956206314,"Zg16/Dmbt1/Car4/Sycn",4
"GO:0034358","CC","GO:0034358","plasma lipoprotein particle","3/177","43/28573",0.00240414173858905,0.0183315807567415,0.0130487956206314,"Saa1/Saa3/Apoe",3
"GO:1990777","CC","GO:1990777","lipoprotein particle","3/177","43/28573",0.00240414173858905,0.0183315807567415,0.0130487956206314,"Saa1/Saa3/Apoe",3
"GO:0022627","CC","GO:0022627","cytosolic small ribosomal subunit","3/177","45/28573",0.00273943839099566,0.0202552414364527,0.014418096794714,"Rps8/Rps15/Rps17",3
"GO:0090533","CC","GO:0090533","cation-transporting ATPase complex","2/177","14/28573",0.00330646453910438,0.0237287455159255,0.0168906083266942,"Atp1a1/Fxyd4",2
"GO:0070062","CC","GO:0070062","extracellular exosome","4/177","104/28573",0.00404503078069759,0.0281996431568632,0.0200730850771459,"Car4/Apoe/Cd63/Cd9",4
"GO:0042589","CC","GO:0042589","zymogen granule membrane","2/177","16/28573",0.00432485391394413,0.0283685261992771,0.02019329949474,"Zg16/Dmbt1",2
"GO:0098533","CC","GO:0098533","ATPase dependent transmembrane transport complex","2/177","16/28573",0.00432485391394413,0.0283685261992771,0.02019329949474,"Atp1a1/Fxyd4",2
"GO:0031253","CC","GO:0031253","cell projection membrane","7/177","327/28573",0.0044180491621825,0.0283685261992771,0.02019329949474,"Car4/Ceacam1/Muc17/Slc26a3/Cdhr5/Aqp4/Abcg2",7
"GO:0005770","CC","GO:0005770","late endosome","6/177","255/28573",0.00526114556981327,0.0329158851034471,0.0234302029424883,"Apoe/H2-Ea/Cd63/Lamp1/Ifitm2/Atp10b",6
"GO:0005771","CC","GO:0005771","multivesicular body","3/177","59/28573",0.00589161461330996,0.0359388491411907,0.0255820108209511,"Apoe/Cd63/Lamp1",3
"GO:1903561","CC","GO:1903561","extracellular vesicle","4/177","118/28573",0.00631561666186689,0.037361724731348,0.0265948428846955,"Car4/Apoe/Cd63/Cd9",4
"GO:0005753","CC","GO:0005753","mitochondrial proton-transporting ATP synthase complex","2/177","20/28573",0.00673736019745619,0.037361724731348,0.0265948428846955,"Atp5mj/Atp5me",2
"GO:0016010","CC","GO:0016010","dystrophin-associated glycoprotein complex","2/177","20/28573",0.00673736019745619,0.037361724731348,0.0265948428846955,"Krt8/Krt19",2
"GO:0043034","CC","GO:0043034","costamere","2/177","20/28573",0.00673736019745619,0.037361724731348,0.0265948428846955,"Krt8/Krt19",2
"GO:0001533","CC","GO:0001533","cornified envelope","3/177","64/28573",0.00738272564381399,0.0393392563626409,0.028002490508351,"Lgals3/S100a9/Jup",3
"GO:0045259","CC","GO:0045259","proton-transporting ATP synthase complex","2/177","21/28573",0.00741641718312083,0.0393392563626409,0.028002490508351,"Atp5mj/Atp5me",2
"GO:0043230","CC","GO:0043230","extracellular organelle","4/177","127/28573",0.00814965717515827,0.0414274239737212,0.0294888910943227,"Car4/Apoe/Cd63/Cd9",4
"GO:0065010","CC","GO:0065010","extracellular membrane-bounded organelle","4/177","127/28573",0.00814965717515827,0.0414274239737212,0.0294888910943227,"Car4/Apoe/Cd63/Cd9",4
"GO:0014704","CC","GO:0014704","intercalated disc","3/177","67/28573",0.00837488378877183,0.0417035029481699,0.0296854097776015,"Atp1a1/Jup/Dsg2",3
"GO:0030057","CC","GO:0030057","desmosome","2/177","25/28573",0.0104246071208063,0.0498745909309163,0.0355017579965539,"Jup/Dsg2",2
"GO:0090665","CC","GO:0090665","glycoprotein complex","2/177","25/28573",0.0104246071208063,0.0498745909309163,0.0355017579965539,"Krt8/Krt19",2
"GO:0016209","MF","GO:0016209","antioxidant activity","8/172","89/28407",7.13959380511723e-08,2.7344644273599e-05,2.29970074143776e-05,"Mgst3/Apoe/S100a8/Mgst1/Gpx2/S100a9/Sod1/Lpo",8
"GO:0004866","MF","GO:0004866","endopeptidase inhibitor activity","8/172","198/28407",2.93712050345498e-05,0.00480100958968673,0.00403767743422878,"Spink1/Spink4/Serpinb1a/Wfdc2/Serpinb6a/Naip1/Wfdc17/Birc5",8
"GO:0030414","MF","GO:0030414","peptidase inhibitor activity","8/172","205/28407",3.7605819240366e-05,0.00480100958968673,0.00403767743422878,"Spink1/Spink4/Serpinb1a/Wfdc2/Serpinb6a/Naip1/Wfdc17/Birc5",8
"GO:0061135","MF","GO:0061135","endopeptidase regulator activity","8/172","217/28407",5.61897173861376e-05,0.00514733336610574,0.00432893777663421,"Spink1/Spink4/Serpinb1a/Wfdc2/Serpinb6a/Naip1/Wfdc17/Birc5",8
"GO:0030550","MF","GO:0030550","acetylcholine receptor inhibitor activity","3/172","14/28407",7.55976070921888e-05,0.00514733336610574,0.00432893777663421,"Ly6a/Ly6g/Ly6e",3
"GO:0005154","MF","GO:0005154","epidermal growth factor receptor binding","4/172","39/28407",9.04701169708112e-05,0.00514733336610574,0.00432893777663421,"Agr2/Pigr/Areg/Hbegf",4
"GO:0004089","MF","GO:0004089","carbonate dehydratase activity","3/172","15/28407",9.40765889366584e-05,0.00514733336610574,0.00432893777663421,"Car4/Car1/Car2",3
"GO:0005539","MF","GO:0005539","glycosaminoglycan binding","8/172","243/28407",0.00012341466697869,0.0059084771816048,0.00496906422308938,"Saa1/Reg3b/Zg16/Dmbt1/Pglyrp1/Apoe/Hbegf/Cxcl13",8
"GO:0004867","MF","GO:0004867","serine-type endopeptidase inhibitor activity","6/172","129/28407",0.000138847380506091,0.00590872741487033,0.00496927467074432,"Spink1/Spink4/Serpinb1a/Wfdc2/Serpinb6a/Wfdc17",6
"GO:0042834","MF","GO:0042834","peptidoglycan binding","3/172","19/28407",0.000196812778440773,0.00737077400408343,0.00619886449154742,"Reg3b/Zg16/Pglyrp1",3
"GO:0004857","MF","GO:0004857","enzyme inhibitor activity","10/172","410/28407",0.000211693248159054,0.00737077400408343,0.00619886449154742,"Rps15/Spink1/Spink4/Serpinb1a/Wfdc2/Serpinb6a/Ppp1r14d/Naip1/Wfdc17/Birc5",10
"GO:0061134","MF","GO:0061134","peptidase regulator activity","8/172","268/28407",0.000240463909522576,0.00767480644559556,0.00645455757139547,"Spink1/Spink4/Serpinb1a/Wfdc2/Serpinb6a/Naip1/Wfdc17/Birc5",8
"GO:0033130","MF","GO:0033130","acetylcholine receptor binding","3/172","22/28407",0.000308638701387486,0.00844347304510052,0.00710101072365194,"Ly6a/Ly6g/Ly6e",3
"GO:0106435","MF","GO:0106435","carboxylesterase activity","3/172","22/28407",0.000308638701387486,0.00844347304510052,0.00710101072365194,"Ces2e/Aldh2/Ces2c",3
"GO:0004601","MF","GO:0004601","peroxidase activity","4/172","61/28407",0.000517553786985278,0.0101883917070098,0.00856849762909168,"Mgst3/Mgst1/Gpx2/Lpo",4
"GO:1901681","MF","GO:1901681","sulfur compound binding","8/172","301/28407",0.000520802601135919,0.0101883917070098,0.00856849762909168,"Saa1/Dmbt1/Dbi/Apoe/Muc2/Hbegf/Sult1a1/Cxcl13",8
"GO:0005504","MF","GO:0005504","fatty acid binding","4/172","62/28407",0.000550655405233738,0.0101883917070098,0.00856849762909168,"Id3/Fabp6/Fabp2/Cyp4f14",4
"GO:0052689","MF","GO:0052689","carboxylic ester hydrolase activity","6/172","167/28407",0.00055612227865471,0.0101883917070098,0.00856849762909168,"Pla2g2a/Car1/Car2/Ces2e/Aldh2/Ces2c",6
"GO:0004602","MF","GO:0004602","glutathione peroxidase activity","3/172","27/28407",0.000573323700839014,0.0101883917070098,0.00856849762909168,"Mgst3/Mgst1/Gpx2",3
"GO:0030548","MF","GO:0030548","acetylcholine receptor regulator activity","3/172","27/28407",0.000573323700839014,0.0101883917070098,0.00856849762909168,"Ly6a/Ly6g/Ly6e",3
"GO:0099602","MF","GO:0099602","neurotransmitter receptor regulator activity","3/172","27/28407",0.000573323700839014,0.0101883917070098,0.00856849762909168,"Ly6a/Ly6g/Ly6e",3
"GO:0016684","MF","GO:0016684","oxidoreductase activity, acting on peroxide as acceptor","4/172","63/28407",0.000585233988392209,0.0101883917070098,0.00856849762909168,"Mgst3/Mgst1/Gpx2/Lpo",4
"GO:0051287","MF","GO:0051287","NAD binding","4/172","65/28407",0.00065896918788348,0.0109732695199727,0.0092285845076588,"Aldh2/Hsd11b2/Adh1/Hpgd",4
"GO:0030547","MF","GO:0030547","signaling receptor inhibitor activity","3/172","35/28407",0.00123812040477032,0.0197583381261264,0.0166168791166544,"Ly6a/Ly6g/Ly6e",3
"GO:0005179","MF","GO:0005179","hormone activity","5/172","139/28407",0.00160654521357396,0.0246122726719531,0.0206990667517319,"Reg3b/Pyy/Retnlb/Gcg/Insl5",5
"GO:0033293","MF","GO:0033293","monocarboxylic acid binding","4/172","90/28407",0.0022123011262452,0.0295110853544447,0.0248189971649308,"Id3/Fabp6/Fabp2/Cyp4f14",4
"GO:0042056","MF","GO:0042056","chemoattractant activity","3/172","43/28407",0.00225329379500997,0.0295110853544447,0.0248189971649308,"Saa3/Lgals3/Ccl6",3
"GO:0070851","MF","GO:0070851","growth factor receptor binding","5/172","151/28407",0.00230715887683591,0.0295110853544447,0.0248189971649308,"Agr2/Pigr/Ceacam1/Areg/Hbegf",5
"GO:0035325","MF","GO:0035325","Toll-like receptor binding","2/172","12/28407",0.0023115732653612,0.0295110853544447,0.0248189971649308,"Saa3/Ceacam1",2
"GO:0050253","MF","GO:0050253","retinyl-palmitate esterase activity","2/172","12/28407",0.0023115732653612,0.0295110853544447,0.0248189971649308,"Ces2e/Ces2c",2
"GO:0048306","MF","GO:0048306","calcium-dependent protein binding","4/172","92/28407",0.00239671053486126,0.0296109720919956,0.0249030025014447,"S100a6/S100a8/S100a9/S100a16",4
"GO:0050839","MF","GO:0050839","cell adhesion molecule binding","7/172","306/28407",0.00270975289264587,0.0317441362587521,0.0266970061706146,"Cldn7/Tspan8/Epcam/Cdhr5/Cd9/Jup/Dsg2",7
"GO:0004869","MF","GO:0004869","cysteine-type endopeptidase inhibitor activity","3/172","46/28407",0.00273513445571493,0.0317441362587521,0.0266970061706146,"Wfdc2/Naip1/Birc5",3
"GO:0008009","MF","GO:0008009","chemokine activity","3/172","47/28407",0.00290873920137487,0.0327660915919581,0.027556476644604,"Gpr15lg/Cxcl13/Ccl6",3
"GO:0005125","MF","GO:0005125","cytokine activity","6/172","236/28407",0.00323587462843403,0.0354097137911495,0.0297797785353628,"Pglyrp1/Gpr15lg/Areg/Il18/Cxcl13/Ccl6",6
"GO:0061783","MF","GO:0061783","peptidoglycan muralytic activity","2/172","15/28407",0.00363388861108462,0.038660537167928,0.0325137402044413,"Pglyrp1/Lyz2",2
"GO:0001664","MF","GO:0001664","G protein-coupled receptor binding","7/172","335/28407",0.0044454373116953,0.0460162835237648,0.0386999663550145,"Saa1/Gpr15lg/Pyy/Gcg/Cxcl13/Ccl6/Insl5",7
