"","ONTOLOGY","ID","Description","GeneRatio","BgRatio","pvalue","p.adjust","qvalue","geneID","Count"
"GO:0015711","BP","GO:0015711","organic anion transport","22/270","436/28891",1.86401001726083e-10,3.02975979173833e-07,2.39242968386273e-07,"Slc51b/Car4/Slc10a2/Nos2/Fabp4/Mif/Slc25a1/Slc25a4/Slc7a11/Slc3a2/Slc7a9/Arg2/Slc7a7/Aqp8/Slc16a3/Ace2/Fabp1/Rbp2/Slc38a1/Abcc4/Slc25a12/Slc6a9",22
"GO:0046942","BP","GO:0046942","carboxylic acid transport","20/270","362/28891",2.66043743915732e-10,3.02975979173833e-07,2.39242968386273e-07,"Slc51b/Slc10a2/Nos2/Fabp4/Mif/Slc25a1/Slc7a11/Slc3a2/Slc7a9/Arg2/Slc7a7/Aqp8/Slc16a3/Ace2/Fabp1/Rbp2/Slc38a1/Abcc4/Slc25a12/Slc6a9",20
"GO:0015849","BP","GO:0015849","organic acid transport","20/270","364/28891",2.93013519510476e-10,3.02975979173833e-07,2.39242968386273e-07,"Slc51b/Slc10a2/Nos2/Fabp4/Mif/Slc25a1/Slc7a11/Slc3a2/Slc7a9/Arg2/Slc7a7/Aqp8/Slc16a3/Ace2/Fabp1/Rbp2/Slc38a1/Abcc4/Slc25a12/Slc6a9",20
"GO:0002526","BP","GO:0002526","acute inflammatory response","13/270","139/28891",7.10180083435008e-10,5.50744654703849e-07,4.34891856356122e-07,"Saa3/Reg3g/Reg3b/Nupr1/Saa1/C3/B4galt1/Hp/Tac1/Saa4/Saa2/Vnn1/Fcer1g",13
"GO:1901605","BP","GO:1901605","alpha-amino acid metabolic process","14/270","194/28891",4.69923926305494e-09,2.91540803879928e-06,2.30213258213239e-06,"Blmh/Nos2/Asns/Aspa/Psat1/Slc7a11/Arg2/Slc7a7/Phgdh/Ido1/Slc38a1/Cyp2d22/Slc25a12/Tat",14
"GO:0050727","BP","GO:0050727","regulation of inflammatory response","19/270","411/28891",1.38784497272337e-08,7.17515850897984e-06,5.66581623074963e-06,"Pglyrp1/S100a8/S100a9/Gpx2/Reg3g/Reg3b/Nupr1/Gsdmd/C3/Fabp4/Socs3/Duoxa2/Il18/Tac1/Mgll/Ido1/Smpdl3b/Fcer1g/Sting1",19
"GO:0009064","BP","GO:0009064","glutamine family amino acid metabolic process","9/270","69/28891",1.65325433967485e-08,7.32627851667342e-06,5.78514714048629e-06,"Nos2/Asns/Slc7a11/Arg2/Slc7a7/Phgdh/Slc38a1/Slc25a12/Tat",9
"GO:0042742","BP","GO:0042742","defense response to bacterium","19/270","430/28891",2.84982065481634e-08,1.10501795890503e-05,8.72570087336529e-06,"Igha/Lcn2/Pglyrp1/Pla2g2a/Reg3g/Reg3b/Lypd8/Gsdmd/Anxa3/Nos2/Il18/Hp/Arg2/Tac1/Mmp7/Slpi/Cxcl5/Fcer1g/Lyz2",19
"GO:0001666","BP","GO:0001666","response to hypoxia","14/270","233/28891",4.79660480216819e-08,1.52773744057025e-05,1.20636771665376e-05,"Fam162a/P4hb/Eif4ebp1/Ak4/Ddit4/Nos2/Egln3/Il18/Vldlr/Plat/Fabp1/Bnip3/Hif3a/Plekhn1",14
"GO:0006520","BP","GO:0006520","amino acid metabolic process","15/270","272/28891",4.9250078677313e-08,1.52773744057025e-05,1.20636771665376e-05,"Blmh/Nos2/Asns/Aspa/Psat1/Slc7a11/Arg2/Slc7a7/Phgdh/Ido1/Slc38a1/Acy1/Cyp2d22/Slc25a12/Tat",15
"GO:1905039","BP","GO:1905039","carboxylic acid transmembrane transport","11/270","144/28891",1.20974131619833e-07,3.35618665529282e-05,2.6501904872464e-05,"Slc25a1/Slc7a11/Slc3a2/Slc7a9/Arg2/Slc7a7/Slc16a3/Ace2/Slc38a1/Slc25a12/Slc6a9",11
"GO:1903825","BP","GO:1903825","organic acid transmembrane transport","11/270","145/28891",1.29833139469742e-07,3.35618665529282e-05,2.6501904872464e-05,"Slc25a1/Slc7a11/Slc3a2/Slc7a9/Arg2/Slc7a7/Slc16a3/Ace2/Slc38a1/Slc25a12/Slc6a9",11
"GO:0015807","BP","GO:0015807","L-amino acid transport","9/270","88/28891",1.42805924380006e-07,3.40756905712907e-05,2.69076425937065e-05,"Slc7a11/Slc3a2/Slc7a9/Arg2/Slc7a7/Ace2/Slc38a1/Slc25a12/Slc6a9",9
"GO:0006953","BP","GO:0006953","acute-phase response","7/270","44/28891",1.64284340315214e-07,3.64007159755566e-05,2.8743583452143e-05,"Saa3/Reg3g/Reg3b/Saa1/Hp/Saa4/Saa2",7
"GO:0036293","BP","GO:0036293","response to decreased oxygen levels","14/270","264/28891",2.23602703520498e-07,4.6241039088039e-05,3.65139291994526e-05,"Fam162a/P4hb/Eif4ebp1/Ak4/Ddit4/Nos2/Egln3/Il18/Vldlr/Plat/Fabp1/Bnip3/Hif3a/Plekhn1",14
"GO:1902475","BP","GO:1902475","L-alpha-amino acid transmembrane transport","8/270","70/28891",3.00093749010085e-07,5.81806755893303e-05,4.59419838122676e-05,"Slc7a11/Slc3a2/Arg2/Slc7a7/Ace2/Slc38a1/Slc25a12/Slc6a9",8
"GO:0003333","BP","GO:0003333","amino acid transmembrane transport","9/270","100/28891",4.3127203203562e-07,7.86944613749701e-05,6.21405584239559e-05,"Slc7a11/Slc3a2/Slc7a9/Arg2/Slc7a7/Ace2/Slc38a1/Slc25a12/Slc6a9",9
"GO:0097193","BP","GO:0097193","intrinsic apoptotic signaling pathway","15/270","327/28891",5.28408656836777e-07,9.10624251948712e-05,7.19068388572619e-05,"S100a8/S100a9/P4hb/Nupr1/Ddit4/Herpud1/Ripk3/Mif/Grina/Muc1/Chac1/Trib3/Bnip3/Vnn1/Gcg",15
"GO:0015804","BP","GO:0015804","neutral amino acid transport","7/270","54/28891",7.01116686881073e-07,0.000114466524352899,9.03877302145295e-05,"Slc7a11/Slc3a2/Slc7a9/Slc7a7/Ace2/Slc38a1/Slc6a9",7
"GO:0035821","BP","GO:0035821","modulation of process of another organism","5/270","21/28891",1.23672878718965e-06,0.000191816634893114,0.000151466730936332,"S100a9/Nos2/Fbln1/Slpi/Cxcl5",5
"GO:0044282","BP","GO:0044282","small molecule catabolic process","15/270","353/28891",1.37488383312023e-06,0.000203089983349474,0.000160368655622595,"Gda/Blmh/Nos2/Dcxr/Upp1/Urah/Arg2/Slc16a3/Fabp1/Ido1/Pck2/Cbr3/Acox2/Slc25a12/Tat",15
"GO:0006631","BP","GO:0006631","fatty acid metabolic process","17/270","463/28891",2.00883318275809e-06,0.000283245478768891,0.000223662909869764,"Pla2g2a/C3/Cyp2d34/Fabp4/Nucb2/Mif/Cyp2d9/Trib3/Fabp1/Mgll/Pck2/Gstp3/Acox2/Acot1/Cyp2d10/Dgat2/Cyp2d22",17
"GO:0071456","BP","GO:0071456","cellular response to hypoxia","9/270","121/28891",2.15973250489159e-06,0.000291282183920596,0.000230009040681131,"Fam162a/P4hb/Eif4ebp1/Ak4/Egln3/Vldlr/Fabp1/Bnip3/Hif3a",9
"GO:2001242","BP","GO:2001242","regulation of intrinsic apoptotic signaling pathway","11/270","194/28891",2.35958898777925e-06,0.000304976876670467,0.000240822963796592,"S100a8/S100a9/P4hb/Nupr1/Herpud1/Ripk3/Mif/Grina/Muc1/Vnn1/Gcg",11
"GO:0070482","BP","GO:0070482","response to oxygen levels","14/270","324/28891",2.5552118733744e-06,0.000317050689248296,0.000250356969656515,"Fam162a/P4hb/Eif4ebp1/Ak4/Ddit4/Nos2/Egln3/Il18/Vldlr/Plat/Fabp1/Bnip3/Hif3a/Plekhn1",14
"GO:0050729","BP","GO:0050729","positive regulation of inflammatory response","10/270","167/28891",4.19810835161702e-06,0.000500866619489077,0.000395505997336551,"S100a8/S100a9/Nupr1/Gsdmd/C3/Fabp4/Il18/Tac1/Ido1/Fcer1g",10
"GO:0062012","BP","GO:0062012","regulation of small molecule metabolic process","15/270","389/28891",4.50308457440374e-06,0.000517354383325941,0.000408525450473197,"Nupr1/Ddit4/Nos2/Nucb2/Rdh16/Slc7a11/Trib3/Slc7a7/Aqp8/Fabp1/Me1/H6pd/Dgat2/Slc25a12/Gcg",15
"GO:0097529","BP","GO:0097529","myeloid leukocyte migration","12/270","253/28891",5.22620903685229e-06,0.000578989301154136,0.000457195053712604,"S100a8/S100a9/Lgmn/B4galt1/Mpp1/Cd177/Mif/Cnn2/Cxcl5/Rac3/Cxcl2/Fcer1g",12
"GO:0072593","BP","GO:0072593","reactive oxygen species metabolic process","12/270","257/28891",6.12997971130458e-06,0.000655696450498855,0.000517766344399483,"Lcn2/Prdx6/Ddit4/Nos2/Duox2/Dcxr/Cd177/Duoxa2/Il18/Ripk3/Arg2/Bnip3",12
"GO:0015718","BP","GO:0015718","monocarboxylic acid transport","10/270","180/28891",8.15328779108519e-06,0.000843049957598209,0.000665708796135272,"Slc51b/Slc10a2/Nos2/Fabp4/Mif/Aqp8/Slc16a3/Fabp1/Rbp2/Abcc4",10
"GO:0036294","BP","GO:0036294","cellular response to decreased oxygen levels","9/270","146/28891",1.0083525823018e-05,0.0010090031323549,0.000796752617662579,"Fam162a/P4hb/Eif4ebp1/Ak4/Egln3/Vldlr/Fabp1/Bnip3/Hif3a",9
"GO:0046394","BP","GO:0046394","carboxylic acid biosynthetic process","13/270","321/28891",1.16845867029289e-05,0.00113267462351517,0.000894408988740644,"Pla2g2a/Mif/Asns/Rdh16/Psat1/Trib3/Phgdh/Mgll/Ido1/Gstp3/Acox2/Slc38a1/Slc25a12",13
"GO:0089718","BP","GO:0089718","amino acid import across plasma membrane","6/270","55/28891",1.24443900374544e-05,0.00116977266352072,0.000923703209478674,"Slc7a11/Slc3a2/Arg2/Ace2/Slc38a1/Slc6a9",6
"GO:0016053","BP","GO:0016053","organic acid biosynthetic process","13/270","324/28891",1.2894001093109e-05,0.00117638798208307,0.000928926951816245,"Pla2g2a/Mif/Asns/Rdh16/Psat1/Trib3/Phgdh/Mgll/Ido1/Gstp3/Acox2/Slc38a1/Slc25a12",13
"GO:0046486","BP","GO:0046486","glycerolipid metabolic process","14/270","380/28891",1.5631582531851e-05,0.00138540482896577,0.00109397571583811,"Pla2g2a/Prdx6/C3/Socs3/Agpat2/Pgap1/Cideb/Socs1/Mboat2/Cidec/Mgll/Pck2/Etnk1/Dgat2",14
"GO:0009117","BP","GO:0009117","nucleotide metabolic process","16/270","497/28891",2.05890060510682e-05,0.00177408602140038,0.00140089523628175,"Gda/Ak4/Nos2/Dcxr/Upp1/Pde9a/Sult2b1/Urah/Ido1/Me1/Acot1/H6pd/Nme7/Vnn1/Dgat2/Slc25a12",16
"GO:0006163","BP","GO:0006163","purine nucleotide metabolic process","15/270","444/28891",2.14753396691633e-05,0.00179633202990013,0.00141846164904734,"Gda/Ak4/Nos2/Dcxr/Pde9a/Sult2b1/Urah/Ido1/Me1/Acot1/H6pd/Nme7/Vnn1/Dgat2/Slc25a12",15
"GO:2000106","BP","GO:2000106","regulation of leukocyte apoptotic process","8/270","124/28891",2.26704008213437e-05,0.00179633202990013,0.00141846164904734,"Il18/Ripk3/Mif/Slc7a11/Arg2/St3gal1/Ido1/Fcer1g",8
"GO:0001933","BP","GO:0001933","negative regulation of protein phosphorylation","13/270","342/28891",2.27413032028115e-05,0.00179633202990013,0.00141846164904734,"Spink1/Fabp4/Socs3/Il18/Ptprh/Gadd45g/Gadd45b/Trib3/Socs1/Gstp3/Fbln1/Trim27/Cdkn1c",13
"GO:0071453","BP","GO:0071453","cellular response to oxygen levels","9/270","162/28891",2.31635335899437e-05,0.00179633202990013,0.00141846164904734,"Fam162a/P4hb/Eif4ebp1/Ak4/Egln3/Vldlr/Fabp1/Bnip3/Hif3a",9
"GO:0050900","BP","GO:0050900","leukocyte migration","14/270","398/28891",2.6036838201206e-05,0.0019699090756132,0.00155552560960735,"S100a8/S100a9/Lgmn/B4galt1/Mpp1/Cd177/Ripk3/Mif/Chst4/Cnn2/Cxcl5/Rac3/Cxcl2/Fcer1g",14
"GO:1901136","BP","GO:1901136","carbohydrate derivative catabolic process","9/270","166/28891",2.80865871840451e-05,0.00207439508202162,0.00163803229015722,"Pglyrp1/Neu1/Gda/Upp1/Pde9a/Ctsl/Urah/Fbxo6/Vnn1",9
"GO:0006749","BP","GO:0006749","glutathione metabolic process","6/270","64/28891",3.00008275975361e-05,0.00212586991489711,0.00167867904983732,"Gstt2/Chac1/Slc7a11/Gstp3/Gstt1/Gsta1",6
"GO:0006575","BP","GO:0006575","cellular modified amino acid metabolic process","8/270","129/28891",3.015418319003e-05,0.00212586991489711,0.00167867904983732,"Duox2/Ckb/Duoxa2/Ctsl/Mthfd2/Mboat2/Vnn1/Pax8",8
"GO:0006865","BP","GO:0006865","amino acid transport","9/270","170/28891",3.38697262306761e-05,0.00233475312816794,0.00184362229096569,"Slc7a11/Slc3a2/Slc7a9/Arg2/Slc7a7/Ace2/Slc38a1/Slc25a12/Slc6a9",9
"GO:0050829","BP","GO:0050829","defense response to Gram-negative bacterium","8/270","134/28891",3.96021885980397e-05,0.00267056497893737,0.00210879388713131,"Reg3g/Reg3b/Lypd8/Gsdmd/Tac1/Mmp7/Cxcl5/Lyz2",8
"GO:0043903","BP","GO:0043903","regulation of biological process involved in symbiotic interaction","6/270","68/28891",4.24524594931881e-05,0.00273230176735108,0.00215754393180154,"P4hb/Ly6e/Ifitm3/Fbln1/Cxcl5/Ifitm1",6
"GO:0044403","BP","GO:0044403","biological process involved in symbiotic interaction","11/270","264/28891",4.25907702718218e-05,0.00273230176735108,0.00215754393180154,"Pglyrp1/Gpx2/P4hb/Stom/Ly6e/Ifitm3/Slc3a2/Ace2/Fbln1/Cxcl5/Ifitm1",11
"GO:0009636","BP","GO:0009636","response to toxic substance","8/270","136/28891",4.40167451815945e-05,0.00273230176735108,0.00215754393180154,"Lcn2/Gpx2/Nupr1/Prdx6/Blmh/Slc7a11/Aqp8/Trpm6",8
"GO:0042119","BP","GO:0042119","neutrophil activation","5/270","42/28891",4.4040969815459e-05,0.00273230176735108,0.00215754393180154,"Pla2g2a/Anxa3/Cd177/Il18/Fcer1g",5
"GO:0019730","BP","GO:0019730","antimicrobial humoral response","10/270","221/28891",4.76768810496012e-05,0.00289987617678162,0.00228986795051438,"Igha/Pglyrp1/S100a9/Reg3g/Reg3b/Tac1/Mmp7/Slpi/Cxcl5/Cxcl2",10
"GO:1990266","BP","GO:1990266","neutrophil migration","8/270","138/28891",4.88343660210207e-05,0.00291315775763858,0.00230035566256913,"S100a8/S100a9/Mpp1/Cd177/Cxcl5/Rac3/Cxcl2/Fcer1g",8
"GO:0072521","BP","GO:0072521","purine-containing compound metabolic process","15/270","479/28891",5.10549377680769e-05,0.00293632680486328,0.00231865094672939,"Gda/Ak4/Nos2/Dcxr/Pde9a/Sult2b1/Urah/Ido1/Me1/Acot1/H6pd/Nme7/Vnn1/Dgat2/Slc25a12",15
"GO:0042060","BP","GO:0042060","wound healing","13/270","370/28891",5.11159405101925e-05,0.00293632680486328,0.00231865094672939,"Lrg1/Plet1/S100a9/Reg3g/Duox2/B4galt1/Slc7a11/Plat/Phldb2/Cnn2/Fbln1/Fntb/Fcer1g",13
"GO:0042326","BP","GO:0042326","negative regulation of phosphorylation","13/270","372/28891",5.3993402392446e-05,0.00299584443536981,0.00236564864810667,"Spink1/Fabp4/Socs3/Il18/Ptprh/Gadd45g/Gadd45b/Trib3/Socs1/Gstp3/Fbln1/Trim27/Cdkn1c",13
"GO:0033559","BP","GO:0033559","unsaturated fatty acid metabolic process","8/270","140/28891",5.40835874857219e-05,0.00299584443536981,0.00236564864810667,"Pla2g2a/Cyp2d34/Mif/Cyp2d9/Mgll/Gstp3/Cyp2d10/Cyp2d22",8
"GO:0035634","BP","GO:0035634","response to stilbenoid","4/270","24/28891",6.84105183859171e-05,0.00372297242163359,0.0029398204299913,"Saa3/Ly6d/Saa2/Gsta1",4
"GO:0050792","BP","GO:0050792","regulation of viral process","9/270","187/28891",7.10104158357035e-05,0.00374883998567062,0.00296024658001817,"P4hb/Stom/Ly6e/Ifitm3/Top2a/Fbln1/Slpi/Ifitm1/Trim27",9
"GO:2001233","BP","GO:2001233","regulation of apoptotic signaling pathway","14/270","437/28891",7.13028881865141e-05,0.00374883998567062,0.00296024658001817,"S100a8/S100a9/P4hb/Nupr1/Herpud1/Ripk3/Mif/Grina/Ctsl/Slc25a4/Muc1/Gstp3/Vnn1/Gcg",14
"GO:0006690","BP","GO:0006690","icosanoid metabolic process","8/270","147/28891",7.62999917715325e-05,0.00394470957458823,0.00311491369916414,"Pla2g2a/Cyp2d34/Mif/Cyp2d9/Mgll/Gstp3/Cyp2d10/Cyp2d22",8
"GO:0006979","BP","GO:0006979","response to oxidative stress","13/270","389/28891",8.47027484957101e-05,0.00430734304645398,0.00340126481017286,"Lcn2/Tmigd1/Gpx2/Reg3b/Prdx6/Ripk3/Slc7a11/Fabp1/Bnip3/Rbpms/Stc2/Aldh3b1/Tat",13
"GO:0006959","BP","GO:0006959","humoral immune response","12/270","337/28891",8.73996159569206e-05,0.00437280014029626,0.00345295256929973,"Igha/Pglyrp1/S100a9/Reg3g/Reg3b/C3/Cfd/Tac1/Mmp7/Slpi/Cxcl5/Cxcl2",12
"GO:0061844","BP","GO:0061844","antimicrobial humoral immune response mediated by antimicrobial peptide","8/270","151/28891",9.20803311391832e-05,0.00453386011418645,0.00358013250728286,"Pglyrp1/S100a9/Reg3g/Reg3b/Tac1/Mmp7/Cxcl5/Cxcl2",8
"GO:0016054","BP","GO:0016054","organic acid catabolic process","10/270","241/28891",9.80577214326503e-05,0.00467961618283202,0.00369522781819882,"Blmh/Nos2/Dcxr/Arg2/Slc16a3/Fabp1/Ido1/Pck2/Acox2/Tat",10
"GO:0046395","BP","GO:0046395","carboxylic acid catabolic process","10/270","241/28891",9.80577214326503e-05,0.00467961618283202,0.00369522781819882,"Blmh/Nos2/Dcxr/Arg2/Slc16a3/Fabp1/Ido1/Pck2/Acox2/Tat",10
"GO:0043434","BP","GO:0043434","response to peptide hormone","13/270","396/28891",0.0001011901513573,0.00475593711379311,0.00375549413410586,"Reg3g/Reg3b/Eif4ebp1/Socs3/Nucb2/Il18/Gdf15/Bglap3/Trib3/Socs1/Pck2/Rab31/Gcg",13
"GO:1901653","BP","GO:1901653","cellular response to peptide","12/270","346/28891",0.000111960342363636,0.00505919712874909,0.00399496138945982,"Eif4ebp1/Lgmn/Socs3/Nucb2/Il18/Gdf15/Bglap3/Trib3/Socs1/Pck2/Rab31/Gcg",12
"GO:0009261","BP","GO:0009261","ribonucleotide catabolic process","5/270","51/28891",0.00011356356016019,0.00505919712874909,0.00399496138945982,"Gda/Upp1/Pde9a/Urah/Vnn1",5
"GO:0036230","BP","GO:0036230","granulocyte activation","5/270","51/28891",0.00011356356016019,0.00505919712874909,0.00399496138945982,"Pla2g2a/Anxa3/Cd177/Il18/Fcer1g",5
"GO:0052547","BP","GO:0052547","regulation of peptidase activity","14/270","457/28891",0.000114166279501108,0.00505919712874909,0.00399496138945982,"S100a8/Fam162a/S100a9/Lgmn/Spink1/Spink4/Herpud1/Ctsl/Prss22/Cideb/Lxn/Fabp1/Csta1/Slpi",14
"GO:0071375","BP","GO:0071375","cellular response to peptide hormone stimulus","11/270","296/28891",0.000118123222088253,0.0051608202101093,0.00407520738027227,"Eif4ebp1/Socs3/Nucb2/Il18/Gdf15/Bglap3/Trib3/Socs1/Pck2/Rab31/Gcg",11
"GO:0071887","BP","GO:0071887","leukocyte apoptotic process","8/270","157/28891",0.000120749799704385,0.00520230387059723,0.00410796467707753,"Il18/Ripk3/Mif/Slc7a11/Arg2/St3gal1/Ido1/Fcer1g",8
"GO:0000101","BP","GO:0000101","sulfur amino acid transport","3/270","11/28891",0.000125997388094281,0.0053540259981981,0.0042277710467973,"Slc7a11/Slc3a2/Slc7a9",3
"GO:0051701","BP","GO:0051701","biological process involved in interaction with host","8/270","159/28891",0.000131803599911528,0.0054580548003736,0.00430991669906321,"Pglyrp1/P4hb/Ly6e/Ifitm3/Slc3a2/Ace2/Fbln1/Ifitm1",8
"GO:0050830","BP","GO:0050830","defense response to Gram-positive bacterium","9/270","203/28891",0.00013271464532991,0.0054580548003736,0.00430991669906321,"Pglyrp1/Pla2g2a/Reg3g/Reg3b/Gsdmd/Il18/Tac1/Mmp7/Lyz2",9
"GO:1901652","BP","GO:1901652","response to peptide","14/270","464/28891",0.000133724102136813,0.0054580548003736,0.00430991669906321,"Reg3g/Reg3b/Eif4ebp1/Lgmn/Socs3/Nucb2/Il18/Gdf15/Bglap3/Trib3/Socs1/Pck2/Rab31/Gcg",14
"GO:2000379","BP","GO:2000379","positive regulation of reactive oxygen species metabolic process","6/270","85/28891",0.000148602714004249,0.00598656647845689,0.00472725243319053,"Lcn2/Dcxr/Cd177/Duoxa2/Il18/Ripk3",6
"GO:0098739","BP","GO:0098739","import across plasma membrane","9/270","207/28891",0.000153712400342531,0.00610822518395452,0.004823319421447,"Lcn2/Slc39a4/Slc7a11/Slc3a2/Arg2/Aqp8/Ace2/Slc38a1/Slc6a9",9
"GO:0042180","BP","GO:0042180","cellular ketone metabolic process","10/270","255/28891",0.000155560860584271,0.00610822518395452,0.004823319421447,"Nucb2/Rdh16/Slc7a11/Trib3/Slc7a7/Fabp1/Ido1/Cbr3/H6pd/Dgat2",10
"GO:2000107","BP","GO:2000107","negative regulation of leukocyte apoptotic process","6/270","86/28891",0.000158510784281398,0.00614625566051122,0.00485334993451071,"Il18/Mif/Arg2/St3gal1/Ido1/Fcer1g",6
"GO:0031400","BP","GO:0031400","negative regulation of protein modification process","14/270","473/28891",0.000163088501046782,0.00624568555860637,0.00493186409273373,"Spink1/Fabp4/Socs3/Il18/Ptprh/Gadd45g/Gadd45b/Trib3/Socs1/Gstp3/Bex3/Fbln1/Trim27/Cdkn1c",14
"GO:0097530","BP","GO:0097530","granulocyte migration","8/270","167/28891",0.000184711993991335,0.00698751957757464,0.00551764839560765,"S100a8/S100a9/Mpp1/Cd177/Cxcl5/Rac3/Cxcl2/Fcer1g",8
"GO:2000377","BP","GO:2000377","regulation of reactive oxygen species metabolic process","8/270","168/28891",0.000192404416802652,0.00705794600578516,0.00557326015659238,"Lcn2/Dcxr/Cd177/Duoxa2/Il18/Ripk3/Arg2/Bnip3",8
"GO:0015721","BP","GO:0015721","bile acid and bile salt transport","4/270","31/28891",0.000192420570805766,0.00705794600578516,0.00557326015659238,"Slc51b/Slc10a2/Aqp8/Abcc4",4
"GO:0032350","BP","GO:0032350","regulation of hormone metabolic process","5/270","57/28891",0.000193399552060522,0.00705794600578516,0.00557326015659238,"Duoxa2/Rdh16/Stc2/H6pd/Pax8",5
"GO:0001676","BP","GO:0001676","long-chain fatty acid metabolic process","7/270","128/28891",0.000208125451093871,0.00750703661968821,0.00592788157521954,"Cyp2d34/Cyp2d9/Mgll/Gstp3/Acot1/Cyp2d10/Cyp2d22",7
"GO:0032102","BP","GO:0032102","negative regulation of response to external stimulus","14/270","485/28891",0.00021080525246923,0.00751629762252357,0.00593519446456016,"Pglyrp1/Gpx2/Reg3g/Reg3b/Socs3/Nucb2/Mif/Arg2/Plat/Phldb2/Pyy/Smpdl3b/Sema6b/Gcg",14
"GO:0030098","BP","GO:0030098","lymphocyte differentiation","14/270","486/28891",0.000215275678509659,0.00758846766746549,0.00599218306090882,"Igkc/Pglyrp1/Ly6d/Zbtb16/Il18/Ripk3/Ctsl/Gadd45g/Aqp8/Socs1/St3gal1/Mafb/Vnn1/Fcer1g",14
"GO:0006805","BP","GO:0006805","xenobiotic metabolic process","7/270","129/28891",0.000218336917285074,0.00759677329420661,0.00599874154386602,"Cyp2d34/Cyp2d9/Gstp3/Cyp2d10/Cyp2d22/Gstt1/Gsta1",7
"GO:0010565","BP","GO:0010565","regulation of cellular ketone metabolic process","8/270","172/28891",0.000225854564909646,0.00759677329420661,0.00599874154386602,"Nucb2/Rdh16/Slc7a11/Trib3/Slc7a7/Fabp1/H6pd/Dgat2",8
"GO:0010563","BP","GO:0010563","negative regulation of phosphorus metabolic process","13/270","430/28891",0.000226795207177654,0.00759677329420661,0.00599874154386602,"Spink1/Fabp4/Socs3/Il18/Ptprh/Gadd45g/Gadd45b/Trib3/Socs1/Gstp3/Fbln1/Trim27/Cdkn1c",13
"GO:0045936","BP","GO:0045936","negative regulation of phosphate metabolic process","13/270","430/28891",0.000226795207177654,0.00759677329420661,0.00599874154386602,"Spink1/Fabp4/Socs3/Il18/Ptprh/Gadd45g/Gadd45b/Trib3/Socs1/Gstp3/Fbln1/Trim27/Cdkn1c",13
"GO:0140353","BP","GO:0140353","lipid export from cell","5/270","59/28891",0.000227756259304067,0.00759677329420661,0.00599874154386602,"Nos2/Nucb2/Mif/Tac1/Abcc4",5
"GO:0120254","BP","GO:0120254","olefinic compound metabolic process","8/270","173/28891",0.000234921838460874,0.00775242066920885,0.00612164745910923,"Cyp2d34/Cyp2d9/Rdh16/Mgll/Gstp3/Cyp2d10/H6pd/Cyp2d22",8
"GO:0018958","BP","GO:0018958","phenol-containing compound metabolic process","7/270","132/28891",0.000251418841369288,0.00820948679923718,0.00648256669103971,"Duox2/Duoxa2/Ly6e/Ctsl/Slc7a11/Cyp2d22/Pax8",7
"GO:0006664","BP","GO:0006664","glycolipid metabolic process","6/270","94/28891",0.000257968097926372,0.00824966020378975,0.00651428935295353,"Neu1/Fut2/Pgap1/St3gal1/Sccpdh/St8sia5",6
"GO:0043648","BP","GO:0043648","dicarboxylic acid metabolic process","6/270","94/28891",0.000257968097926372,0.00824966020378975,0.00651428935295353,"Aspa/Slc7a11/Pck2/Me1/Slc25a12/Tat",6
"GO:1903509","BP","GO:1903509","liposaccharide metabolic process","6/270","95/28891",0.000273229806859935,0.00864855980489305,0.00682927777189118,"Neu1/Fut2/Pgap1/St3gal1/Sccpdh/St8sia5",6
"GO:0016032","BP","GO:0016032","viral process","11/270","329/28891",0.000294191336859899,0.00921799522161017,0.0072789286642529,"P4hb/Stom/Ly6e/Ifitm3/Slc3a2/Ace2/Top2a/Fbln1/Slpi/Ifitm1/Trim27",11
"GO:0010665","BP","GO:0010665","regulation of cardiac muscle cell apoptotic process","5/270","63/28891",0.000310204090285969,0.00962253088067076,0.00759836755889947,"Nupr1/Slc25a4/Bnip3/Acot1/Pax8",5
"GO:0006869","BP","GO:0006869","lipid transport","13/270","445/28891",0.000315060549524464,0.00967641410519691,0.00764091608904042,"Slc51b/Slc10a2/Nos2/Fabp4/Nucb2/Mif/Vldlr/Aqp8/Tac1/Fabp1/Cidec/Rbp2/Abcc4",13
"GO:0032096","BP","GO:0032096","negative regulation of response to food","3/270","15/28891",0.000337952650381796,0.0100800877065801,0.00795967426557125,"Nucb2/Pyy/Gcg",3
"GO:0032105","BP","GO:0032105","negative regulation of response to extracellular stimulus","3/270","15/28891",0.000337952650381796,0.0100800877065801,0.00795967426557125,"Nucb2/Pyy/Gcg",3
"GO:0032108","BP","GO:0032108","negative regulation of response to nutrient levels","3/270","15/28891",0.000337952650381796,0.0100800877065801,0.00795967426557125,"Nucb2/Pyy/Gcg",3
"GO:0046718","BP","GO:0046718","viral entry into host cell","6/270","99/28891",0.000341504950154548,0.0100890319559944,0.00796673703267804,"P4hb/Ly6e/Ifitm3/Slc3a2/Ace2/Ifitm1",6
"GO:0010662","BP","GO:0010662","regulation of striated muscle cell apoptotic process","5/270","66/28891",0.000385542472881984,0.011205192260301,0.0088481055990093,"Nupr1/Slc25a4/Bnip3/Acot1/Pax8",5
"GO:0010667","BP","GO:0010667","negative regulation of cardiac muscle cell apoptotic process","4/270","37/28891",0.00038651050027473,0.011205192260301,0.0088481055990093,"Nupr1/Slc25a4/Acot1/Pax8",4
"GO:0046434","BP","GO:0046434","organophosphate catabolic process","7/270","143/28891",0.000408843523780281,0.0116603805568632,0.00920754201222324,"Prdx6/Gda/Upp1/Pde9a/Urah/Vnn1/Smpdl3b",7
"GO:0006643","BP","GO:0006643","membrane lipid metabolic process","8/270","188/28891",0.000410783970053388,0.0116603805568632,0.00920754201222324,"Neu1/Fut2/Pgap1/St3gal1/Cers4/Sccpdh/St8sia5/Smpdl3b",8
"GO:0008652","BP","GO:0008652","amino acid biosynthetic process","5/270","67/28891",0.000413488672229192,0.0116603805568632,0.00920754201222324,"Asns/Psat1/Phgdh/Slc38a1/Slc25a12",5
"GO:0044409","BP","GO:0044409","entry into host","6/270","103/28891",0.000422463812946613,0.0118061508807243,0.00932264857967538,"P4hb/Ly6e/Ifitm3/Slc3a2/Ace2/Ifitm1",6
"GO:0033032","BP","GO:0033032","regulation of myeloid cell apoptotic process","4/270","38/28891",0.00042883042501608,0.0118770712357132,0.00937865036665806,"Il18/Mif/Slc7a11/Fcer1g",4
"GO:0009410","BP","GO:0009410","response to xenobiotic stimulus","11/270","346/28891",0.000449572631487366,0.0123413655121576,0.00974527725636795,"Lcn2/Cyp2d34/Blmh/Nos2/Cyp2d9/Mmp7/Gstp3/Cyp2d10/Cyp2d22/Gstt1/Gsta1",11
"GO:0071466","BP","GO:0071466","cellular response to xenobiotic stimulus","8/270","191/28891",0.000456327014165021,0.0124168982275429,0.00980492116308406,"Cyp2d34/Nos2/Cyp2d9/Gstp3/Cyp2d10/Cyp2d22/Gstt1/Gsta1",8
"GO:0048525","BP","GO:0048525","negative regulation of viral process","6/270","105/28891",0.000468185852969244,0.0126288044861791,0.00997225153189411,"Ly6e/Ifitm3/Fbln1/Slpi/Ifitm1/Trim27",6
"GO:0042403","BP","GO:0042403","thyroid hormone metabolic process","4/270","39/28891",0.000474354176610195,0.0126848849641795,0.0100165351086381,"Duox2/Duoxa2/Ctsl/Pax8",4
"GO:0018119","BP","GO:0018119","peptidyl-cysteine S-nitrosylation","3/270","17/28891",0.000498132540015467,0.0130949757553219,0.0103403605764138,"S100a8/S100a9/Nos2",3
"GO:0040015","BP","GO:0040015","negative regulation of multicellular organism growth","3/270","17/28891",0.000498132540015467,0.0130949757553219,0.0103403605764138,"Lgmn/Gdf15/Stc2",3
"GO:0010664","BP","GO:0010664","negative regulation of striated muscle cell apoptotic process","4/270","40/28891",0.000523216894156933,0.0136388134930656,0.0107697984316956,"Nupr1/Slc25a4/Acot1/Pax8",4
"GO:0010659","BP","GO:0010659","cardiac muscle cell apoptotic process","5/270","71/28891",0.000540804711576769,0.0138868214484099,0.0109656362653805,"Nupr1/Slc25a4/Bnip3/Acot1/Pax8",5
"GO:0006639","BP","GO:0006639","acylglycerol metabolic process","7/270","150/28891",0.000544465759944583,0.0138868214484099,0.0109656362653805,"C3/Agpat2/Cideb/Cidec/Mgll/Pck2/Dgat2",7
"GO:0042445","BP","GO:0042445","hormone metabolic process","9/270","246/28891",0.000546161256191492,0.0138868214484099,0.0109656362653805,"P4hb/Duox2/Duoxa2/Ctsl/Rdh16/Stc2/H6pd/Cyp2d22/Pax8",9
"GO:0009166","BP","GO:0009166","nucleotide catabolic process","5/270","72/28891",0.000576779783233418,0.014546104777155,0.0114862349643489,"Gda/Upp1/Pde9a/Urah/Vnn1",5
"GO:0006638","BP","GO:0006638","neutral lipid metabolic process","7/270","152/28891",0.00058914808071535,0.0147317976320952,0.0116328660931438,"C3/Agpat2/Cideb/Cidec/Mgll/Pck2/Dgat2",7
"GO:0017014","BP","GO:0017014","protein nitrosylation","3/270","18/28891",0.000593641103807835,0.0147317976320952,0.0116328660931438,"S100a8/S100a9/Nos2",3
"GO:0030593","BP","GO:0030593","neutrophil chemotaxis","6/270","110/28891",0.000599427993697969,0.0147573463210405,0.0116530404455737,"S100a8/S100a9/Mpp1/Cxcl5/Cxcl2/Fcer1g",6
"GO:0019058","BP","GO:0019058","viral life cycle","9/270","250/28891",0.000612978912590778,0.0148925268878561,0.0117597848817541,"P4hb/Stom/Ly6e/Ifitm3/Slc3a2/Ace2/Top2a/Slpi/Ifitm1",9
"GO:2001244","BP","GO:2001244","positive regulation of intrinsic apoptotic signaling pathway","5/270","73/28891",0.000614520774224882,0.0148925268878561,0.0117597848817541,"S100a8/S100a9/Nupr1/Ripk3/Vnn1",5
"GO:0009154","BP","GO:0009154","purine ribonucleotide catabolic process","4/270","42/28891",0.000631503207122105,0.0151854492131222,0.0119910890491484,"Gda/Pde9a/Urah/Vnn1",4
"GO:0010658","BP","GO:0010658","striated muscle cell apoptotic process","5/270","74/28891",0.000654082477131922,0.0156074141851017,0.0123242908849067,"Nupr1/Slc25a4/Bnip3/Acot1/Pax8",5
"GO:0009259","BP","GO:0009259","ribonucleotide metabolic process","11/270","364/28891",0.000683803165703665,0.0158822443742126,0.0125413087172258,"Gda/Ak4/Upp1/Pde9a/Sult2b1/Urah/Acot1/Nme7/Vnn1/Dgat2/Slc25a12",11
"GO:0141060","BP","GO:0141060","disruption of anatomical structure in another organism","7/270","156/28891",0.000687239029968784,0.0158822443742126,0.0125413087172258,"Pglyrp1/Reg3g/Reg3b/Nos2/Tac1/Cxcl5/Lyz2",7
"GO:0015908","BP","GO:0015908","fatty acid transport","6/270","113/28891",0.000690861848966444,0.0158822443742126,0.0125413087172258,"Nos2/Fabp4/Mif/Fabp1/Rbp2/Abcc4",6
"GO:0043277","BP","GO:0043277","apoptotic cell clearance","4/270","43/28891",0.000691200190367088,0.0158822443742126,0.0125413087172258,"Tgm2/C3/Rac3/Mfge8",4
"GO:0095500","BP","GO:0095500","acetylcholine receptor signaling pathway","4/270","43/28891",0.000691200190367088,0.0158822443742126,0.0125413087172258,"Ly6g/Ly6c1/Ly6a/Ly6e",4
"GO:0006525","BP","GO:0006525","arginine metabolic process","3/270","19/28891",0.000700094632115425,0.0159283373777256,0.0125777057511173,"Nos2/Arg2/Slc7a7",3
"GO:0006469","BP","GO:0006469","negative regulation of protein kinase activity","8/270","204/28891",0.000703475893213542,0.0159283373777256,0.0125777057511173,"Fabp4/Ptprh/Gadd45g/Gadd45b/Trib3/Gstp3/Trim27/Cdkn1c",8
"GO:0006641","BP","GO:0006641","triglyceride metabolic process","6/270","114/28891",0.000723621279903057,0.0162657479004296,0.0128441397279513,"C3/Agpat2/Cideb/Cidec/Pck2/Dgat2",6
"GO:0045862","BP","GO:0045862","positive regulation of proteolysis","11/270","372/28891",0.0008165237919079,0.0172579158190967,0.0136275985310116,"S100a8/Fam162a/S100a9/Nupr1/Lgmn/Herpud1/Ctsl/Prss22/Cideb/Trib3/Ecscr",11
"GO:0009159","BP","GO:0009159","deoxyribonucleoside monophosphate catabolic process","3/270","20/28891",0.000817971835283024,0.0172579158190967,0.0136275985310116,"Gda/Upp1/Urah",3
"GO:0010958","BP","GO:0010958","regulation of amino acid import across plasma membrane","3/270","20/28891",0.000817971835283024,0.0172579158190967,0.0136275985310116,"Arg2/Ace2/Slc38a1",3
"GO:0035313","BP","GO:0035313","wound healing, spreading of epidermal cells","3/270","20/28891",0.000817971835283024,0.0172579158190967,0.0136275985310116,"Lrg1/Plet1/Phldb2",3
"GO:1903789","BP","GO:1903789","regulation of amino acid transmembrane transport","3/270","20/28891",0.000817971835283024,0.0172579158190967,0.0136275985310116,"Arg2/Ace2/Slc38a1",3
"GO:0019432","BP","GO:0019432","triglyceride biosynthetic process","4/270","45/28891",0.000822388417038199,0.0172579158190967,0.0136275985310116,"C3/Agpat2/Pck2/Dgat2",4
"GO:0042771","BP","GO:0042771","intrinsic apoptotic signaling pathway in response to DNA damage by p53 class mediator","4/270","45/28891",0.000822388417038199,0.0172579158190967,0.0136275985310116,"Nupr1/Ddit4/Mif/Muc1",4
"GO:0072337","BP","GO:0072337","modified amino acid transport","4/270","45/28891",0.000822388417038199,0.0172579158190967,0.0136275985310116,"Slc7a11/Slc7a9/Arg2/Slc7a7",4
"GO:1905145","BP","GO:1905145","cellular response to acetylcholine","4/270","45/28891",0.000822388417038199,0.0172579158190967,0.0136275985310116,"Ly6g/Ly6c1/Ly6a/Ly6e",4
"GO:0042886","BP","GO:0042886","amide transport","12/270","432/28891",0.000826145275933408,0.0172579158190967,0.0136275985310116,"S100a8/S100a9/Nos2/Pim3/Nucb2/Slc7a11/Aqp8/Mmp7/Pck2/Pax8/Slc25a12/Gcg",12
"GO:1901606","BP","GO:1901606","alpha-amino acid catabolic process","5/270","78/28891",0.000831651718985732,0.0172579158190967,0.0136275985310116,"Blmh/Nos2/Arg2/Ido1/Tat",5
"GO:0019693","BP","GO:0019693","ribose phosphate metabolic process","11/270","373/28891",0.000834522041542395,0.0172579158190967,0.0136275985310116,"Gda/Ak4/Upp1/Pde9a/Sult2b1/Urah/Acot1/Nme7/Vnn1/Dgat2/Slc25a12",11
"GO:0015850","BP","GO:0015850","organic hydroxy compound transport","10/270","318/28891",0.000880338989595933,0.0179825810041149,0.0141998255782603,"Slc51b/Slc10a2/Tgm2/Nucb2/Ly6e/Aqp8/Slc16a3/Tac1/Abcc4/Fcer1g",10
"GO:0010822","BP","GO:0010822","positive regulation of mitochondrion organization","5/270","79/28891",0.000881158063386673,0.0179825810041149,0.0141998255782603,"Fam162a/Slc25a4/Cideb/Bnip3/Dcn",5
"GO:0033028","BP","GO:0033028","myeloid cell apoptotic process","4/270","46/28891",0.000894155152005955,0.0181285573955717,0.0143150948656199,"Il18/Mif/Slc7a11/Fcer1g",4
"GO:1901292","BP","GO:1901292","nucleoside phosphate catabolic process","5/270","80/28891",0.000932825124090766,0.0186620304708422,0.0147363483340628,"Gda/Upp1/Pde9a/Urah/Vnn1",5
"GO:0006590","BP","GO:0006590","thyroid hormone generation","3/270","21/28891",0.000947735247219108,0.0186620304708422,0.0147363483340628,"Duoxa2/Ctsl/Pax8",3
"GO:0032310","BP","GO:0032310","prostaglandin secretion","3/270","21/28891",0.000947735247219108,0.0186620304708422,0.0147363483340628,"Nos2/Mif/Abcc4",3
"GO:0016485","BP","GO:0016485","protein processing","9/270","266/28891",0.000950548296064818,0.0186620304708422,0.0147363483340628,"Ctsz/P4hb/Lgmn/Chac1/Cideb/Plat/Anpep/Mafb/Enpep",9
"GO:0034976","BP","GO:0034976","response to endoplasmic reticulum stress","9/270","266/28891",0.000950548296064818,0.0186620304708422,0.0147363483340628,"P4hb/Nupr1/Herpud1/Grina/Chac1/Trib3/Fbxo6/Creb3l3/Stc2",9
"GO:0019369","BP","GO:0019369","arachidonic acid metabolic process","5/270","81/28891",0.000986711264613085,0.0192501782567911,0.0152007753244267,"Cyp2d34/Cyp2d9/Mgll/Cyp2d10/Cyp2d22",5
"GO:1905144","BP","GO:1905144","response to acetylcholine","4/270","48/28891",0.00105072360815764,0.0203274554315633,0.016051440085937,"Ly6g/Ly6c1/Ly6a/Ly6e",4
"GO:0045444","BP","GO:0045444","fat cell differentiation","9/270","270/28891",0.00105503556559693,0.0203274554315633,0.016051440085937,"Lrg1/Atf5/Fabp4/Zbtb16/Pex11a/Nucb2/Trib3/Socs1/Bnip3",9
"GO:0044000","BP","GO:0044000","movement in host","6/270","123/28891",0.00107548702272475,0.0203654062755636,0.0160814077176818,"P4hb/Ly6e/Ifitm3/Slc3a2/Ace2/Ifitm1",6
"GO:0002283","BP","GO:0002283","neutrophil activation involved in immune response","3/270","22/28891",0.0010898315415034,0.0203654062755636,0.0160814077176818,"Anxa3/Cd177/Fcer1g",3
"GO:0006541","BP","GO:0006541","glutamine metabolic process","3/270","22/28891",0.0010898315415034,0.0203654062755636,0.0160814077176818,"Asns/Phgdh/Slc38a1",3
"GO:0009158","BP","GO:0009158","ribonucleoside monophosphate catabolic process","3/270","22/28891",0.0010898315415034,0.0203654062755636,0.0160814077176818,"Gda/Upp1/Urah",3
"GO:0009164","BP","GO:0009164","nucleoside catabolic process","3/270","22/28891",0.0010898315415034,0.0203654062755636,0.0160814077176818,"Gda/Upp1/Urah",3
"GO:0032869","BP","GO:0032869","cellular response to insulin stimulus","8/270","219/28891",0.0011120851208502,0.020533857409984,0.0162144240364562,"Eif4ebp1/Socs3/Nucb2/Bglap3/Trib3/Socs1/Pck2/Rab31",8
"GO:0045017","BP","GO:0045017","glycerolipid biosynthetic process","8/270","219/28891",0.0011120851208502,0.020533857409984,0.0162144240364562,"C3/Socs3/Agpat2/Pgap1/Socs1/Pck2/Etnk1/Dgat2",8
"GO:0060326","BP","GO:0060326","cell chemotaxis","10/270","331/28891",0.00118988678251439,0.0218404070968026,0.0172461323133665,"Saa3/S100a8/S100a9/Lgmn/Mpp1/Mif/Cxcl5/Rac3/Cxcl2/Fcer1g",10
"GO:0048145","BP","GO:0048145","regulation of fibroblast proliferation","6/270","126/28891",0.00121796026350481,0.0219376937244047,0.0173229540522888,"Nupr1/Mif/Socs1/Fbln1/Fntb/Btc",6
"GO:0042092","BP","GO:0042092","type 2 immune response","4/270","50/28891",0.00122559164359263,0.0219376937244047,0.0173229540522888,"Il18/Crlf2/Arg2/Ido1",4
"GO:0070232","BP","GO:0070232","regulation of T cell apoptotic process","4/270","50/28891",0.00122559164359263,0.0219376937244047,0.0173229540522888,"Ripk3/Arg2/St3gal1/Ido1",4
"GO:0070228","BP","GO:0070228","regulation of lymphocyte apoptotic process","5/270","85/28891",0.00122562864760261,0.0219376937244047,0.0173229540522888,"Ripk3/Mif/Arg2/St3gal1/Ido1",5
"GO:0002544","BP","GO:0002544","chronic inflammatory response","3/270","23/28891",0.00124469184251942,0.0219376937244047,0.0173229540522888,"S100a9/Ido1/Vnn1",3
"GO:0032095","BP","GO:0032095","regulation of response to food","3/270","23/28891",0.00124469184251942,0.0219376937244047,0.0173229540522888,"Nucb2/Pyy/Gcg",3
"GO:0043171","BP","GO:0043171","peptide catabolic process","3/270","23/28891",0.00124469184251942,0.0219376937244047,0.0173229540522888,"Thop1/Anpep/Enpep",3
"GO:0033673","BP","GO:0033673","negative regulation of kinase activity","8/270","225/28891",0.00132087542808986,0.0231489015702528,0.0182793762781154,"Fabp4/Ptprh/Gadd45g/Gadd45b/Trib3/Gstp3/Trim27/Cdkn1c",8
"GO:0009308","BP","GO:0009308","amine metabolic process","6/270","129/28891",0.00137444489255062,0.0239524048128765,0.0189138572735972,"Ly6e/Slc7a11/Slc7a7/Ido1/Smox/Cyp2d22",6
"GO:0072330","BP","GO:0072330","monocarboxylic acid biosynthetic process","8/270","227/28891",0.00139700884252209,0.0240678011041093,0.0190049791880492,"Pla2g2a/Mif/Rdh16/Trib3/Mgll/Ido1/Gstp3/Acox2",8
"GO:0019216","BP","GO:0019216","regulation of lipid metabolic process","11/270","398/28891",0.00140358984950229,0.0240678011041093,0.0190049791880492,"C3/Nucb2/Rdh16/Cideb/Trib3/Aqp8/Fabp1/Cidec/Angptl4/H6pd/Dgat2",11
"GO:0009991","BP","GO:0009991","response to extracellular stimulus","12/270","460/28891",0.00140991811198033,0.0240678011041093,0.0190049791880492,"Slc39a4/Tmigd1/Gsdmd/Eif4ebp1/Nucb2/Gdf15/Asns/Bglap3/Pck2/Angptl4/Pyy/Gcg",12
"GO:0033033","BP","GO:0033033","negative regulation of myeloid cell apoptotic process","3/270","24/28891",0.00141273203168135,0.0240678011041093,0.0190049791880492,"Il18/Mif/Fcer1g",3
"GO:0009311","BP","GO:0009311","oligosaccharide metabolic process","4/270","52/28891",0.00141986060672211,0.0240678011041093,0.0190049791880492,"Neu1/Fut2/B4galt1/St8sia5",4
"GO:0010810","BP","GO:0010810","regulation of cell-substrate adhesion","8/270","228/28891",0.00143636130938931,0.0242151781615524,0.0191213545019962,"Plet1/P4hb/Gcnt2/Phldb2/Fbln1/Rac3/Rras/Rhod",8
"GO:0006935","BP","GO:0006935","chemotaxis","12/270","462/28891",0.00146215534133479,0.0245167884801108,0.0193595190855536,"Saa3/S100a8/S100a9/Lgmn/Mpp1/Mif/Cxcl5/Rac3/Cxcl2/Ecscr/Sema6b/Fcer1g",12
"GO:0042330","BP","GO:0042330","taxis","12/270","464/28891",0.00151598135769912,0.0248913194588378,0.0196552649837848,"Saa3/S100a8/S100a9/Lgmn/Mpp1/Mif/Cxcl5/Rac3/Cxcl2/Ecscr/Sema6b/Fcer1g",12
"GO:0032970","BP","GO:0032970","regulation of actin filament-based process","11/270","402/28891",0.00151886767404114,0.0248913194588378,0.0196552649837848,"Tmsb10/Capg/Rnh1/Rhoc/Phldb2/Tac1/Cnn2/Rac3/Rhod/Trim27/Plekhg2",11
"GO:0009161","BP","GO:0009161","ribonucleoside monophosphate metabolic process","4/270","53/28891",0.00152461337755615,0.0248913194588378,0.0196552649837848,"Gda/Ak4/Upp1/Urah",4
"GO:0046596","BP","GO:0046596","regulation of viral entry into host cell","4/270","53/28891",0.00152461337755615,0.0248913194588378,0.0196552649837848,"P4hb/Ly6e/Ifitm3/Ifitm1",4
"GO:0090207","BP","GO:0090207","regulation of triglyceride metabolic process","4/270","53/28891",0.00152461337755615,0.0248913194588378,0.0196552649837848,"C3/Cideb/Cidec/Dgat2",4
"GO:0015833","BP","GO:0015833","peptide transport","10/270","343/28891",0.00154954998013959,0.0251659897298064,0.0198721565378056,"S100a8/S100a9/Nos2/Pim3/Nucb2/Slc7a11/Mmp7/Pck2/Pax8/Gcg",10
"GO:0009125","BP","GO:0009125","nucleoside monophosphate catabolic process","3/270","25/28891",0.00159435304882383,0.02575876644506,0.0203402387314312,"Gda/Upp1/Urah",3
"GO:0009150","BP","GO:0009150","purine ribonucleotide metabolic process","10/270","345/28891",0.00161727731480986,0.0259937524898455,0.0205257938999866,"Gda/Ak4/Pde9a/Sult2b1/Urah/Acot1/Nme7/Vnn1/Dgat2/Slc25a12",10
"GO:0006195","BP","GO:0006195","purine nucleotide catabolic process","4/270","54/28891",0.00163462710730046,0.026137181890959,0.0206390519733488,"Gda/Pde9a/Urah/Vnn1",4
"GO:0007015","BP","GO:0007015","actin filament organization","12/270","471/28891",0.00171741701648567,0.027320141462249,0.0215731681369077,"Tmsb10/Capg/Rnh1/Rhoc/Phldb2/Tac1/Cnn2/Gdpd2/Rac3/Rhod/Trim27/Plekhg2",12
"GO:0071621","BP","GO:0071621","granulocyte chemotaxis","6/270","135/28891",0.00173299959472769,0.0274273711369658,0.021657841336903,"S100a8/S100a9/Mpp1/Cxcl5/Cxcl2/Fcer1g",6
"GO:0046386","BP","GO:0046386","deoxyribose phosphate catabolic process","3/270","26/28891",0.00178994118882222,0.0281847592270382,0.0222559078086524,"Gda/Upp1/Urah",3
"GO:0032956","BP","GO:0032956","regulation of actin cytoskeleton organization","10/270","351/28891",0.0018349974341831,0.0287482931355353,0.0227008986142694,"Tmsb10/Capg/Rnh1/Rhoc/Phldb2/Tac1/Rac3/Rhod/Trim27/Plekhg2",10
"GO:0062013","BP","GO:0062013","positive regulation of small molecule metabolic process","7/270","186/28891",0.00190210775681752,0.0296499410133063,0.0234128788686293,"Nos2/Nucb2/Rdh16/Fabp1/Dgat2/Slc25a12/Gcg",7
"GO:0030595","BP","GO:0030595","leukocyte chemotaxis","8/270","240/28891",0.0019808822125713,0.0304097635130789,0.0240128676558195,"S100a8/S100a9/Lgmn/Mpp1/Mif/Cxcl5/Cxcl2/Fcer1g",8
"GO:0050732","BP","GO:0050732","negative regulation of peptidyl-tyrosine phosphorylation","4/270","57/28891",0.00199759054570717,0.0304097635130789,0.0240128676558195,"Spink1/Socs3/Il18/Socs1",4
"GO:0009264","BP","GO:0009264","deoxyribonucleotide catabolic process","3/270","27/28891",0.00199986839351002,0.0304097635130789,0.0240128676558195,"Gda/Upp1/Urah",3
"GO:0034656","BP","GO:0034656","nucleobase-containing small molecule catabolic process","3/270","27/28891",0.00199986839351002,0.0304097635130789,0.0240128676558195,"Gda/Upp1/Urah",3
"GO:0071549","BP","GO:0071549","cellular response to dexamethasone stimulus","3/270","27/28891",0.00199986839351002,0.0304097635130789,0.0240128676558195,"Eif4ebp1/Ddit4/Pck2",3
"GO:0006909","BP","GO:0006909","phagocytosis","8/270","242/28891",0.00208561680484084,0.0315589430664209,0.0249203096527067,"Tgm2/Anxa3/C3/Cnn2/Rac3/Mfge8/Rab31/Fcer1g",8
"GO:0052372","BP","GO:0052372","modulation by symbiont of entry into host","4/270","58/28891",0.00213000142973682,0.0319087355944118,0.0251965209977252,"P4hb/Ly6e/Ifitm3/Ifitm1",4
"GO:0070229","BP","GO:0070229","negative regulation of lymphocyte apoptotic process","4/270","58/28891",0.00213000142973682,0.0319087355944118,0.0251965209977252,"Mif/Arg2/St3gal1/Ido1",4
"GO:0034599","BP","GO:0034599","cellular response to oxidative stress","8/270","243/28891",0.00213959284449957,0.0319087355944118,0.0251965209977252,"Lcn2/Tmigd1/Reg3b/Ripk3/Slc7a11/Fabp1/Bnip3/Aldh3b1",8
"GO:0001776","BP","GO:0001776","leukocyte homeostasis","6/270","141/28891",0.0021584368791466,0.0320357473641759,0.0252968149976033,"Il18/Ripk3/Mif/Slc7a11/Cxcl5/Fcer1g",6
"GO:0009063","BP","GO:0009063","amino acid catabolic process","5/270","97/28891",0.00219976238490072,0.0324936329426763,0.0256583813015738,"Blmh/Nos2/Arg2/Ido1/Tat",5
"GO:0062098","BP","GO:0062098","regulation of programmed necrotic cell death","3/270","28/28891",0.00222449253895949,0.032703203108305,0.0258238669900661,"Nupr1/Ripk3/Slc25a4",3
"GO:0046460","BP","GO:0046460","neutral lipid biosynthetic process","4/270","59/28891",0.00226834653304102,0.0328804249789404,0.0259638090624026,"C3/Agpat2/Pck2/Dgat2",4
"GO:0046463","BP","GO:0046463","acylglycerol biosynthetic process","4/270","59/28891",0.00226834653304102,0.0328804249789404,0.0259638090624026,"C3/Agpat2/Pck2/Dgat2",4
"GO:1901607","BP","GO:1901607","alpha-amino acid biosynthetic process","4/270","59/28891",0.00226834653304102,0.0328804249789404,0.0259638090624026,"Asns/Psat1/Phgdh/Slc25a12",4
"GO:0045861","BP","GO:0045861","negative regulation of proteolysis","10/270","362/28891",0.00229545984351866,0.033118681091139,0.026151946417958,"Ctsz/Spink1/Spink4/Herpud1/Chac1/Plat/Lxn/Fabp1/Csta1/Slpi",10
"GO:0010952","BP","GO:0010952","positive regulation of peptidase activity","7/270","193/28891",0.00234187649373281,0.0336319485349962,0.0265572446438413,"S100a8/Fam162a/S100a9/Lgmn/Ctsl/Prss22/Cideb",7
"GO:0072523","BP","GO:0072523","purine-containing compound catabolic process","4/270","60/28891",0.00241275825255795,0.0344316091974165,0.0271886913714032,"Gda/Pde9a/Urah/Vnn1",4
"GO:0031667","BP","GO:0031667","response to nutrient levels","11/270","427/28891",0.00242790552185157,0.0344316091974165,0.0271886913714032,"Slc39a4/Tmigd1/Eif4ebp1/Nucb2/Gdf15/Asns/Bglap3/Pck2/Angptl4/Pyy/Gcg",11
"GO:0010955","BP","GO:0010955","negative regulation of protein processing","3/270","29/28891",0.00246415771819035,0.0344316091974165,0.0271886913714032,"Ctsz/Chac1/Plat",3
"GO:0032469","BP","GO:0032469","endoplasmic reticulum calcium ion homeostasis","3/270","29/28891",0.00246415771819035,0.0344316091974165,0.0271886913714032,"Tgm2/Herpud1/Grina",3
"GO:0090200","BP","GO:0090200","positive regulation of release of cytochrome c from mitochondria","3/270","29/28891",0.00246415771819035,0.0344316091974165,0.0271886913714032,"Fam162a/Cideb/Bnip3",3
"GO:1903318","BP","GO:1903318","negative regulation of protein maturation","3/270","29/28891",0.00246415771819035,0.0344316091974165,0.0271886913714032,"Ctsz/Chac1/Plat",3
"GO:0010812","BP","GO:0010812","negative regulation of cell-substrate adhesion","4/270","61/28891",0.00256336809569102,0.0354980706822926,0.0280308155952679,"Plet1/Gcnt2/Phldb2/Fbln1",4
"GO:0098926","BP","GO:0098926","postsynaptic signal transduction","4/270","61/28891",0.00256336809569102,0.0354980706822926,0.0280308155952679,"Ly6g/Ly6c1/Ly6a/Ly6e",4
"GO:0019915","BP","GO:0019915","lipid storage","5/270","101/28891",0.00262350431895042,0.0361693795439298,0.0285609101763631,"C3/Hilpda/Cideb/Cidec/Dgat2",5
"GO:0015732","BP","GO:0015732","prostaglandin transport","3/270","30/28891",0.00271919451937079,0.0368488696597281,0.0290974650304345,"Nos2/Mif/Abcc4",3
"GO:1901658","BP","GO:1901658","glycosyl compound catabolic process","3/270","30/28891",0.00271919451937079,0.0368488696597281,0.0290974650304345,"Gda/Upp1/Urah",3
"GO:0070301","BP","GO:0070301","cellular response to hydrogen peroxide","4/270","62/28891",0.00272030662542803,0.0368488696597281,0.0290974650304345,"Lcn2/Ripk3/Fabp1/Bnip3",4
"GO:1903409","BP","GO:1903409","reactive oxygen species biosynthetic process","4/270","62/28891",0.00272030662542803,0.0368488696597281,0.0290974650304345,"Lcn2/Duox2/Duoxa2/Arg2",4
"GO:0090303","BP","GO:0090303","positive regulation of wound healing","4/270","63/28891",0.00288370340747155,0.0388923824781598,0.0307111113463904,"S100a9/Reg3g/Duox2/Plat",4
"GO:0048144","BP","GO:0048144","fibroblast proliferation","6/270","150/28891",0.00293856475155528,0.0394607266637423,0.031159900555339,"Nupr1/Mif/Socs1/Fbln1/Fntb/Btc",6
"GO:0006536","BP","GO:0006536","glutamate metabolic process","3/270","31/28891",0.00298992029957419,0.0396356101251246,0.0312979961183497,"Slc7a11/Slc25a12/Tat",3
"GO:0009162","BP","GO:0009162","deoxyribonucleoside monophosphate metabolic process","3/270","31/28891",0.00298992029957419,0.0396356101251246,0.0312979961183497,"Gda/Upp1/Urah",3
"GO:0070233","BP","GO:0070233","negative regulation of T cell apoptotic process","3/270","31/28891",0.00298992029957419,0.0396356101251246,0.0312979961183497,"Arg2/St3gal1/Ido1",3
"GO:1902075","BP","GO:1902075","cellular response to salt","7/270","202/28891",0.00301791933096327,0.0398365351687152,0.0314566552436799,"Ly6g/Ly6c1/Ly6a/Tgm2/Lgmn/Fabp4/Ly6e",7
"GO:0019318","BP","GO:0019318","hexose metabolic process","8/270","259/28891",0.00316241615095753,0.0415670122892808,0.0328231150012407,"B4galt1/Dcxr/Pck2/Cbr2/H6pd/Dgat2/Slc25a12/Gcg",8
"GO:0006911","BP","GO:0006911","phagocytosis, engulfment","4/270","65/28891",0.00323038470137153,0.0420146486500817,0.0331765880785708,"C3/Rac3/Rab31/Fcer1g",4
"GO:0050873","BP","GO:0050873","brown fat cell differentiation","4/270","65/28891",0.00323038470137153,0.0420146486500817,0.0331765880785708,"Lrg1/Fabp4/Pex11a/Bnip3",4
"GO:0051348","BP","GO:0051348","negative regulation of transferase activity","8/270","260/28891",0.00323710542468392,0.0420146486500817,0.0331765880785708,"Fabp4/Ptprh/Gadd45g/Gadd45b/Trib3/Gstp3/Trim27/Cdkn1c",8
"GO:0071548","BP","GO:0071548","response to dexamethasone","3/270","32/28891",0.00327663945415401,0.0423505649449405,0.0334418421483174,"Eif4ebp1/Ddit4/Pck2",3
"GO:0032868","BP","GO:0032868","response to insulin","8/270","262/28891",0.00339059299956049,0.0436415746250483,0.0344612793622068,"Eif4ebp1/Socs3/Nucb2/Bglap3/Trib3/Socs1/Pck2/Rab31",8
"GO:0009123","BP","GO:0009123","nucleoside monophosphate metabolic process","4/270","66/28891",0.00341392290966118,0.0437602845692933,0.0345550178807375,"Gda/Ak4/Upp1/Urah",4
"GO:0007159","BP","GO:0007159","leukocyte cell-cell adhesion","11/270","447/28891",0.00343653926571602,0.043868908651239,0.034640792165134,"Lrg1/S100a8/S100a9/Zbtb16/Cd177/Il18/Chst4/Arg2/Socs1/Ido1/Vnn1",11
"GO:1903900","BP","GO:1903900","regulation of viral life cycle","6/270","156/28891",0.0035646752981893,0.0451384337436557,0.0356432642171389,"P4hb/Ly6e/Ifitm3/Top2a/Slpi/Ifitm1",6
"GO:0009072","BP","GO:0009072","aromatic amino acid metabolic process","3/270","33/28891",0.00357964368179861,0.0451384337436557,0.0356432642171389,"Ido1/Cyp2d22/Tat",3
"GO:0046597","BP","GO:0046597","negative regulation of viral entry into host cell","3/270","33/28891",0.00357964368179861,0.0451384337436557,0.0356432642171389,"Ly6e/Ifitm3/Ifitm1",3
"GO:0070059","BP","GO:0070059","intrinsic apoptotic signaling pathway in response to endoplasmic reticulum stress","4/270","67/28891",0.00360442667076797,0.0451946630725959,0.0356876653330384,"Herpud1/Grina/Chac1/Trib3",4
"GO:0019221","BP","GO:0019221","cytokine-mediated signaling pathway","11/270","450/28891",0.00361324192198704,0.0451946630725959,0.0356876653330384,"Duox2/Il18/Ifitm3/Crlf2/Socs1/Cxcl5/Ifitm1/Il3ra/Cxcl2/Fcer1g/Sting1",11
"GO:0010660","BP","GO:0010660","regulation of muscle cell apoptotic process","5/270","109/28891",0.00364377316582285,0.0453935114874799,0.0358446846623115,"Nupr1/Slc25a4/Bnip3/Acot1/Pax8",5
"GO:0006563","BP","GO:0006563","L-serine metabolic process","2/270","10/28891",0.00372667324072221,0.045692254516681,0.0360805851098838,"Psat1/Phgdh",2
"GO:0015820","BP","GO:0015820","leucine transport","2/270","10/28891",0.00372667324072221,0.045692254516681,0.0360805851098838,"Slc3a2/Slc7a7",2
"GO:0031666","BP","GO:0031666","positive regulation of lipopolysaccharide-mediated signaling pathway","2/270","10/28891",0.00372667324072221,0.045692254516681,0.0360805851098838,"Mif/Ly96",2
"GO:0046055","BP","GO:0046055","dGMP catabolic process","2/270","10/28891",0.00372667324072221,0.045692254516681,0.0360805851098838,"Gda/Urah",2
"GO:0031640","BP","GO:0031640","killing of cells of another organism","5/270","110/28891",0.00378874198354308,0.0457126571252727,0.0360966958941632,"Pglyrp1/Nos2/Tac1/Cxcl5/Lyz2",5
"GO:0141061","BP","GO:0141061","disruption of cell in another organism","5/270","110/28891",0.00378874198354308,0.0457126571252727,0.0360966958941632,"Pglyrp1/Nos2/Tac1/Cxcl5/Lyz2",5
"GO:2001243","BP","GO:2001243","negative regulation of intrinsic apoptotic signaling pathway","5/270","110/28891",0.00378874198354308,0.0457126571252727,0.0360966958941632,"Herpud1/Mif/Grina/Muc1/Gcg",5
"GO:0009247","BP","GO:0009247","glycolipid biosynthetic process","4/270","68/28891",0.0038020198382722,0.0457126571252727,0.0360966958941632,"Pgap1/St3gal1/Sccpdh/St8sia5",4
"GO:0010656","BP","GO:0010656","negative regulation of muscle cell apoptotic process","4/270","68/28891",0.0038020198382722,0.0457126571252727,0.0360966958941632,"Nupr1/Slc25a4/Acot1/Pax8",4
"GO:0002828","BP","GO:0002828","regulation of type 2 immune response","3/270","34/28891",0.00389921224532699,0.0463423616283691,0.036593937870038,"Il18/Arg2/Ido1",3
"GO:0044319","BP","GO:0044319","wound healing, spreading of cells","3/270","34/28891",0.00389921224532699,0.0463423616283691,0.036593937870038,"Lrg1/Plet1/Phldb2",3
"GO:0090505","BP","GO:0090505","epiboly involved in wound healing","3/270","34/28891",0.00389921224532699,0.0463423616283691,0.036593937870038,"Lrg1/Plet1/Phldb2",3
"GO:0010631","BP","GO:0010631","epithelial cell migration","9/270","328/28891",0.00391567774391175,0.0463604288611231,0.0366082045403079,"Lcn2/Lrg1/Tmigd1/S100a9/Anxa3/Lgmn/Tac1/Dcn/Rras",9
"GO:0002791","BP","GO:0002791","regulation of peptide secretion","8/270","269/28891",0.00397271035634838,0.0468568346973106,0.0370001881097566,"S100a8/S100a9/Nos2/Pim3/Nucb2/Pck2/Pax8/Gcg",8
"GO:0002790","BP","GO:0002790","peptide secretion","9/270","329/28891",0.00399382267492686,0.0469025325369749,0.0370362731051412,"S100a8/S100a9/Nos2/Pim3/Nucb2/Mmp7/Pck2/Pax8/Gcg",9
"GO:0070231","BP","GO:0070231","T cell apoptotic process","4/270","69/28891",0.00400682499106975,0.0469025325369749,0.0370362731051412,"Ripk3/Arg2/St3gal1/Ido1",4
"GO:0090132","BP","GO:0090132","epithelium migration","9/270","330/28891",0.00407318325694374,0.0475000543723288,0.0375081022513181,"Lcn2/Lrg1/Tmigd1/S100a9/Anxa3/Lgmn/Tac1/Dcn/Rras",9
"GO:0006986","BP","GO:0006986","response to unfolded protein","5/270","112/28891",0.00409099868574499,0.0475291307984306,0.0375310622579484,"Herpud1/Chac1/Fbxo6/Creb3l3/Stc2",5
"GO:1902903","BP","GO:1902903","regulation of supramolecular fiber organization","10/270","393/28891",0.00410881972726823,0.0475580552014404,0.0375539022205545,"Tmsb10/Capg/Gda/Rnh1/Rhoc/Phldb2/Tac1/Mapre3/Trim27/Plekhg2",10
"GO:0090087","BP","GO:0090087","regulation of peptide transport","8/270","271/28891",0.00415242292758043,0.0478840740570799,0.0378113408431996,"S100a8/S100a9/Nos2/Pim3/Nucb2/Pck2/Pax8/Gcg",8
"GO:0006801","BP","GO:0006801","superoxide metabolic process","4/270","70/28891",0.00421896339338805,0.0479220921899657,0.0378413616091656,"Nos2/Duox2/Cd177/Il18",4
"GO:0090130","BP","GO:0090130","tissue migration","9/270","332/28891",0.00423560261763235,0.0479220921899657,0.0378413616091656,"Lcn2/Lrg1/Tmigd1/S100a9/Anxa3/Lgmn/Tac1/Dcn/Rras",9
"GO:0090279","BP","GO:0090279","regulation of calcium ion import","3/270","35/28891",0.00423561222828542,0.0479220921899657,0.0378413616091656,"Spink1/Trim27/Gcg",3
"GO:0090504","BP","GO:0090504","epiboly","3/270","35/28891",0.00423561222828542,0.0479220921899657,0.0378413616091656,"Lrg1/Plet1/Phldb2",3
"GO:0006650","BP","GO:0006650","glycerophospholipid metabolic process","8/270","272/28891",0.00424459747970672,0.0479220921899657,0.0378413616091656,"Pla2g2a/Prdx6/Socs3/Agpat2/Pgap1/Socs1/Mboat2/Etnk1",8
"GO:0070227","BP","GO:0070227","lymphocyte apoptotic process","5/270","113/28891",0.00424841242818845,0.0479220921899657,0.0378413616091656,"Ripk3/Mif/Arg2/St3gal1/Ido1",5
"GO:0032680","BP","GO:0032680","regulation of tumor necrosis factor production","7/270","216/28891",0.00435454225193384,0.0489412683532565,0.0386461472930971,"Il18/Mif/Arg2/Gstp3/Trim27/Ly96/Fcer1g",7
"GO:0009172","BP","GO:0009172","purine deoxyribonucleoside monophosphate catabolic process","2/270","11/28891",0.00452682343019509,0.0499722643432924,0.0394602664246637,"Gda/Urah",2
"GO:0015801","BP","GO:0015801","aromatic amino acid transport","2/270","11/28891",0.00452682343019509,0.0499722643432924,0.0394602664246637,"Slc3a2/Ace2",2
"GO:0015803","BP","GO:0015803","branched-chain amino acid transport","2/270","11/28891",0.00452682343019509,0.0499722643432924,0.0394602664246637,"Slc3a2/Slc7a7",2
"GO:0018401","BP","GO:0018401","peptidyl-proline hydroxylation to 4-hydroxy-L-proline","2/270","11/28891",0.00452682343019509,0.0499722643432924,0.0394602664246637,"P4hb/Egln3",2
"GO:0051561","BP","GO:0051561","positive regulation of mitochondrial calcium ion concentration","2/270","11/28891",0.00452682343019509,0.0499722643432924,0.0394602664246637,"Tgm2/Bnip3",2
"GO:0031526","CC","GO:0031526","brush border membrane","9/276","82/28573",1.01752253677147e-07,2.81853742685698e-05,2.50631866952131e-05,"Car4/B4galt1/Slc7a11/Slc7a9/Aqp8/Ace2/Anpep/Trpm6/Enpep",9
"GO:0098862","CC","GO:0098862","cluster of actin-based cell projections","12/276","211/28573",1.11921820462837e-06,0.00015501172134103,0.000137840557833179,"Car4/B4galt1/Dcxr/Rhoc/Slc7a11/Slc7a9/Aqp8/Ace2/Ido1/Anpep/Trpm6/Enpep",12
"GO:0005903","CC","GO:0005903","brush border","10/276","149/28573",2.01808904078732e-06,0.000186336888099362,0.000165695731769906,"Car4/B4galt1/Dcxr/Slc7a11/Slc7a9/Aqp8/Ace2/Anpep/Trpm6/Enpep",10
"GO:0034358","CC","GO:0034358","plasma lipoprotein particle","6/276","43/28573",3.47450260161816e-06,0.000192487444129646,0.000171164970269189,"Saa3/Saa1/Vldlr/Hp/Saa4/Saa2",6
"GO:1990777","CC","GO:1990777","lipoprotein particle","6/276","43/28573",3.47450260161816e-06,0.000192487444129646,0.000171164970269189,"Saa3/Saa1/Vldlr/Hp/Saa4/Saa2",6
"GO:0016324","CC","GO:0016324","apical plasma membrane","16/276","427/28573",4.73858964768829e-06,0.000206181555467805,0.000183342139386154,"Slc39a4/Plet1/Car4/Slc10a2/Il18/Muc1/Slc3a2/Slc7a9/Aqp8/Slc16a3/Ace2/Slc38a1/Abcc4/Trpm6/Enpep/Slc6a9",16
"GO:0032994","CC","GO:0032994","protein-lipid complex","6/276","46/28573",5.21036421759797e-06,0.000206181555467805,0.000183342139386154,"Saa3/Saa1/Vldlr/Hp/Saa4/Saa2",6
"GO:0034364","CC","GO:0034364","high-density lipoprotein particle","5/276","35/28573",2.07676592711558e-05,0.00071908020226377,0.000639425298611903,"Saa3/Saa1/Hp/Saa4/Saa2",5
"GO:0030141","CC","GO:0030141","secretory granule","15/276","498/28573",0.00011361754690263,0.0034968956102254,0.00310953286259831,"Pla2g2a/Reg3g/Reg3b/Car4/Anxa3/Cd177/Ctsl/Hilpda/Plat/Snx10/Abcc4/Chgb/Lyz2/Gcg/Slc6a9",15
"GO:0062023","CC","GO:0062023","collagen-containing extracellular matrix","13/276","396/28573",0.000140279536795157,0.00388574316922584,0.00345530648527018,"Ctsz/Reg3g/Reg3b/Tgm2/Anxa3/S100a11/Ctsl/Muc1/Fbln1/Angptl4/Dcn/Adamtsl5/Mfge8",13
"GO:0005811","CC","GO:0005811","lipid droplet","6/276","116/28573",0.000940015417495709,0.0236712973314828,0.0210491490616264,"Hilpda/Cideb/Ckap4/Cidec/Sccpdh/Dgat2",6
"GO:0005793","CC","GO:0005793","endoplasmic reticulum-Golgi intermediate compartment","5/276","81/28573",0.00114234056902233,0.0256556008664056,0.0228136446997489,"P4hb/Car4/Nucb2/Anpep/Sting1",5
"GO:0016323","CC","GO:0016323","basolateral plasma membrane","9/276","267/28573",0.0012271783779116,0.0256556008664056,0.0228136446997489,"Slc51b/B4galt1/Slc3a2/Slc7a7/Aqp8/Slc16a3/Slc38a1/Abcc4/Slc6a9",9
"GO:0045178","CC","GO:0045178","basal part of cell","10/276","325/28573",0.00132747645176486,0.0256556008664056,0.0228136446997489,"Slc51b/B4galt1/Slc3a2/Phldb2/Slc7a7/Aqp8/Slc16a3/Slc38a1/Abcc4/Slc6a9",10
"GO:0031253","CC","GO:0031253","cell projection membrane","10/276","327/28573",0.00138929246568984,0.0256556008664056,0.0228136446997489,"Car4/B4galt1/Eps8l3/Slc7a11/Slc7a9/Aqp8/Ace2/Anpep/Trpm6/Enpep",10
"GO:0009925","CC","GO:0009925","basal plasma membrane","9/276","301/28573",0.00276643714974453,0.0478939431549522,0.0425885719105408,"Slc51b/B4galt1/Slc3a2/Slc7a7/Aqp8/Slc16a3/Slc38a1/Abcc4/Slc6a9",9
"GO:0016209","MF","GO:0016209","antioxidant activity","10/268","89/28407",1.24784579772939e-08,6.51375506414742e-06,4.83376056383596e-06,"S100a8/S100a9/Gpx2/Prdx6/Gstt2/Hp/Fabp1/Gstp3/Gstt1/Gsta1",10
"GO:0046943","MF","GO:0046943","carboxylic acid transmembrane transporter activity","12/268","174/28407",1.09594747364026e-07,1.67538971547833e-05,1.24328174086716e-05,"Slc51b/Slc10a2/Slc25a1/Slc7a11/Slc3a2/Slc7a9/Slc7a7/Slc16a3/Slc38a1/Abcc4/Slc25a12/Slc6a9",12
"GO:0005342","MF","GO:0005342","organic acid transmembrane transporter activity","12/268","175/28407",1.16687406724067e-07,1.67538971547833e-05,1.24328174086716e-05,"Slc51b/Slc10a2/Slc25a1/Slc7a11/Slc3a2/Slc7a9/Slc7a7/Slc16a3/Slc38a1/Abcc4/Slc25a12/Slc6a9",12
"GO:0008514","MF","GO:0008514","organic anion transmembrane transporter activity","14/268","250/28407",1.283823536765e-07,1.67538971547833e-05,1.24328174086716e-05,"Slc39a4/Slc51b/Slc10a2/Slc25a1/Slc25a4/Slc7a11/Slc3a2/Slc7a9/Slc7a7/Slc16a3/Slc38a1/Abcc4/Slc25a12/Slc6a9",14
"GO:0004602","MF","GO:0004602","glutathione peroxidase activity","6/268","27/28407",1.67114788514191e-07,1.74467839208815e-05,1.29469983522573e-05,"Gpx2/Prdx6/Gstt2/Gstp3/Gstt1/Gsta1",6
"GO:0015175","MF","GO:0015175","neutral L-amino acid transmembrane transporter activity","6/268","46/28407",4.55060967915977e-06,0.000300440486879107,0.000222952408089355,"Slc7a11/Slc3a2/Slc7a9/Slc38a1/Slc25a12/Slc6a9",6
"GO:0015179","MF","GO:0015179","L-amino acid transmembrane transporter activity","7/268","71/28407",4.88768188921095e-06,0.000300440486879107,0.000222952408089355,"Slc7a11/Slc3a2/Slc7a9/Slc7a7/Slc38a1/Slc25a12/Slc6a9",7
"GO:0062187","MF","GO:0062187","anandamide 8,9 epoxidase activity","4/268","13/28407",5.18000839446736e-06,0.000300440486879107,0.000222952408089355,"Cyp2d34/Cyp2d9/Cyp2d10/Cyp2d22",4
"GO:0062188","MF","GO:0062188","anandamide 11,12 epoxidase activity","4/268","13/28407",5.18000839446736e-06,0.000300440486879107,0.000222952408089355,"Cyp2d34/Cyp2d9/Cyp2d10/Cyp2d22",4
"GO:0030550","MF","GO:0030550","acetylcholine receptor inhibitor activity","4/268","14/28407",7.19822533538711e-06,0.000305357355188844,0.000226601142789866,"Ly6g/Ly6c1/Ly6a/Ly6e",4
"GO:0062186","MF","GO:0062186","anandamide epoxidase activity","4/268","14/28407",7.19822533538711e-06,0.000305357355188844,0.000226601142789866,"Cyp2d34/Cyp2d9/Cyp2d10/Cyp2d22",4
"GO:0062189","MF","GO:0062189","anandamide 14,15 epoxidase activity","4/268","14/28407",7.19822533538711e-06,0.000305357355188844,0.000226601142789866,"Cyp2d34/Cyp2d9/Cyp2d10/Cyp2d22",4
"GO:0031406","MF","GO:0031406","carboxylic acid binding","11/268","218/28407",7.87600465989629e-06,0.000305357355188844,0.000226601142789866,"Nos2/Fabp4/Egln3/Fabp1/Rbp2/Ido1/Gstp3/Acox2/Gchfr/Tat/Gsta1",11
"GO:0016810","MF","GO:0016810","hydrolase activity, acting on carbon-nitrogen (but not peptide) bonds","9/268","141/28407",8.18966086713374e-06,0.000305357355188844,0.000226601142789866,"Pglyrp1/Tgm2/Gda/Aspa/Mthfd2/Urah/Arg2/Acy1/Vnn1",9
"GO:0043177","MF","GO:0043177","organic acid binding","11/268","234/28407",1.53085340238508e-05,0.000532736984030008,0.000395336176896639,"Nos2/Fabp4/Egln3/Fabp1/Rbp2/Ido1/Gstp3/Acox2/Gchfr/Tat/Gsta1",11
"GO:0015171","MF","GO:0015171","amino acid transmembrane transporter activity","7/268","90/28407",2.35818184344299e-05,0.000735903682280338,0.000546103156037839,"Slc7a11/Slc3a2/Slc7a9/Slc7a7/Slc38a1/Slc25a12/Slc6a9",7
"GO:0004601","MF","GO:0004601","peroxidase activity","6/268","61/28407",2.39662118750302e-05,0.000735903682280338,0.000546103156037839,"Gpx2/Prdx6/Gstt2/Gstp3/Gstt1/Gsta1",6
"GO:0005504","MF","GO:0005504","fatty acid binding","6/268","62/28407",2.63258589459665e-05,0.00074760916777623,0.000554789622386878,"Fabp4/Fabp1/Rbp2/Gstp3/Acox2/Gsta1",6
"GO:0048306","MF","GO:0048306","calcium-dependent protein binding","7/268","92/28407",2.72118279458781e-05,0.00074760916777623,0.000554789622386878,"S100a8/S100a9/Anxa3/S100a11/Cd177/Vldlr/Rac3",7
"GO:0016684","MF","GO:0016684","oxidoreductase activity, acting on peroxide as acceptor","6/268","63/28407",2.88687685584001e-05,0.000753474859374242,0.000559142464710064,"Gpx2/Prdx6/Gstt2/Gstp3/Gstt1/Gsta1",6
"GO:0004857","MF","GO:0004857","enzyme inhibitor activity","14/268","410/28407",3.97609608931388e-05,0.000988343885058022,0.000733435268605267,"Anxa3/Rnh1/C3/Spink1/Spink4/Socs3/Lxn/Trib3/Socs1/Csta1/Slpi/Angptl4/Gchfr/Cdkn1c",14
"GO:0033130","MF","GO:0033130","acetylcholine receptor binding","4/268","22/28407",4.95649939607832e-05,0.00117604212943313,0.000872723338639628,"Ly6g/Ly6c1/Ly6a/Ly6e",4
"GO:0070300","MF","GO:0070300","phosphatidic acid binding","4/268","24/28407",7.09385572161425e-05,0.0016099968202968,0.00119475464785082,"Gsdmd/Cideb/Cidec/Plekhn1",4
"GO:0004175","MF","GO:0004175","endopeptidase activity","14/268","436/28407",7.67450261502708e-05,0.00166807694517867,0.00123785504300413,"Ctsz/Prss30/Lgmn/Blmh/Ctsl/Hp/Cfd/Mep1b/Thop1/Prss22/Plat/Ace2/Mmp7/Prss27",14
"GO:0050661","MF","GO:0050661","NADP binding","5/268","47/28407",7.98887425851853e-05,0.00166807694517867,0.00123785504300413,"Akr1b8/Nos2/Me1/Cbr3/H6pd",5
"GO:0016616","MF","GO:0016616","oxidoreductase activity, acting on the CH-OH group of donors, NAD or NADP as acceptor","8/268","149/28407",8.94602713045938e-05,0.001796086985423,0.00133284938623848,"Akr1b8/Dcxr/Rdh16/Phgdh/Me1/Cbr2/Cbr3/H6pd",8
"GO:0004090","MF","GO:0004090","carbonyl reductase (NADPH) activity","3/268","10/28407",9.48768607938747e-05,0.00183428597534824,0.00136119628741309,"Dcxr/Cbr2/Cbr3",3
"GO:0015291","MF","GO:0015291","secondary active transmembrane transporter activity","11/268","290/28407",0.000107012482610048,0.00192944920819911,0.00143181550437038,"Slc39a4/Slc10a2/Slc25a1/Slc25a4/Slc7a11/Slc3a2/Slc7a9/Slc16a3/Slc38a1/Slc25a12/Slc6a9",11
"GO:0005539","MF","GO:0005539","glycosaminoglycan binding","10/268","243/28407",0.000113216087598849,0.00192944920819911,0.00143181550437038,"Pglyrp1/Reg3g/Reg3b/Saa1/Lxn/Mmp7/Reg4/Aplp1/Dcn/Adamtsl5",10
"GO:0030548","MF","GO:0030548","acetylcholine receptor regulator activity","4/268","27/28407",0.000114584148379641,0.00192944920819911,0.00143181550437038,"Ly6g/Ly6c1/Ly6a/Ly6e",4
"GO:0099602","MF","GO:0099602","neurotransmitter receptor regulator activity","4/268","27/28407",0.000114584148379641,0.00192944920819911,0.00143181550437038,"Ly6g/Ly6c1/Ly6a/Ly6e",4
"GO:0016614","MF","GO:0016614","oxidoreductase activity, acting on CH-OH group of donors","8/268","158/28407",0.000134476969582722,0.00219365556631815,0.00162787910547505,"Akr1b8/Dcxr/Rdh16/Phgdh/Me1/Cbr2/Cbr3/H6pd",8
"GO:0016709","MF","GO:0016709","oxidoreductase activity, acting on paired donors, with incorporation or reduction of molecular oxygen, NAD(P)H as one donor, and incorporation of one atom of oxygen","5/268","55/28407",0.000170386276888006,0.00266820185801155,0.00198003283675791,"Cyp2d34/Nos2/Cyp2d9/Cyp2d10/Cyp2d22",5
"GO:0020037","MF","GO:0020037","heme binding","8/268","164/28407",0.00017379092561761,0.00266820185801155,0.00198003283675791,"Cyp2d34/Nos2/Cyp2d9/Ido1/Hebp2/Stc2/Cyp2d10/Cyp2d22",8
"GO:0033293","MF","GO:0033293","monocarboxylic acid binding","6/268","90/28407",0.000213967676652603,0.00319117506321882,0.00236812345889196,"Fabp4/Fabp1/Rbp2/Gstp3/Acox2/Gsta1",6
"GO:0004364","MF","GO:0004364","glutathione transferase activity","4/268","32/28407",0.000226244375074429,0.00328054343857921,0.00243444239846169,"Gstt2/Gstp3/Gstt1/Gsta1",4
"GO:0046906","MF","GO:0046906","tetrapyrrole binding","8/268","173/28407",0.000250099322912879,0.00352842828541954,0.00261839404927282,"Cyp2d34/Nos2/Cyp2d9/Ido1/Hebp2/Stc2/Cyp2d10/Cyp2d22",8
"GO:0030547","MF","GO:0030547","signaling receptor inhibitor activity","4/268","35/28407",0.000322192753915832,0.00442591098800169,0.00328440258839407,"Ly6g/Ly6c1/Ly6a/Ly6e",4
"GO:0016765","MF","GO:0016765","transferase activity, transferring alkyl or aryl (other than methyl) groups","5/268","64/28407",0.000348558575429176,0.00463733278777388,0.00344129555535549,"Gstt2/Gstp3/Fntb/Gstt1/Gsta1",5
"GO:0008238","MF","GO:0008238","exopeptidase activity","6/268","99/28407",0.000358861958740658,0.00463733278777388,0.00344129555535549,"Ctsz/Blmh/Ctsl/Ace2/Anpep/Enpep",6
"GO:0005179","MF","GO:0005179","hormone activity","7/268","139/28407",0.000364234950763849,0.00463733278777388,0.00344129555535549,"Reg3g/Reg3b/Retnlb/Stc2/Pyy/Insl6/Gcg",7
"GO:0004177","MF","GO:0004177","aminopeptidase activity","4/268","37/28407",0.000400435857410328,0.0049768456563855,0.00369324299566418,"Blmh/Ctsl/Anpep/Enpep",4
"GO:0042834","MF","GO:0042834","peptidoglycan binding","3/268","19/28407",0.00071943568453388,0.00873361458899269,0.0064810852364374,"Pglyrp1/Reg3g/Reg3b",3
"GO:0022804","MF","GO:0022804","active transmembrane transporter activity","12/268","435/28407",0.00094965573698321,0.0112663703342099,0.00836060553133543,"Slc39a4/Slc10a2/Slc25a1/Slc25a4/Slc7a11/Slc3a2/Slc7a9/Slc16a3/Slc38a1/Abcc4/Slc25a12/Slc6a9",12
"GO:0061134","MF","GO:0061134","peptidase regulator activity","9/268","268/28407",0.0010687249230653,0.0123972091075575,0.00919978413305336,"C3/Spink1/Spink4/Ctsl/Prss22/Lxn/Csta1/Fbln1/Slpi",9
"GO:0016811","MF","GO:0016811","hydrolase activity, acting on carbon-nitrogen (but not peptide) bonds, in linear amides","5/268","83/28407",0.00114802364265325,0.0130275726405434,0.00966756751708001,"Pglyrp1/Tgm2/Aspa/Acy1/Vnn1",5
"GO:0019001","MF","GO:0019001","guanyl nucleotide binding","11/268","387/28407",0.00120956659234566,0.0131540366917591,0.0097614146048948,"Tgm2/Ak4/Rhoc/Rab15/Pck2/Tubb5/Rac3/Rras/Rhod/Rab31/Sting1",11
"GO:0032561","MF","GO:0032561","guanyl ribonucleotide binding","11/268","387/28407",0.00120956659234566,0.0131540366917591,0.0097614146048948,"Tgm2/Ak4/Rhoc/Rab15/Pck2/Tubb5/Rac3/Rras/Rhod/Rab31/Sting1",11
"GO:0001664","MF","GO:0001664","G protein-coupled receptor binding","10/268","335/28407",0.00139416058742981,0.0148520780946604,0.0110215058254386,"Saa1/C3/Zbtb16/Tac1/Saa2/Cxcl5/Aplp1/Cxcl2/Pyy/Gcg",10
"GO:0015125","MF","GO:0015125","bile acid transmembrane transporter activity","3/268","24/28407",0.00145129092590791,0.0151514772664785,0.0112436854891391,"Slc51b/Slc10a2/Abcc4",3
"GO:1901618","MF","GO:1901618","organic hydroxy compound transmembrane transporter activity","4/268","53/28407",0.00157782308746757,0.0161494833658445,0.0119842909429941,"Slc51b/Slc10a2/Slc16a3/Abcc4",4
"GO:0008483","MF","GO:0008483","transaminase activity","3/268","25/28407",0.00163776337213632,0.0164406246202915,0.0122003425292746,"Tgm2/Psat1/Tat",3
"GO:0005319","MF","GO:0005319","lipid transporter activity","7/268","181/28407",0.00171783845786296,0.0169190882076314,0.0125554032272804,"Slc51b/Slc10a2/Fabp4/Cideb/Fabp1/Cidec/Abcc4",7
"GO:0008374","MF","GO:0008374","O-acyltransferase activity","4/268","55/28407",0.00181086968172638,0.0171867995247485,0.012754067806226,"Prdx6/Agpat2/Mboat2/Dgat2",4
"GO:1901682","MF","GO:1901682","sulfur compound transmembrane transporter activity","4/268","55/28407",0.00181086968172638,0.0171867995247485,0.012754067806226,"Slc7a11/Slc7a9/Abcc4/Slc25a12",4
"GO:0016769","MF","GO:0016769","transferase activity, transferring nitrogenous groups","3/268","28/28407",0.00228461843897283,0.0212959075918539,0.0158033756680827,"Tgm2/Psat1/Tat",3
"GO:0005525","MF","GO:0005525","GTP binding","10/268","363/28407",0.0025035619911905,0.0229273571824814,0.0170140500971025,"Tgm2/Ak4/Rhoc/Rab15/Pck2/Tubb5/Rac3/Rras/Rhod/Rab31",10
"GO:0005543","MF","GO:0005543","phospholipid binding","12/268","492/28407",0.00265052237888925,0.0238547014100033,0.0177022184288792,"Pla2g2a/Capg/Gsdmd/Anxa3/Cideb/Fabp1/Cidec/Snx10/Snx20/Plekhn1/Vnn1/Mfge8",12
"GO:0030145","MF","GO:0030145","manganese ion binding","4/268","64/28407",0.00315791659834369,0.0279395332938205,0.0207335112968863,"B4galt1/Arg2/Pck2/Me1",4
"GO:0015187","MF","GO:0015187","glycine transmembrane transporter activity","2/268","10/28407",0.00379596983024061,0.0330249375230933,0.0245073139917289,"Slc38a1/Slc6a9",2
"GO:0016597","MF","GO:0016597","amino acid binding","4/268","68/28407",0.0039307357894435,0.0336367882309755,0.0249613592841278,"Nos2/Ido1/Gchfr/Tat",4
"GO:0001786","MF","GO:0001786","phosphatidylserine binding","4/268","69/28407",0.0041421968192335,0.0343210593593633,0.0254691466913605,"Gsdmd/Cidec/Plekhn1/Mfge8",4
"GO:0008028","MF","GO:0008028","monocarboxylic acid transmembrane transporter activity","4/268","69/28407",0.0041421968192335,0.0343210593593633,0.0254691466913605,"Slc51b/Slc10a2/Slc16a3/Abcc4",4
"GO:0015294","MF","GO:0015294","solute:monoatomic cation symporter activity","5/268","113/28407",0.00441914284605502,0.0360436338381363,0.026747443541912,"Slc39a4/Slc10a2/Slc16a3/Slc38a1/Slc6a9",5
"GO:0017080","MF","GO:0017080","sodium channel regulator activity","3/268","36/28407",0.00471072196888715,0.0378307210424476,0.028073614324704,"Fxyd4/Prss30/Fxyd3",3
"GO:0019210","MF","GO:0019210","kinase inhibitor activity","4/268","73/28407",0.0050647813745455,0.0396645309720728,0.0294344573456801,"Socs3/Trib3/Socs1/Cdkn1c",4
"GO:0072349","MF","GO:0072349","modified amino acid transmembrane transporter activity","3/268","37/28407",0.00509104133166451,0.0396645309720728,0.0294344573456801,"Slc7a11/Slc7a9/Slc25a12",3
"GO:0052689","MF","GO:0052689","carboxylic ester hydrolase activity","6/268","167/28407",0.00518996803040216,0.0398406369392636,0.0295651429595665,"Pla2g2a/Prdx6/Pgap1/Mgll/Acot1/H6pd",6
"GO:0005343","MF","GO:0005343","organic acid:sodium symporter activity","3/268","38/28407",0.00548933772177654,0.0404261227212209,0.0299996232333319,"Slc10a2/Slc38a1/Slc6a9",3
"GO:0031543","MF","GO:0031543","peptidyl-proline dioxygenase activity","2/268","12/28407",0.00549857224752238,0.0404261227212209,0.0299996232333319,"P4hb/Egln3",2
"GO:0035325","MF","GO:0035325","Toll-like receptor binding","2/268","12/28407",0.00549857224752238,0.0404261227212209,0.0299996232333319,"Saa3/Ly96",2
"GO:0016705","MF","GO:0016705","oxidoreductase activity, acting on paired donors, with incorporation or reduction of molecular oxygen","7/268","229/28407",0.00625954742095293,0.0453817188019088,0.0336770972355363,"P4hb/Cyp2d34/Nos2/Egln3/Cyp2d9/Cyp2d10/Cyp2d22",7
"GO:0004197","MF","GO:0004197","cysteine-type endopeptidase activity","4/268","79/28407",0.00669189030697399,0.0475702629354445,0.0353011832229151,"Ctsz/Lgmn/Blmh/Ctsl",4
"GO:0015297","MF","GO:0015297","antiporter activity","5/268","125/28407",0.00674367712111666,0.0475702629354445,0.0353011832229151,"Slc25a1/Slc25a4/Slc7a11/Slc7a9/Slc25a12",5
"GO:0016712","MF","GO:0016712","oxidoreductase activity, acting on paired donors, with incorporation or reduction of molecular oxygen, reduced flavin or flavoprotein as one donor, and incorporation of one atom of oxygen","4/268","80/28407",0.0069929088701362,0.048670645736148,0.0361177609011947,"Cyp2d34/Cyp2d9/Cyp2d10/Cyp2d22",4
"GO:0016298","MF","GO:0016298","lipase activity","5/268","127/28407",0.00720067222422026,0.0488575919269506,0.0362564908834802,"Pla2g2a/Prdx6/Mgll/Smpdl3b/Pld3",5
"GO:0008201","MF","GO:0008201","heparin binding","6/268","179/28407",0.00721751263165744,0.0488575919269506,0.0362564908834802,"Saa1/Lxn/Mmp7/Reg4/Aplp1/Adamtsl5",6
"GO:0005125","MF","GO:0005125","cytokine activity","7/268","236/28407",0.00733527214565652,0.0488575919269506,0.0362564908834802,"Pglyrp1/Il18/Mif/Gdf15/Crlf2/Cxcl5/Cxcl2",7
"GO:0005229","MF","GO:0005229","intracellular calcium activated chloride channel activity","2/268","14/28407",0.00748775355202308,0.0488575919269506,0.0362564908834802,"Clca4b/Clca3b",2
"GO:1901612","MF","GO:1901612","cardiolipin binding","2/268","14/28407",0.00748775355202308,0.0488575919269506,0.0362564908834802,"Gsdmd/Plekhn1",2
"GO:0004180","MF","GO:0004180","carboxypeptidase activity","3/268","43/28407",0.00775790007475197,0.0499953560372905,0.0371008086745773,"Ctsz/Ctsl/Ace2",3
