"","ONTOLOGY","ID","Description","GeneRatio","BgRatio","pvalue","p.adjust","qvalue","geneID","Count"
"GO:0006953","BP","GO:0006953","acute-phase response","3/9","44/28891",2.75063005250812e-07,2.3380355446319e-05,6.65942012712492e-06,"Reg3b/Reg3g/Saa1",3
"GO:0045617","BP","GO:0045617","negative regulation of keratinocyte differentiation","2/9","12/28891",5.68413901886876e-06,0.000108832823238184,3.09988227179968e-05,"Reg3b/Reg3g",2
"GO:0106015","BP","GO:0106015","negative regulation of inflammatory response to wounding","2/9","12/28891",5.68413901886876e-06,0.000108832823238184,3.09988227179968e-05,"Reg3b/Reg3g",2
"GO:0042742","BP","GO:0042742","defense response to bacterium","4/9","430/28891",5.74726893603051e-06,0.000108832823238184,3.09988227179968e-05,"Reg3b/Reg3g/Lypd8/Lgals4",4
"GO:0106014","BP","GO:0106014","regulation of inflammatory response to wounding","2/9","14/28891",7.83469001622675e-06,0.000108832823238184,3.09988227179968e-05,"Reg3b/Reg3g",2
"GO:0050829","BP","GO:0050829","defense response to Gram-negative bacterium","3/9","134/28891",8.0296014548154e-06,0.000108832823238184,3.09988227179968e-05,"Reg3b/Reg3g/Lypd8",3
"GO:0002526","BP","GO:0002526","acute inflammatory response","3/9","139/28891",8.96270309020342e-06,0.000108832823238184,3.09988227179968e-05,"Reg3b/Reg3g/Saa1",3
"GO:0061844","BP","GO:0061844","antimicrobial humoral immune response mediated by antimicrobial peptide","3/9","151/28891",1.14885484249058e-05,0.000111894854994996,3.18709803700918e-05,"Reg3b/Reg3g/Lgals4",3
"GO:0045605","BP","GO:0045605","negative regulation of epidermal cell differentiation","2/9","18/28891",1.31641005876466e-05,0.000111894854994996,3.18709803700918e-05,"Reg3b/Reg3g",2
"GO:0045683","BP","GO:0045683","negative regulation of epidermis development","2/9","18/28891",1.31641005876466e-05,0.000111894854994996,3.18709803700918e-05,"Reg3b/Reg3g",2
"GO:0019730","BP","GO:0019730","antimicrobial humoral response","3/9","221/28891",3.5852448148537e-05,0.000277041644784149,7.8909694489603e-05,"Reg3b/Reg3g/Lgals4",3
"GO:0090594","BP","GO:0090594","inflammatory response to wounding","2/9","33/28891",4.53190852144337e-05,0.000321010186935572,9.14332420992961e-05,"Reg3b/Reg3g",2
"GO:0045616","BP","GO:0045616","regulation of keratinocyte differentiation","2/9","35/28891",5.10533014065901e-05,0.000333810047658474,9.50790228624755e-05,"Reg3b/Reg3g",2
"GO:0140236","BP","GO:0140236","translation at presynapse","2/9","47/28891",9.25743019279344e-05,0.000482918315590425,0.000137549489270338,"Rpl37/Uba52",2
"GO:0140975","BP","GO:0140975","disruption of cellular anatomical structure in another organism","2/9","47/28891",9.25743019279344e-05,0.000482918315590425,0.000137549489270338,"Reg3b/Reg3g",2
"GO:0140241","BP","GO:0140241","translation at synapse","2/9","48/28891",9.6583663118085e-05,0.000482918315590425,0.000137549489270338,"Rpl37/Uba52",2
"GO:0140242","BP","GO:0140242","translation at postsynapse","2/9","48/28891",9.6583663118085e-05,0.000482918315590425,0.000137549489270338,"Rpl37/Uba52",2
"GO:0006959","BP","GO:0006959","humoral immune response","3/9","337/28891",0.000125426168269994,0.00059229023905275,0.000168701863754963,"Reg3b/Reg3g/Lgals4",3
"GO:0045604","BP","GO:0045604","regulation of epidermal cell differentiation","2/9","58/28891",0.000141307631594789,0.000632165720292476,0.000180059585965659,"Reg3b/Reg3g",2
"GO:0030857","BP","GO:0030857","negative regulation of epithelial cell differentiation","2/9","60/28891",0.000151260545940505,0.000642857320247147,0.000183104871401664,"Reg3b/Reg3g",2
"GO:0045682","BP","GO:0045682","regulation of epidermis development","2/9","65/28891",0.000177608934375723,0.000718893305806496,0.000204762179982036,"Reg3b/Reg3g",2
"GO:1903035","BP","GO:1903035","negative regulation of response to wounding","2/9","94/28891",0.000371489658348154,0.00143530095270878,0.000408816370430982,"Reg3b/Reg3g",2
"GO:0141060","BP","GO:0141060","disruption of anatomical structure in another organism","2/9","156/28891",0.00101727705099918,0.00375950214499698,0.00107081794842019,"Reg3b/Reg3g",2
"GO:0030216","BP","GO:0030216","keratinocyte differentiation","2/9","163/28891",0.001109670424179,0.00393008275230064,0.00111940437526829,"Reg3b/Reg3g",2
"GO:0050728","BP","GO:0050728","negative regulation of inflammatory response","2/9","172/28891",0.0012341953837771,0.0039752955053313,0.00113228231111604,"Reg3b/Reg3g",2
"GO:0030856","BP","GO:0030856","regulation of epithelial cell differentiation","2/9","173/28891",0.00124842852383892,0.0039752955053313,0.00113228231111604,"Reg3b/Reg3g",2
"GO:1903034","BP","GO:1903034","regulation of response to wounding","2/9","174/28891",0.00126274092522288,0.0039752955053313,0.00113228231111604,"Reg3b/Reg3g",2
"GO:0050830","BP","GO:0050830","defense response to Gram-positive bacterium","2/9","203/28891",0.00171210159734792,0.00519745127766331,0.0014803885992106,"Reg3b/Reg3g",2
"GO:0009913","BP","GO:0009913","epidermal cell differentiation","2/9","252/28891",0.00262007792441902,0.00767953874398678,0.0021873608806402,"Reg3b/Reg3g",2
"GO:1900408","BP","GO:1900408","negative regulation of cellular response to oxidative stress","1/9","10/28891",0.00311127766108921,0.00881528670641942,0.00251085565631761,"Reg3b",1
"GO:0002778","BP","GO:0002778","antibacterial peptide production","1/9","12/28891",0.00373249962999456,0.0102342731790173,0.00291502517792444,"Lgals4",1
"GO:0002755","BP","GO:0002755","MyD88-dependent toll-like receptor signaling pathway","1/9","14/28891",0.0043533774673592,0.0107849822041527,0.00307188347610541,"Reg3g",1
"GO:0002775","BP","GO:0002775","antimicrobial peptide production","1/9","14/28891",0.0043533774673592,0.0107849822041527,0.00307188347610541,"Lgals4",1
"GO:1902883","BP","GO:1902883","negative regulation of response to oxidative stress","1/9","14/28891",0.0043533774673592,0.0107849822041527,0.00307188347610541,"Reg3b",1
"GO:0031348","BP","GO:0031348","negative regulation of defense response","2/9","330/28891",0.00444087502523934,0.0107849822041527,0.00307188347610541,"Reg3b/Reg3g",2
"GO:0010838","BP","GO:0010838","positive regulation of keratinocyte proliferation","1/9","15/28891",0.0046636873888467,0.0108131355490702,0.00307990238549368,"Reg3g",1
"GO:0043588","BP","GO:0043588","skin development","2/9","340/28891",0.00470689429783056,0.0108131355490702,0.00307990238549368,"Reg3b/Reg3g",2
"GO:0043434","BP","GO:0043434","response to peptide hormone","2/9","396/28891",0.00633011061097156,0.0138640053805163,0.00394888078949691,"Reg3b/Reg3g",2
"GO:0008544","BP","GO:0008544","epidermis development","2/9","397/28891",0.0063611318804722,0.0138640053805163,0.00394888078949691,"Reg3b/Reg3g",2
"GO:0050727","BP","GO:0050727","regulation of inflammatory response","2/9","411/28891",0.00680283601620734,0.0144560265344406,0.0041175060098097,"Reg3b/Reg3g",2
"GO:1900407","BP","GO:1900407","regulation of cellular response to oxidative stress","1/9","27/28891",0.00838070671813884,0.0173746358790683,0.00494881269620522,"Reg3b",1
"GO:1901652","BP","GO:1901652","response to peptide","2/9","464/28891",0.00859876495378512,0.0174022624064699,0.00495668155230721,"Reg3b/Reg3g",2
"GO:0032102","BP","GO:0032102","negative regulation of response to external stimulus","2/9","485/28891",0.00936369187302917,0.0185096234699414,0.00527209089546318,"Reg3b/Reg3g",2
"GO:1901798","BP","GO:1901798","positive regulation of signal transduction by p53 class mediator","1/9","33/28891",0.010234585226899,0.0197713578246913,0.00563147034015975,"Rpl37",1
"GO:1902882","BP","GO:1902882","regulation of response to oxidative stress","1/9","37/28891",0.0114687920386114,0.0216632738507104,0.00617034425469151,"Reg3b",1
"GO:0095500","BP","GO:0095500","acetylcholine receptor signaling pathway","1/9","43/28891",0.0133175372861016,0.0246084928112748,0.00700923015057981,"Ly6a",1
"GO:1905145","BP","GO:1905145","cellular response to acetylcholine","1/9","45/28891",0.0139331023735143,0.025198163866994,0.00717718599307568,"Ly6a",1
"GO:1905144","BP","GO:1905144","response to acetylcholine","1/9","48/28891",0.0148558099540785,0.0263071634603474,0.00749306203824137,"Ly6a",1
"GO:0010837","BP","GO:0010837","regulation of keratinocyte proliferation","1/9","50/28891",0.0154705218823379,0.0268366195918106,0.00764386688063956,"Reg3g",1
"GO:0098926","BP","GO:0098926","postsynaptic signal transduction","1/9","61/28891",0.0188453470161956,0.0320370899275324,0.00912511539731574,"Ly6a",1
"GO:0090303","BP","GO:0090303","positive regulation of wound healing","1/9","63/28891",0.0194578455709826,0.0323064851335517,0.00920184715878253,"Reg3g",1
"GO:0043616","BP","GO:0043616","keratinocyte proliferation","1/9","64/28891",0.0197639673758199,0.0323064851335517,0.00920184715878253,"Reg3g",1
"GO:0002224","BP","GO:0002224","toll-like receptor signaling pathway","1/9","68/28891",0.0209876052595479,0.03365936692569,0.00958718810267332,"Reg3g",1
"GO:1903036","BP","GO:1903036","positive regulation of response to wounding","1/9","80/28891",0.0246503765015262,0.0388015185672172,0.0110518257219318,"Reg3g",1
"GO:1901796","BP","GO:1901796","regulation of signal transduction by p53 class mediator","1/9","85/28891",0.0261729325982449,0.0404490776518331,0.0115210995169308,"Rpl37",1
"GO:0062023","CC","GO:0062023","collagen-containing extracellular matrix","3/9","396/28573",0.000208578046435206,0.00228077756322998,0.000282449233836531,"Reg3b/Reg3g/Lgals4",3
"GO:0022625","CC","GO:0022625","cytosolic large ribosomal subunit","2/9","79/28573",0.000268326772144704,0.00228077756322998,0.000282449233836531,"Rpl37/Uba52",2
"GO:0015934","CC","GO:0015934","large ribosomal subunit","2/9","137/28573",0.000803682819949305,0.00366747034401631,0.000454175893995828,"Rpl37/Uba52",2
"GO:0022626","CC","GO:0022626","cytosolic ribosome","2/9","142/28573",0.000862934198592073,0.00366747034401631,0.000454175893995828,"Rpl37/Uba52",2
"GO:0044391","CC","GO:0044391","ribosomal subunit","2/9","215/28573",0.00195946968936556,0.00666219694384291,0.000825039869206553,"Rpl37/Uba52",2
"GO:0005840","CC","GO:0005840","ribosome","2/9","267/28573",0.00299906107106203,0.00849733970134241,0.0010523021301972,"Rpl37/Uba52",2
"GO:0042588","CC","GO:0042588","zymogen granule","1/9","26/28573",0.00816094283675961,0.0188284810379103,0.00233170043813131,"Reg3b",1
"GO:0030141","CC","GO:0030141","secretory granule","2/9","498/28573",0.0100636732704551,0.0188284810379103,0.00233170043813131,"Reg3b/Reg3g",2
"GO:0034364","CC","GO:0034364","high-density lipoprotein particle","1/9","35/28573",0.0109720597791123,0.0188284810379103,0.00233170043813131,"Saa1",1
"GO:0034358","CC","GO:0034358","plasma lipoprotein particle","1/9","43/28573",0.0134648825403736,0.0188284810379103,0.00233170043813131,"Saa1",1
"GO:1990777","CC","GO:1990777","lipoprotein particle","1/9","43/28573",0.0134648825403736,0.0188284810379103,0.00233170043813131,"Saa1",1
"GO:0022627","CC","GO:0022627","cytosolic small ribosomal subunit","1/9","45/28573",0.0140872149044986,0.0188284810379103,0.00233170043813131,"Uba52",1
"GO:0032994","CC","GO:0032994","protein-lipid complex","1/9","46/28573",0.0143982502054608,0.0188284810379103,0.00233170043813131,"Saa1",1
"GO:0015935","CC","GO:0015935","small ribosomal subunit","1/9","83/28573",0.0258454170351627,0.0313837206855548,0.00388652887746808,"Uba52",1
"GO:0005881","CC","GO:0005881","cytoplasmic microtubule","1/9","114/28573",0.0353451371739091,0.0400578221304303,0.00496072100686443,"Saa1",1
"GO:0042834","MF","GO:0042834","peptidoglycan binding","2/9","19/28407",1.52152831880987e-05,0.000190191039851233,4.8048262699259e-05,"Reg3b/Reg3g",2
"GO:0070492","MF","GO:0070492","oligosaccharide binding","2/9","19/28407",1.52152831880987e-05,0.000190191039851233,4.8048262699259e-05,"Reg3b/Reg3g",2
"GO:0005539","MF","GO:0005539","glycosaminoglycan binding","3/9","243/28407",4.99963857606059e-05,0.000416636548005049,0.000105255548969697,"Reg3b/Reg3g/Saa1",3
"GO:0030246","MF","GO:0030246","carbohydrate binding","3/9","283/28407",7.86098266891199e-05,0.000491311416806999,0.000124120778982821,"Reg3b/Reg3g/Lgals4",3
"GO:0005179","MF","GO:0005179","hormone activity","2/9","139/28407",0.000836722185405186,0.00384323657687894,0.000970922924685207,"Reg3b/Reg3g",2
"GO:0019838","MF","GO:0019838","growth factor binding","2/9","146/28407",0.000922376778450946,0.00384323657687894,0.000970922924685207,"Reg3b/Rpl37",2
"GO:0003735","MF","GO:0003735","structural constituent of ribosome","2/9","178/28407",0.00136551126876957,0.0048768259598913,0.00123204024249886,"Rpl37/Uba52",2
"GO:1990948","MF","GO:1990948","ubiquitin ligase inhibitor activity","1/9","10/28407",0.00316422059769095,0.00851425919799433,0.00215097074475646,"Rpl37",1
"GO:0031386","MF","GO:0031386","protein tag activity","1/9","13/28407",0.00411174970397321,0.00851425919799433,0.00215097074475646,"Uba52",1
"GO:0141047","MF","GO:0141047","molecular tag activity","1/9","13/28407",0.00411174970397321,0.00851425919799433,0.00215097074475646,"Uba52",1
"GO:0030550","MF","GO:0030550","acetylcholine receptor inhibitor activity","1/9","14/28407",0.00442741478295705,0.00851425919799433,0.00215097074475646,"Ly6a",1
"GO:0055105","MF","GO:0055105","ubiquitin-protein transferase inhibitor activity","1/9","14/28407",0.00442741478295705,0.00851425919799433,0.00215097074475646,"Rpl37",1
"GO:0097371","MF","GO:0097371","MDM2/MDM4 family protein binding","1/9","14/28407",0.00442741478295705,0.00851425919799433,0.00215097074475646,"Rpl37",1
"GO:0033130","MF","GO:0033130","acetylcholine receptor binding","1/9","22/28407",0.00694953535636933,0.0124098845649452,0.00313512873219669,"Ly6a",1
"GO:0030548","MF","GO:0030548","acetylcholine receptor regulator activity","1/9","27/28407",0.00852297509573752,0.0133171485870899,0.00336433227463323,"Ly6a",1
"GO:0099602","MF","GO:0099602","neurotransmitter receptor regulator activity","1/9","27/28407",0.00852297509573752,0.0133171485870899,0.00336433227463323,"Ly6a",1
"GO:0055106","MF","GO:0055106","ubiquitin-protein transferase regulator activity","1/9","30/28407",0.00946597488085565,0.013920551295376,0.00351677085356866,"Rpl37",1
"GO:0030547","MF","GO:0030547","signaling receptor inhibitor activity","1/9","35/28407",0.0110358696533939,0.0153275967408248,0.00387223496610311,"Ly6a",1
"GO:0019843","MF","GO:0019843","rRNA binding","1/9","75/28407",0.0235156226694646,0.0309416087756113,0.00781682748015444,"Rpl37",1
