"","ONTOLOGY","ID","Description","GeneRatio","BgRatio","pvalue","p.adjust","qvalue","geneID","Count"
"GO:0042742","BP","GO:0042742","defense response to bacterium","16/111","430/28891",9.8595120129693e-12,2.10106200996376e-08,1.43637522378416e-08,"Pla2g2a/Igha/Reg3b/Pglyrp1/Lypd8/Dmbt1/Reg3g/Lcn2/Plac8/Cyba/Lgals4/Sprr2a3/Nos2/Nr1h4/Acp5/Lpo",16
"GO:0006091","BP","GO:0006091","generation of precursor metabolites and energy","14/111","484/28891",5.43515051658758e-09,2.88116081612909e-06,1.9696838990949e-06,"Cox4i1/Gapdh/Uqcrc1/Nupr1/Ier3/Cox5a/Uqcrq/Hmgcs2/Etfb/Cox7b/Hk2/Cdk1/Chchd10/Ccnb1",14
"GO:0006119","BP","GO:0006119","oxidative phosphorylation","9/111","147/28891",5.80553588606786e-09,2.88116081612909e-06,1.9696838990949e-06,"Cox4i1/Uqcrc1/Nupr1/Cox5a/Uqcrq/Cox7b/Cdk1/Chchd10/Ccnb1",9
"GO:0002181","BP","GO:0002181","cytoplasmic translation","9/111","148/28891",6.16179213685567e-09,2.88116081612909e-06,1.9696838990949e-06,"Rps8/Rps15/Rps14/Rplp1/Rpsa/Rpl23a/Rplp2/Rps11/Rps12",9
"GO:0050727","BP","GO:0050727","regulation of inflammatory response","13/111","411/28891",6.89196635804163e-09,2.88116081612909e-06,1.9696838990949e-06,"Reg3b/Pglyrp1/Reg3g/Gpx2/S100a8/Nupr1/C3/S100a9/Gpx1/Ier3/Fabp4/Nr1h4/Acp5",13
"GO:0022904","BP","GO:0022904","respiratory electron transport chain","8/111","106/28891",8.1121374456943e-09,2.88116081612909e-06,1.9696838990949e-06,"Cox4i1/Uqcrc1/Cox5a/Uqcrq/Etfb/Cox7b/Cdk1/Ccnb1",8
"GO:0022900","BP","GO:0022900","electron transport chain","8/111","116/28891",1.65553240519406e-08,5.03991365066936e-06,3.44549902073472e-06,"Cox4i1/Uqcrc1/Cox5a/Uqcrq/Etfb/Cox7b/Cdk1/Ccnb1",8
"GO:0042775","BP","GO:0042775","mitochondrial ATP synthesis coupled electron transport","7/111","80/28891",2.57296153375835e-08,6.8537262855488e-06,4.68549837200205e-06,"Cox4i1/Uqcrc1/Cox5a/Uqcrq/Cox7b/Cdk1/Ccnb1",7
"GO:0042773","BP","GO:0042773","ATP synthesis coupled electron transport","7/111","82/28891",3.05986671169686e-08,7.24508440291778e-06,4.95304740232568e-06,"Cox4i1/Uqcrc1/Cox5a/Uqcrq/Cox7b/Cdk1/Ccnb1",7
"GO:0045333","BP","GO:0045333","cellular respiration","10/111","254/28891",5.47054651327707e-08,1.16577346197934e-05,7.9697224993426e-06,"Cox4i1/Uqcrc1/Nupr1/Cox5a/Uqcrq/Etfb/Cox7b/Cdk1/Chchd10/Ccnb1",10
"GO:0072593","BP","GO:0072593","reactive oxygen species metabolic process","10/111","257/28891",6.10651995337537e-08,1.18299945642208e-05,8.08748671336987e-06,"Lcn2/Cyba/Gpx1/Prdx6/Ier3/Ripk3/Noxo1/Hk2/Nos2/Acp5",10
"GO:0009060","BP","GO:0009060","aerobic respiration","9/111","196/28891",7.0484232684205e-08,1.25168249875034e-05,8.55703316095963e-06,"Cox4i1/Uqcrc1/Nupr1/Cox5a/Uqcrq/Cox7b/Cdk1/Chchd10/Ccnb1",9
"GO:0006979","BP","GO:0006979","response to oxidative stress","11/111","389/28891",3.25313685433716e-07,5.33264202814807e-05,3.64562057198594e-05,"Reg3b/Gpx2/Lcn2/Rack1/Gpx1/Prdx6/Mapk13/Ripk3/Cd38/Lpo/Mgst1",11
"GO:0050728","BP","GO:0050728","negative regulation of inflammatory response","8/111","172/28891",3.51406258842989e-07,5.34890526853149e-05,3.65673881382479e-05,"Reg3b/Pglyrp1/Reg3g/Gpx2/Gpx1/Ier3/Nr1h4/Acp5",8
"GO:0018119","BP","GO:0018119","peptidyl-cysteine S-nitrosylation","4/111","17/28891",4.72538741532053e-07,6.71320038803204e-05,4.58942890021307e-05,"S100a8/Gapdh/S100a9/Nos2",4
"GO:0017014","BP","GO:0017014","protein nitrosylation","4/111","18/28891",6.05751713060971e-07,8.06785562833081e-05,5.51552875576568e-05,"S100a8/Gapdh/S100a9/Nos2",4
"GO:0006959","BP","GO:0006959","humoral immune response","10/111","337/28891",7.42147216728678e-07,9.30303364028714e-05,6.35994890373059e-05,"Igha/Reg3b/Pglyrp1/Dmbt1/Reg3g/Gapdh/C3/S100a9/Lgals4/Cfd",10
"GO:2001242","BP","GO:2001242","regulation of intrinsic apoptotic signaling pathway","8/111","194/28891",8.74909178915816e-07,0.000103579525570534,7.08113627847655e-05,"S100a8/Nupr1/S100a9/Rack1/Gpx1/Cd74/Ripk3/Mif",8
"GO:0140236","BP","GO:0140236","translation at presynapse","5/111","47/28891",1.03109406225257e-06,0.000111148869593053,7.59860878346148e-05,"Rps14/Rpl23a/Rplp2/Rps11/Rps12",5
"GO:0015980","BP","GO:0015980","energy derivation by oxidation of organic compounds","10/111","350/28891",1.04489575877157e-06,0.000111148869593053,7.59860878346148e-05,"Cox4i1/Uqcrc1/Nupr1/Cox5a/Uqcrq/Etfb/Cox7b/Cdk1/Chchd10/Ccnb1",10
"GO:0140241","BP","GO:0140241","translation at synapse","5/111","48/28891",1.14747777149093e-06,0.000111148869593053,7.59860878346148e-05,"Rps14/Rpl23a/Rplp2/Rps11/Rps12",5
"GO:0140242","BP","GO:0140242","translation at postsynapse","5/111","48/28891",1.14747777149093e-06,0.000111148869593053,7.59860878346148e-05,"Rps14/Rpl23a/Rplp2/Rps11/Rps12",5
"GO:0061844","BP","GO:0061844","antimicrobial humoral immune response mediated by antimicrobial peptide","7/111","151/28891",1.99757615440035e-06,0.000185079773262049,0.00012652839348696,"Reg3b/Pglyrp1/Dmbt1/Reg3g/Gapdh/S100a9/Lgals4",7
"GO:0019730","BP","GO:0019730","antimicrobial humoral response","8/111","221/28891",2.31947649935354e-06,0.000205950184171766,0.000140796292767776,"Igha/Reg3b/Pglyrp1/Dmbt1/Reg3g/Gapdh/S100a9/Lgals4",8
"GO:0042274","BP","GO:0042274","ribosomal small subunit biogenesis","6/111","104/28891",3.13629274180874e-06,0.000267337593311777,0.000182763332827928,"Rps8/Rps15/Rps14/Rpsa/Rps11/Rps12",6
"GO:0019646","BP","GO:0019646","aerobic electron transport chain","5/111","64/28891",4.86584143490364e-06,0.000395991057789349,0.000270716305159653,"Cox4i1/Uqcrc1/Cox5a/Uqcrq/Cox7b",5
"GO:0097193","BP","GO:0097193","intrinsic apoptotic signaling pathway","9/111","327/28891",5.01724944172334e-06,0.000395991057789349,0.000270716305159653,"S100a8/Nupr1/S100a9/Rack1/Gpx1/Cd74/Ier3/Ripk3/Mif",9
"GO:0031348","BP","GO:0031348","negative regulation of defense response","9/111","330/28891",5.40083872887378e-06,0.000411042404686787,0.000281006045141403,"Reg3b/Pglyrp1/Reg3g/Gpx2/Gpx1/Ier3/Nr1h4/Acp5/Ceacam1",9
"GO:0050678","BP","GO:0050678","regulation of epithelial cell proliferation","10/111","426/28891",5.9900548653899e-06,0.000440165755798134,0.000300916004852981,"Pla2g2a/Reg3g/Lrg1/Cyba/Nupr1/Gpx1/Fgfbp1/Ccnd1/Birc5/Ceacam1",10
"GO:2001233","BP","GO:2001233","regulation of apoptotic signaling pathway","10/111","437/28891",7.48337898309509e-06,0.000531569353765855,0.000363403386407144,"S100a8/Nupr1/S100a9/Rack1/Gpx1/Cd74/Ier3/Ripk3/Mif/Higd1a",10
"GO:2001244","BP","GO:2001244","positive regulation of intrinsic apoptotic signaling pathway","5/111","73/28891",9.32609613127757e-06,0.000641093898572661,0.000438279016831516,"S100a8/Nupr1/S100a9/Rack1/Ripk3",5
"GO:0006631","BP","GO:0006631","fatty acid metabolic process","10/111","463/28891",1.23497821305073e-05,0.000822418303753472,0.000562240081204675,"Pla2g2a/C3/Gpx1/Cd74/Fabp4/Dbi/Etfb/Mif/Acadl/Ceacam1",10
"GO:1902075","BP","GO:1902075","cellular response to salt","7/111","202/28891",1.352509224004e-05,0.000873393077682581,0.000597088601601764,"Ly6c1/Ly6g/Ly6a/Fabp4/Mapk13/Ppp1r1b/Ly6e",7
"GO:0050830","BP","GO:0050830","defense response to Gram-positive bacterium","7/111","203/28891",1.39641945935947e-05,0.000875226431733833,0.000598341960295204,"Pla2g2a/Reg3b/Pglyrp1/Dmbt1/Reg3g/Sprr2a3/Acp5",7
"GO:0000086","BP","GO:0000086","G2/M transition of mitotic cell cycle","6/111","138/28891",1.59785261689334e-05,0.000972863979028488,0.00066509113437004,"Ier3/Ccnd1/Cdk1/Ccnb1/Birc5/Cenpf",6
"GO:0002526","BP","GO:0002526","acute inflammatory response","6/111","139/28891",1.66475907816912e-05,0.000985444887660667,0.000673691977832183,"Saa3/Reg3b/Saa1/Reg3g/Nupr1/C3",6
"GO:0032102","BP","GO:0032102","negative regulation of response to external stimulus","10/111","485/28891",1.839770262684e-05,0.00105960822426476,0.000724393184510569,"Reg3b/Pglyrp1/Reg3g/Gpx2/Gpx1/Ier3/Nr1h4/Acp5/Mif/Ceacam1",10
"GO:0095500","BP","GO:0095500","acetylcholine receptor signaling pathway","4/111","43/28891",2.26873258725786e-05,0.00127228135353855,0.000869785568078913,"Ly6c1/Ly6g/Ly6a/Ly6e",4
"GO:0006953","BP","GO:0006953","acute-phase response","4/111","44/28891",2.48823861875616e-05,0.00133139480906591,0.000910198036872836,"Saa3/Reg3b/Saa1/Reg3g",4
"GO:0034341","BP","GO:0034341","response to type II interferon","6/111","150/28891",2.56157612255759e-05,0.00133139480906591,0.000910198036872836,"Gapdh/Cd74/Ifitm3/H2-Eb1/Capg/Nos2",6
"GO:0048144","BP","GO:0048144","fibroblast proliferation","6/111","150/28891",2.56157612255759e-05,0.00133139480906591,0.000910198036872836,"Nupr1/Gpx1/Cd74/Mif/Cdk1/Ccnb1",6
"GO:1905145","BP","GO:1905145","cellular response to acetylcholine","4/111","45/28891",2.7229322946353e-05,0.00138156398092091,0.000944495813477507,"Ly6c1/Ly6g/Ly6a/Ly6e",4
"GO:0044839","BP","GO:0044839","cell cycle G2/M phase transition","6/111","156/28891",3.19398456157978e-05,0.00158287932575035,0.00108212353322556,"Ier3/Ccnd1/Cdk1/Ccnb1/Birc5/Cenpf",6
"GO:1905144","BP","GO:1905144","response to acetylcholine","4/111","48/28891",3.5246223590178e-05,0.00170703869251521,0.00116700414949298,"Ly6c1/Ly6g/Ly6a/Ly6e",4
"GO:0033194","BP","GO:0033194","response to hydroperoxide","3/111","18/28891",4.31835777019596e-05,0.0020449823129528,0.00139803676115818,"Gpx1/Cd38/Mgst1",3
"GO:0018198","BP","GO:0018198","peptidyl-cysteine modification","4/111","51/28891",4.48674146671765e-05,0.00207853175338594,0.00142097258350966,"S100a8/Gapdh/S100a9/Nos2",4
"GO:2000377","BP","GO:2000377","regulation of reactive oxygen species metabolic process","6/111","168/28891",4.83422938233189e-05,0.00219186017313814,0.0014984487044003,"Lcn2/Cyba/Ier3/Ripk3/Hk2/Acp5",6
"GO:0006123","BP","GO:0006123","mitochondrial electron transport, cytochrome c to oxygen","3/111","19/28891",5.11370582324553e-05,0.00227027231444504,0.00155205457442364,"Cox4i1/Cox5a/Cox7b",3
"GO:1902074","BP","GO:1902074","response to salt","8/111","343/28891",5.55770445608374e-05,0.00241703432569682,0.00165238731841458,"Ly6c1/Ly6g/Ly6a/Fabp4/Mapk13/S100a16/Ppp1r1b/Ly6e",8
"GO:0010389","BP","GO:0010389","regulation of G2/M transition of mitotic cell cycle","5/111","107/28891",5.95110594193674e-05,0.00253636135245344,0.00173396434181904,"Ier3/Ccnd1/Cdk1/Ccnb1/Cenpf",5
"GO:0000028","BP","GO:0000028","ribosomal small subunit assembly","3/111","21/28891",6.97961074115036e-05,0.00291638244890028,0.00199376290314801,"Rps15/Rps14/Rpsa",3
"GO:0044403","BP","GO:0044403","biological process involved in symbiotic interaction","7/111","264/28891",7.43361381801995e-05,0.00304635212426933,0.00208261569314567,"Pglyrp1/Gpx2/Gapdh/Gpx1/Cd74/Ifitm3/Ly6e",7
"GO:0002791","BP","GO:0002791","regulation of peptide secretion","7/111","269/28891",8.35760487399382e-05,0.00336038792197751,0.00229730390180883,"S100a8/S100a9/Cd74/Cd38/Nos2/Nr1h4/Birc5",7
"GO:0090087","BP","GO:0090087","regulation of peptide transport","7/111","271/28891",8.75249230486796e-05,0.00345399279660623,0.00236129616957841,"S100a8/S100a9/Cd74/Cd38/Nos2/Nr1h4/Birc5",7
"GO:0098926","BP","GO:0098926","postsynaptic signal transduction","4/111","61/28891",9.09684908627331e-05,0.00352461552779062,0.00240957686801957,"Ly6c1/Ly6g/Ly6a/Ly6e",4
"GO:0008637","BP","GO:0008637","apoptotic mitochondrial changes","5/111","120/28891",0.000102547726024839,0.00383384568699882,0.00262097973810485,"Gpx1/Ier3/Hk2/Higd1a/Chchd10",5
"GO:1902749","BP","GO:1902749","regulation of cell cycle G2/M phase transition","5/111","120/28891",0.000102547726024839,0.00383384568699882,0.00262097973810485,"Ier3/Ccnd1/Cdk1/Ccnb1/Cenpf",5
"GO:0062014","BP","GO:0062014","negative regulation of small molecule metabolic process","5/111","121/28891",0.000106643104475868,0.0038465477759099,0.00262966342555227,"Nupr1/Ier3/Dbi/Acadl/Ceacam1",5
"GO:0006749","BP","GO:0006749","glutathione metabolic process","4/111","64/28891",0.000109781048663118,0.0038465477759099,0.00262966342555227,"Gpx1/Gstt2/Mgst1/Ethe1",4
"GO:0000302","BP","GO:0000302","response to reactive oxygen species","6/111","195/28891",0.000110107655715863,0.0038465477759099,0.00262966342555227,"Lcn2/Rack1/Gpx1/Prdx6/Mapk13/Ripk3",6
"GO:0001659","BP","GO:0001659","temperature homeostasis","6/111","195/28891",0.000110107655715863,0.0038465477759099,0.00262966342555227,"Gpx2/Lcn2/Plac8/Gpx1/Fabp4/Acadl",6
"GO:0042255","BP","GO:0042255","ribosome assembly","4/111","66/28891",0.000123794327330584,0.0042549308313141,0.00290885142657943,"Rps15/Rps14/Rpsa/Rpl23a",4
"GO:0062012","BP","GO:0062012","regulation of small molecule metabolic process","8/111","389/28891",0.000132821655058048,0.00449274518934446,0.00307143142189372,"Nupr1/Cd74/Ier3/Dbi/Nos2/Nr1h4/Acadl/Ceacam1",8
"GO:0006801","BP","GO:0006801","superoxide metabolic process","4/111","70/28891",0.000155643340202694,0.00518243684331159,0.00354293392829818,"Cyba/Noxo1/Nos2/Acp5",4
"GO:0009636","BP","GO:0009636","response to toxic substance","5/111","136/28891",0.000184482600143839,0.00604819109086956,0.00413480030119957,"Gpx2/Lcn2/Nupr1/Gpx1/Prdx6",5
"GO:0010971","BP","GO:0010971","positive regulation of G2/M transition of mitotic cell cycle","3/111","30/28891",0.000207763670258275,0.00660812509433409,0.00451759496680994,"Ccnd1/Cdk1/Ccnb1",3
"GO:0051984","BP","GO:0051984","positive regulation of chromosome segregation","3/111","30/28891",0.000207763670258275,0.00660812509433409,0.00451759496680994,"Cdk1/Ccnb1/Birc5",3
"GO:0046890","BP","GO:0046890","regulation of lipid biosynthetic process","6/111","222/28891",0.000222620569454692,0.0069765357868816,0.00476945616293025,"C3/Cd74/Dbi/Nr1h4/Acadl/Ceacam1",6
"GO:0009743","BP","GO:0009743","response to carbohydrate","6/111","223/28891",0.00022806932736115,0.00704370632763204,0.00481537679737348,"Reg3g/Rack1/Gpx1/Mapk13/Nr1h4/Birc5",6
"GO:0001516","BP","GO:0001516","prostaglandin biosynthetic process","3/111","32/28891",0.000252404575801351,0.00747490131561543,0.00511016000435266,"Pla2g2a/Cd74/Mif",3
"GO:0046457","BP","GO:0046457","prostanoid biosynthetic process","3/111","32/28891",0.000252404575801351,0.00747490131561543,0.00511016000435266,"Pla2g2a/Cd74/Mif",3
"GO:0042254","BP","GO:0042254","ribosome biogenesis","7/111","322/28891",0.000252554150504135,0.00747490131561543,0.00511016000435266,"Rps8/Rps15/Rps14/Rpsa/Rpl23a/Rps11/Rps12",7
"GO:0046597","BP","GO:0046597","negative regulation of viral entry into host cell","3/111","33/28891",0.000276870187647459,0.00797311310644237,0.00545075874401256,"Cd74/Ifitm3/Ly6e",3
"GO:1902751","BP","GO:1902751","positive regulation of cell cycle G2/M phase transition","3/111","33/28891",0.000276870187647459,0.00797311310644237,0.00545075874401256,"Ccnd1/Cdk1/Ccnb1",3
"GO:0015711","BP","GO:0015711","organic anion transport","8/111","436/28891",0.000287435854294789,0.00806490553724696,0.00551351194820806,"Fabp4/Slc26a3/Nos2/Nr1h4/Slc25a1/Mif/Mgst1/Ceacam1",8
"GO:0002790","BP","GO:0002790","peptide secretion","7/111","329/28891",0.000287626851633397,0.00806490553724696,0.00551351194820806,"S100a8/S100a9/Cd74/Cd38/Nos2/Nr1h4/Birc5",7
"GO:0007093","BP","GO:0007093","mitotic cell cycle checkpoint signaling","5/111","151/28891",0.000299644953091891,0.00829277136414052,0.0056692907051152,"Ier3/Ccnd1/Cdk1/Ccnb1/Birc5",5
"GO:0141060","BP","GO:0141060","disruption of anatomical structure in another organism","5/111","156/28891",0.000348094383019353,0.00951011705402873,0.00650151992036146,"Reg3b/Pglyrp1/Reg3g/Gapdh/Nos2",5
"GO:0034599","BP","GO:0034599","cellular response to oxidative stress","6/111","243/28891",0.00036096129596471,0.00973681673038983,0.00665650144723729,"Reg3b/Lcn2/Rack1/Mapk13/Ripk3/Mgst1",6
"GO:0015833","BP","GO:0015833","peptide transport","7/111","343/28891",0.000369519674308194,0.00984308032438453,0.00672914775319133,"S100a8/S100a9/Cd74/Cd38/Nos2/Nr1h4/Birc5",7
"GO:0006633","BP","GO:0006633","fatty acid biosynthetic process","5/111","161/28891",0.000402252279505565,0.0104712160435544,0.00715856800823894,"Pla2g2a/Cd74/Mif/Acadl/Ceacam1",5
"GO:0050878","BP","GO:0050878","regulation of body fluid levels","7/111","348/28891",0.000402928069249865,0.0104712160435544,0.00715856800823894,"Cyba/S100a9/Hsd11b2/Aprt/Ccnd1/Agr2/Ceacam1",7
"GO:0009167","BP","GO:0009167","purine ribonucleoside monophosphate metabolic process","3/111","38/28891",0.000422155877415185,0.0107096925568067,0.00732160068098517,"Gda/Aprt/Ak2",3
"GO:1903901","BP","GO:1903901","negative regulation of viral life cycle","3/111","38/28891",0.000422155877415185,0.0107096925568067,0.00732160068098517,"Cd74/Ifitm3/Ly6e",3
"GO:0042542","BP","GO:0042542","response to hydrogen peroxide","4/111","92/28891",0.000444550678189231,0.0110735619537229,0.00757035725453953,"Lcn2/Gpx1/Mapk13/Ripk3",4
"GO:2001234","BP","GO:2001234","negative regulation of apoptotic signaling pathway","6/111","253/28891",0.00044689175411552,0.0110735619537229,0.00757035725453953,"Rack1/Gpx1/Cd74/Ier3/Mif/Higd1a",6
"GO:0045922","BP","GO:0045922","negative regulation of fatty acid metabolic process","3/111","39/28891",0.000456060475568311,0.0111708606142077,0.00763687475119834,"Dbi/Acadl/Ceacam1",3
"GO:0042180","BP","GO:0042180","cellular ketone metabolic process","6/111","255/28891",0.000465845721801122,0.0112808776495249,0.00771208706905207,"Cd74/Dbi/Hsd11b2/Nr1h4/Acadl/Ceacam1",6
"GO:0050729","BP","GO:0050729","positive regulation of inflammatory response","5/111","167/28891",0.000475377193526014,0.0113823460607184,0.00778145518438798,"S100a8/Nupr1/C3/S100a9/Fabp4",5
"GO:0031400","BP","GO:0031400","negative regulation of protein modification process","8/111","473/28891",0.000493246791227966,0.0116789879122977,0.00798425215274275,"Rack1/Fabp4/Ppp1r14d/Dbi/Ppp1r1b/Ccnb1/Mvp/Ceacam1",8
"GO:0071322","BP","GO:0071322","cellular response to carbohydrate stimulus","5/111","169/28891",0.000501845626289929,0.0117520113145477,0.00803417405188273,"Rack1/Gpx1/Mapk13/Nr1h4/Birc5",5
"GO:0009126","BP","GO:0009126","purine nucleoside monophosphate metabolic process","3/111","41/28891",0.000529001064322304,0.0121215190115143,0.00828678520681459,"Gda/Aprt/Ak2",3
"GO:0032692","BP","GO:0032692","negative regulation of interleukin-1 production","3/111","41/28891",0.000529001064322304,0.0121215190115143,0.00828678520681459,"Nr1h4/Acp5/Ceacam1",3
"GO:1901992","BP","GO:1901992","positive regulation of mitotic cell cycle phase transition","4/111","97/28891",0.000543209612973969,0.0121940102669654,0.00833634330780219,"Ccnd1/Cdk1/Ccnb1/Birc5",4
"GO:0010565","BP","GO:0010565","regulation of cellular ketone metabolic process","5/111","172/28891",0.000543609092145338,0.0121940102669654,0.00833634330780219,"Cd74/Dbi/Nr1h4/Acadl/Ceacam1",5
"GO:0030856","BP","GO:0030856","regulation of epithelial cell differentiation","5/111","173/28891",0.00055809429453254,0.0122608138314314,0.00838201306167157,"Reg3b/Dmbt1/Reg3g/Ccnd1/Ceacam1",5
"GO:0032675","BP","GO:0032675","regulation of interleukin-6 production","5/111","173/28891",0.00055809429453254,0.0122608138314314,0.00838201306167157,"Cyba/Cd74/Mapk13/Nos2/Nr1h4",5
"GO:0001678","BP","GO:0001678","intracellular glucose homeostasis","5/111","176/28891",0.00060329331851984,0.013109144098748,0.00896196766166971,"Rack1/Gpx1/Hk2/Nr1h4/Birc5",5
"GO:0006636","BP","GO:0006636","unsaturated fatty acid biosynthetic process","3/111","43/28891",0.00060901232556361,0.013109144098748,0.00896196766166971,"Pla2g2a/Cd74/Mif",3
"GO:2001235","BP","GO:2001235","positive regulation of apoptotic signaling pathway","5/111","177/28891",0.000618953118723724,0.0131898909600026,0.00901716964540668,"S100a8/Nupr1/S100a9/Rack1/Ripk3",5
"GO:0120162","BP","GO:0120162","positive regulation of cold-induced thermogenesis","4/111","101/28891",0.00063262866152419,0.013347838393149,0.00912514921885856,"Lcn2/Plac8/Fabp4/Acadl",4
"GO:0015718","BP","GO:0015718","monocarboxylic acid transport","5/111","180/28891",0.000667765095197734,0.013951053116337,0.00953753242263843,"Fabp4/Nos2/Nr1h4/Mif/Ceacam1",5
"GO:0042771","BP","GO:0042771","intrinsic apoptotic signaling pathway in response to DNA damage by p53 class mediator","3/111","45/28891",0.000696362413332302,0.0141973480034871,0.0097059100678338,"Nupr1/Cd74/Mif",3
"GO:0032635","BP","GO:0032635","interleukin-6 production","5/111","182/28891",0.000701871201284886,0.0141973480034871,0.0097059100678338,"Cyba/Cd74/Mapk13/Nos2/Nr1h4",5
"GO:1901991","BP","GO:1901991","negative regulation of mitotic cell cycle phase transition","5/111","182/28891",0.000701871201284886,0.0141973480034871,0.0097059100678338,"Ier3/Ccnd1/Cdk1/Ccnb1/Birc5",5
"GO:0006096","BP","GO:0006096","glycolytic process","4/111","104/28891",0.000706203138606115,0.0141973480034871,0.0097059100678338,"Gapdh/Nupr1/Ier3/Hk2",4
"GO:0042554","BP","GO:0042554","superoxide anion generation","3/111","46/28891",0.000742871332592829,0.014794942147246,0.0101144508048055,"Cyba/Noxo1/Acp5",3
"GO:0010639","BP","GO:0010639","negative regulation of organelle organization","7/111","387/28891",0.000754878568130078,0.0148948724878259,0.0101827674297469,"Nupr1/Gpx1/Ier3/Capg/Higd1a/Ccnb1/Birc5",7
"GO:0042770","BP","GO:0042770","signal transduction in response to DNA damage","5/111","187/28891",0.000792835253190672,0.0155002928857736,0.0105966585264692,"Cd74/Ier3/Ccnd1/Mif/Cdk1",5
"GO:0001906","BP","GO:0001906","cell killing","6/111","286/28891",0.000848105268581436,0.0164301120667913,0.0112323224087723,"Pglyrp1/Gapdh/C3/Ripk3/Nos2/Ceacam1",6
"GO:2001243","BP","GO:2001243","negative regulation of intrinsic apoptotic signaling pathway","4/111","110/28891",0.000871185284068881,0.016725187750908,0.0114340486785332,"Rack1/Gpx1/Cd74/Mif",4
"GO:0019216","BP","GO:0019216","regulation of lipid metabolic process","7/111","398/28891",0.00088883245124222,0.0168443084435244,0.0115154846431563,"C3/Cd74/Dbi/Golm1/Nr1h4/Acadl/Ceacam1",7
"GO:0030890","BP","GO:0030890","positive regulation of B cell proliferation","3/111","49/28891",0.000894115599578203,0.0168443084435244,0.0115154846431563,"Cd74/Cd38/Mif",3
"GO:0019217","BP","GO:0019217","regulation of fatty acid metabolic process","4/111","111/28891",0.000901103314200742,0.0168443084435244,0.0115154846431563,"Cd74/Dbi/Acadl/Ceacam1",4
"GO:0032496","BP","GO:0032496","response to lipopolysaccharide","7/111","401/28891",0.000928440490128538,0.0170030687731952,0.0116240199471966,"S100a8/S100a9/Nos2/Nr1h4/Acp5/Mif/Mgst1",7
"GO:0045617","BP","GO:0045617","negative regulation of keratinocyte differentiation","2/111","12/28891",0.00094151202028955,0.0170030687731952,0.0116240199471966,"Reg3b/Reg3g",2
"GO:0106015","BP","GO:0106015","negative regulation of inflammatory response to wounding","2/111","12/28891",0.00094151202028955,0.0170030687731952,0.0116240199471966,"Reg3b/Reg3g",2
"GO:1902166","BP","GO:1902166","negative regulation of intrinsic apoptotic signaling pathway in response to DNA damage by p53 class mediator","2/111","12/28891",0.00094151202028955,0.0170030687731952,0.0116240199471966,"Cd74/Mif",2
"GO:0008630","BP","GO:0008630","intrinsic apoptotic signaling pathway in response to DNA damage","4/111","113/28891",0.000963098969794184,0.0171030325385951,0.0116923594227645,"Nupr1/Cd74/Ier3/Mif",4
"GO:0032755","BP","GO:0032755","positive regulation of interleukin-6 production","4/111","113/28891",0.000963098969794184,0.0171030325385951,0.0116923594227645,"Cyba/Cd74/Mapk13/Nos2",4
"GO:0006641","BP","GO:0006641","triglyceride metabolic process","4/111","114/28891",0.000995195373062136,0.0175269532231026,0.0119821696069421,"C3/Gpx1/Dbi/Nr1h4",4
"GO:0042304","BP","GO:0042304","regulation of fatty acid biosynthetic process","3/111","52/28891",0.00106358392931988,0.0185417306821943,0.0126759145763822,"Cd74/Acadl/Ceacam1",3
"GO:0007589","BP","GO:0007589","body fluid secretion","4/111","117/28891",0.0010959915479625,0.0185417306821943,0.0126759145763822,"Cyba/Aprt/Ccnd1/Agr2",4
"GO:0006122","BP","GO:0006122","mitochondrial electron transport, ubiquinol to cytochrome c","2/111","13/28891",0.00110990529762339,0.0185417306821943,0.0126759145763822,"Uqcrc1/Uqcrq",2
"GO:0033539","BP","GO:0033539","fatty acid beta-oxidation using acyl-CoA dehydrogenase","2/111","13/28891",0.00110990529762339,0.0185417306821943,0.0126759145763822,"Etfb/Acadl",2
"GO:0051987","BP","GO:0051987","positive regulation of attachment of spindle microtubules to kinetochore","2/111","13/28891",0.00110990529762339,0.0185417306821943,0.0126759145763822,"Ccnb1/Birc5",2
"GO:0009161","BP","GO:0009161","ribonucleoside monophosphate metabolic process","3/111","53/28891",0.0011242630923303,0.0185417306821943,0.0126759145763822,"Gda/Aprt/Ak2",3
"GO:0046456","BP","GO:0046456","icosanoid biosynthetic process","3/111","53/28891",0.0011242630923303,0.0185417306821943,0.0126759145763822,"Pla2g2a/Cd74/Mif",3
"GO:0046596","BP","GO:0046596","regulation of viral entry into host cell","3/111","53/28891",0.0011242630923303,0.0185417306821943,0.0126759145763822,"Cd74/Ifitm3/Ly6e",3
"GO:0045833","BP","GO:0045833","negative regulation of lipid metabolic process","4/111","118/28891",0.00113112388019017,0.0185417306821943,0.0126759145763822,"Dbi/Nr1h4/Acadl/Ceacam1",4
"GO:0000075","BP","GO:0000075","cell cycle checkpoint signaling","5/111","204/28891",0.00116884492971627,0.0188697617062529,0.0129001705161668,"Ier3/Ccnd1/Cdk1/Ccnb1/Birc5",5
"GO:0009749","BP","GO:0009749","response to glucose","5/111","204/28891",0.00116884492971627,0.0188697617062529,0.0129001705161668,"Reg3g/Rack1/Gpx1/Nr1h4/Birc5",5
"GO:0010823","BP","GO:0010823","negative regulation of mitochondrion organization","3/111","54/28891",0.00118708567169135,0.019020147115596,0.0130029803689816,"Gpx1/Ier3/Higd1a",3
"GO:1901989","BP","GO:1901989","positive regulation of cell cycle phase transition","4/111","120/28891",0.00120374523457186,0.0191431424990496,0.0130870652368221,"Ccnd1/Cdk1/Ccnb1/Birc5",4
"GO:0002237","BP","GO:0002237","response to molecule of bacterial origin","7/111","421/28891",0.00122941775516257,0.0194065869351958,0.0132671670420662,"S100a8/S100a9/Nos2/Nr1h4/Acp5/Mif/Mgst1",7
"GO:0009746","BP","GO:0009746","response to hexose","5/111","207/28891",0.00124690216204862,0.0195378566715119,0.0133569086089419,"Reg3g/Rack1/Gpx1/Nr1h4/Birc5",5
"GO:0034284","BP","GO:0034284","response to monosaccharide","5/111","208/28891",0.00127375829625916,0.0196606483309522,0.0134408542023946,"Reg3g/Rack1/Gpx1/Nr1h4/Birc5",5
"GO:0006002","BP","GO:0006002","fructose 6-phosphate metabolic process","2/111","14/28891",0.00129164278101047,0.0196606483309522,0.0134408542023946,"Fbp2/Hk2",2
"GO:0006957","BP","GO:0006957","complement activation, alternative pathway","2/111","14/28891",0.00129164278101047,0.0196606483309522,0.0134408542023946,"C3/Cfd",2
"GO:0106014","BP","GO:0106014","regulation of inflammatory response to wounding","2/111","14/28891",0.00129164278101047,0.0196606483309522,0.0134408542023946,"Reg3b/Reg3g",2
"GO:0033674","BP","GO:0033674","positive regulation of kinase activity","7/111","426/28891",0.00131544976807752,0.0198810174168312,0.0135915078687517,"Cd74/Ripk3/Ccnd1/Mif/Higd1a/Ccnb1/Ceacam1",7
"GO:0043281","BP","GO:0043281","regulation of cysteine-type endopeptidase activity involved in apoptotic process","5/111","212/28891",0.00138547818819293,0.0204090556441215,0.0139524972271304,"S100a8/S100a9/Rack1/Gpx1/Birc5",5
"GO:0010563","BP","GO:0010563","negative regulation of phosphorus metabolic process","7/111","430/28891",0.00138761388382553,0.0204090556441215,0.0139524972271304,"Rack1/Fabp4/Ppp1r14d/Ppp1r1b/Ccnb1/Mvp/Ceacam1",7
"GO:0045936","BP","GO:0045936","negative regulation of phosphate metabolic process","7/111","430/28891",0.00138761388382553,0.0204090556441215,0.0139524972271304,"Rack1/Fabp4/Ppp1r14d/Ppp1r1b/Ccnb1/Mvp/Ceacam1",7
"GO:0006693","BP","GO:0006693","prostaglandin metabolic process","3/111","57/28891",0.00138869688803267,0.0204090556441215,0.0139524972271304,"Pla2g2a/Cd74/Mif",3
"GO:0062197","BP","GO:0062197","cellular response to chemical stress","6/111","316/28891",0.00141387811324103,0.0204386452416106,0.0139727259326677,"Reg3b/Lcn2/Rack1/Mapk13/Ripk3/Mgst1",6
"GO:0042886","BP","GO:0042886","amide transport","7/111","432/28891",0.00142483886637377,0.0204386452416106,0.0139727259326677,"S100a8/S100a9/Cd74/Cd38/Nos2/Nr1h4/Birc5",7
"GO:0048145","BP","GO:0048145","regulation of fibroblast proliferation","4/111","126/28891",0.00144113694573015,0.0204386452416106,0.0139727259326677,"Nupr1/Cd74/Mif/Ccnb1",4
"GO:0006692","BP","GO:0006692","prostanoid metabolic process","3/111","58/28891",0.00146037405324108,0.0204386452416106,0.0139727259326677,"Pla2g2a/Cd74/Mif",3
"GO:0033047","BP","GO:0033047","regulation of mitotic sister chromatid segregation","3/111","58/28891",0.00146037405324108,0.0204386452416106,0.0139727259326677,"Cdk1/Ccnb1/Birc5",3
"GO:0042743","BP","GO:0042743","hydrogen peroxide metabolic process","3/111","58/28891",0.00146037405324108,0.0204386452416106,0.0139727259326677,"Cyba/Gpx1/Prdx6",3
"GO:0052372","BP","GO:0052372","modulation by symbiont of entry into host","3/111","58/28891",0.00146037405324108,0.0204386452416106,0.0139727259326677,"Cd74/Ifitm3/Ly6e",3
"GO:0010838","BP","GO:0010838","positive regulation of keratinocyte proliferation","2/111","15/28891",0.00148662131039401,0.0204386452416106,0.0139727259326677,"Reg3g/Lrg1",2
"GO:0043518","BP","GO:0043518","negative regulation of DNA damage response, signal transduction by p53 class mediator","2/111","15/28891",0.00148662131039401,0.0204386452416106,0.0139727259326677,"Cd74/Mif",2
"GO:2000343","BP","GO:2000343","positive regulation of chemokine (C-X-C motif) ligand 2 production","2/111","15/28891",0.00148662131039401,0.0204386452416106,0.0139727259326677,"Cd74/Mif",2
"GO:0022613","BP","GO:0022613","ribonucleoprotein complex biogenesis","7/111","440/28891",0.00158161762345805,0.0215860962975687,0.0147571722076786,"Rps8/Rps15/Rps14/Rpsa/Rpl23a/Rps11/Rps12",7
"GO:0045927","BP","GO:0045927","positive regulation of growth","6/111","324/28891",0.00160463890459307,0.0215860962975687,0.0147571722076786,"Cyba/C3/Cd38/Cdk1/Ccnb1/Agr2",6
"GO:0030857","BP","GO:0030857","negative regulation of epithelial cell differentiation","3/111","60/28891",0.00161060033379325,0.0215860962975687,0.0147571722076786,"Reg3b/Reg3g/Ccnd1",3
"GO:0046902","BP","GO:0046902","regulation of mitochondrial membrane permeability","3/111","60/28891",0.00161060033379325,0.0215860962975687,0.0147571722076786,"Ier3/Hk2/Chchd10",3
"GO:0001977","BP","GO:0001977","renal system process involved in regulation of blood volume","2/111","16/28891",0.00169473830899306,0.0222116156827529,0.0151848038256959,"Cyba/Hsd11b2",2
"GO:1902165","BP","GO:1902165","regulation of intrinsic apoptotic signaling pathway in response to DNA damage by p53 class mediator","2/111","16/28891",0.00169473830899306,0.0222116156827529,0.0151848038256959,"Cd74/Mif",2
"GO:0010631","BP","GO:0010631","epithelial cell migration","6/111","328/28891",0.00170707028991427,0.0222116156827529,0.0151848038256959,"Lcn2/Lrg1/S100a9/Gpx1/Fgfbp1/Ceacam1",6
"GO:0045931","BP","GO:0045931","positive regulation of mitotic cell cycle","4/111","132/28891",0.00170938759829727,0.0222116156827529,0.0151848038256959,"Ccnd1/Cdk1/Ccnb1/Birc5",4
"GO:0051983","BP","GO:0051983","regulation of chromosome segregation","4/111","132/28891",0.00170938759829727,0.0222116156827529,0.0151848038256959,"Cdk1/Mki67/Ccnb1/Birc5",4
"GO:0090132","BP","GO:0090132","epithelium migration","6/111","330/28891",0.00176011350658007,0.0227242093905567,0.0155352346546126,"Lcn2/Lrg1/S100a9/Gpx1/Fgfbp1/Ceacam1",6
"GO:0070301","BP","GO:0070301","cellular response to hydrogen peroxide","3/111","62/28891",0.0017701636597055,0.0227242093905567,0.0155352346546126,"Lcn2/Mapk13/Ripk3",3
"GO:0060326","BP","GO:0060326","cell chemotaxis","6/111","331/28891",0.00178710017221811,0.022804254293394,0.0155899567497628,"Saa3/S100a8/S100a9/Cd74/Mif/Agr2",6
"GO:0050829","BP","GO:0050829","defense response to Gram-negative bacterium","4/111","134/28891",0.00180600863285733,0.0228786178318702,0.0156407948229437,"Reg3b/Lypd8/Dmbt1/Reg3g",4
"GO:0090130","BP","GO:0090130","tissue migration","6/111","332/28891",0.00181440000637544,0.0228786178318702,0.0156407948229437,"Lcn2/Lrg1/S100a9/Gpx1/Fgfbp1/Ceacam1",6
"GO:0042058","BP","GO:0042058","regulation of epidermal growth factor receptor signaling pathway","3/111","63/28891",0.00185351065028021,0.0232343011514537,0.0158839550463641,"Agr2/Mvp/Ceacam1",3
"GO:0072330","BP","GO:0072330","monocarboxylic acid biosynthetic process","5/111","227/28891",0.00186960485269089,0.0232989938075105,0.0159281816935931,"Pla2g2a/Cd74/Mif/Acadl/Ceacam1",5
"GO:0006090","BP","GO:0006090","pyruvate metabolic process","4/111","137/28891",0.0019579476966075,0.0242580612876197,0.0165838409553536,"Gapdh/Nupr1/Ier3/Hk2",4
"GO:0043542","BP","GO:0043542","endothelial cell migration","5/111","231/28891",0.00201731579238453,0.0246323012448852,0.0168396872844086,"Lcn2/S100a9/Gpx1/Fgfbp1/Ceacam1",5
"GO:0050873","BP","GO:0050873","brown fat cell differentiation","3/111","65/28891",0.00202745974600024,0.0246323012448852,0.0168396872844086,"Lrg1/Plac8/Fabp4",3
"GO:0006935","BP","GO:0006935","chemotaxis","7/111","462/28891",0.00208278777534572,0.0246323012448852,0.0168396872844086,"Saa3/S100a8/S100a9/Cd74/Ecscr/Mif/Agr2",7
"GO:0009123","BP","GO:0009123","nucleoside monophosphate metabolic process","3/111","66/28891",0.0021181104802226,0.0246323012448852,0.0168396872844086,"Gda/Aprt/Ak2",3
"GO:0051055","BP","GO:0051055","negative regulation of lipid biosynthetic process","3/111","66/28891",0.0021181104802226,0.0246323012448852,0.0168396872844086,"Nr1h4/Acadl/Ceacam1",3
"GO:0033559","BP","GO:0033559","unsaturated fatty acid metabolic process","4/111","140/28891",0.00211851564957549,0.0246323012448852,0.0168396872844086,"Pla2g2a/Gpx1/Cd74/Mif",4
"GO:0042330","BP","GO:0042330","taxis","7/111","464/28891",0.00213381647235133,0.0246323012448852,0.0168396872844086,"Saa3/S100a8/S100a9/Cd74/Ecscr/Mif/Agr2",7
"GO:1901990","BP","GO:1901990","regulation of mitotic cell cycle phase transition","6/111","343/28891",0.00213604473079362,0.0246323012448852,0.0168396872844086,"Ier3/Ccnd1/Cdk1/Ccnb1/Birc5/Cenpf",6
"GO:0002862","BP","GO:0002862","negative regulation of inflammatory response to antigenic stimulus","2/111","18/28891",0.00214998030574784,0.0246323012448852,0.0168396872844086,"Gpx2/Gpx1",2
"GO:0045605","BP","GO:0045605","negative regulation of epidermal cell differentiation","2/111","18/28891",0.00214998030574784,0.0246323012448852,0.0168396872844086,"Reg3b/Reg3g",2
"GO:0045683","BP","GO:0045683","negative regulation of epidermis development","2/111","18/28891",0.00214998030574784,0.0246323012448852,0.0168396872844086,"Reg3b/Reg3g",2
"GO:0045779","BP","GO:0045779","negative regulation of bone resorption","2/111","18/28891",0.00214998030574784,0.0246323012448852,0.0168396872844086,"Cd38/Ceacam1",2
"GO:0046322","BP","GO:0046322","negative regulation of fatty acid oxidation","2/111","18/28891",0.00214998030574784,0.0246323012448852,0.0168396872844086,"Dbi/Acadl",2
"GO:0070206","BP","GO:0070206","protein trimerization","2/111","18/28891",0.00214998030574784,0.0246323012448852,0.0168396872844086,"Cd74/Mif",2
"GO:0050679","BP","GO:0050679","positive regulation of epithelial cell proliferation","5/111","235/28891",0.00217338577838232,0.0247672999664852,0.0169319781439974,"Reg3g/Lrg1/Cyba/Fgfbp1/Ccnd1",5
"GO:0002861","BP","GO:0002861","regulation of inflammatory response to antigenic stimulus","3/111","67/28891",0.00221124379054774,0.0249320662309906,0.0170446193601674,"Gpx2/C3/Gpx1",3
"GO:0006956","BP","GO:0006956","complement activation","3/111","67/28891",0.00221124379054774,0.0249320662309906,0.0170446193601674,"Igha/C3/Cfd",3
"GO:0009410","BP","GO:0009410","response to xenobiotic stimulus","6/111","346/28891",0.00223080904505217,0.0250202846052957,0.0171049291875469,"Lcn2/Gpx1/Cd38/Nos2/Nr1h4/Mgst1",6
"GO:0043903","BP","GO:0043903","regulation of biological process involved in symbiotic interaction","3/111","68/28891",0.00230688304487258,0.0257380511446255,0.0175956248779479,"Cd74/Ifitm3/Ly6e",3
"GO:0002697","BP","GO:0002697","regulation of immune effector process","7/111","473/28891",0.00237554219860118,0.0258945694155693,0.0177026274154204,"Pglyrp1/C3/Cd74/Ripk3/Acp5/Mif/Ceacam1",7
"GO:2000116","BP","GO:2000116","regulation of cysteine-type endopeptidase activity","5/111","240/28891",0.002380647253965,0.0258945694155693,0.0177026274154204,"S100a8/S100a9/Rack1/Gpx1/Birc5",5
"GO:0045717","BP","GO:0045717","negative regulation of fatty acid biosynthetic process","2/111","19/28891",0.00239690304074965,0.0258945694155693,0.0177026274154204,"Acadl/Ceacam1",2
"GO:0070486","BP","GO:0070486","leukocyte aggregation","2/111","19/28891",0.00239690304074965,0.0258945694155693,0.0177026274154204,"S100a8/S100a9",2
"GO:0061082","BP","GO:0061082","myeloid leukocyte cytokine production","3/111","69/28891",0.00240505123798214,0.0258945694155693,0.0177026274154204,"Cd74/Acp5/Mif",3
"GO:1901184","BP","GO:1901184","regulation of ERBB signaling pathway","3/111","69/28891",0.00240505123798214,0.0258945694155693,0.0177026274154204,"Agr2/Mvp/Ceacam1",3
"GO:0034614","BP","GO:0034614","cellular response to reactive oxygen species","4/111","145/28891",0.00240597125494262,0.0258945694155693,0.0177026274154204,"Lcn2/Rack1/Mapk13/Ripk3",4
"GO:0044282","BP","GO:0044282","small molecule catabolic process","6/111","353/28891",0.00246425643574467,0.0263885952993562,0.018040364491249,"Gapdh/Dbi/Etfb/Gda/Nos2/Acadl",6
"GO:0045930","BP","GO:0045930","negative regulation of mitotic cell cycle","5/111","243/28891",0.00251170394724144,0.0267622055578575,0.018295780331485,"Ier3/Ccnd1/Cdk1/Ccnb1/Birc5",5
"GO:0006690","BP","GO:0006690","icosanoid metabolic process","4/111","147/28891",0.00252810888090678,0.0268029852000615,0.0183236590268394,"Pla2g2a/Gpx1/Cd74/Mif",4
"GO:0010821","BP","GO:0010821","regulation of mitochondrion organization","4/111","148/28891",0.00259074682322074,0.0273310964370465,0.0186846982977462,"Gpx1/Ier3/Higd1a/Chchd10",4
"GO:0033599","BP","GO:0033599","regulation of mammary gland epithelial cell proliferation","2/111","20/28891",0.00265655971293932,0.0274812075158917,0.0187873206065816,"Gpx1/Ccnd1",2
"GO:0035795","BP","GO:0035795","negative regulation of mitochondrial membrane permeability","2/111","20/28891",0.00265655971293932,0.0274812075158917,0.0187873206065816,"Ier3/Hk2",2
"GO:0046851","BP","GO:0046851","negative regulation of bone remodeling","2/111","20/28891",0.00265655971293932,0.0274812075158917,0.0187873206065816,"Cd38/Ceacam1",2
"GO:0061469","BP","GO:0061469","regulation of type B pancreatic cell proliferation","2/111","20/28891",0.00265655971293932,0.0274812075158917,0.0187873206065816,"Nupr1/Birc5",2
"GO:0052548","BP","GO:0052548","regulation of endopeptidase activity","6/111","360/28891",0.00271564694930428,0.0277254870264369,0.0189543204547352,"S100a8/Gapdh/S100a9/Rack1/Gpx1/Birc5",6
"GO:0006639","BP","GO:0006639","acylglycerol metabolic process","4/111","150/28891",0.00271920543806913,0.0277254870264369,0.0189543204547352,"C3/Gpx1/Dbi/Nr1h4",4
"GO:0120161","BP","GO:0120161","regulation of cold-induced thermogenesis","4/111","150/28891",0.00271920543806913,0.0277254870264369,0.0189543204547352,"Lcn2/Plac8/Fabp4/Acadl",4
"GO:0046942","BP","GO:0046942","carboxylic acid transport","6/111","362/28891",0.00279088702552192,0.0281143273361687,0.0192201482048248,"Fabp4/Nos2/Nr1h4/Slc25a1/Mif/Ceacam1",6
"GO:0030888","BP","GO:0030888","regulation of B cell proliferation","3/111","73/28891",0.00282346040528476,0.0281143273361687,0.0192201482048248,"Cd74/Cd38/Mif",3
"GO:0090559","BP","GO:0090559","regulation of membrane permeability","3/111","73/28891",0.00282346040528476,0.0281143273361687,0.0192201482048248,"Ier3/Hk2/Chchd10",3
"GO:0006638","BP","GO:0006638","neutral lipid metabolic process","4/111","152/28891",0.00285196667376935,0.0281143273361687,0.0192201482048248,"C3/Gpx1/Dbi/Nr1h4",4
"GO:0048732","BP","GO:0048732","gland development","7/111","489/28891",0.00285694133417489,0.0281143273361687,0.0192201482048248,"Gpx1/Ripk3/Aprt/Ccnd1/Ly6e/Mki67/Ceacam1",7
"GO:0015849","BP","GO:0015849","organic acid transport","6/111","364/28891",0.00286768100743779,0.0281143273361687,0.0192201482048248,"Fabp4/Nos2/Nr1h4/Slc25a1/Mif/Ceacam1",6
"GO:0001936","BP","GO:0001936","regulation of endothelial cell proliferation","4/111","153/28891",0.00291998278748159,0.0281143273361687,0.0192201482048248,"Pla2g2a/Lrg1/Cyba/Fgfbp1",4
"GO:0002793","BP","GO:0002793","positive regulation of peptide secretion","4/111","153/28891",0.00291998278748159,0.0281143273361687,0.0192201482048248,"S100a8/S100a9/Cd38/Nr1h4",4
"GO:0072331","BP","GO:0072331","signal transduction by p53 class mediator","4/111","153/28891",0.00291998278748159,0.0281143273361687,0.0192201482048248,"Rps15/Nupr1/Cd74/Mif",4
"GO:0019886","BP","GO:0019886","antigen processing and presentation of exogenous peptide antigen via MHC class II","2/111","21/28891",0.00292885061878435,0.0281143273361687,0.0192201482048248,"Cd74/H2-Eb1",2
"GO:0032310","BP","GO:0032310","prostaglandin secretion","2/111","21/28891",0.00292885061878435,0.0281143273361687,0.0192201482048248,"Nos2/Mif",2
"GO:0035821","BP","GO:0035821","modulation of process of another organism","2/111","21/28891",0.00292885061878435,0.0281143273361687,0.0192201482048248,"S100a9/Nos2",2
"GO:0051988","BP","GO:0051988","regulation of attachment of spindle microtubules to kinetochore","2/111","21/28891",0.00292885061878435,0.0281143273361687,0.0192201482048248,"Ccnb1/Birc5",2
"GO:0106106","BP","GO:0106106","cold-induced thermogenesis","4/111","154/28891",0.00298910091465567,0.0285640091889293,0.0195275698177175,"Lcn2/Plac8/Fabp4/Acadl",4
"GO:0042176","BP","GO:0042176","regulation of protein catabolic process","6/111","369/28891",0.00306659561597965,0.028915554237401,0.0197679009432503,"Nupr1/Rack1/Gpx1/Ier3/Nos2/Ecscr",6
"GO:0045860","BP","GO:0045860","positive regulation of protein kinase activity","6/111","369/28891",0.00306659561597965,0.028915554237401,0.0197679009432503,"Ripk3/Ccnd1/Mif/Higd1a/Ccnb1/Ceacam1",6
"GO:0051402","BP","GO:0051402","neuron apoptotic process","6/111","369/28891",0.00306659561597965,0.028915554237401,0.0197679009432503,"Lcn2/Gapdh/Nupr1/Gpx1/Ccnd1/Birc5",6
"GO:1901657","BP","GO:1901657","glycosyl compound metabolic process","3/111","76/28891",0.00316489348410658,0.0291418931024257,0.0199226358041726,"Gda/Aprt/Fuca1",3
"GO:0009151","BP","GO:0009151","purine deoxyribonucleotide metabolic process","2/111","22/28891",0.00321367662086816,0.0291418931024257,0.0199226358041726,"Gda/Ak2",2
"GO:0032515","BP","GO:0032515","negative regulation of phosphoprotein phosphatase activity","2/111","22/28891",0.00321367662086816,0.0291418931024257,0.0199226358041726,"Ppp1r14d/Ppp1r1b",2
"GO:0045820","BP","GO:0045820","negative regulation of glycolytic process","2/111","22/28891",0.00321367662086816,0.0291418931024257,0.0199226358041726,"Nupr1/Ier3",2
"GO:0090201","BP","GO:0090201","negative regulation of release of cytochrome c from mitochondria","2/111","22/28891",0.00321367662086816,0.0291418931024257,0.0199226358041726,"Gpx1/Higd1a",2
"GO:0090266","BP","GO:0090266","regulation of mitotic cell cycle spindle assembly checkpoint","2/111","22/28891",0.00321367662086816,0.0291418931024257,0.0199226358041726,"Ccnb1/Birc5",2
"GO:1902254","BP","GO:1902254","negative regulation of intrinsic apoptotic signaling pathway by p53 class mediator","2/111","22/28891",0.00321367662086816,0.0291418931024257,0.0199226358041726,"Cd74/Mif",2
"GO:1903504","BP","GO:1903504","regulation of mitotic spindle checkpoint","2/111","22/28891",0.00321367662086816,0.0291418931024257,0.0199226358041726,"Ccnb1/Birc5",2
"GO:1905709","BP","GO:1905709","negative regulation of membrane permeability","2/111","22/28891",0.00321367662086816,0.0291418931024257,0.0199226358041726,"Ier3/Hk2",2
"GO:0007249","BP","GO:0007249","canonical NF-kappaB signal transduction","5/111","258/28891",0.00324684030281376,0.0293178673105767,0.0200429392466291,"Saa3/Gapdh/Cd74/Ripk3/Nr1h4",5
"GO:0071333","BP","GO:0071333","cellular response to glucose stimulus","4/111","158/28891",0.00327676760933845,0.0294049099318097,0.0201024452792732,"Rack1/Gpx1/Nr1h4/Birc5",4
"GO:0006635","BP","GO:0006635","fatty acid beta-oxidation","3/111","77/28891",0.00328407722373098,0.0294049099318097,0.0201024452792732,"Dbi/Etfb/Acadl",3
"GO:0051701","BP","GO:0051701","biological process involved in interaction with host","4/111","159/28891",0.00335152607321326,0.0298832722260144,0.0204294740600183,"Pglyrp1/Cd74/Ifitm3/Ly6e",4
"GO:0006919","BP","GO:0006919","activation of cysteine-type endopeptidase activity involved in apoptotic process","3/111","78/28891",0.00340598056196178,0.0302422690730856,0.0206748995515575,"S100a8/S100a9/Rack1",3
"GO:0071331","BP","GO:0071331","cellular response to hexose stimulus","4/111","160/28891",0.0034274384400905,0.0303065199827089,0.0207188242021631,"Rack1/Gpx1/Nr1h4/Birc5",4
"GO:0043467","BP","GO:0043467","regulation of generation of precursor metabolites and energy","4/111","161/28891",0.00350451324672961,0.0305380053802322,0.0208770774512788,"Nupr1/Ier3/Cdk1/Ccnb1",4
"GO:0071326","BP","GO:0071326","cellular response to monosaccharide stimulus","4/111","161/28891",0.00350451324672961,0.0305380053802322,0.0208770774512788,"Rack1/Gpx1/Nr1h4/Birc5",4
"GO:0006144","BP","GO:0006144","purine nucleobase metabolic process","2/111","23/28891",0.00351093914507597,0.0305380053802322,0.0208770774512788,"Gda/Aprt",2
"GO:0070254","BP","GO:0070254","mucus secretion","2/111","23/28891",0.00351093914507597,0.0305380053802322,0.0208770774512788,"Cyba/Agr2",2
"GO:0048146","BP","GO:0048146","positive regulation of fibroblast proliferation","3/111","79/28891",0.00353062292700596,0.030544762116175,0.0208816966429332,"Cd74/Mif/Ccnb1",3
"GO:0046486","BP","GO:0046486","glycerolipid metabolic process","6/111","380/28891",0.00354038303270541,0.030544762116175,0.0208816966429332,"Pla2g2a/C3/Gpx1/Prdx6/Dbi/Nr1h4",6
"GO:0010921","BP","GO:0010921","regulation of phosphatase activity","3/111","80/28891",0.00365802340644725,0.0314324511255609,0.021488558550607,"Ppp1r14d/Ripk3/Ppp1r1b",3
"GO:0045453","BP","GO:0045453","bone resorption","3/111","81/28891",0.00378820075008661,0.0321801229995197,0.0219996987978638,"Cd38/Acp5/Ceacam1",3
"GO:0046037","BP","GO:0046037","GMP metabolic process","2/111","24/28891",0.00382054017779375,0.0321801229995197,0.0219996987978638,"Gda/Aprt",2
"GO:0090231","BP","GO:0090231","regulation of spindle checkpoint","2/111","24/28891",0.00382054017779375,0.0321801229995197,0.0219996987978638,"Ccnb1/Birc5",2
"GO:1901028","BP","GO:1901028","regulation of mitochondrial outer membrane permeabilization involved in apoptotic signaling pathway","2/111","24/28891",0.00382054017779375,0.0321801229995197,0.0219996987978638,"Ier3/Chchd10",2
"GO:1903428","BP","GO:1903428","positive regulation of reactive oxygen species biosynthetic process","2/111","24/28891",0.00382054017779375,0.0321801229995197,0.0219996987978638,"Lcn2/Cyba",2
"GO:0044773","BP","GO:0044773","mitotic DNA damage checkpoint signaling","3/111","82/28891",0.00392117337276424,0.0328977183360653,0.0224902774467705,"Ier3/Ccnd1/Cdk1",3
"GO:0045444","BP","GO:0045444","fat cell differentiation","5/111","270/28891",0.00393779615799915,0.0329076220105733,0.022497048019281,"Lrg1/Plac8/Gpx1/Fabp4/Ccnd1",5
"GO:0016052","BP","GO:0016052","carbohydrate catabolic process","4/111","167/28891",0.00399184713764053,0.0331653673966497,0.0226732537118541,"Gapdh/Nupr1/Ier3/Hk2",4
"GO:1901988","BP","GO:1901988","negative regulation of cell cycle phase transition","5/111","271/28891",0.00399976509663959,0.0331653673966497,0.0226732537118541,"Ier3/Ccnd1/Cdk1/Ccnb1/Birc5",5
"GO:0002495","BP","GO:0002495","antigen processing and presentation of peptide antigen via MHC class II","2/111","25/28891",0.00414238226311993,0.0342147930337541,0.0233906856473194,"Cd74/H2-Eb1",2
"GO:0070228","BP","GO:0070228","regulation of lymphocyte apoptotic process","3/111","85/28891",0.00433704209777113,0.0354108686220317,0.0242083737177465,"Cd74/Ripk3/Mif",3
"GO:1901796","BP","GO:1901796","regulation of signal transduction by p53 class mediator","3/111","85/28891",0.00433704209777113,0.0354108686220317,0.0242083737177465,"Rps15/Cd74/Mif",3
"GO:2000379","BP","GO:2000379","positive regulation of reactive oxygen species metabolic process","3/111","85/28891",0.00433704209777113,0.0354108686220317,0.0242083737177465,"Lcn2/Cyba/Ripk3",3
"GO:0003084","BP","GO:0003084","positive regulation of systemic arterial blood pressure","2/111","26/28891",0.00447636850009008,0.0357670662184565,0.0244518855226574,"Cyba/Hsd11b2",2
"GO:0010866","BP","GO:0010866","regulation of triglyceride biosynthetic process","2/111","26/28891",0.00447636850009008,0.0357670662184565,0.0244518855226574,"C3/Nr1h4",2
"GO:1902176","BP","GO:1902176","negative regulation of oxidative stress-induced intrinsic apoptotic signaling pathway","2/111","26/28891",0.00447636850009008,0.0357670662184565,0.0244518855226574,"Rack1/Gpx1",2
"GO:1902230","BP","GO:1902230","negative regulation of intrinsic apoptotic signaling pathway in response to DNA damage","2/111","26/28891",0.00447636850009008,0.0357670662184565,0.0244518855226574,"Cd74/Mif",2
"GO:0044774","BP","GO:0044774","mitotic DNA integrity checkpoint signaling","3/111","86/28891",0.00448137338354194,0.0357670662184565,0.0244518855226574,"Ier3/Ccnd1/Cdk1",3
"GO:0072332","BP","GO:0072332","intrinsic apoptotic signaling pathway by p53 class mediator","3/111","86/28891",0.00448137338354194,0.0357670662184565,0.0244518855226574,"Nupr1/Cd74/Mif",3
"GO:1990845","BP","GO:1990845","adaptive thermogenesis","4/111","173/28891",0.0045231418890442,0.0359553183721017,0.0245805826901078,"Lcn2/Plac8/Fabp4/Acadl",4
"GO:0045786","BP","GO:0045786","negative regulation of cell cycle","6/111","400/28891",0.0045387051347233,0.0359553183721017,0.0245805826901078,"Nupr1/Ier3/Ccnd1/Cdk1/Ccnb1/Birc5",6
"GO:1903034","BP","GO:1903034","regulation of response to wounding","4/111","174/28891",0.00461608951912378,0.0364329139453806,0.0249070873078647,"Reg3b/Reg3g/S100a9/Ceacam1",4
"GO:0140694","BP","GO:0140694","non-membrane-bounded organelle assembly","6/111","402/28891",0.00464887181514667,0.0365562577050832,0.0249914103405049,"Rps15/Rps14/Rpsa/Rpl23a/Tubb5/Birc5",6
"GO:0001935","BP","GO:0001935","endothelial cell proliferation","4/111","175/28891",0.00471031540916228,0.036768066435622,0.0251362117843863,"Pla2g2a/Lrg1/Cyba/Fgfbp1",4
"GO:0022618","BP","GO:0022618","protein-RNA complex assembly","4/111","175/28891",0.00471031540916228,0.036768066435622,0.0251362117843863,"Rps15/Rps14/Rpsa/Rpl23a",4
"GO:0002504","BP","GO:0002504","antigen processing and presentation of peptide or polysaccharide antigen via MHC class II","2/111","27/28891",0.00482240253991429,0.0372338399005701,0.025454634306794,"Cd74/H2-Eb1",2
"GO:0002523","BP","GO:0002523","leukocyte migration involved in inflammatory response","2/111","27/28891",0.00482240253991429,0.0372338399005701,0.025454634306794,"S100a8/S100a9",2
"GO:0046473","BP","GO:0046473","phosphatidic acid metabolic process","2/111","27/28891",0.00482240253991429,0.0372338399005701,0.025454634306794,"Pla2g2a/Nr1h4",2
"GO:0050670","BP","GO:0050670","regulation of lymphocyte proliferation","5/111","286/28891",0.00501515365694647,0.0385822831875557,0.0263764874072351,"Cd74/Ripk3/Cd38/Mif/Ceacam1",5
"GO:0002903","BP","GO:0002903","negative regulation of B cell apoptotic process","2/111","28/28891",0.00518038858322739,0.0394264573959199,0.0269536007488222,"Cd74/Mif",2
"GO:0003071","BP","GO:0003071","renal system process involved in regulation of systemic arterial blood pressure","2/111","28/28891",0.00518038858322739,0.0394264573959199,0.0269536007488222,"Cyba/Hsd11b2",2
"GO:0062098","BP","GO:0062098","regulation of programmed necrotic cell death","2/111","28/28891",0.00518038858322739,0.0394264573959199,0.0269536007488222,"Nupr1/Ripk3",2
"GO:0032944","BP","GO:0032944","regulation of mononuclear cell proliferation","5/111","290/28891",0.00531419347939824,0.0403008765288173,0.0275513908053462,"Cd74/Ripk3/Cd38/Mif/Ceacam1",5
"GO:0007059","BP","GO:0007059","chromosome segregation","6/111","416/28891",0.00547611144877944,0.0409257545506455,0.0279785839601341,"Tubb5/Cdk1/Mki67/Ccnb1/Birc5/Cenpf",6
"GO:0071826","BP","GO:0071826","protein-RNA complex organization","4/111","183/28891",0.00551109046825359,0.0409257545506455,0.0279785839601341,"Rps15/Rps14/Rpsa/Rpl23a",4
"GO:0031100","BP","GO:0031100","animal organ regeneration","2/111","29/28891",0.00555023137735174,0.0409257545506455,0.0279785839601341,"Ccnd1/Cdk1",2
"GO:0032928","BP","GO:0032928","regulation of superoxide anion generation","2/111","29/28891",0.00555023137735174,0.0409257545506455,0.0279785839601341,"Cyba/Acp5",2
"GO:0034104","BP","GO:0034104","negative regulation of tissue remodeling","2/111","29/28891",0.00555023137735174,0.0409257545506455,0.0279785839601341,"Cd38/Ceacam1",2
"GO:0046033","BP","GO:0046033","AMP metabolic process","2/111","29/28891",0.00555023137735174,0.0409257545506455,0.0279785839601341,"Aprt/Ak2",2
"GO:0072567","BP","GO:0072567","chemokine (C-X-C motif) ligand 2 production","2/111","29/28891",0.00555023137735174,0.0409257545506455,0.0279785839601341,"Cd74/Mif",2
"GO:2000341","BP","GO:2000341","regulation of chemokine (C-X-C motif) ligand 2 production","2/111","29/28891",0.00555023137735174,0.0409257545506455,0.0279785839601341,"Cd74/Mif",2
"GO:0050871","BP","GO:0050871","positive regulation of B cell activation","3/111","94/28891",0.00574113449295397,0.0418984849468661,0.0286435837716233,"Cd74/Cd38/Mif",3
"GO:0051310","BP","GO:0051310","metaphase chromosome alignment","3/111","94/28891",0.00574113449295397,0.0418984849468661,0.0286435837716233,"Ccnb1/Birc5/Cenpf",3
"GO:1903035","BP","GO:1903035","negative regulation of response to wounding","3/111","94/28891",0.00574113449295397,0.0418984849468661,0.0286435837716233,"Reg3b/Reg3g/Ceacam1",3
"GO:0002260","BP","GO:0002260","lymphocyte homeostasis","3/111","95/28891",0.0059119741107986,0.0424048401235019,0.0289897496756781,"Cd74/Ripk3/Mif",3
"GO:0015732","BP","GO:0015732","prostaglandin transport","2/111","30/28891",0.0059318362135727,0.0424048401235019,0.0289897496756781,"Nos2/Mif",2
"GO:0042744","BP","GO:0042744","hydrogen peroxide catabolic process","2/111","30/28891",0.0059318362135727,0.0424048401235019,0.0289897496756781,"Gpx1/Prdx6",2
"GO:0060045","BP","GO:0060045","positive regulation of cardiac muscle cell proliferation","2/111","30/28891",0.0059318362135727,0.0424048401235019,0.0289897496756781,"Cdk1/Ccnb1",2
"GO:0098869","BP","GO:0098869","cellular oxidant detoxification","2/111","30/28891",0.0059318362135727,0.0424048401235019,0.0289897496756781,"Gpx2/Prdx6",2
"GO:1901658","BP","GO:1901658","glycosyl compound catabolic process","2/111","30/28891",0.0059318362135727,0.0424048401235019,0.0289897496756781,"Gda/Fuca1",2
"GO:0042593","BP","GO:0042593","glucose homeostasis","5/111","298/28891",0.00594981097931819,0.0424048401235019,0.0289897496756781,"Rack1/Gpx1/Hk2/Nr1h4/Birc5",5
"GO:0033500","BP","GO:0033500","carbohydrate homeostasis","5/111","299/28891",0.0060328640139305,0.0428534440456197,0.0292964343694029,"Rack1/Gpx1/Hk2/Nr1h4/Birc5",5
"GO:0006414","BP","GO:0006414","translational elongation","3/111","96/28891",0.00608583318205887,0.0430860814317856,0.0294554751668805,"Rplp1/Rplp2/Rack1",3
"GO:0015721","BP","GO:0015721","bile acid and bile salt transport","2/111","31/28891",0.00632510892442669,0.0443381813090569,0.0303114638206598,"Nr1h4/Ceacam1",2
"GO:0045454","BP","GO:0045454","cell redox homeostasis","2/111","31/28891",0.00632510892442669,0.0443381813090569,0.0303114638206598,"Gpx1/Prdx6",2
"GO:0051450","BP","GO:0051450","myoblast proliferation","2/111","31/28891",0.00632510892442669,0.0443381813090569,0.0303114638206598,"Gpx1/Fgfbp1",2
"GO:0046718","BP","GO:0046718","viral entry into host cell","3/111","99/28891",0.00662566282664114,0.0462927458477779,0.0316476871512384,"Cd74/Ifitm3/Ly6e",3
"GO:0045765","BP","GO:0045765","regulation of angiogenesis","5/111","307/28891",0.00672694129906661,0.0465634285143333,0.0318327373182036,"Lrg1/C3/Hk2/Ecscr/Ceacam1",5
"GO:0007263","BP","GO:0007263","nitric oxide mediated signal transduction","2/111","32/28891",0.00672995588100171,0.0465634285143333,0.0318327373182036,"Gapdh/Nos2",2
"GO:0035308","BP","GO:0035308","negative regulation of protein dephosphorylation","2/111","32/28891",0.00672995588100171,0.0465634285143333,0.0318327373182036,"Ppp1r14d/Ppp1r1b",2
"GO:0061136","BP","GO:0061136","regulation of proteasomal protein catabolic process","4/111","195/28891",0.00687527565534057,0.0474149269305203,0.0324148577993233,"Nupr1/Rack1/Gpx1/Ecscr",4
"GO:0051047","BP","GO:0051047","positive regulation of secretion","6/111","437/28891",0.00691264822525323,0.0475188818323052,0.0324859257852308,"S100a8/Cyba/S100a9/Cd38/Nr1h4/Mif",6
"GO:1901342","BP","GO:1901342","regulation of vasculature development","5/111","311/28891",0.00709417541892016,0.048040161461273,0.0328422946787532,"Lrg1/C3/Hk2/Ecscr/Ceacam1",5
"GO:0010922","BP","GO:0010922","positive regulation of phosphatase activity","2/111","33/28891",0.00714628399025037,0.048040161461273,0.0328422946787532,"Ppp1r14d/Ripk3",2
"GO:0033598","BP","GO:0033598","mammary gland epithelial cell proliferation","2/111","33/28891",0.00714628399025037,0.048040161461273,0.0328422946787532,"Gpx1/Ccnd1",2
"GO:0072574","BP","GO:0072574","hepatocyte proliferation","2/111","33/28891",0.00714628399025037,0.048040161461273,0.0328422946787532,"Mki67/Ceacam1",2
"GO:0072575","BP","GO:0072575","epithelial cell proliferation involved in liver morphogenesis","2/111","33/28891",0.00714628399025037,0.048040161461273,0.0328422946787532,"Mki67/Ceacam1",2
"GO:0090594","BP","GO:0090594","inflammatory response to wounding","2/111","33/28891",0.00714628399025037,0.048040161461273,0.0328422946787532,"Reg3b/Reg3g",2
"GO:1901797","BP","GO:1901797","negative regulation of signal transduction by p53 class mediator","2/111","33/28891",0.00714628399025037,0.048040161461273,0.0328422946787532,"Cd74/Mif",2
"GO:0070663","BP","GO:0070663","regulation of leukocyte proliferation","5/111","313/28891",0.00728295529761982,0.0488049614441127,0.0333651444286853,"Cd74/Ripk3/Cd38/Mif/Ceacam1",5
"GO:0010948","BP","GO:0010948","negative regulation of cell cycle process","5/111","314/28891",0.00737865005915006,0.0492028394142845,0.0336371507072883,"Ier3/Ccnd1/Cdk1/Ccnb1/Birc5",5
"GO:0044409","BP","GO:0044409","entry into host","3/111","103/28891",0.00738850709177431,0.0492028394142845,0.0336371507072883,"Cd74/Ifitm3/Ly6e",3
"GO:0006869","BP","GO:0006869","lipid transport","6/111","445/28891",0.00752594002848128,0.0497473187827046,0.0340093799280116,"Fabp4/Dbi/Nos2/Nr1h4/Mif/Ceacam1",6
"GO:0042278","BP","GO:0042278","purine nucleoside metabolic process","2/111","34/28891",0.0075740006923153,0.0497473187827046,0.0340093799280116,"Gda/Aprt",2
"GO:0097345","BP","GO:0097345","mitochondrial outer membrane permeabilization","2/111","34/28891",0.0075740006923153,0.0497473187827046,0.0340093799280116,"Ier3/Chchd10",2
"GO:0001938","BP","GO:0001938","positive regulation of endothelial cell proliferation","3/111","104/28891",0.00758699136761098,0.0497473187827046,0.0340093799280116,"Lrg1/Cyba/Fgfbp1",3
"GO:0007173","BP","GO:0007173","epidermal growth factor receptor signaling pathway","3/111","104/28891",0.00758699136761098,0.0497473187827046,0.0340093799280116,"Agr2/Mvp/Ceacam1",3
"GO:0022626","CC","GO:0022626","cytosolic ribosome","9/113","142/28573",5.51560861728111e-09,1.01487198557972e-06,7.31543879765705e-07,"Rps8/Rps15/Rps14/Rplp1/Rpsa/Rpl23a/Rplp2/Rps11/Rps12",9
"GO:0044391","CC","GO:0044391","ribosomal subunit","10/113","215/28573",1.49212101683475e-08,1.37275133548797e-06,9.89511832216731e-07,"Rps8/Rps15/Rps14/Rplp1/Rpsa/Rpl23a/Rplp2/Rack1/Rps11/Rps12",10
"GO:0022627","CC","GO:0022627","cytosolic small ribosomal subunit","6/113","45/28573",2.40338224741884e-08,1.47407444508355e-06,1.06254794096412e-06,"Rps8/Rps15/Rps14/Rpsa/Rps11/Rps12",6
"GO:0015935","CC","GO:0015935","small ribosomal subunit","7/113","83/28573",4.06320086290344e-08,1.86907239693558e-06,1.34727186506798e-06,"Rps8/Rps15/Rps14/Rpsa/Rack1/Rps11/Rps12",7
"GO:0005840","CC","GO:0005840","ribosome","10/113","267/28573",1.14424046390747e-07,4.21080490717948e-06,3.03524838847033e-06,"Rps8/Rps15/Rps14/Rplp1/Rpsa/Rpl23a/Rplp2/Rack1/Rps11/Rps12",10
"GO:0070069","CC","GO:0070069","cytochrome complex","5/113","41/28573",5.91894267106783e-07,1.81514241912747e-05,1.30839785360447e-05,"Cox4i1/Uqcrc1/Cox5a/Uqcrq/Cox7b",5
"GO:0098800","CC","GO:0098800","inner mitochondrial membrane protein complex","7/113","154/28573",2.75888805073882e-06,7.25193430479919e-05,5.22736683297882e-05,"Cox4i1/Atp5mj/Uqcrc1/Cox5a/Uqcrq/Cox7b/Chchd10",7
"GO:0070469","CC","GO:0070469","respirasome","6/113","103/28573",3.50288601963772e-06,8.05663784516675e-05,5.80741629571516e-05,"Cox4i1/Uqcrc1/Cox5a/Uqcrq/Cox7b/Higd1a",6
"GO:0098798","CC","GO:0098798","mitochondrial protein-containing complex","8/113","303/28573",2.84670520116167e-05,0.000581993063348608,0.000419514450697509,"Cox4i1/Atp5mj/Uqcrc1/Cox5a/Uqcrq/Etfb/Cox7b/Chchd10",8
"GO:0005746","CC","GO:0005746","mitochondrial respirasome","5/113","95/28573",3.86193581840035e-05,0.000679356160918761,0.000489696088534118,"Cox4i1/Uqcrc1/Cox5a/Uqcrq/Cox7b",5
"GO:0098803","CC","GO:0098803","respiratory chain complex","5/113","96/28573",4.06136835331868e-05,0.000679356160918761,0.000489696088534118,"Cox4i1/Uqcrc1/Cox5a/Uqcrq/Cox7b",5
"GO:0005751","CC","GO:0005751","mitochondrial respiratory chain complex IV","3/113","25/28573",0.000130000123003353,0.00199333521938475,0.0014368434647739,"Cox4i1/Cox5a/Cox7b",3
"GO:1990204","CC","GO:1990204","oxidoreductase complex","5/113","127/28573",0.000153284434286512,0.00216956430067063,0.00156387358057494,"Cyba/Uqcrc1/Uqcrq/Etfb/Noxo1",5
"GO:0045277","CC","GO:0045277","respiratory chain complex IV","3/113","28/28573",0.000183572061011168,0.00241266137328964,0.00173910373589528,"Cox4i1/Cox5a/Cox7b",3
"GO:0032040","CC","GO:0032040","small-subunit processome","4/113","75/28573",0.00022703349622346,0.00278494422034111,0.00200745407187059,"Rps8/Rps14/Rps11/Rps12",4
"GO:0022625","CC","GO:0022625","cytosolic large ribosomal subunit","4/113","79/28573",0.000277265952983386,0.00318855845930894,0.00229838882078333,"Rplp1/Rpl23a/Rplp2/Rps12",4
"GO:0005819","CC","GO:0005819","spindle","7/113","367/28573",0.000656064306932201,0.0071009313220897,0.00511852028937816,"Gpx2/Capg/Tubb5/Cdk1/Ccnb1/Birc5/Cenpf",7
"GO:0032994","CC","GO:0032994","protein-lipid complex","3/113","46/28573",0.000807709742415732,0.00825658847802748,0.00595154547043171,"Saa3/Saa1/Dbi",3
"GO:0043020","CC","GO:0043020","NADPH oxidase complex","2/113","12/28573",0.000997002165569986,0.00940186113686328,0.00677708525883738,"Cyba/Noxo1",2
"GO:0030684","CC","GO:0030684","preribosome","4/113","112/28573",0.00103712555666329,0.00940186113686328,0.00677708525883738,"Rps8/Rps14/Rps11/Rps12",4
"GO:0005750","CC","GO:0005750","mitochondrial respiratory chain complex III","2/113","13/28573",0.00117523264210791,0.00940186113686328,0.00677708525883738,"Uqcrc1/Uqcrq",2
"GO:0042613","CC","GO:0042613","MHC class II protein complex","2/113","13/28573",0.00117523264210791,0.00940186113686328,0.00677708525883738,"Cd74/H2-Eb1",2
"GO:0045275","CC","GO:0045275","respiratory chain complex III","2/113","13/28573",0.00117523264210791,0.00940186113686328,0.00677708525883738,"Uqcrc1/Uqcrq",2
"GO:0030496","CC","GO:0030496","midbody","5/113","203/28573",0.00130007089089592,0.00996721016353542,0.00718460229179326,"Rack1/Capg/Cdk1/Birc5/Cenpf",5
"GO:1902554","CC","GO:1902554","serine/threonine protein kinase complex","4/113","123/28573",0.00146646346287716,0.0106757748681699,0.0076953525937609,"Ccnd1/Cdk1/Ccnb1/Ceacam1",4
"GO:0000307","CC","GO:0000307","cyclin-dependent protein kinase holoenzyme complex","3/113","57/28573",0.00150853340528488,0.0106757748681699,0.0076953525937609,"Ccnd1/Cdk1/Ccnb1",3
"GO:0015934","CC","GO:0015934","large ribosomal subunit","4/113","137/28573",0.00217468421787032,0.0148200702254866,0.0106826593158542,"Rplp1/Rpl23a/Rplp2/Rps12",4
"GO:1902911","CC","GO:1902911","protein kinase complex","4/113","154/28573",0.00331511311104979,0.0217850290154701,0.0157031673681306,"Ccnd1/Cdk1/Ccnb1/Ceacam1",4
"GO:0000940","CC","GO:0000940","outer kinetochore","2/113","24/28573",0.00404211422874065,0.0256465178651131,0.0184866204290861,"Ccnb1/Cenpf",2
"GO:0042588","CC","GO:0042588","zymogen granule","2/113","26/28573",0.00473527841451008,0.0290430409423285,0.0209349150957288,"Reg3b/Dmbt1",2
"GO:0097038","CC","GO:0097038","perinuclear endoplasmic reticulum","2/113","28/28573",0.00547921046260891,0.0325217653264529,0.0234424624206697,"Cyba/Dbi",2
"GO:0072686","CC","GO:0072686","mitotic spindle","4/113","181/28573",0.00586772469673072,0.0337394170062016,0.0243201747298707,"Gpx2/Capg/Tubb5/Cdk1",4
"GO:0016324","CC","GO:0016324","apical plasma membrane","6/113","427/28573",0.0071080503185058,0.0393889639939911,0.0283925026501309,"Cyba/Muc13/Slc26a3/Muc17/Birc5/Ceacam1",6
"GO:0005759","CC","GO:0005759","mitochondrial matrix","5/113","304/28573",0.00727839552062878,0.0393889639939911,0.0283925026501309,"Hmgcs2/Etfb/Cdk1/Ccnb1/Acadl",5
"GO:0045171","CC","GO:0045171","intercellular bridge","3/113","101/28573",0.00757774653773992,0.0398372960841185,0.0287156710903829,"Gpx2/Nupr1/Tubb5",3
"GO:0034364","CC","GO:0034364","high-density lipoprotein particle","2/113","35/28573",0.00847087025212264,0.0432955590664046,0.0312084693499255,"Saa3/Saa1",2
"GO:0043209","CC","GO:0043209","myelin sheath","4/113","208/28573",0.00947968218215675,0.047142203284239,0.0339812220469915,"Gapdh/Uqcrc1/Cox5a/Mif",4
"GO:0016209","MF","GO:0016209","antioxidant activity","8/109","89/28407",1.97623985637251e-09,6.42277953321065e-07,4.7221731304901e-07,"Gpx2/S100a8/S100a9/Gpx1/Prdx6/Gstt2/Lpo/Mgst1",8
"GO:0003735","MF","GO:0003735","structural constituent of ribosome","9/109","178/28407",3.02718157481278e-08,4.91917005907076e-06,3.61668535517105e-06,"Rps8/Rps15/Rps14/Rplp1/Rpsa/Rpl23a/Rplp2/Rps11/Rps12",9
"GO:0004602","MF","GO:0004602","glutathione peroxidase activity","5/109","27/28407",5.72279948418026e-08,6.19969944119528e-06,4.5581595891541e-06,"Gpx2/Gpx1/Prdx6/Gstt2/Mgst1",5
"GO:0004601","MF","GO:0004601","peroxidase activity","6/109","61/28407",1.29907610831146e-07,1.02687690349203e-05,7.54983180867012e-06,"Gpx2/Gpx1/Prdx6/Gstt2/Lpo/Mgst1",6
"GO:0016684","MF","GO:0016684","oxidoreductase activity, acting on peroxide as acceptor","6/109","63/28407",1.57981062075696e-07,1.02687690349203e-05,7.54983180867012e-06,"Gpx2/Gpx1/Prdx6/Gstt2/Lpo/Mgst1",6
"GO:0030550","MF","GO:0030550","acetylcholine receptor inhibitor activity","4/109","14/28407",1.99299724730731e-07,1.07954017562479e-05,7.93702412524138e-06,"Ly6c1/Ly6g/Ly6a/Ly6e",4
"GO:0033130","MF","GO:0033130","acetylcholine receptor binding","4/109","22/28407",1.4223607219939e-06,6.60381763782884e-05,4.85527644951303e-05,"Ly6c1/Ly6g/Ly6a/Ly6e",4
"GO:0030548","MF","GO:0030548","acetylcholine receptor regulator activity","4/109","27/28407",3.36243038601469e-06,0.000121421097272753,8.92715435819104e-05,"Ly6c1/Ly6g/Ly6a/Ly6e",4
"GO:0099602","MF","GO:0099602","neurotransmitter receptor regulator activity","4/109","27/28407",3.36243038601469e-06,0.000121421097272753,8.92715435819104e-05,"Ly6c1/Ly6g/Ly6a/Ly6e",4
"GO:0030547","MF","GO:0030547","signaling receptor inhibitor activity","4/109","35/28407",9.79741486578482e-06,0.000318415983138007,0.000234106649950858,"Ly6c1/Ly6g/Ly6a/Ly6e",4
"GO:0042834","MF","GO:0042834","peptidoglycan binding","3/109","19/28407",5.09184157673865e-05,0.00150440773858187,0.00110607467743509,"Reg3b/Pglyrp1/Reg3g",3
"GO:0030246","MF","GO:0030246","carbohydrate binding","7/109","283/28407",0.000113344583249412,0.00306974912967157,0.00225694915768566,"Reg3b/Reg3g/Lgals4/H2-Eb1/Fuca1/Hk2/Clec2h",7
"GO:0042609","MF","GO:0042609","CD4 receptor binding","2/109","11/28407",0.000784441816109507,0.0182937437344896,0.0134499751505397,"Cd74/H2-Eb1",2
"GO:0050661","MF","GO:0050661","NADP binding","3/109","47/28407",0.000788038191639551,0.0182937437344896,0.0134499751505397,"Gapdh/Akr1b8/Nos2",3
"GO:0035325","MF","GO:0035325","Toll-like receptor binding","2/109","12/28407",0.000938972372700495,0.0191877778386442,0.0141072892935133,"Saa3/Ceacam1",2
"GO:0009055","MF","GO:0009055","electron transfer activity","3/109","50/28407",0.000944629062825559,0.0191877778386442,0.0141072892935133,"Cyba/Cox5a/Etfb",3
"GO:0004857","MF","GO:0004857","enzyme inhibitor activity","7/109","410/28407",0.00104559939086468,0.0199859817349438,0.0146941468950032,"Rps15/Gapdh/C3/Rack1/Ppp1r14d/Ppp1r1b/Birc5",7
"GO:0004865","MF","GO:0004865","protein serine/threonine phosphatase inhibitor activity","2/109","13/28407",0.00110691591147381,0.0199859817349438,0.0146941468950032,"Ppp1r14d/Ppp1r1b",2
"GO:0023026","MF","GO:0023026","MHC class II protein complex binding","2/109","14/28407",0.00128816912652115,0.0220344719010196,0.0162002433086039,"Cd74/H2-Eb1",2
"GO:0061575","MF","GO:0061575","cyclin-dependent protein serine/threonine kinase activator activity","2/109","16/28407",0.00169019427214464,0.0274656569223505,0.020193373672465,"Ccnd1/Ccnb1",2
"GO:0031005","MF","GO:0031005","filamin binding","2/109","17/28407",0.00191076249260779,0.0277856318299595,0.0204286264790309,"Ceacam1/Rflnb",2
"GO:0016765","MF","GO:0016765","transferase activity, transferring alkyl or aryl (other than methyl) groups","3/109","64/28407",0.00193140447677044,0.0277856318299595,0.0204286264790309,"Nans/Gstt2/Mgst1",3
"GO:0019887","MF","GO:0019887","protein kinase regulator activity","5/109","230/28407",0.00196636779104329,0.0277856318299595,0.0204286264790309,"Rplp1/Rack1/Nos2/Ccnd1/Ccnb1",5
"GO:0070492","MF","GO:0070492","oligosaccharide binding","2/109","19/28407",0.00239050526311276,0.0323714254379854,0.0238002059090613,"Reg3b/Reg3g",2
"GO:0005539","MF","GO:0005539","glycosaminoglycan binding","5/109","243/28407",0.00249509028990069,0.032436173768709,0.0238478103497877,"Reg3b/Pglyrp1/Saa1/Dmbt1/Reg3g",5
"GO:0050998","MF","GO:0050998","nitric-oxide synthase binding","2/109","22/28407",0.00320513743055343,0.0400642178819178,0.0294561213253291,"Cd74/Nos2",2
"GO:0000062","MF","GO:0000062","fatty-acyl-CoA binding","2/109","23/28407",0.00350162415718862,0.0406438518245107,0.0298822813414217,"Dbi/Acadl",2
"GO:0023023","MF","GO:0023023","MHC protein complex binding","2/109","23/28407",0.00350162415718862,0.0406438518245107,0.0298822813414217,"Cd74/H2-Eb1",2
"GO:0019207","MF","GO:0019207","kinase regulator activity","5/109","266/28407",0.00367283801792808,0.0411611157181595,0.0302625854834727,"Rplp1/Rack1/Nos2/Ccnd1/Ccnb1",5
"GO:1901567","MF","GO:1901567","fatty acid derivative binding","2/109","24/28407",0.00381041907508163,0.041279539980051,0.0303496536857379,"Dbi/Acadl",2
"GO:0120227","MF","GO:0120227","acyl-CoA binding","2/109","26/28407",0.00446454582337251,0.0466387327912024,0.034289853744463,"Dbi/Acadl",2
"GO:0005506","MF","GO:0005506","iron ion binding","4/109","174/28407",0.00459212138251839,0.0466387327912024,0.034289853744463,"Lcn2/Rplp2/Acp5/Ethe1",4
