"","ONTOLOGY","ID","Description","GeneRatio","BgRatio","pvalue","p.adjust","qvalue","geneID","Count"
"GO:0042742","BP","GO:0042742","defense response to bacterium","15/91","430/28891",5.97877883311511e-12,1.03074147082904e-08,7.45773991288569e-09,"Lypd8/Reg3b/Lgals4/Zg16/Dmbt1/Pla2g2a/Sprr2a3/Igha/Pglyrp1/Wfdc2/Gpr15lg/Lcn2/Il18/Slpi/Cxcl13",15
"GO:0006123","BP","GO:0006123","mitochondrial electron transport, cytochrome c to oxygen","5/91","19/28891",3.1147182523251e-09,2.68488713350424e-06,1.94260059421329e-06,"Cox4i1/Cox7b/Cox5a/Cox6a1/Cycs",5
"GO:0019730","BP","GO:0019730","antimicrobial humoral response","9/91","221/28891",3.46775022959452e-08,1.99280046527365e-05,1.4418540428314e-05,"Reg3b/Lgals4/Dmbt1/Igha/Pglyrp1/Wfdc2/Lgals3/Slpi/Cxcl13",9
"GO:0050830","BP","GO:0050830","defense response to Gram-positive bacterium","8/91","203/28891",2.66948822460867e-07,0.000115054942480634,8.32458827937177e-05,"Reg3b/Zg16/Dmbt1/Pla2g2a/Sprr2a3/Pglyrp1/Gpr15lg/Il18",8
"GO:0019886","BP","GO:0019886","antigen processing and presentation of exogenous peptide antigen via MHC class II","4/91","21/28891",5.29006406040605e-07,0.000182401408802801,0.000131973177085919,"Cd74/H2-Aa/H2-Eb1/H2-Ea",4
"GO:0060326","BP","GO:0060326","cell chemotaxis","9/91","331/28891",1.04868351625139e-06,0.00026211391225127,0.000189647689594428,"Agr2/Cd74/Lgals3/Saa3/Dpep1/Gpr15lg/Nbl1/S100a8/Cxcl13",9
"GO:0002495","BP","GO:0002495","antigen processing and presentation of peptide antigen via MHC class II","4/91","25/28891",1.10739442606759e-06,0.00026211391225127,0.000189647689594428,"Cd74/H2-Aa/H2-Eb1/H2-Ea",4
"GO:0006959","BP","GO:0006959","humoral immune response","9/91","337/28891",1.21630585731448e-06,0.00026211391225127,0.000189647689594428,"Reg3b/Lgals4/Dmbt1/Igha/Pglyrp1/Wfdc2/Lgals3/Slpi/Cxcl13",9
"GO:0002504","BP","GO:0002504","antigen processing and presentation of peptide or polysaccharide antigen via MHC class II","4/91","27/28891",1.5289627469515e-06,0.000292881308416043,0.00021190887194591,"Cd74/H2-Aa/H2-Eb1/H2-Ea",4
"GO:0019646","BP","GO:0019646","aerobic electron transport chain","5/91","64/28891",1.82663768988236e-06,0.00031491233773572,0.000227849017106379,"Cox4i1/Cox7b/Cox5a/Cox6a1/Cycs",5
"GO:1902105","BP","GO:1902105","regulation of leukocyte differentiation","9/91","363/28891",2.23866240613431e-06,0.000350859453470505,0.000253857890073604,"Cd74/Tmem176b/Ceacam1/Tmem176a/Pglyrp1/H2-Aa/Car2/Il18/H2-Ea",9
"GO:0032102","BP","GO:0032102","negative regulation of response to external stimulus","10/91","485/28891",3.09146521016494e-06,0.000444140501860363,0.000321349673161882,"Reg3b/Gpx2/Ceacam1/Tspan8/Pglyrp1/Pyy/Cldn3/Apoe/Nbl1/Cxcl13",10
"GO:0042775","BP","GO:0042775","mitochondrial ATP synthesis coupled electron transport","5/91","80/28891",5.53557975053423e-06,0.000701997348536542,0.000507917241431068,"Cox4i1/Cox7b/Cox5a/Cox6a1/Cycs",5
"GO:0042773","BP","GO:0042773","ATP synthesis coupled electron transport","5/91","82/28891",6.25182815265876e-06,0.000701997348536542,0.000507917241431068,"Cox4i1/Cox7b/Cox5a/Cox6a1/Cycs",5
"GO:0002399","BP","GO:0002399","MHC class II protein complex assembly","3/91","12/28891",6.51505659894703e-06,0.000701997348536542,0.000507917241431068,"H2-Aa/H2-Eb1/H2-Ea",3
"GO:0002503","BP","GO:0002503","peptide antigen assembly with MHC class II protein complex","3/91","12/28891",6.51505659894703e-06,0.000701997348536542,0.000507917241431068,"H2-Aa/H2-Eb1/H2-Ea",3
"GO:0006119","BP","GO:0006119","oxidative phosphorylation","6/91","147/28891",7.31349931179172e-06,0.000728233004458801,0.000526899566664842,"Cox4i1/Cox7b/Cox5a/Chchd10/Cox6a1/Cycs",6
"GO:0002181","BP","GO:0002181","cytoplasmic translation","6/91","148/28891",7.60336083541671e-06,0.000728233004458801,0.000526899566664842,"Rps15/Rps8/Rps25/Rpl23a/Rps17/Eif2s2",6
"GO:0061844","BP","GO:0061844","antimicrobial humoral immune response mediated by antimicrobial peptide","6/91","151/28891",8.52932649764414e-06,0.000773924151680974,0.00055995855400046,"Reg3b/Lgals4/Dmbt1/Pglyrp1/Lgals3/Cxcl13",6
"GO:0030595","BP","GO:0030595","leukocyte chemotaxis","7/91","240/28891",1.11890129239282e-05,0.000964492914042615,0.000697841069202893,"Cd74/Lgals3/Dpep1/Gpr15lg/Nbl1/S100a8/Cxcl13",7
"GO:1903035","BP","GO:1903035","negative regulation of response to wounding","5/91","94/28891",1.22089774678362e-05,0.00100229891212141,0.000725194902224857,"Reg3b/Ceacam1/Tspan8/Cldn3/Apoe",5
"GO:1903706","BP","GO:1903706","regulation of hemopoiesis","9/91","452/28891",1.30818949037495e-05,0.00102514485518473,0.00074172466320302,"Cd74/Tmem176b/Ceacam1/Tmem176a/Pglyrp1/H2-Aa/Car2/Il18/H2-Ea",9
"GO:0052547","BP","GO:0052547","regulation of peptidase activity","9/91","457/28891",1.42722252810513e-05,0.00104927380360579,0.0007591827190578,"Spink4/Spink1/Wfdc2/Dpep1/Cldn3/S100a8/Slpi/Cycs/Serpinb1a",9
"GO:0006935","BP","GO:0006935","chemotaxis","9/91","462/28891",1.5553799486979e-05,0.00104927380360579,0.0007591827190578,"Agr2/Cd74/Lgals3/Saa3/Dpep1/Gpr15lg/Nbl1/S100a8/Cxcl13",9
"GO:0042330","BP","GO:0042330","taxis","9/91","464/28891",1.60932367760433e-05,0.00104927380360579,0.0007591827190578,"Agr2/Cd74/Lgals3/Saa3/Dpep1/Gpr15lg/Nbl1/S100a8/Cxcl13",9
"GO:0002396","BP","GO:0002396","MHC protein complex assembly","3/91","16/28891",1.64329423998587e-05,0.00104927380360579,0.0007591827190578,"H2-Aa/H2-Eb1/H2-Ea",3
"GO:0002501","BP","GO:0002501","peptide antigen assembly with MHC protein complex","3/91","16/28891",1.64329423998587e-05,0.00104927380360579,0.0007591827190578,"H2-Aa/H2-Eb1/H2-Ea",3
"GO:0022904","BP","GO:0022904","respiratory electron transport chain","5/91","106/28891",2.18811432178381e-05,0.00134725324669832,0.000974780252373615,"Cox4i1/Cox7b/Cox5a/Cox6a1/Cycs",5
"GO:0002478","BP","GO:0002478","antigen processing and presentation of exogenous peptide antigen","4/91","53/28891",2.39640260930069e-05,0.00142462003394289,0.001030757565162,"Cd74/H2-Aa/H2-Eb1/H2-Ea",4
"GO:0030593","BP","GO:0030593","neutrophil chemotaxis","5/91","110/28891",2.61662041111368e-05,0.00150368452958666,0.00108796322356832,"Cd74/Lgals3/Dpep1/S100a8/Cxcl13",5
"GO:0022900","BP","GO:0022900","electron transport chain","5/91","116/28891",3.37849157241334e-05,0.00187887724865826,0.00135942699942608,"Cox4i1/Cox7b/Cox5a/Cox6a1/Cycs",5
"GO:0009060","BP","GO:0009060","aerobic respiration","6/91","196/28891",3.72875055322574e-05,0.00200886436055037,0.00145347677814885,"Cox4i1/Cox7b/Cox5a/Chchd10/Cox6a1/Cycs",6
"GO:0019884","BP","GO:0019884","antigen processing and presentation of exogenous antigen","4/91","60/28891",3.92410871409795e-05,0.00205004952215299,0.00148327554264946,"Cd74/H2-Aa/H2-Eb1/H2-Ea",4
"GO:1902106","BP","GO:1902106","negative regulation of leukocyte differentiation","5/91","123/28891",4.47332348619168e-05,0.00226823814417484,0.00164114189818487,"Cd74/Tmem176b/Ceacam1/Tmem176a/Pglyrp1",5
"GO:1903707","BP","GO:1903707","negative regulation of hemopoiesis","5/91","129/28891",5.61432078013869e-05,0.00276545400713117,0.00200089327051559,"Cd74/Tmem176b/Ceacam1/Tmem176a/Pglyrp1",5
"GO:0030336","BP","GO:0030336","negative regulation of cell migration","7/91","313/28891",6.09024043294774e-05,0.00291654847400053,0.0021102148868547,"Cd74/Ifitm1/Dpep1/Cldn3/Apoe/Nbl1/Cxcl13",7
"GO:0061045","BP","GO:0061045","negative regulation of wound healing","4/91","68/28891",6.42882444785122e-05,0.00299548468867446,0.00216732772992993,"Ceacam1/Tspan8/Cldn3/Apoe",4
"GO:0071621","BP","GO:0071621","granulocyte chemotaxis","5/91","135/28891",6.96806203093654e-05,0.00316129972140384,0.00228730014034898,"Cd74/Lgals3/Dpep1/S100a8/Cxcl13",5
"GO:1990266","BP","GO:1990266","neutrophil migration","5/91","138/28891",7.7327869919821e-05,0.0033697314869787,0.00243810710225288,"Cd74/Lgals3/Dpep1/S100a8/Cxcl13",5
"GO:2000146","BP","GO:2000146","negative regulation of cell motility","7/91","326/28891",7.85598692838078e-05,0.0033697314869787,0.00243810710225288,"Cd74/Ifitm1/Dpep1/Cldn3/Apoe/Nbl1/Cxcl13",7
"GO:0050866","BP","GO:0050866","negative regulation of cell activation","6/91","225/28891",8.01386258504216e-05,0.0033697314869787,0.00243810710225288,"Cd74/Ceacam1/Pglyrp1/Lgals3/Apoe/H2-Aa",6
"GO:0019731","BP","GO:0019731","antibacterial humoral response","5/91","140/28891",8.27742909957353e-05,0.00339768756372971,0.00245833420626432,"Lgals4/Dmbt1/Igha/Wfdc2/Slpi",5
"GO:0007159","BP","GO:0007159","leukocyte cell-cell adhesion","8/91","447/28891",8.54116058453229e-05,0.00342440949947295,0.00247766837029884,"Cd74/Ceacam1/Lgals3/H2-Aa/H2-Eb1/S100a8/Il18/H2-Ea",8
"GO:0022409","BP","GO:0022409","positive regulation of cell-cell adhesion","7/91","354/28891",0.000130948473630449,0.00513079928497487,0.00371229524526512,"Cd74/Ceacam1/H2-Aa/H2-Eb1/Il18/Cxcl13/H2-Ea",7
"GO:0051346","BP","GO:0051346","negative regulation of hydrolase activity","7/91","356/28891",0.000135572551134906,0.00514736521942424,0.00372428122177172,"Spink4/Spink1/Wfdc2/Dpep1/Atp5if1/Slpi/Serpinb1a",7
"GO:0048002","BP","GO:0048002","antigen processing and presentation of peptide antigen","4/91","83/28891",0.000139934760617729,0.00514736521942424,0.00372428122177172,"Cd74/H2-Aa/H2-Eb1/H2-Ea",4
"GO:0040013","BP","GO:0040013","negative regulation of locomotion","7/91","358/28891",0.000140328402153677,0.00514736521942424,0.00372428122177172,"Cd74/Ifitm1/Dpep1/Cldn3/Apoe/Nbl1/Cxcl13",7
"GO:0045861","BP","GO:0045861","negative regulation of proteolysis","7/91","362/28891",0.00015024672849963,0.00535232140923084,0.00387257349489471,"Spink4/Spink1/Wfdc2/Dpep1/Tm4sf20/Slpi/Serpinb1a",7
"GO:0097529","BP","GO:0097529","myeloid leukocyte migration","6/91","253/28891",0.000152125144461897,0.00535232140923084,0.00387257349489471,"Cd74/Lgals3/Dpep1/Nbl1/S100a8/Cxcl13",6
"GO:0045333","BP","GO:0045333","cellular respiration","6/91","254/28891",0.000155415168146568,0.00535871499769368,0.00387719945797228,"Cox4i1/Cox7b/Cox5a/Chchd10/Cox6a1/Cycs",6
"GO:0010466","BP","GO:0010466","negative regulation of peptidase activity","6/91","257/28891",0.000165624616913401,0.00559876155997458,0.00405088072326895,"Spink4/Spink1/Wfdc2/Dpep1/Slpi/Serpinb1a",6
"GO:0097530","BP","GO:0097530","granulocyte migration","5/91","167/28891",0.000189242597790284,0.00627411997289325,0.00453952385387624,"Cd74/Lgals3/Dpep1/S100a8/Cxcl13",5
"GO:0051250","BP","GO:0051250","negative regulation of lymphocyte activation","5/91","174/28891",0.000228956154851067,0.00730963724005999,0.00528875328457143,"Cd74/Ceacam1/Pglyrp1/Lgals3/H2-Aa",5
"GO:1903034","BP","GO:1903034","regulation of response to wounding","5/91","174/28891",0.000228956154851067,0.00730963724005999,0.00528875328457143,"Reg3b/Ceacam1/Tspan8/Cldn3/Apoe",5
"GO:0050900","BP","GO:0050900","leukocyte migration","7/91","398/28891",0.000267736909427601,0.00839233512460335,0.00607211938127669,"Cd74/Lgals3/Dpep1/Gpr15lg/Nbl1/S100a8/Cxcl13",7
"GO:0001906","BP","GO:0001906","cell killing","6/91","286/28891",0.000294270219821967,0.00905931891023342,0.00655470320468104,"Ceacam1/Pglyrp1/Lgals3/Il18/Cxcl13/H2-Ea",6
"GO:1903037","BP","GO:1903037","regulation of leukocyte cell-cell adhesion","7/91","407/28891",0.000306406750403715,0.00926746031045623,0.00670530007808685,"Cd74/Ceacam1/Lgals3/H2-Aa/H2-Eb1/Il18/H2-Ea",7
"GO:0050863","BP","GO:0050863","regulation of T cell activation","7/91","411/28891",0.000324975438992333,0.00956715250639277,0.00692213684215132,"Cd74/Ceacam1/Lgals3/H2-Aa/H2-Eb1/Il18/H2-Ea",7
"GO:0007173","BP","GO:0007173","epidermal growth factor receptor signaling pathway","4/91","104/28891",0.000332963544306013,0.00956715250639277,0.00692213684215132,"Agr2/Pigr/Ceacam1/Areg",4
"GO:0042274","BP","GO:0042274","ribosomal small subunit biogenesis","4/91","104/28891",0.000332963544306013,0.00956715250639277,0.00692213684215132,"Rps15/Rps8/Rps25/Rps17",4
"GO:0006953","BP","GO:0006953","acute-phase response","3/91","44/28891",0.000364607492666516,0.0103046445468373,0.00745573561362936,"Saa1/Reg3b/Saa3",3
"GO:0050678","BP","GO:0050678","regulation of epithelial cell proliferation","7/91","426/28891",0.000402825831854588,0.0112011570018921,0.0081043906748334,"Pla2g2a/Ceacam1/Apoe/Gpr15lg/Atp5if1/Id1/Il18",7
"GO:0030195","BP","GO:0030195","negative regulation of blood coagulation","3/91","46/28891",0.000416008251838926,0.0113840988281001,0.00823675486097122,"Ceacam1/Tspan8/Apoe",3
"GO:0060312","BP","GO:0060312","regulation of blood vessel remodeling","2/91","10/28891",0.000434359167988198,0.0117005500876821,0.00846571733661208,"Ceacam1/Il18",2
"GO:1900047","BP","GO:1900047","negative regulation of hemostasis","3/91","47/28891",0.00044336274526715,0.0117593441975472,0.00850825673103762,"Ceacam1/Tspan8/Apoe",3
"GO:0043114","BP","GO:0043114","regulation of vascular permeability","3/91","48/28891",0.000471845829145202,0.012325184991611,0.0089176604072897,"Ceacam1/Apoe/Il18",3
"GO:0007162","BP","GO:0007162","negative regulation of cell adhesion","6/91","315/28891",0.000490890124316175,0.0125296479161703,0.00906559578743548,"Epcam/Cldn7/Cd74/Ceacam1/Lgals3/H2-Aa",6
"GO:0002695","BP","GO:0002695","negative regulation of leukocyte activation","5/91","206/28891",0.000496650304293061,0.0125296479161703,0.00906559578743548,"Cd74/Ceacam1/Pglyrp1/Lgals3/H2-Aa",5
"GO:0050819","BP","GO:0050819","negative regulation of coagulation","3/91","49/28891",0.000501476627735355,0.0125296479161703,0.00906559578743548,"Ceacam1/Tspan8/Apoe",3
"GO:0022408","BP","GO:0022408","negative regulation of cell-cell adhesion","5/91","209/28891",0.000530330684951571,0.013061287155093,0.00945025355891146,"Epcam/Cd74/Ceacam1/Lgals3/H2-Aa",5
"GO:0019221","BP","GO:0019221","cytokine-mediated signaling pathway","7/91","450/28891",0.00055783544311584,0.0134078868243875,0.00970102936066626,"Krt8/Cd74/Ceacam1/Ifitm1/Il18/Krt18/Cxcl13",7
"GO:0010721","BP","GO:0010721","negative regulation of cell development","6/91","323/28891",0.000559958150438458,0.0134078868243875,0.00970102936066626,"Cd74/Tmem176b/Ceacam1/Tmem176a/Pglyrp1/Id1",6
"GO:1902107","BP","GO:1902107","positive regulation of leukocyte differentiation","5/91","213/28891",0.000577876266329792,0.0134629551777373,0.00974087305264302,"Cd74/H2-Aa/Car2/Il18/H2-Ea",5
"GO:1903708","BP","GO:1903708","positive regulation of hemopoiesis","5/91","213/28891",0.000577876266329792,0.0134629551777373,0.00974087305264302,"Cd74/H2-Aa/Car2/Il18/H2-Ea",5
"GO:0038127","BP","GO:0038127","ERBB signaling pathway","4/91","123/28891",0.000628195224986141,0.0140229963203173,0.0101460804979704,"Agr2/Pigr/Ceacam1/Areg",4
"GO:0046456","BP","GO:0046456","icosanoid biosynthetic process","3/91","53/28891",0.000631852211578079,0.0140229963203173,0.0101460804979704,"Pla2g2a/Cd74/Mgst3",3
"GO:0002176","BP","GO:0002176","male germ cell proliferation","2/91","12/28891",0.000634451109619922,0.0140229963203173,0.0101460804979704,"Eif2s2/Il18",2
"GO:1901030","BP","GO:1901030","positive regulation of mitochondrial outer membrane permeabilization involved in apoptotic signaling pathway","2/91","12/28891",0.000634451109619922,0.0140229963203173,0.0101460804979704,"Chchd10/Atp5if1",2
"GO:0002366","BP","GO:0002366","leukocyte activation involved in immune response","6/91","333/28891",0.000656671630574037,0.0143304036849321,0.0103684994301164,"Cd74/Pglyrp1/Lgals3/Gpr15lg/Il18/H2-Ea",6
"GO:0045582","BP","GO:0045582","positive regulation of T cell differentiation","4/91","125/28891",0.000667395704449744,0.014382377430892,0.0104061040759598,"Cd74/H2-Aa/Il18/H2-Ea",4
"GO:0002263","BP","GO:0002263","cell activation involved in immune response","6/91","337/28891",0.000698795378952538,0.014873126337212,0.0107611764010235,"Cd74/Pglyrp1/Lgals3/Gpr15lg/Il18/H2-Ea",6
"GO:0045619","BP","GO:0045619","regulation of lymphocyte differentiation","5/91","224/28891",0.000725174086807608,0.0151504786781323,0.0109618495747874,"Cd74/Pglyrp1/H2-Aa/Il18/H2-Ea",5
"GO:0061041","BP","GO:0061041","regulation of wound healing","4/91","128/28891",0.000729402395756951,0.0151504786781323,0.0109618495747874,"Ceacam1/Tspan8/Cldn3/Apoe",4
"GO:0002468","BP","GO:0002468","dendritic cell antigen processing and presentation","2/91","13/28891",0.000748269448623564,0.0153165951024725,0.0110820400515508,"Cd74/H2-Ea",2
"GO:0002285","BP","GO:0002285","lymphocyte activation involved in immune response","5/91","227/28891",0.000769817566826343,0.0153165951024725,0.0110820400515508,"Cd74/Pglyrp1/Lgals3/Il18/H2-Ea",5
"GO:0002286","BP","GO:0002286","T cell activation involved in immune response","4/91","130/28891",0.000772937223848672,0.0153165951024725,0.0110820400515508,"Cd74/Lgals3/Il18/H2-Ea",4
"GO:0071675","BP","GO:0071675","regulation of mononuclear cell migration","4/91","130/28891",0.000772937223848672,0.0153165951024725,0.0110820400515508,"Lgals3/Gpr15lg/Nbl1/Cxcl13",4
"GO:0043393","BP","GO:0043393","regulation of protein binding","5/91","228/28891",0.000785145474100574,0.0153817136062431,0.0111291553446074,"Ckmt1/Apoe/Id1/Slpi/Cycs",5
"GO:0006692","BP","GO:0006692","prostanoid metabolic process","3/91","58/28891",0.000822854693053657,0.0159393425935338,0.0115326175194392,"Pla2g2a/Cd74/Mgst3",3
"GO:0015980","BP","GO:0015980","energy derivation by oxidation of organic compounds","6/91","350/28891",0.000850317245599787,0.0161498506091614,0.0116849267137967,"Cox4i1/Cox7b/Cox5a/Chchd10/Cox6a1/Cycs",6
"GO:0006091","BP","GO:0006091","generation of precursor metabolites and energy","7/91","484/28891",0.000855101874804056,0.0161498506091614,0.0116849267137967,"Cox4i1/Cox7b/Cox5a/Chchd10/Cox6a1/Adh1/Cycs",7
"GO:0019882","BP","GO:0019882","antigen processing and presentation","4/91","134/28891",0.000865464407569463,0.0161498506091614,0.0116849267137967,"Cd74/H2-Aa/H2-Eb1/H2-Ea",4
"GO:0036093","BP","GO:0036093","germ cell proliferation","2/91","14/28891",0.000871192637269147,0.0161498506091614,0.0116849267137967,"Eif2s2/Il18",2
"GO:0003158","BP","GO:0003158","endothelium development","4/91","137/28891",0.000939796950609002,0.0172362759877651,0.0124709897701195,"Ceacam1/Cldn3/Id1/Lcn2",4
"GO:0050868","BP","GO:0050868","negative regulation of T cell activation","4/91","138/28891",0.000965542296301218,0.0175220517770874,0.012677757574703,"Cd74/Ceacam1/Lgals3/H2-Aa",4
"GO:0010544","BP","GO:0010544","negative regulation of platelet activation","2/91","15/28891",0.00100316345931333,0.0178294206583111,0.0129001486629006,"Ceacam1/Apoe",2
"GO:0015670","BP","GO:0015670","carbon dioxide transport","2/91","15/28891",0.00100316345931333,0.0178294206583111,0.0129001486629006,"Car4/Car2",2
"GO:0097191","BP","GO:0097191","extrinsic apoptotic signaling pathway","5/91","242/28891",0.00102453665878016,0.0180234816299693,0.0130405579017668,"Krt8/Lgals3/Lcn2/Il18/Krt18",5
"GO:0045621","BP","GO:0045621","positive regulation of lymphocyte differentiation","4/91","141/28891",0.0010457538374469,0.0182109052096814,0.0131761647780391,"Cd74/H2-Aa/Il18/H2-Ea",4
"GO:0006749","BP","GO:0006749","glutathione metabolic process","3/91","64/28891",0.0010960444003245,0.0188958054615944,0.0136717117303635,"Gpx3/Dpep1/Ethe1",3
"GO:0002685","BP","GO:0002685","regulation of leukocyte migration","5/91","249/28891",0.00116276408594982,0.0198475770710643,0.014360348534138,"Cd74/Lgals3/Gpr15lg/Nbl1/Cxcl13",5
"GO:0030193","BP","GO:0030193","regulation of blood coagulation","3/91","66/28891",0.00119834571614314,0.0200577477148619,0.0145124136293267,"Ceacam1/Tspan8/Apoe",3
"GO:0042255","BP","GO:0042255","ribosome assembly","3/91","66/28891",0.00119834571614314,0.0200577477148619,0.0145124136293267,"Rps15/Rps25/Rpl23a",3
"GO:0006690","BP","GO:0006690","icosanoid metabolic process","4/91","147/28891",0.00122002949495099,0.0202243350893798,0.0146329448534101,"Pla2g2a/Cd74/Dpep1/Mgst3",4
"GO:1900046","BP","GO:1900046","regulation of hemostasis","3/91","68/28891",0.001306477577923,0.0213771289585982,0.0154670276077292,"Ceacam1/Tspan8/Apoe",3
"GO:0034341","BP","GO:0034341","response to type II interferon","4/91","150/28891",0.00131437103805766,0.0213771289585982,0.0154670276077292,"Cd74/Ifitm1/H2-Aa/H2-Eb1",4
"GO:0072593","BP","GO:0072593","reactive oxygen species metabolic process","5/91","257/28891",0.00133715013361696,0.0215443629005201,0.0155880266437393,"Gpx3/Atp5if1/Lcn2/Il18/Cycs",5
"GO:1903038","BP","GO:1903038","negative regulation of leukocyte cell-cell adhesion","4/91","153/28891",0.00141369967021087,0.0225668354763291,0.0163278178284589,"Cd74/Ceacam1/Lgals3/H2-Aa",4
"GO:0002830","BP","GO:0002830","positive regulation of type 2 immune response","2/91","18/28891",0.00145279350529503,0.02297812846907,0.0166254012918842,"Cd74/Il18",2
"GO:0050818","BP","GO:0050818","regulation of coagulation","3/91","71/28891",0.00147987468339696,0.0231936723106942,0.0167813540653148,"Ceacam1/Tspan8/Apoe",3
"GO:0044403","BP","GO:0044403","biological process involved in symbiotic interaction","5/91","264/28891",0.00150496696076217,0.0233687196799473,0.0169080063626435,"Cd74/Gpx2/Pglyrp1/Ifitm1/Apoe",5
"GO:0141060","BP","GO:0141060","disruption of anatomical structure in another organism","4/91","156/28891",0.00151815348268799,0.0233687196799473,0.0169080063626435,"Reg3b/Pglyrp1/Lgals3/Cxcl13",4
"GO:0090559","BP","GO:0090559","regulation of membrane permeability","3/91","73/28891",0.0016031122080531,0.0244581012980844,0.0176962083515875,"Chchd10/Cldn3/Atp5if1",3
"GO:0015669","BP","GO:0015669","gas transport","2/91","19/28891",0.00162038794694792,0.0245048142152476,0.0177300066217294,"Car4/Car2",2
"GO:0048872","BP","GO:0048872","homeostasis of number of cells","6/91","401/28891",0.00170248727448649,0.0255225048801279,0.0184663379429427,"Pla2g2a/Cd74/Rps17/Gpr15lg/Atp5if1/Il18",6
"GO:0043116","BP","GO:0043116","negative regulation of vascular permeability","2/91","20/28891",0.00179674786787826,0.0267033907260527,0.0193207461291809,"Ceacam1/Apoe",2
"GO:0050870","BP","GO:0050870","positive regulation of T cell activation","5/91","277/28891",0.00185711676812966,0.027364694942355,0.0197992206048911,"Cd74/H2-Aa/H2-Eb1/Il18/H2-Ea",5
"GO:0050727","BP","GO:0050727","regulation of inflammatory response","6/91","411/28891",0.00192675866623559,0.0281502706829674,0.0203676094512861,"Reg3b/Gpx2/Pglyrp1/Apoe/S100a8/Il18",6
"GO:0000028","BP","GO:0000028","ribosomal small subunit assembly","2/91","21/28891",0.00198181761531073,0.0284721130732975,0.0206004725802037,"Rps15/Rps25",2
"GO:0043117","BP","GO:0043117","positive regulation of vascular permeability","2/91","21/28891",0.00198181761531073,0.0284721130732975,0.0206004725802037,"Apoe/Il18",2
"GO:0050680","BP","GO:0050680","negative regulation of epithelial cell proliferation","4/91","169/28891",0.00203336050667483,0.0289711860620447,0.0209615676416675,"Pla2g2a/Ceacam1/Apoe/Atp5if1",4
"GO:0050670","BP","GO:0050670","regulation of lymphocyte proliferation","5/91","286/28891",0.00213396940582635,0.0301554365216773,0.0218184102321331,"Cd74/Ceacam1/Lgals3/H2-Aa/Il18",5
"GO:0050728","BP","GO:0050728","negative regulation of inflammatory response","4/91","172/28891",0.00216746191002352,0.030379710023419,0.0219806791902257,"Reg3b/Gpx2/Pglyrp1/Apoe",4
"GO:0030856","BP","GO:0030856","regulation of epithelial cell differentiation","4/91","173/28891",0.00221348643254772,0.030774601691228,0.0222663957773264,"Reg3b/Dmbt1/Ceacam1/Id1",4
"GO:0032944","BP","GO:0032944","regulation of mononuclear cell proliferation","5/91","290/28891",0.00226622469560549,0.0312557710017909,0.0226145369624632,"Cd74/Ceacam1/Lgals3/H2-Aa/Il18",5
"GO:0022618","BP","GO:0022618","protein-RNA complex assembly","4/91","175/28891",0.00230755135338421,0.0315731629621776,0.0228441800648311,"Rps15/Rps25/Rpl23a/Eif2s2",4
"GO:0010594","BP","GO:0010594","regulation of endothelial cell migration","4/91","177/28891",0.00240433707808444,0.0326384025402958,0.0236149145257361,"Ceacam1/Apoe/Lcn2/Cxcl13",4
"GO:0043954","BP","GO:0043954","cellular component maintenance","3/91","86/28891",0.00256129496214934,0.0338104236894724,0.0244629088240474,"Chchd10/Cldn3/Apoe",3
"GO:0006691","BP","GO:0006691","leukotriene metabolic process","2/91","24/28891",0.00258873313631691,0.0338104236894724,0.0244629088240474,"Dpep1/Mgst3",2
"GO:0030277","BP","GO:0030277","maintenance of gastrointestinal epithelium","2/91","24/28891",0.00258873313631691,0.0338104236894724,0.0244629088240474,"Tff3/Muc13",2
"GO:0097284","BP","GO:0097284","hepatocyte apoptotic process","2/91","24/28891",0.00258873313631691,0.0338104236894724,0.0244629088240474,"Krt8/Krt18",2
"GO:1901028","BP","GO:1901028","regulation of mitochondrial outer membrane permeabilization involved in apoptotic signaling pathway","2/91","24/28891",0.00258873313631691,0.0338104236894724,0.0244629088240474,"Chchd10/Atp5if1",2
"GO:0034103","BP","GO:0034103","regulation of tissue remodeling","3/91","87/28891",0.00264677392759628,0.0343085582795187,0.0248233249244289,"Ceacam1/Car2/Il18",3
"GO:0022613","BP","GO:0022613","ribonucleoprotein complex biogenesis","6/91","440/28891",0.00270478549006864,0.034625739877717,0.0250528158231131,"Rps15/Rps8/Rps25/Rpl23a/Rps17/Eif2s2",6
"GO:0071826","BP","GO:0071826","protein-RNA complex organization","4/91","183/28891",0.00271141234541287,0.034625739877717,0.0250528158231131,"Rps15/Rps25/Rpl23a/Eif2s2",4
"GO:1903039","BP","GO:1903039","positive regulation of leukocyte cell-cell adhesion","5/91","303/28891",0.00273745845124281,0.0347013115436956,0.0251074943089995,"Cd74/H2-Aa/H2-Eb1/Il18/H2-Ea",5
"GO:2000345","BP","GO:2000345","regulation of hepatocyte proliferation","2/91","25/28891",0.00280809078469419,0.0353368504584875,0.0255673267757405,"Ceacam1/Il18",2
"GO:0045580","BP","GO:0045580","regulation of T cell differentiation","4/91","190/28891",0.00310246874220874,0.038758377620057,0.0280429096835802,"Cd74/H2-Aa/Il18/H2-Ea",4
"GO:0070663","BP","GO:0070663","regulation of leukocyte proliferation","5/91","313/28891",0.00314549331236792,0.0390131688526784,0.0282272591833092,"Cd74/Ceacam1/Lgals3/H2-Aa/Il18",5
"GO:0001659","BP","GO:0001659","temperature homeostasis","4/91","195/28891",0.0034042871745101,0.0419213649203958,0.0303314308405599,"Gpx2/Id1/Lcn2/Il18",4
"GO:0042254","BP","GO:0042254","ribosome biogenesis","5/91","322/28891",0.00354875796416209,0.0433904874483364,0.0313943873649278,"Rps15/Rps8/Rps25/Rpl23a/Rps17",5
"GO:0071674","BP","GO:0071674","mononuclear cell migration","4/91","199/28891",0.0036596915077831,0.0444317476015356,0.0321477719549516,"Lgals3/Gpr15lg/Nbl1/Cxcl13",4
"GO:0002697","BP","GO:0002697","regulation of immune effector process","6/91","473/28891",0.00385408497446647,0.0464646328390223,0.0336186285958246,"Cd74/Ceacam1/Pglyrp1/Lgals3/Il18/H2-Ea",6
"GO:0032091","BP","GO:0032091","negative regulation of protein binding","3/91","100/28891",0.00392083251428143,0.0468134856750773,0.0338710346348557,"Ckmt1/Id1/Slpi",3
"GO:0031348","BP","GO:0031348","negative regulation of defense response","5/91","330/28891",0.00393732913160453,0.0468134856750773,0.0338710346348557,"Reg3b/Gpx2/Ceacam1/Pglyrp1/Apoe",5
"GO:0098869","BP","GO:0098869","cellular oxidant detoxification","2/91","30/28891",0.0040303311800082,0.0475910339337954,0.0344336153446987,"Gpx3/Gpx2",2
"GO:0005751","CC","GO:0005751","mitochondrial respiratory chain complex IV","5/93","25/28573",1.65326122105577e-08,2.45813743472853e-06,1.51736878686946e-06,"Cox4i1/Cox7b/Cox5a/AA467197/Cox6a1",5
"GO:0045277","CC","GO:0045277","respiratory chain complex IV","5/93","28/28573",3.03473757373892e-08,2.45813743472853e-06,1.51736878686946e-06,"Cox4i1/Cox7b/Cox5a/AA467197/Cox6a1",5
"GO:0042613","CC","GO:0042613","MHC class II protein complex","4/93","13/28573",7.35153697514519e-08,3.9698299665784e-06,2.4505123250484e-06,"Cd74/H2-Aa/H2-Eb1/H2-Ea",4
"GO:0070069","CC","GO:0070069","cytochrome complex","5/93","41/28573",2.23808113505133e-07,9.06422859695787e-06,5.59520283762832e-06,"Cox4i1/Cox7b/Cox5a/AA467197/Cox6a1",5
"GO:0098800","CC","GO:0098800","inner mitochondrial membrane protein complex","7/93","154/28573",7.40403228674689e-07,2.39890646090599e-05,1.48080645734938e-05,"Cox4i1/Cox7b/Cox5a/Chchd10/AA467197/Cox6a1/Atp5mj",7
"GO:0016327","CC","GO:0016327","apicolateral plasma membrane","4/93","27/28573",1.74258965908856e-06,4.70499207953911e-05,2.90431609848093e-05,"Krt8/Krt19/Cldn7/Cldn3",4
"GO:0016328","CC","GO:0016328","lateral plasma membrane","5/93","73/28573",4.13242707040577e-06,9.56361693436763e-05,5.90346724343681e-05,"Epcam/Cldn7/Atp1b1/Ceacam1/Cldn3",5
"GO:0042611","CC","GO:0042611","MHC protein complex","4/93","42/28573",1.07064635979359e-05,0.000216805887858202,0.000133830794974199,"Cd74/H2-Aa/H2-Eb1/H2-Ea",4
"GO:0022627","CC","GO:0022627","cytosolic small ribosomal subunit","4/93","45/28573",1.41458746348212e-05,0.000233495516712174,0.000144133035007515,"Rps15/Rps8/Rps25/Rps17",4
"GO:0005746","CC","GO:0005746","mitochondrial respirasome","5/93","95/28573",1.50673902115333e-05,0.000233495516712174,0.000144133035007515,"Cox4i1/Cox7b/Cox5a/AA467197/Cox6a1",5
"GO:0098803","CC","GO:0098803","respiratory chain complex","5/93","96/28573",1.58546338508266e-05,0.000233495516712174,0.000144133035007515,"Cox4i1/Cox7b/Cox5a/AA467197/Cox6a1",5
"GO:0070469","CC","GO:0070469","respirasome","5/93","103/28573",2.23036838425028e-05,0.000301099731873788,0.000185864032020857,"Cox4i1/Cox7b/Cox5a/AA467197/Cox6a1",5
"GO:0030141","CC","GO:0030141","secretory granule","9/93","498/28573",3.63365003770403e-05,0.000452808697006194,0.000279511541361848,"Reg3b/Zg16/Dmbt1/Tff3/Pla2g2a/Sprr2a3/Car4/Klk1/Sycn",9
"GO:0098798","CC","GO:0098798","mitochondrial protein-containing complex","7/93","303/28573",6.11657916244662e-05,0.000673121824173332,0.000415507298872427,"Cox4i1/Cox7b/Cox5a/Chchd10/AA467197/Cox6a1/Atp5mj",7
"GO:0043209","CC","GO:0043209","myelin sheath","6/93","208/28573",6.23260948308641e-05,0.000673121824173332,0.000415507298872427,"Ckmt1/Cox5a/Atp1b1/Cox6a1/Car2/Cycs",6
"GO:0042588","CC","GO:0042588","zymogen granule","3/93","26/28573",8.21996566887882e-05,0.00083227152397398,0.000513747854304926,"Reg3b/Zg16/Dmbt1",3
"GO:0022626","CC","GO:0022626","cytosolic ribosome","5/93","142/28573",0.000103327191191892,0.00098464735135803,0.00060780700701113,"Rps15/Rps8/Rps25/Rpl23a/Rps17",5
"GO:0015935","CC","GO:0015935","small ribosomal subunit","4/93","83/28573",0.000158753068161757,0.00142877761345581,0.00088196148978754,"Rps15/Rps8/Rps25/Rps17",4
"GO:0034364","CC","GO:0034364","high-density lipoprotein particle","3/93","35/28573",0.000202578587084154,0.00168333139338773,0.00103909345270847,"Saa1/Saa3/Apoe",3
"GO:0030667","CC","GO:0030667","secretory granule membrane","4/93","89/28573",0.000207818690541695,0.00168333139338773,0.00103909345270847,"Zg16/Dmbt1/Car4/Sycn",4
"GO:0062023","CC","GO:0062023","collagen-containing extracellular matrix","7/93","396/28573",0.00031729040473088,0.00244766883649536,0.00151090668919467,"Reg3b/Lgals4/Zg16/Dmbt1/Lgals3/Insl5/Serpinb1a",7
"GO:0034358","CC","GO:0034358","plasma lipoprotein particle","3/93","43/28573",0.000374847327591653,0.00264022900303686,0.00162977098952893,"Saa1/Saa3/Apoe",3
"GO:1990777","CC","GO:1990777","lipoprotein particle","3/93","43/28573",0.000374847327591653,0.00264022900303686,0.00162977098952893,"Saa1/Saa3/Apoe",3
"GO:0032994","CC","GO:0032994","protein-lipid complex","3/93","46/28573",0.000457836777275797,0.00309039824661163,0.00190765323864916,"Saa1/Saa3/Apoe",3
"GO:0016324","CC","GO:0016324","apical plasma membrane","7/93","427/28573",0.000497731558816149,0.00322530050112865,0.0019909262352646,"Epcam/Muc13/Atp1b1/Ceacam1/Car4/Il18/Muc17",7
"GO:0001772","CC","GO:0001772","immunological synapse","3/93","50/28573",0.000585612079536966,0.00364881372634571,0.00225235415206525,"Lgals3/H2-Eb1/H2-Ea",3
"GO:0044391","CC","GO:0044391","ribosomal subunit","5/93","215/28573",0.000699397361259811,0.00417330203125748,0.00257611236497375,"Rps15/Rps8/Rps25/Rpl23a/Rps17",5
"GO:0071745","CC","GO:0071745","IgA immunoglobulin complex","2/93","13/28573",0.000798594833141863,0.00417330203125748,0.00257611236497375,"Pigr/Igha",2
"GO:0071746","CC","GO:0071746","IgA immunoglobulin complex, circulating","2/93","13/28573",0.000798594833141863,0.00417330203125748,0.00257611236497375,"Pigr/Igha",2
"GO:0071749","CC","GO:0071749","polymeric IgA immunoglobulin complex","2/93","13/28573",0.000798594833141863,0.00417330203125748,0.00257611236497375,"Pigr/Igha",2
"GO:0071751","CC","GO:0071751","secretory IgA immunoglobulin complex","2/93","13/28573",0.000798594833141863,0.00417330203125748,0.00257611236497375,"Pigr/Igha",2
"GO:0042589","CC","GO:0042589","zymogen granule membrane","2/93","16/28573",0.00122082019223831,0.00618040222320644,0.00381506310074472,"Zg16/Dmbt1",2
"GO:0005770","CC","GO:0005770","late endosome","5/93","255/28573",0.00149381738979097,0.00733328536806478,0.00452671936300295,"Cd74/Apoe/H2-Aa/H2-Eb1/H2-Ea",5
"GO:0005840","CC","GO:0005840","ribosome","5/93","267/28573",0.00182685140435202,0.00839186641793536,0.00518016445551565,"Rps15/Rps8/Rps25/Rpl23a/Rps17",5
"GO:0016323","CC","GO:0016323","basolateral plasma membrane","5/93","267/28573",0.00182685140435202,0.00839186641793536,0.00518016445551565,"Epcam/Cldn7/Atp1b1/Ceacam1/Car2",5
"GO:0016010","CC","GO:0016010","dystrophin-associated glycoprotein complex","2/93","20/28573",0.00191666084854079,0.00839186641793536,0.00518016445551565,"Krt8/Krt19",2
"GO:0043034","CC","GO:0043034","costamere","2/93","20/28573",0.00191666084854079,0.00839186641793536,0.00518016445551565,"Krt8/Krt19",2
"GO:0042383","CC","GO:0042383","sarcolemma","4/93","170/28573",0.00234017872382589,0.00997655140157354,0.00615836506269972,"Krt8/Krt19/Atp1b1/Car4",4
"GO:0042571","CC","GO:0042571","immunoglobulin complex, circulating","2/93","23/28573",0.00253603621684815,0.0105234888125501,0.00649598074848773,"Pigr/Igha",2
"GO:0045111","CC","GO:0045111","intermediate filament cytoskeleton","4/93","175/28573",0.00259839229939509,0.0105234888125501,0.00649598074848773,"Krt8/Krt19/S100a8/Krt18",4
"GO:0090665","CC","GO:0090665","glycoprotein complex","2/93","25/28573",0.00299446663787665,0.0118218138488339,0.0072974159560703,"Krt8/Krt19",2
"GO:0009925","CC","GO:0009925","basal plasma membrane","5/93","301/28573",0.00306491470154953,0.0118218138488339,0.0072974159560703,"Epcam/Cldn7/Atp1b1/Ceacam1/Car2",5
"GO:0031902","CC","GO:0031902","late endosome membrane","3/93","94/28573",0.0036125568429707,0.0136100978735175,0.0084012949836528,"H2-Aa/H2-Eb1/H2-Ea",3
"GO:0045178","CC","GO:0045178","basal part of cell","5/93","325/28573",0.0042433750916086,0.0156233355645589,0.00964403429911045,"Epcam/Cldn7/Atp1b1/Ceacam1/Car2",5
"GO:0005765","CC","GO:0005765","lysosomal membrane","4/93","230/28573",0.00683019110842523,0.0240541512948889,0.0148482415400548,"Ifitm1/H2-Aa/H2-Eb1/H2-Ea",4
"GO:0098852","CC","GO:0098852","lytic vacuole membrane","4/93","230/28573",0.00683019110842523,0.0240541512948889,0.0148482415400548,"Ifitm1/H2-Aa/H2-Eb1/H2-Ea",4
"GO:0019814","CC","GO:0019814","immunoglobulin complex","2/93","45/28573",0.00947361917313864,0.0326537511925204,0.0201566365385928,"Pigr/Igha",2
"GO:0005882","CC","GO:0005882","intermediate filament","3/93","139/28573",0.0106295033672089,0.0358745738643302,0.0221447986816853,"Krt8/Krt19/Krt18",3
"GO:0005923","CC","GO:0005923","bicellular tight junction","3/93","144/28573",0.0116908537851478,0.0386513941468152,0.0238588852758118,"Epcam/Cldn7/Cldn3",3
"GO:0005774","CC","GO:0005774","vacuolar membrane","4/93","283/28573",0.0138226287680008,0.0435872633519949,0.0269057181185154,"Ifitm1/H2-Aa/H2-Eb1/H2-Ea",4
"GO:0045095","CC","GO:0045095","keratin filament","2/93","55/28573",0.01391497524721,0.0435872633519949,0.0269057181185154,"Krt8/Krt18",2
"GO:0070160","CC","GO:0070160","tight junction","3/93","154/28573",0.013990973421628,0.0435872633519949,0.0269057181185154,"Epcam/Cldn7/Cldn3",3
"GO:0005771","CC","GO:0005771","multivesicular body","2/93","59/28573",0.0158987318882263,0.0485961238847671,0.029997607336276,"Cd74/Apoe",2
"GO:0023026","MF","GO:0023026","MHC class II protein complex binding","4/89","14/28407",8.79646264910506e-08,1.89123946955759e-05,1.34261798328446e-05,"Cd74/H2-Aa/H2-Eb1/H2-Ea",4
"GO:0023023","MF","GO:0023023","MHC protein complex binding","4/89","23/28407",7.61557882590814e-07,8.18674723785125e-05,5.81188910398253e-05,"Cd74/H2-Aa/H2-Eb1/H2-Ea",4
"GO:0016209","MF","GO:0016209","antioxidant activity","5/89","89/28407",9.09069813737081e-06,0.000627176938936163,0.000445241890554437,"Gpx3/Gpx2/Apoe/Mgst3/S100a8",5
"GO:0005539","MF","GO:0005539","glycosaminoglycan binding","7/89","243/28407",1.16684081662542e-05,0.000627176938936163,0.000445241890554437,"Saa1/Reg3b/Zg16/Dmbt1/Pglyrp1/Apoe/Cxcl13",7
"GO:0042834","MF","GO:0042834","peptidoglycan binding","3/89","19/28407",2.77781326630911e-05,0.00119445970451292,0.000847964049715412,"Reg3b/Zg16/Pglyrp1",3
"GO:0004867","MF","GO:0004867","serine-type endopeptidase inhibitor activity","5/89","129/28407",5.46379341588729e-05,0.00195785930735961,0.00138991236018185,"Spink4/Spink1/Wfdc2/Slpi/Serpinb1a",5
"GO:0004602","MF","GO:0004602","glutathione peroxidase activity","3/89","27/28407",8.23428272841585e-05,0.00252910112372773,0.00179544510619594,"Gpx3/Gpx2/Mgst3",3
"GO:0003735","MF","GO:0003735","structural constituent of ribosome","5/89","178/28407",0.000247703171979415,0.00579722141003106,0.00411553049916526,"Rps15/Rps8/Rps25/Rpl23a/Rps17",5
"GO:0005154","MF","GO:0005154","epidermal growth factor receptor binding","3/89","39/28407",0.000250377022166125,0.00579722141003106,0.00411553049916526,"Agr2/Pigr/Areg",3
"GO:0030246","MF","GO:0030246","carbohydrate binding","6/89","283/28407",0.000269638205117724,0.00579722141003106,0.00411553049916526,"Reg3b/Lgals4/Zg16/Lgals3/H2-Eb1/H2-Ea",6
"GO:0004866","MF","GO:0004866","endopeptidase inhibitor activity","5/89","198/28407",0.000404020104086636,0.00789675657987516,0.00560602058302031,"Spink4/Spink1/Wfdc2/Slpi/Serpinb1a",5
"GO:0030414","MF","GO:0030414","peptidase inhibitor activity","5/89","205/28407",0.000473337498522079,0.00848063018185391,0.00602052081453521,"Spink4/Spink1/Wfdc2/Slpi/Serpinb1a",5
"GO:0042609","MF","GO:0042609","CD4 receptor binding","2/89","11/28407",0.000524104698455095,0.00866788539752657,0.00615345597376428,"Cd74/H2-Eb1",2
"GO:0061135","MF","GO:0061135","endopeptidase regulator activity","5/89","217/28407",0.000612558921421965,0.00899623204311253,0.00638655395961477,"Spink4/Spink1/Wfdc2/Slpi/Serpinb1a",5
"GO:0035325","MF","GO:0035325","Toll-like receptor binding","2/89","12/28407",0.000627644096031107,0.00899623204311253,0.00638655395961477,"Ceacam1/Saa3",2
"GO:0005125","MF","GO:0005125","cytokine activity","5/89","236/28407",0.000893069118945437,0.0110779969625223,0.00786442868820435,"Pglyrp1/Gpr15lg/Areg/Il18/Cxcl13",5
"GO:0004601","MF","GO:0004601","peroxidase activity","3/89","61/28407",0.000938174937261109,0.0110779969625223,0.00786442868820435,"Gpx3/Gpx2/Mgst3",3
"GO:0005179","MF","GO:0005179","hormone activity","4/89","139/28407",0.000971363713485614,0.0110779969625223,0.00786442868820435,"Reg3b/Pyy/Retnlb/Insl5",4
"GO:0004089","MF","GO:0004089","carbonate dehydratase activity","2/89","15/28407",0.000992435950560761,0.0110779969625223,0.00786442868820435,"Car4/Car2",2
"GO:0016684","MF","GO:0016684","oxidoreductase activity, acting on peroxide as acceptor","3/89","63/28407",0.00103051134535091,0.0110779969625223,0.00786442868820435,"Gpx3/Gpx2/Mgst3",3
"GO:0070851","MF","GO:0070851","growth factor receptor binding","4/89","151/28407",0.00131942600093752,0.0135084090572174,0.00958981303939548,"Agr2/Pigr/Ceacam1/Areg",4
"GO:0034987","MF","GO:0034987","immunoglobulin receptor binding","2/89","18/28407",0.00143730899559308,0.0140464288205687,0.00997176097421037,"Igha/Lgals3",2
"GO:0061134","MF","GO:0061134","peptidase regulator activity","5/89","268/28407",0.00156790310182645,0.0143614280636093,0.01019538344785,"Spink4/Spink1/Wfdc2/Slpi/Serpinb1a",5
"GO:0070492","MF","GO:0070492","oligosaccharide binding","2/89","19/28407",0.00160313615593779,0.0143614280636093,0.01019538344785,"Reg3b/Lgals3",2
"GO:0004857","MF","GO:0004857","enzyme inhibitor activity","6/89","410/28407",0.00184894217032945,0.0157823215735987,0.0112040960987604,"Rps15/Spink4/Spink1/Wfdc2/Slpi/Serpinb1a",6
"GO:0042605","MF","GO:0042605","peptide antigen binding","3/89","78/28407",0.00190855981820263,0.0157823215735987,0.0112040960987604,"H2-Aa/H2-Eb1/H2-Ea",3
"GO:0030247","MF","GO:0030247","polysaccharide binding","2/89","28/28407",0.00347949040121972,0.0277070531948977,0.019669633847051,"H2-Eb1/H2-Ea",2
"GO:0001664","MF","GO:0001664","G protein-coupled receptor binding","5/89","335/28407",0.00409588530454542,0.0314505478741881,0.022327194329289,"Saa1/Pyy/Gpr15lg/Insl5/Cxcl13",5
"GO:0042608","MF","GO:0042608","T cell receptor binding","2/89","37/28407",0.00601955474389931,0.0433512158322639,0.0307756489384493,"H2-Eb1/H2-Ea",2
"GO:0042277","MF","GO:0042277","peptide binding","5/89","370/28407",0.00620145263754188,0.0433512158322639,0.0307756489384493,"Cd74/Apoe/H2-Aa/H2-Eb1/H2-Ea",5
"GO:0003823","MF","GO:0003823","antigen binding","4/89","233/28407",0.00625064042232642,0.0433512158322639,0.0307756489384493,"Igha/H2-Aa/H2-Eb1/H2-Ea",4
"GO:0038187","MF","GO:0038187","pattern recognition receptor activity","2/89","40/28407",0.00700719029249188,0.0470795597776798,0.0334224536977409,"Dmbt1/Pglyrp1",2
