"","ONTOLOGY","ID","Description","GeneRatio","BgRatio","pvalue","p.adjust","qvalue","geneID","Count"
"GO:0042742","BP","GO:0042742","defense response to bacterium","8/35","430/28891",3.73542518533691e-08,2.72686038529594e-05,1.9620812289296e-05,"Reg3b/Lypd8/Pla2g2a/Reg3g/Lgals4/Dmbt1/Lyz2/Lcn2",8
"GO:0095500","BP","GO:0095500","acetylcholine receptor signaling pathway","4/35","43/28891",2.15305793087497e-07,4.73580833966548e-05,3.40759677216016e-05,"Ly6a/Ly6e/Ly6g/Ly6c1",4
"GO:0006953","BP","GO:0006953","acute-phase response","4/35","44/28891",2.36633100913703e-07,4.73580833966548e-05,3.40759677216016e-05,"Reg3b/Saa1/Saa3/Reg3g",4
"GO:1905145","BP","GO:1905145","cellular response to acetylcholine","4/35","45/28891",2.5949634737893e-07,4.73580833966548e-05,3.40759677216016e-05,"Ly6a/Ly6e/Ly6g/Ly6c1",4
"GO:1905144","BP","GO:1905144","response to acetylcholine","4/35","48/28891",3.38017403930384e-07,4.93505409738361e-05,3.55096178023709e-05,"Ly6a/Ly6e/Ly6g/Ly6c1",4
"GO:0050829","BP","GO:0050829","defense response to Gram-negative bacterium","5/35","134/28891",5.78031127987206e-07,7.03271205717767e-05,5.06030759413361e-05,"Reg3b/Lypd8/Reg3g/Dmbt1/Lyz2",5
"GO:0098926","BP","GO:0098926","postsynaptic signal transduction","4/35","61/28891",8.96485636933019e-07,8.46688404337365e-05,6.0922496577411e-05,"Ly6a/Ly6e/Ly6g/Ly6c1",4
"GO:0002181","BP","GO:0002181","cytoplasmic translation","5/35","148/28891",9.45368130366075e-07,8.46688404337365e-05,6.0922496577411e-05,"Rps8/Eef2/Rpl23a/Rpl6/Hnrnpd",5
"GO:0061844","BP","GO:0061844","antimicrobial humoral immune response mediated by antimicrobial peptide","5/35","151/28891",1.04386241630634e-06,8.46688404337365e-05,6.0922496577411e-05,"Reg3b/Reg3g/Lgals4/S100a9/Dmbt1",5
"GO:1902074","BP","GO:1902074","response to salt","6/35","343/28891",3.2540681945867e-06,0.000237546978204829,0.000170924213589344,"Ly6a/Ly6e/Ly6g/Ly6c1/Fos/Hnrnpd",6
"GO:1902075","BP","GO:1902075","cellular response to salt","5/35","202/28891",4.35224631882265e-06,0.000271212423063077,0.000195147799723829,"Ly6a/Ly6e/Ly6g/Ly6c1/Fos",5
"GO:0050830","BP","GO:0050830","defense response to Gram-positive bacterium","5/35","203/28891",4.45828640651633e-06,0.000271212423063077,0.000195147799723829,"Reg3b/Pla2g2a/Reg3g/Dmbt1/Lyz2",5
"GO:0019730","BP","GO:0019730","antimicrobial humoral response","5/35","221/28891",6.7397253951145e-06,0.00037846150295643,0.000272317649567784,"Reg3b/Reg3g/Lgals4/S100a9/Dmbt1",5
"GO:0002526","BP","GO:0002526","acute inflammatory response","4/35","139/28891",2.39255335003414e-05,0.0012380370826418,0.000890815435094817,"Reg3b/Saa1/Saa3/Reg3g",4
"GO:0140241","BP","GO:0140241","translation at synapse","3/35","48/28891",2.71350593455736e-05,0.0012380370826418,0.000890815435094817,"Eef2/Rpl23a/Rpl6",3
"GO:0140242","BP","GO:0140242","translation at postsynapse","3/35","48/28891",2.71350593455736e-05,0.0012380370826418,0.000890815435094817,"Eef2/Rpl23a/Rpl6",3
"GO:0006959","BP","GO:0006959","humoral immune response","5/35","337/28891",5.10509669586009e-05,0.00219218858116345,0.00157736424225027,"Reg3b/Reg3g/Lgals4/S100a9/Dmbt1",5
"GO:0045617","BP","GO:0045617","negative regulation of keratinocyte differentiation","2/35","12/28891",9.33841666199094e-05,0.00358791798065968,0.00258164538190221,"Reg3b/Reg3g",2
"GO:0106015","BP","GO:0106015","negative regulation of inflammatory response to wounding","2/35","12/28891",9.33841666199094e-05,0.00358791798065968,0.00258164538190221,"Reg3b/Reg3g",2
"GO:0006979","BP","GO:0006979","response to oxidative stress","5/35","389/28891",0.000100406031198291,0.00366482013873764,0.0026369794509446,"Reg3b/Gpx2/Prdx1/Fos/Lcn2",5
"GO:0106014","BP","GO:0106014","regulation of inflammatory response to wounding","2/35","14/28891",0.000128561068538511,0.00426589000150514,0.00306947240194818,"Reg3b/Reg3g",2
"GO:2000767","BP","GO:2000767","positive regulation of cytoplasmic translation","2/35","14/28891",0.000128561068538511,0.00426589000150514,0.00306947240194818,"Eef2/Hnrnpd",2
"GO:0034599","BP","GO:0034599","cellular response to oxidative stress","4/35","243/28891",0.000208268083668012,0.0062924558676115,0.00452766471223956,"Reg3b/Prdx1/Fos/Lcn2",4
"GO:0045605","BP","GO:0045605","negative regulation of epidermal cell differentiation","2/35","18/28891",0.000215495063959298,0.0062924558676115,0.00452766471223956,"Reg3b/Reg3g",2
"GO:0045683","BP","GO:0045683","negative regulation of epidermis development","2/35","18/28891",0.000215495063959298,0.0062924558676115,0.00452766471223956,"Reg3b/Reg3g",2
"GO:0044403","BP","GO:0044403","biological process involved in symbiotic interaction","4/35","264/28891",0.000285533571709469,0.00801690412876585,0.00576847175234918,"Eef1a1/Gpx2/Ly6e/Ifitm3",4
"GO:0000027","BP","GO:0000027","ribosomal large subunit assembly","2/35","26/28891",0.000454973387537969,0.0123011323297303,0.00885113919615775,"Rpl23a/Rpl6",2
"GO:0062197","BP","GO:0062197","cellular response to chemical stress","4/35","316/28891",0.00056270097360817,0.0146704182404987,0.0105559317981382,"Reg3b/Prdx1/Fos/Lcn2",4
"GO:0009636","BP","GO:0009636","response to toxic substance","3/35","136/28891",0.000598035691003822,0.0147731265972048,0.0106298344225021,"Gpx2/Prdx1/Lcn2",3
"GO:0098869","BP","GO:0098869","cellular oxidant detoxification","2/35","30/28891",0.000607114791665951,0.0147731265972048,0.0106298344225021,"Gpx2/Prdx1",2
"GO:2000765","BP","GO:2000765","regulation of cytoplasmic translation","2/35","31/28891",0.000648491516150335,0.0152709292512821,0.0109880226335829,"Eef2/Hnrnpd",2
"GO:0034614","BP","GO:0034614","cellular response to reactive oxygen species","3/35","145/28891",0.000720411068662251,0.0157858822380401,0.011358551170558,"Prdx1/Fos/Lcn2",3
"GO:0046597","BP","GO:0046597","negative regulation of viral entry into host cell","2/35","33/28891",0.000735232871360771,0.0157858822380401,0.011358551170558,"Ly6e/Ifitm3",2
"GO:0090594","BP","GO:0090594","inflammatory response to wounding","2/35","33/28891",0.000735232871360771,0.0157858822380401,0.011358551170558,"Reg3b/Reg3g",2
"GO:0045616","BP","GO:0045616","regulation of keratinocyte differentiation","2/35","35/28891",0.000827270806195501,0.0172545053863633,0.0124152821741821,"Reg3b/Reg3g",2
"GO:0141060","BP","GO:0141060","disruption of anatomical structure in another organism","3/35","156/28891",0.000890301717976436,0.0180533403923,0.0129900747739837,"Reg3b/Reg3g/Lyz2",3
"GO:1903901","BP","GO:1903901","negative regulation of viral life cycle","2/35","38/28891",0.000975204825992689,0.0192405276479639,0.0138443017971651,"Ly6e/Ifitm3",2
"GO:0050728","BP","GO:0050728","negative regulation of inflammatory response","3/35","172/28891",0.0011797371903979,0.0222576908821078,0.0160152671235354,"Reg3b/Reg3g/Gpx2",3
"GO:0030856","BP","GO:0030856","regulation of epithelial cell differentiation","3/35","173/28891",0.00119956357691705,0.0222576908821078,0.0160152671235354,"Reg3b/Reg3g/Dmbt1",3
"GO:1903034","BP","GO:1903034","regulation of response to wounding","3/35","174/28891",0.00121959950038947,0.0222576908821078,0.0160152671235354,"Reg3b/Reg3g/S100a9",3
"GO:0140236","BP","GO:0140236","translation at presynapse","2/35","47/28891",0.00148935016423323,0.0253131656053063,0.0182137990440488,"Rpl23a/Rpl6",2
"GO:0140975","BP","GO:0140975","disruption of cellular anatomical structure in another organism","2/35","47/28891",0.00148935016423323,0.0253131656053063,0.0182137990440488,"Reg3b/Reg3g",2
"GO:0050727","BP","GO:0050727","regulation of inflammatory response","4/35","411/28891",0.00149104948086051,0.0253131656053063,0.0182137990440488,"Reg3b/Reg3g/Gpx2/S100a9",4
"GO:0000302","BP","GO:0000302","response to reactive oxygen species","3/35","195/28891",0.00169023490278858,0.0280425336144469,0.0201776846050599,"Prdx1/Fos/Lcn2",3
"GO:0046596","BP","GO:0046596","regulation of viral entry into host cell","2/35","53/28891",0.00188991292078578,0.0299920963516004,0.0215804701938697,"Ly6e/Ifitm3",2
"GO:1990748","BP","GO:1990748","cellular detoxification","2/35","53/28891",0.00188991292078578,0.0299920963516004,0.0215804701938697,"Gpx2/Prdx1",2
"GO:0045604","BP","GO:0045604","regulation of epidermal cell differentiation","2/35","58/28891",0.00225848537755575,0.034347798450327,0.0247145658640421,"Reg3b/Reg3g",2
"GO:0052372","BP","GO:0052372","modulation by symbiont of entry into host","2/35","58/28891",0.00225848537755575,0.034347798450327,0.0247145658640421,"Ly6e/Ifitm3",2
"GO:0030857","BP","GO:0030857","negative regulation of epithelial cell differentiation","2/35","60/28891",0.00241467452753669,0.0352542481020356,0.025366791352438,"Reg3b/Reg3g",2
"GO:0097237","BP","GO:0097237","cellular response to toxic substance","2/35","60/28891",0.00241467452753669,0.0352542481020356,0.025366791352438,"Gpx2/Prdx1",2
"GO:0090303","BP","GO:0090303","positive regulation of wound healing","2/35","63/28891",0.00265827012567764,0.0380497488577388,0.0273782619755035,"Reg3g/S100a9",2
"GO:0045682","BP","GO:0045682","regulation of epidermis development","2/35","65/28891",0.00282684073805251,0.0396844949765064,0.0285545248641337,"Reg3b/Reg3g",2
"GO:0042255","BP","GO:0042255","ribosome assembly","2/35","66/28891",0.00291296930048259,0.0401220299877791,0.0288693481815454,"Rpl23a/Rpl6",2
"GO:0043903","BP","GO:0043903","regulation of biological process involved in symbiotic interaction","2/35","68/28891",0.00308889830756949,0.0417573289726987,0.0300460088786974,"Ly6e/Ifitm3",2
"GO:0098754","BP","GO:0098754","detoxification","2/35","71/28891",0.0033619277809528,0.0445199928688851,0.0320338521147422,"Gpx2/Prdx1",2
"GO:0019058","BP","GO:0019058","viral life cycle","3/35","250/28891",0.0034152323296679,0.0445199928688851,0.0320338521147422,"Eef1a1/Ly6e/Ifitm3",3
"GO:0042273","BP","GO:0042273","ribosomal large subunit biogenesis","2/35","76/28891",0.00384114595891486,0.0491936236843482,0.0353967097598987,"Rpl23a/Rpl6",2
"GO:0005840","CC","GO:0005840","ribosome","6/35","267/28573",8.13813515604287e-07,9.3588554294493e-05,6.85316644719399e-05,"Rps8/Eef1a1/Eef2/Rpl23a/Rpl6/Ndufa7",6
"GO:0022626","CC","GO:0022626","cytosolic ribosome","4/35","142/28573",2.71578899181397e-05,0.00156157867029303,0.00114349010181641,"Rps8/Eef1a1/Rpl23a/Rpl6",4
"GO:0030141","CC","GO:0030141","secretory granule","5/35","498/28573",0.000332305155467283,0.0127383642929125,0.00932786401311671,"Reg3b/Pla2g2a/Reg3g/Dmbt1/Lyz2",5
"GO:0042588","CC","GO:0042588","zymogen granule","2/35","26/28573",0.000465062537178351,0.0133705479438776,0.00979079025638635,"Reg3b/Dmbt1",2
"GO:0034364","CC","GO:0034364","high-density lipoprotein particle","2/35","35/28573",0.000845551445013429,0.0167722444990929,0.0122817351023106,"Saa1/Saa3",2
"GO:0042788","CC","GO:0042788","polysomal ribosome","2/35","37/28573",0.000944995627708555,0.0167722444990929,0.0122817351023106,"Eef2/Rpl6",2
"GO:0034358","CC","GO:0034358","plasma lipoprotein particle","2/35","43/28573",0.00127538524785752,0.0167722444990929,0.0122817351023106,"Saa1/Saa3",2
"GO:1990777","CC","GO:1990777","lipoprotein particle","2/35","43/28573",0.00127538524785752,0.0167722444990929,0.0122817351023106,"Saa1/Saa3",2
"GO:0062023","CC","GO:0062023","collagen-containing extracellular matrix","4/35","396/28573",0.00135470369178817,0.0167722444990929,0.0122817351023106,"Reg3b/Reg3g/Lgals4/Dmbt1",4
"GO:0032994","CC","GO:0032994","protein-lipid complex","2/35","46/28573",0.00145845604339938,0.0167722444990929,0.0122817351023106,"Saa1/Saa3",2
"GO:0044391","CC","GO:0044391","ribosomal subunit","3/35","215/28573",0.00230241066502981,0.0240706569525844,0.0176261103542952,"Rps8/Rpl23a/Rpl6",3
"GO:0005844","CC","GO:0005844","polysome","2/35","78/28573",0.0041290312840864,0.0374460742277209,0.0274204662537086,"Eef2/Rpl6",2
"GO:0022625","CC","GO:0022625","cytosolic large ribosomal subunit","2/35","79/28573",0.00423303447791627,0.0374460742277209,0.0274204662537086,"Rpl23a/Rpl6",2
"GO:0005759","CC","GO:0005759","mitochondrial matrix","3/35","304/28573",0.00606795810923194,0.0498439416115481,0.036498996145756,"Prdx1/Ndufa7/Ptpn1",3
"GO:0030550","MF","GO:0030550","acetylcholine receptor inhibitor activity","4/34","14/28407",1.69690564776583e-09,1.93447243845305e-07,1.03600555337283e-07,"Ly6a/Ly6e/Ly6g/Ly6c1",4
"GO:0033130","MF","GO:0033130","acetylcholine receptor binding","4/34","22/28407",1.2316893280486e-08,7.020629169877e-07,3.75989373825361e-07,"Ly6a/Ly6e/Ly6g/Ly6c1",4
"GO:0030548","MF","GO:0030548","acetylcholine receptor regulator activity","4/34","27/28407",2.9425819063298e-08,8.38635843303993e-07,4.49130922545075e-07,"Ly6a/Ly6e/Ly6g/Ly6c1",4
"GO:0099602","MF","GO:0099602","neurotransmitter receptor regulator activity","4/34","27/28407",2.9425819063298e-08,8.38635843303993e-07,4.49130922545075e-07,"Ly6a/Ly6e/Ly6g/Ly6c1",4
"GO:0030547","MF","GO:0030547","signaling receptor inhibitor activity","4/34","35/28407",8.71996096027063e-08,1.9881510989417e-06,1.06475312778041e-06,"Ly6a/Ly6e/Ly6g/Ly6c1",4
"GO:0003735","MF","GO:0003735","structural constituent of ribosome","4/34","178/28407",5.96737669498495e-05,0.00113380157204714,0.000607206751419521,"Rps8/Rpl23a/Rpl6/Ndufa7",4
"GO:0019843","MF","GO:0019843","rRNA binding","3/34","75/28407",9.97231058585589e-05,0.00162406200969653,0.000869765434555852,"Eef2/Rpl23a/Rpl6",3
"GO:0016209","MF","GO:0016209","antioxidant activity","3/34","89/28407",0.000165807270648824,0.00223014497355683,0.00119435280208953,"Gpx2/Prdx1/S100a9",3
"GO:0003746","MF","GO:0003746","translation elongation factor activity","2/34","17/28407",0.000186983891728884,0.00223014497355683,0.00119435280208953,"Eef1a1/Eef2",2
"GO:0005539","MF","GO:0005539","glycosaminoglycan binding","4/34","243/28407",0.000197997816434989,0.00223014497355683,0.00119435280208953,"Reg3b/Saa1/Reg3g/Dmbt1",4
"GO:0042834","MF","GO:0042834","peptidoglycan binding","2/34","19/28407",0.000234752102479666,0.00223014497355683,0.00119435280208953,"Reg3b/Reg3g",2
"GO:0070492","MF","GO:0070492","oligosaccharide binding","2/34","19/28407",0.000234752102479666,0.00223014497355683,0.00119435280208953,"Reg3b/Reg3g",2
"GO:0070412","MF","GO:0070412","R-SMAD binding","2/34","26/28407",0.000443829095316137,0.00389203975892612,0.00208437955695028,"Fos/Pmepa1",2
"GO:0140313","MF","GO:0140313","molecular sequestering activity","2/34","45/28407",0.00133285189249717,0.0108532225531913,0.00581243682442377,"Pmepa1/Lcn2",2
"GO:0004601","MF","GO:0004601","peroxidase activity","2/34","61/28407",0.00243441735624685,0.0184833683472981,0.00989875682496112,"Gpx2/Prdx1",2
"GO:0016684","MF","GO:0016684","oxidoreductase activity, acting on peroxide as acceptor","2/34","63/28407",0.00259415696102429,0.0184833683472981,0.00989875682496112,"Gpx2/Prdx1",2
"GO:0000049","MF","GO:0000049","tRNA binding","2/34","77/28407",0.00384610626535851,0.0257915361324041,0.0138126416960244,"Eef1a1/Rpl6",2
"GO:0030246","MF","GO:0030246","carbohydrate binding","3/34","283/28407",0.0046592250221123,0.0279878863422281,0.0149888957326799,"Reg3b/Reg3g/Lgals4",3
"GO:0046332","MF","GO:0046332","SMAD binding","2/34","85/28407",0.00466464772370468,0.0279878863422281,0.0149888957326799,"Fos/Pmepa1",2
"GO:0008135","MF","GO:0008135","translation factor activity, RNA binding","2/34","90/28407",0.00521352177437494,0.0297170741139372,0.0159149612059867,"Eef1a1/Eef2",2
"GO:0003924","MF","GO:0003924","GTPase activity","3/34","305/28407",0.00573362660467048,0.0311254015682112,0.0166691901288665,"Eef1a1/Eef2/Rhoh",3
"GO:0090079","MF","GO:0090079","translation regulator activity, nucleic acid binding","2/34","109/28407",0.00755423796929948,0.0391446876590973,0.020963913981788,"Eef1a1/Eef2",2
"GO:0005525","MF","GO:0005525","GTP binding","3/34","363/28407",0.00923650587165034,0.0457809421464408,0.0245179560895066,"Eef1a1/Eef2/Rhoh",3
"GO:0003729","MF","GO:0003729","mRNA binding","3/34","386/28407",0.0109062253885888,0.0466315282601244,0.0249734869721812,"Eef1a1/Rpl6/Hnrnpd",3
"GO:0019001","MF","GO:0019001","guanyl nucleotide binding","3/34","387/28407",0.0109825352308307,0.0466315282601244,0.0249734869721812,"Eef1a1/Eef2/Rhoh",3
"GO:0032561","MF","GO:0032561","guanyl ribonucleotide binding","3/34","387/28407",0.0109825352308307,0.0466315282601244,0.0249734869721812,"Eef1a1/Eef2/Rhoh",3
"GO:0003680","MF","GO:0003680","minor groove of adenine-thymine-rich DNA binding","1/34","10/28407",0.0119064979813984,0.0466315282601244,0.0249734869721812,"Hnrnpd",1
"GO:0004726","MF","GO:0004726","non-membrane spanning protein tyrosine phosphatase activity","1/34","10/28407",0.0119064979813984,0.0466315282601244,0.0249734869721812,"Ptpn1",1
"GO:0005179","MF","GO:0005179","hormone activity","2/34","139/28407",0.0120372579492392,0.0466315282601244,0.0249734869721812,"Reg3b/Reg3g",2
"GO:0045182","MF","GO:0045182","translation regulator activity","2/34","144/28407",0.0128740870406308,0.0466315282601244,0.0249734869721812,"Eef1a1/Eef2",2
"GO:0003796","MF","GO:0003796","lysozyme activity","1/34","11/28407",0.0130895517923156,0.0466315282601244,0.0249734869721812,"Lyz2",1
"GO:0034046","MF","GO:0034046","poly(G) binding","1/34","11/28407",0.0130895517923156,0.0466315282601244,0.0249734869721812,"Hnrnpdl",1
"GO:0035325","MF","GO:0035325","Toll-like receptor binding","1/34","12/28407",0.0142712307343875,0.0493006152642478,0.0264029149152943,"Saa3",1
