"","ONTOLOGY","ID","Description","GeneRatio","BgRatio","pvalue","p.adjust","qvalue","geneID","Count"
"GO:0006260","BP","GO:0006260","DNA replication","21/211","276/28891",1.59328957328007e-15,3.44469205743152e-12,2.7672924167496e-12,"Mcm5/Rfc4/Tipin/Prim1/Mcm6/Cenps/Ruvbl2/Cdk1/Pclaf/Prim2/Tk1/Cinp/Timeless/Dscc1/Gins2/Rad51/Ccna2/Cdc45/Rfc3/Pold2/Chaf1a",21
"GO:0006261","BP","GO:0006261","DNA-templated DNA replication","15/211","152/28891",4.51091349027484e-13,4.87629748298711e-10,3.91737224155447e-10,"Mcm5/Rfc4/Tipin/Prim1/Mcm6/Cenps/Prim2/Tk1/Timeless/Dscc1/Gins2/Rad51/Cdc45/Rfc3/Pold2",15
"GO:0007059","BP","GO:0007059","chromosome segregation","20/211","416/28891",3.74101149976991e-11,2.69602228750085e-08,2.16584876302469e-08,"Ran/Syce2/Spc24/Nup43/Cenps/Birc5/Cenpw/Psmc3ip/Cdk1/Cdc20/Tpx2/Cdca8/Pttg1/Ube2c/Bub1/Cenpm/Ska1/Tacc3/Cenpf/Tubg1",20
"GO:0009165","BP","GO:0009165","nucleotide biosynthetic process","16/211","267/28891",1.49099556489302e-10,7.19744077500368e-08,5.78206206668098e-08,"Atp5f1e/Ndufa1/Nme1/Atp5me/Ndufa12/Ndufc1/Atp5mc1/Dut/Rrm2/Tyms/Atic/Nme2/Tk1/Upp1/Mthfd1/Oas1a",16
"GO:1901293","BP","GO:1901293","nucleoside phosphate biosynthetic process","16/211","269/28891",1.66453301919604e-10,7.19744077500368e-08,5.78206206668098e-08,"Atp5f1e/Ndufa1/Nme1/Atp5me/Ndufa12/Ndufc1/Atp5mc1/Dut/Rrm2/Tyms/Atic/Nme2/Tk1/Upp1/Mthfd1/Oas1a",16
"GO:0000280","BP","GO:0000280","nuclear division","19/211","450/28891",1.03533998675127e-09,3.73067508559374e-07,2.99703680375367e-07,"Ran/Ranbp1/Syce2/Spc24/Cenps/Birc5/Psmc3ip/Cdk1/Cdc20/Tpx2/Cdca8/Pttg1/Ube2c/Bub1/Rgcc/Ube2s/Rad51/Chek1/Tubg1",19
"GO:0009157","BP","GO:0009157","deoxyribonucleoside monophosphate biosynthetic process","5/211","10/28891",4.84707835625255e-09,1.42034376117136e-06,1.14103276981973e-06,"Nme1/Dut/Tyms/Nme2/Tk1",5
"GO:0009117","BP","GO:0009117","nucleotide metabolic process","19/211","497/28891",5.25566609129088e-09,1.42034376117136e-06,1.14103276981973e-06,"Atp5f1e/Ran/Ndufa1/Nme1/Atp5me/Ndufa12/Ndufc1/Mdh2/Atp5mc1/Dctpp1/Dut/Rrm2/Tyms/Atic/Nme2/Tk1/Upp1/Mthfd1/Oas1a",19
"GO:0045333","BP","GO:0045333","cellular respiration","14/211","254/28891",6.34047197729057e-09,1.51301785898244e-06,1.21548248080288e-06,"Atp5f1e/Uqcr11/Uqcr10/Uqcrq/Ndufa1/Atp5me/Ndufa12/Ndufc1/Mdh2/Cyc1/Cisd1/Cdk1/Shmt2/Oas1a",14
"GO:0009219","BP","GO:0009219","pyrimidine deoxyribonucleotide metabolic process","6/211","21/28891",6.99823246522869e-09,1.51301785898244e-06,1.21548248080288e-06,"Nme1/Dctpp1/Dut/Tyms/Nme2/Upp1",6
"GO:0044772","BP","GO:0044772","mitotic cell cycle phase transition","18/211","454/28891",7.72021539828555e-09,1.51737324464485e-06,1.21898137867667e-06,"Cdk4/Cks1b/Spc24/Apex1/Rrm2/Birc5/Cdk1/Cdc20/Cdca8/Ube2c/Bub1/E2f1/Rgcc/Ube2s/Ccna2/Chek1/Tacc3/Cenpf",18
"GO:0098813","BP","GO:0098813","nuclear chromosome segregation","15/211","312/28891",1.13868135681773e-08,1.86298209583685e-06,1.49662615420946e-06,"Ran/Syce2/Spc24/Birc5/Psmc3ip/Cdk1/Cdc20/Tpx2/Cdca8/Pttg1/Ube2c/Bub1/Tacc3/Cenpf/Tubg1",15
"GO:0140014","BP","GO:0140014","mitotic nuclear division","14/211","267/28891",1.19504897236097e-08,1.86298209583685e-06,1.49662615420946e-06,"Ran/Ranbp1/Spc24/Birc5/Cdk1/Cdc20/Tpx2/Cdca8/Ube2c/Bub1/Rgcc/Ube2s/Chek1/Tubg1",14
"GO:0006119","BP","GO:0006119","oxidative phosphorylation","11/211","147/28891",1.20637138490823e-08,1.86298209583685e-06,1.49662615420946e-06,"Atp5f1e/Uqcr11/Uqcr10/Uqcrq/Ndufa1/Atp5me/Ndufa12/Ndufc1/Cyc1/Cdk1/Shmt2",11
"GO:0046073","BP","GO:0046073","dTMP metabolic process","5/211","13/28891",2.43163655662099e-08,3.28901795637568e-06,2.64223167049023e-06,"Nme1/Dut/Tyms/Nme2/Upp1",5
"GO:0009060","BP","GO:0009060","aerobic respiration","12/211","196/28891",2.47095531121291e-08,3.28901795637568e-06,2.64223167049023e-06,"Atp5f1e/Uqcr11/Uqcr10/Uqcrq/Ndufa1/Atp5me/Ndufa12/Ndufc1/Mdh2/Cyc1/Cdk1/Shmt2",12
"GO:0009124","BP","GO:0009124","nucleoside monophosphate biosynthetic process","7/211","43/28891",2.58618433202528e-08,3.28901795637568e-06,2.64223167049023e-06,"Nme1/Dut/Tyms/Atic/Nme2/Tk1/Upp1",7
"GO:0009394","BP","GO:0009394","2'-deoxyribonucleotide metabolic process","7/211","45/28891",3.59723430838241e-08,4.06465943931989e-06,3.26534304244502e-06,"Nme1/Dctpp1/Dut/Rrm2/Tyms/Nme2/Upp1",7
"GO:0019692","BP","GO:0019692","deoxyribose phosphate metabolic process","7/211","45/28891",3.59723430838241e-08,4.06465943931989e-06,3.26534304244502e-06,"Nme1/Dctpp1/Dut/Rrm2/Tyms/Nme2/Upp1",7
"GO:0009130","BP","GO:0009130","pyrimidine nucleoside monophosphate biosynthetic process","5/211","14/28891",3.76009198827002e-08,4.06465943931989e-06,3.26534304244502e-06,"Nme1/Dut/Tyms/Nme2/Upp1",5
"GO:1901987","BP","GO:1901987","regulation of cell cycle phase transition","17/211","449/28891",3.99180724335398e-08,4.10966060006252e-06,3.3014947125484e-06,"Cdk4/Tipin/Spc24/Apex1/Rrm2/Birc5/Cdk1/Cdc20/Cdca8/Ube2c/Timeless/Bub1/E2f1/Rgcc/Rad51/Chek1/Cenpf",17
"GO:0009262","BP","GO:0009262","deoxyribonucleotide metabolic process","7/211","47/28891",4.9241353515396e-08,4.83908210455846e-06,3.88747527753126e-06,"Nme1/Dctpp1/Dut/Rrm2/Tyms/Nme2/Upp1",7
"GO:0009176","BP","GO:0009176","pyrimidine deoxyribonucleoside monophosphate metabolic process","5/211","16/28891",8.10674850843412e-08,7.62034359792808e-06,6.12180093314247e-06,"Nme1/Dut/Tyms/Nme2/Upp1",5
"GO:0009162","BP","GO:0009162","deoxyribonucleoside monophosphate metabolic process","6/211","31/28891",8.9345260829463e-08,8.04851891305412e-06,6.46577545476377e-06,"Nme1/Dut/Tyms/Nme2/Tk1/Upp1",6
"GO:0009263","BP","GO:0009263","deoxyribonucleotide biosynthetic process","5/211","17/28891",1.14164156206216e-07,8.50257783776226e-06,6.83054356702261e-06,"Nme1/Dut/Rrm2/Tyms/Nme2",5
"GO:0009265","BP","GO:0009265","2'-deoxyribonucleotide biosynthetic process","5/211","17/28891",1.14164156206216e-07,8.50257783776226e-06,6.83054356702261e-06,"Nme1/Dut/Rrm2/Tyms/Nme2",5
"GO:0046385","BP","GO:0046385","deoxyribose phosphate biosynthetic process","5/211","17/28891",1.14164156206216e-07,8.50257783776226e-06,6.83054356702261e-06,"Nme1/Dut/Rrm2/Tyms/Nme2",5
"GO:0046653","BP","GO:0046653","tetrahydrofolate metabolic process","5/211","17/28891",1.14164156206216e-07,8.50257783776226e-06,6.83054356702261e-06,"Dhfr/Tyms/Shmt2/Atic/Mthfd1",5
"GO:0006091","BP","GO:0006091","generation of precursor metabolites and energy","17/211","484/28891",1.16928689257939e-07,8.50257783776226e-06,6.83054356702261e-06,"Atp5f1e/Uqcr11/Uqcr10/Uqcrq/Ndufa1/Atp5me/Ndufa12/Ndufc1/Mdh2/Tpi1/Cyc1/Eno3/Cisd1/Galk1/Cdk1/Shmt2/Oas1a",17
"GO:0009141","BP","GO:0009141","nucleoside triphosphate metabolic process","11/211","184/28891",1.21914853362919e-07,8.50257783776226e-06,6.83054356702261e-06,"Atp5f1e/Ran/Ndufa1/Nme1/Atp5me/Ndufa12/Ndufc1/Atp5mc1/Dctpp1/Dut/Nme2",11
"GO:0071897","BP","GO:0071897","DNA biosynthetic process","11/211","184/28891",1.21914853362919e-07,8.50257783776226e-06,6.83054356702261e-06,"Rfc4/Nhp2/Tfdp1/Pclaf/Tk1/Dscc1/Rgcc/Ccna2/Chek1/Rfc3/Pold2",11
"GO:0072528","BP","GO:0072528","pyrimidine-containing compound biosynthetic process","6/211","34/28891",1.60246978311104e-07,1.0826686472144e-05,8.69761559912243e-06,"Nme1/Dut/Tyms/Nme2/Tk1/Upp1",6
"GO:0072522","BP","GO:0072522","purine-containing compound biosynthetic process","12/211","241/28891",2.36514843674989e-07,1.53086614108254e-05,1.22982089331817e-05,"Atp5f1e/Ndufa1/Nme1/Atp5me/Ndufa12/Ndufc1/Atp5mc1/Shmt2/Atic/Nme2/Mthfd1/Oas1a",12
"GO:0007088","BP","GO:0007088","regulation of mitotic nuclear division","9/211","119/28891",2.40746756691982e-07,1.53086614108254e-05,1.22982089331817e-05,"Spc24/Birc5/Cdc20/Cdca8/Ube2c/Bub1/Rgcc/Chek1/Tubg1",9
"GO:1901990","BP","GO:1901990","regulation of mitotic cell cycle phase transition","14/211","343/28891",2.65047943308354e-07,1.6372390098076e-05,1.31527550814672e-05,"Cdk4/Spc24/Apex1/Rrm2/Birc5/Cdk1/Cdc20/Cdca8/Ube2c/Bub1/E2f1/Rgcc/Chek1/Cenpf",14
"GO:0006268","BP","GO:0006268","DNA unwinding involved in DNA replication","5/211","20/28891",2.80977570643833e-07,1.68742641036658e-05,1.3555935425799e-05,"Mcm5/Mcm6/Gins2/Rad51/Cdc45",5
"GO:0072527","BP","GO:0072527","pyrimidine-containing compound metabolic process","7/211","61/28891",3.13276243445597e-07,1.83054929278211e-05,1.47057127079726e-05,"Nme1/Dctpp1/Dut/Tyms/Nme2/Tk1/Upp1",7
"GO:0015980","BP","GO:0015980","energy derivation by oxidation of organic compounds","14/211","350/28891",3.38150529563769e-07,1.9091820742055e-05,1.53374089412293e-05,"Atp5f1e/Uqcr11/Uqcr10/Uqcrq/Ndufa1/Atp5me/Ndufa12/Ndufc1/Mdh2/Cyc1/Cisd1/Cdk1/Shmt2/Oas1a",14
"GO:0000075","BP","GO:0000075","cell cycle checkpoint signaling","11/211","204/28891",3.44394546225785e-07,1.9091820742055e-05,1.53374089412293e-05,"Tipin/Spc24/Birc5/Cdk1/Cdc20/Cdca8/Timeless/Bub1/E2f1/Rad51/Chek1",11
"GO:0009260","BP","GO:0009260","ribonucleotide biosynthetic process","11/211","210/28891",4.59686168363612e-07,2.48460374000532e-05,1.99600573105253e-05,"Atp5f1e/Ndufa1/Nme1/Atp5me/Ndufa12/Ndufc1/Atp5mc1/Atic/Nme2/Upp1/Mthfd1",11
"GO:0009129","BP","GO:0009129","pyrimidine nucleoside monophosphate metabolic process","5/211","22/28891",4.71605523870556e-07,2.48685644538571e-05,1.99781544130017e-05,"Nme1/Dut/Tyms/Nme2/Upp1",5
"GO:0009123","BP","GO:0009123","nucleoside monophosphate metabolic process","7/211","66/28891",5.42230847095573e-07,2.79119783671578e-05,2.242308014305e-05,"Nme1/Dut/Tyms/Atic/Nme2/Tk1/Upp1",7
"GO:0009221","BP","GO:0009221","pyrimidine deoxyribonucleotide biosynthetic process","4/211","10/28891",5.61044755728863e-07,2.82088084159489e-05,2.26615384810924e-05,"Nme1/Dut/Tyms/Nme2",4
"GO:1901992","BP","GO:1901992","positive regulation of mitotic cell cycle phase transition","8/211","97/28891",5.86791106006167e-07,2.8832781163303e-05,2.31628068160329e-05,"Cdk4/Apex1/Rrm2/Birc5/Cdk1/Cdc20/Ube2c/Rgcc",8
"GO:0010948","BP","GO:0010948","negative regulation of cell cycle process","13/211","314/28891",6.09684329353778e-07,2.9291944890286e-05,2.3531675869795e-05,"Tipin/Spc24/Birc5/Cdk1/Naa10/Cdc20/Cdca8/Timeless/Bub1/E2f1/Rgcc/Rad51/Chek1",13
"GO:0000819","BP","GO:0000819","sister chromatid segregation","11/211","218/28891",6.65792602775457e-07,3.0626459727671e-05,2.46037579973013e-05,"Ran/Spc24/Birc5/Cdk1/Cdc20/Tpx2/Cdca8/Ube2c/Bub1/Tacc3/Tubg1",11
"GO:0046390","BP","GO:0046390","ribose phosphate biosynthetic process","11/211","218/28891",6.65792602775457e-07,3.0626459727671e-05,2.46037579973013e-05,"Atp5f1e/Ndufa1/Nme1/Atp5me/Ndufa12/Ndufc1/Atp5mc1/Atic/Nme2/Upp1/Mthfd1",11
"GO:0006220","BP","GO:0006220","pyrimidine nucleotide metabolic process","6/211","43/28891",6.87705381876863e-07,3.09753965753703e-05,2.48840763179128e-05,"Nme1/Dctpp1/Dut/Tyms/Nme2/Upp1",6
"GO:0006760","BP","GO:0006760","folic acid-containing compound metabolic process","5/211","24/28891",7.52189935279743e-07,3.31884620423429e-05,2.6661941852021e-05,"Dhfr/Tyms/Shmt2/Atic/Mthfd1",5
"GO:0000070","BP","GO:0000070","mitotic sister chromatid segregation","10/211","177/28891",7.76183904374535e-07,3.35621920251549e-05,2.69621777309049e-05,"Ran/Spc24/Birc5/Cdk1/Cdc20/Tpx2/Cdca8/Ube2c/Bub1/Tubg1",10
"GO:1901988","BP","GO:1901988","negative regulation of cell cycle phase transition","12/211","271/28891",8.24021182089699e-07,3.49320352093711e-05,2.80626408761198e-05,"Tipin/Spc24/Birc5/Cdk1/Cdc20/Cdca8/Timeless/Bub1/E2f1/Rgcc/Rad51/Chek1",12
"GO:0006221","BP","GO:0006221","pyrimidine nucleotide biosynthetic process","5/211","26/28891",1.15034671507505e-06,4.63491183493095e-05,3.72345514759047e-05,"Nme1/Dut/Tyms/Nme2/Upp1",5
"GO:0007064","BP","GO:0007064","mitotic sister chromatid cohesion","5/211","26/28891",1.15034671507505e-06,4.63491183493095e-05,3.72345514759047e-05,"Naa10/Cdc20/Pttg1/Bub1/Dscc1",5
"GO:0033045","BP","GO:0033045","regulation of sister chromatid segregation","8/211","106/28891",1.15765605497813e-06,4.63491183493095e-05,3.72345514759047e-05,"Spc24/Birc5/Cdk1/Cdc20/Cdca8/Ube2c/Bub1/Tacc3",8
"GO:0006164","BP","GO:0006164","purine nucleotide biosynthetic process","11/211","233/28891",1.27992779219842e-06,5.03127979405997e-05,4.04187723852133e-05,"Atp5f1e/Ndufa1/Nme1/Atp5me/Ndufa12/Ndufc1/Atp5mc1/Atic/Nme2/Mthfd1/Oas1a",11
"GO:0000727","BP","GO:0000727","double-strand break repair via break-induced replication","4/211","12/28891",1.30736439082242e-06,5.04736038028229e-05,4.05479557303947e-05,"Mcm5/Mcm6/Gins2/Cdc45",4
"GO:0006122","BP","GO:0006122","mitochondrial electron transport, ubiquinol to cytochrome c","4/211","13/28891",1.87760795760296e-06,6.89066748565991e-05,5.53561582907583e-05,"Uqcr11/Uqcr10/Uqcrq/Cyc1",4
"GO:0035999","BP","GO:0035999","tetrahydrofolate interconversion","4/211","13/28891",1.87760795760296e-06,6.89066748565991e-05,5.53561582907583e-05,"Dhfr/Tyms/Shmt2/Mthfd1",4
"GO:0009206","BP","GO:0009206","purine ribonucleoside triphosphate biosynthetic process","8/211","113/28891",1.88043192254364e-06,6.89066748565991e-05,5.53561582907583e-05,"Atp5f1e/Ndufa1/Nme1/Atp5me/Ndufa12/Ndufc1/Atp5mc1/Nme2",8
"GO:0051783","BP","GO:0051783","regulation of nuclear division","9/211","153/28891",2.00241756945433e-06,7.1139267790204e-05,5.71497112098138e-05,"Spc24/Birc5/Cdc20/Cdca8/Ube2c/Bub1/Rgcc/Chek1/Tubg1",9
"GO:0009145","BP","GO:0009145","purine nucleoside triphosphate biosynthetic process","8/211","114/28891",2.00978624969428e-06,7.1139267790204e-05,5.71497112098138e-05,"Atp5f1e/Ndufa1/Nme1/Atp5me/Ndufa12/Ndufc1/Atp5mc1/Nme2",8
"GO:0042558","BP","GO:0042558","pteridine-containing compound metabolic process","5/211","29/28891",2.04007150924729e-06,7.1139267790204e-05,5.71497112098138e-05,"Dhfr/Tyms/Shmt2/Atic/Mthfd1",5
"GO:0009152","BP","GO:0009152","purine ribonucleotide biosynthetic process","10/211","198/28891",2.1448313348437e-06,7.36051642211441e-05,5.91306884292749e-05,"Atp5f1e/Ndufa1/Nme1/Atp5me/Ndufa12/Ndufc1/Atp5mc1/Atic/Nme2/Mthfd1",10
"GO:0009201","BP","GO:0009201","ribonucleoside triphosphate biosynthetic process","8/211","118/28891",2.60568254630853e-06,8.80232135174852e-05,7.0713424365281e-05,"Atp5f1e/Ndufa1/Nme1/Atp5me/Ndufa12/Ndufc1/Atp5mc1/Nme2",8
"GO:0009205","BP","GO:0009205","purine ribonucleoside triphosphate metabolic process","9/211","160/28891",2.89709018652677e-06,9.63616766657056e-05,7.74121264416059e-05,"Atp5f1e/Ran/Ndufa1/Nme1/Atp5me/Ndufa12/Ndufc1/Atp5mc1/Nme2",9
"GO:1901989","BP","GO:1901989","positive regulation of cell cycle phase transition","8/211","120/28891",2.95594931911756e-06,9.68297337565479e-05,7.77881399767779e-05,"Cdk4/Apex1/Rrm2/Birc5/Cdk1/Cdc20/Ube2c/Rgcc",8
"GO:0006544","BP","GO:0006544","glycine metabolic process","4/211","15/28891",3.54362682799794e-06,0.00011305676124964,9.08241180495183e-05,"Phgdh/Dhfr/Shmt2/Gcsh",4
"GO:0006275","BP","GO:0006275","regulation of DNA replication","8/211","123/28891",3.55590183393872e-06,0.00011305676124964,9.08241180495183e-05,"Rfc4/Tipin/Ruvbl2/Cdk1/Timeless/Dscc1/Ccna2/Rfc3",8
"GO:0009142","BP","GO:0009142","nucleoside triphosphate biosynthetic process","8/211","124/28891",3.77753339180396e-06,0.000118362712943191,9.50866528829372e-05,"Atp5f1e/Ndufa1/Nme1/Atp5me/Ndufa12/Ndufc1/Atp5mc1/Nme2",8
"GO:0006270","BP","GO:0006270","DNA replication initiation","5/211","33/28891",3.98144357873477e-06,0.000122969728817494,9.87876978182312e-05,"Mcm5/Prim1/Mcm6/Prim2/Cdc45",5
"GO:0009199","BP","GO:0009199","ribonucleoside triphosphate metabolic process","9/211","167/28891",4.11614716234564e-06,0.000125160178655386,0.000100547395092939,"Atp5f1e/Ran/Ndufa1/Nme1/Atp5me/Ndufa12/Ndufc1/Atp5mc1/Nme2",9
"GO:0033047","BP","GO:0033047","regulation of mitotic sister chromatid segregation","6/211","58/28891",4.16814656021638e-06,0.000125160178655386,0.000100547395092939,"Spc24/Birc5/Cdk1/Cdc20/Cdca8/Bub1",6
"GO:0009144","BP","GO:0009144","purine nucleoside triphosphate metabolic process","9/211","169/28891",4.53647509064339e-06,0.000134354234876315,0.000107933437628862,"Atp5f1e/Ran/Ndufa1/Nme1/Atp5me/Ndufa12/Ndufc1/Atp5mc1/Nme2",9
"GO:0009070","BP","GO:0009070","serine family amino acid biosynthetic process","4/211","16/28891",4.6978132756358e-06,0.000135422297358995,0.000108791465330513,"Phgdh/Dhfr/Shmt2/Mthfd1",4
"GO:1902969","BP","GO:1902969","mitotic DNA replication","4/211","16/28891",4.6978132756358e-06,0.000135422297358995,0.000108791465330513,"Mcm6/Tk1/Rad51/Cdc45",4
"GO:0010965","BP","GO:0010965","regulation of mitotic sister chromatid separation","6/211","60/28891",5.09336715581607e-06,0.000144892891985189,0.000116399664918234,"Spc24/Birc5/Cdc20/Cdca8/Ube2c/Bub1",6
"GO:0032543","BP","GO:0032543","mitochondrial translation","8/211","130/28891",5.36867151137103e-06,0.000150741140358236,0.000121097853639948,"C1qbp/Mrpl12/Mrpl42/Mrpl40/Shmt2/Mrps28/Mrps18b/Mtg1",8
"GO:0045839","BP","GO:0045839","negative regulation of mitotic nuclear division","6/211","61/28891",5.61483161898376e-06,0.000155631614874909,0.000125026614997614,"Spc24/Birc5/Cdc20/Cdca8/Bub1/Chek1",6
"GO:0045931","BP","GO:0045931","positive regulation of mitotic cell cycle","8/211","132/28891",6.01142427711638e-06,0.00016245874108907,0.000130511184963711,"Cdk4/Apex1/Rrm2/Birc5/Cdk1/Cdc20/Ube2c/Rgcc",8
"GO:0051983","BP","GO:0051983","regulation of chromosome segregation","8/211","132/28891",6.01142427711638e-06,0.00016245874108907,0.000130511184963711,"Spc24/Birc5/Cdk1/Cdc20/Cdca8/Ube2c/Bub1/Tacc3",8
"GO:0009069","BP","GO:0009069","serine family amino acid metabolic process","5/211","36/28891",6.2126329268261e-06,0.000165823609725902,0.00013321435125748,"Phgdh/Dhfr/Shmt2/Gcsh/Mthfd1",5
"GO:0007091","BP","GO:0007091","metaphase/anaphase transition of mitotic cell cycle","7/211","95/28891",6.4338306780432e-06,0.00016963343812109,0.000136274975850723,"Spc24/Birc5/Cdc20/Cdca8/Ube2c/Bub1/Tacc3",7
"GO:0090068","BP","GO:0090068","positive regulation of cell cycle process","11/211","276/28891",6.52090594066023e-06,0.000169857814984427,0.000136455228942161,"Ranbp1/Cdk4/Apex1/Rrm2/Birc5/Cdk1/Cdc20/Cdca8/Ube2c/Bub1/Rgcc",11
"GO:0051306","BP","GO:0051306","mitotic sister chromatid separation","6/211","63/28891",6.78791128341618e-06,0.000174707907080307,0.000140351549093192,"Spc24/Birc5/Cdc20/Cdca8/Ube2c/Bub1",6
"GO:0006310","BP","GO:0006310","DNA recombination","12/211","333/28891",6.89621597112254e-06,0.000175407281524317,0.000140913391360399,"Mcm5/Mcm6/Apex1/Cenps/Ruvbl2/Psmc3ip/Timeless/Ung/Gins2/Rad51/Chek1/Cdc45",12
"GO:0033260","BP","GO:0033260","nuclear DNA replication","5/211","37/28891",7.14085825649655e-06,0.000179517855238902,0.000144215619623247,"Mcm5/Mcm6/Tk1/Rad51/Cdc45",5
"GO:1901970","BP","GO:1901970","positive regulation of mitotic sister chromatid separation","4/211","18/28891",7.80846148316075e-06,0.000194044755478087,0.000155885800934244,"Birc5/Cdc20/Cdca8/Ube2c",4
"GO:0044784","BP","GO:0044784","metaphase/anaphase transition of cell cycle","7/211","98/28891",7.90753347528693e-06,0.000194273720154208,0.000156069739643821,"Spc24/Birc5/Cdc20/Cdca8/Ube2c/Bub1/Tacc3",7
"GO:0045786","BP","GO:0045786","negative regulation of cell cycle","13/211","400/28891",8.65982893474049e-06,0.0002103657321001,0.000168997253013859,"Tipin/Spc24/Birc5/Cdk1/Naa10/Cdc20/Cdca8/Timeless/Bub1/E2f1/Rgcc/Rad51/Chek1",13
"GO:0090329","BP","GO:0090329","regulation of DNA-templated DNA replication","5/211","39/28891",9.32079295853493e-06,0.00022390615973725,0.000179874951831376,"Rfc4/Tipin/Timeless/Dscc1/Rfc3",5
"GO:0006730","BP","GO:0006730","one-carbon metabolic process","5/211","40/28891",1.05893411157526e-05,0.000251584126288541,0.000202110038646522,"Car4/Dhfr/Tyms/Shmt2/Mthfd1",5
"GO:1903046","BP","GO:1903046","meiotic cell cycle process","10/211","239/28891",1.13187126971377e-05,0.000265989748382735,0.000213682791193103,"Mcm5/Mcm6/Syce2/Cenps/Birc5/Psmc3ip/Cdc20/Pttg1/Rad51/Tubg1",10
"GO:0015986","BP","GO:0015986","proton motive force-driven ATP synthesis","6/211","70/28891",1.25543765284651e-05,0.000291855505962812,0.000234462040429738,"Atp5f1e/Ndufa1/Atp5me/Ndufa12/Ndufc1/Atp5mc1",6
"GO:0072521","BP","GO:0072521","purine-containing compound metabolic process","14/211","479/28891",1.28923199161471e-05,0.000296523358071384,0.000238211958137097,"Atp5f1e/Ran/Ndufa1/Nme1/Atp5me/Ndufa12/Ndufc1/Mdh2/Atp5mc1/Shmt2/Atic/Nme2/Mthfd1/Oas1a",14
"GO:0044786","BP","GO:0044786","cell cycle DNA replication","5/211","42/28891",1.35284264079846e-05,0.000303802646571612,0.000244059772551322,"Mcm5/Mcm6/Tk1/Rad51/Cdc45",5
"GO:0033044","BP","GO:0033044","regulation of chromosome organization","10/211","244/28891",1.35439353926188e-05,0.000303802646571612,0.000244059772551322,"Spc24/Birc5/Ruvbl2/Cdk1/Naa10/Cdc20/Cdca8/Ube2c/Bub1/Tacc3",10
"GO:0051784","BP","GO:0051784","negative regulation of nuclear division","6/211","71/28891",1.36303685094572e-05,0.000303802646571612,0.000244059772551322,"Spc24/Birc5/Cdc20/Cdca8/Bub1/Chek1",6
"GO:0007093","BP","GO:0007093","mitotic cell cycle checkpoint signaling","8/211","151/28891",1.61019891610672e-05,0.000355229597614564,0.000285373599524822,"Tipin/Spc24/Birc5/Cdk1/Cdc20/Cdca8/Bub1/Chek1",8
"GO:0009259","BP","GO:0009259","ribonucleotide metabolic process","12/211","364/28891",1.67667437902931e-05,0.00036615858661226,0.000294153399829704,"Atp5f1e/Ran/Ndufa1/Nme1/Atp5me/Ndufa12/Ndufc1/Atp5mc1/Atic/Nme2/Upp1/Mthfd1",12
"GO:0045787","BP","GO:0045787","positive regulation of cell cycle","12/211","365/28891",1.72269464203169e-05,0.00037244658160725,0.000299204858879188,"Ranbp1/Cdk4/Apex1/Rrm2/Birc5/Cdk1/Cdc20/Cdca8/Ube2c/Bub1/Rgcc/Chek1",12
"GO:0009147","BP","GO:0009147","pyrimidine nucleoside triphosphate metabolic process","4/211","22/28891",1.82433349503895e-05,0.000390515744185566,0.000313720715665896,"Nme1/Dctpp1/Dut/Nme2",4
"GO:1905818","BP","GO:1905818","regulation of chromosome separation","6/211","75/28891",1.87047494992363e-05,0.000396467337424989,0.000318501926457584,"Spc24/Birc5/Cdc20/Cdca8/Ube2c/Bub1",6
"GO:0032508","BP","GO:0032508","DNA duplex unwinding","5/211","46/28891",2.12887528421282e-05,0.000443277644077354,0.000356106973429882,"Mcm5/Mcm6/Gins2/Rad51/Cdc45",5
"GO:0019693","BP","GO:0019693","ribose phosphate metabolic process","12/211","373/28891",2.13232539241651e-05,0.000443277644077354,0.000356106973429882,"Atp5f1e/Ran/Ndufa1/Nme1/Atp5me/Ndufa12/Ndufc1/Atp5mc1/Atic/Nme2/Upp1/Mthfd1",12
"GO:0022613","BP","GO:0022613","ribonucleoprotein complex biogenesis","13/211","440/28891",2.35963149056417e-05,0.000483031512914626,0.000388043233024554,"Ran/C1qbp/Snrpf/Pa2g4/Rps7/Rbis/Nhp2/Rps27/Pin4/Ruvbl2/Nop16/Rrp15/Cinp",13
"GO:0140236","BP","GO:0140236","translation at presynapse","5/211","47/28891",2.3682396100347e-05,0.000483031512914626,0.000388043233024554,"Rpl37/Uba52/Rpl9/Rpl36a/Rps27",5
"GO:1902850","BP","GO:1902850","microtubule cytoskeleton organization involved in mitosis","8/211","160/28891",2.4457157181331e-05,0.000494171718000351,0.000396992713715653,"Stmn1/Birc5/Cdk1/Cdc20/Tpx2/Cdca8/Tacc3/Tubg1",8
"GO:0006163","BP","GO:0006163","purine nucleotide metabolic process","13/211","444/28891",2.59170870450819e-05,0.000516521818681394,0.000414947660949559,"Atp5f1e/Ran/Ndufa1/Nme1/Atp5me/Ndufa12/Ndufc1/Mdh2/Atp5mc1/Atic/Nme2/Mthfd1/Oas1a",13
"GO:0140241","BP","GO:0140241","translation at synapse","5/211","48/28891",2.62800185268054e-05,0.000516521818681394,0.000414947660949559,"Rpl37/Uba52/Rpl9/Rpl36a/Rps27",5
"GO:0140242","BP","GO:0140242","translation at postsynapse","5/211","48/28891",2.62800185268054e-05,0.000516521818681394,0.000414947660949559,"Rpl37/Uba52/Rpl9/Rpl36a/Rps27",5
"GO:0042775","BP","GO:0042775","mitochondrial ATP synthesis coupled electron transport","6/211","80/28891",2.70814439552568e-05,0.000527478214696083,0.000423749478674004,"Uqcr11/Uqcr10/Uqcrq/Ndufa12/Cyc1/Cdk1",6
"GO:0042254","BP","GO:0042254","ribosome biogenesis","11/211","322/28891",2.73453229746162e-05,0.000527862395277859,0.000424058110038691,"Ran/C1qbp/Pa2g4/Rps7/Rbis/Nhp2/Rps27/Pin4/Nop16/Rrp15/Cinp",11
"GO:0007094","BP","GO:0007094","mitotic spindle assembly checkpoint signaling","5/211","49/28891",2.9093549338182e-05,0.000551756611132889,0.000443253521772855,"Spc24/Birc5/Cdc20/Cdca8/Bub1",5
"GO:0071173","BP","GO:0071173","spindle assembly checkpoint signaling","5/211","49/28891",2.9093549338182e-05,0.000551756611132889,0.000443253521772855,"Spc24/Birc5/Cdc20/Cdca8/Bub1",5
"GO:0042773","BP","GO:0042773","ATP synthesis coupled electron transport","6/211","82/28891",3.11771796101838e-05,0.000586130976671456,0.000470868158872342,"Uqcr11/Uqcr10/Uqcrq/Ndufa12/Cyc1/Cdk1",6
"GO:0000724","BP","GO:0000724","double-strand break repair via homologous recombination","8/211","166/28891",3.18385659865331e-05,0.000588333159511834,0.000472637281851369,"Mcm5/Mcm6/Ruvbl2/Timeless/Gins2/Rad51/Chek1/Cdc45",8
"GO:0140053","BP","GO:0140053","mitochondrial gene expression","8/211","166/28891",3.18385659865331e-05,0.000588333159511834,0.000472637281851369,"C1qbp/Mrpl12/Mrpl42/Mrpl40/Shmt2/Mrps28/Mrps18b/Mtg1",8
"GO:0033046","BP","GO:0033046","negative regulation of sister chromatid segregation","5/211","51/28891",3.54179152461772e-05,0.000627651907887173,0.000504223987542643,"Spc24/Birc5/Cdc20/Cdca8/Bub1",5
"GO:0033048","BP","GO:0033048","negative regulation of mitotic sister chromatid segregation","5/211","51/28891",3.54179152461772e-05,0.000627651907887173,0.000504223987542643,"Spc24/Birc5/Cdc20/Cdca8/Bub1",5
"GO:0045841","BP","GO:0045841","negative regulation of mitotic metaphase/anaphase transition","5/211","51/28891",3.54179152461772e-05,0.000627651907887173,0.000504223987542643,"Spc24/Birc5/Cdc20/Cdca8/Bub1",5
"GO:0071174","BP","GO:0071174","mitotic spindle checkpoint signaling","5/211","51/28891",3.54179152461772e-05,0.000627651907887173,0.000504223987542643,"Spc24/Birc5/Cdc20/Cdca8/Bub1",5
"GO:2000816","BP","GO:2000816","negative regulation of mitotic sister chromatid separation","5/211","51/28891",3.54179152461772e-05,0.000627651907887173,0.000504223987542643,"Spc24/Birc5/Cdc20/Cdca8/Bub1",5
"GO:0000725","BP","GO:0000725","recombinational repair","8/211","170/28891",3.77281818442076e-05,0.000663157147538022,0.000532747112049144,"Mcm5/Mcm6/Ruvbl2/Timeless/Gins2/Rad51/Chek1/Cdc45",8
"GO:0051304","BP","GO:0051304","chromosome separation","6/211","85/28891",3.82396927324838e-05,0.000666727545867984,0.000535615390565351,"Spc24/Birc5/Cdc20/Cdca8/Ube2c/Bub1",6
"GO:0007052","BP","GO:0007052","mitotic spindle organization","7/211","127/28891",4.27311206850469e-05,0.000722215591793978,0.00058019169699599,"Stmn1/Birc5/Cdc20/Tpx2/Cdca8/Tacc3/Tubg1",7
"GO:0032392","BP","GO:0032392","DNA geometric change","5/211","53/28891",4.27583699119469e-05,0.000722215591793978,0.00058019169699599,"Mcm5/Mcm6/Gins2/Rad51/Cdc45",5
"GO:1902100","BP","GO:1902100","negative regulation of metaphase/anaphase transition of cell cycle","5/211","53/28891",4.27583699119469e-05,0.000722215591793978,0.00058019169699599,"Spc24/Birc5/Cdc20/Cdca8/Bub1",5
"GO:1905819","BP","GO:1905819","negative regulation of chromosome separation","5/211","53/28891",4.27583699119469e-05,0.000722215591793978,0.00058019169699599,"Spc24/Birc5/Cdc20/Cdca8/Bub1",5
"GO:2000278","BP","GO:2000278","regulation of DNA biosynthetic process","7/211","128/28891",4.49263472658885e-05,0.000752951649525976,0.000604883500519918,"Rfc4/Tfdp1/Dscc1/Rgcc/Ccna2/Chek1/Rfc3",7
"GO:0031577","BP","GO:0031577","spindle checkpoint signaling","5/211","54/28891",4.68434018024831e-05,0.000779041805361296,0.000625843020033175,"Spc24/Birc5/Cdc20/Cdca8/Bub1",5
"GO:0006575","BP","GO:0006575","cellular modified amino acid metabolic process","7/211","129/28891",4.72132005712927e-05,0.000779198012481944,0.000625968508980578,"Lpcat4/Dhfr/Tyms/Shmt2/Atic/Mthfd1/Ckmt1",7
"GO:0009150","BP","GO:0009150","purine ribonucleotide metabolic process","11/211","345/28891",5.10906862402815e-05,0.000832674303332072,0.000668928672524426,"Atp5f1e/Ran/Ndufa1/Nme1/Atp5me/Ndufa12/Ndufc1/Atp5mc1/Atic/Nme2/Mthfd1",11
"GO:0051985","BP","GO:0051985","negative regulation of chromosome segregation","5/211","55/28891",5.12237198627038e-05,0.000832674303332072,0.000668928672524426,"Spc24/Birc5/Cdc20/Cdca8/Bub1",5
"GO:0030071","BP","GO:0030071","regulation of mitotic metaphase/anaphase transition","6/211","90/28891",5.28157042174417e-05,0.000852145914314245,0.00068457118585058,"Spc24/Birc5/Cdc20/Cdca8/Ube2c/Bub1",6
"GO:0007062","BP","GO:0007062","sister chromatid cohesion","5/211","56/28891",5.59138456542159e-05,0.000895449883736405,0.000719359417773538,"Naa10/Cdc20/Pttg1/Bub1/Dscc1",5
"GO:0045069","BP","GO:0045069","regulation of viral genome replication","6/211","92/28891",5.97615425417296e-05,0.000950032757170731,0.000763208554131996,"Bst2/Ifitm3/Ppid/Ppie/Oas1a/Oasl1",6
"GO:1901991","BP","GO:1901991","negative regulation of mitotic cell cycle phase transition","8/211","182/28891",6.11144917907239e-05,0.000964449133222957,0.000774789945867803,"Spc24/Birc5/Cdk1/Cdc20/Cdca8/Bub1/Rgcc/Chek1",8
"GO:1902099","BP","GO:1902099","regulation of metaphase/anaphase transition of cell cycle","6/211","93/28891",6.34979027069679e-05,0.000994800475742497,0.000799172688531632,"Spc24/Birc5/Cdc20/Cdca8/Ube2c/Bub1",6
"GO:0098869","BP","GO:0098869","cellular oxidant detoxification","4/211","30/28891",6.52886313415927e-05,0.00100824300686088,0.000809971742207729,"Txn1/Gpx2/Prdx2/Dhfr",4
"GO:1905820","BP","GO:1905820","positive regulation of chromosome separation","4/211","30/28891",6.52886313415927e-05,0.00100824300686088,0.000809971742207729,"Birc5/Cdc20/Cdca8/Ube2c",4
"GO:0061982","BP","GO:0061982","meiosis I cell cycle process","7/211","139/28891",7.57937265498399e-05,0.00116217047376421,0.000933629330401164,"Syce2/Cenps/Birc5/Psmc3ip/Cdc20/Pttg1/Rad51",7
"GO:0045930","BP","GO:0045930","negative regulation of mitotic cell cycle","9/211","243/28891",8.0142019227213e-05,0.00121677887404332,0.000977498973743355,"Tipin/Spc24/Birc5/Cdk1/Cdc20/Cdca8/Bub1/Rgcc/Chek1",9
"GO:0009223","BP","GO:0009223","pyrimidine deoxyribonucleotide catabolic process","3/211","12/28891",8.04807488382029e-05,0.00121677887404332,0.000977498973743355,"Dctpp1/Dut/Upp1",3
"GO:0071103","BP","GO:0071103","DNA conformation change","5/211","61/28891",8.454532188846e-05,0.00125983078657298,0.00101208471583106,"Mcm5/Mcm6/Gins2/Rad51/Cdc45",5
"GO:0010458","BP","GO:0010458","exit from mitosis","4/211","32/28891",8.46959008287904e-05,0.00125983078657298,0.00101208471583106,"Birc5/Ube2c/Rgcc/Ube2s",4
"GO:2001251","BP","GO:2001251","negative regulation of chromosome organization","6/211","98/28891",8.50764545974355e-05,0.00125983078657298,0.00101208471583106,"Spc24/Birc5/Naa10/Cdc20/Cdca8/Bub1",6
"GO:0007051","BP","GO:0007051","spindle organization","8/211","194/28891",9.54778009710548e-05,0.00140423813400966,0.00112809431866982,"Stmn1/Ranbp1/Birc5/Cdc20/Tpx2/Cdca8/Tacc3/Tubg1",8
"GO:0006754","BP","GO:0006754","ATP biosynthetic process","6/211","101/28891",0.000100591083825694,0.0014694454272375,0.00118047857974677,"Atp5f1e/Ndufa1/Atp5me/Ndufa12/Ndufc1/Atp5mc1",6
"GO:0034088","BP","GO:0034088","maintenance of mitotic sister chromatid cohesion","3/211","13/28891",0.000104061691102383,0.00150994212190169,0.00121301158826515,"Naa10/Bub1/Dscc1",3
"GO:0042776","BP","GO:0042776","proton motive force-driven mitochondrial ATP synthesis","5/211","65/28891",0.00011464169802196,0.00165236900748985,0.00132743018762269,"Atp5f1e/Ndufa1/Atp5me/Ndufa12/Ndufc1",5
"GO:0022904","BP","GO:0022904","respiratory electron transport chain","6/211","106/28891",0.000131373295742627,0.00187367666675554,0.00150521763481505,"Uqcr11/Uqcr10/Uqcrq/Ndufa12/Cyc1/Cdk1",6
"GO:0034086","BP","GO:0034086","maintenance of sister chromatid cohesion","3/211","14/28891",0.000131729349374117,0.00187367666675554,0.00150521763481505,"Naa10/Bub1/Dscc1",3
"GO:0051054","BP","GO:0051054","positive regulation of DNA metabolic process","10/211","321/28891",0.000135527426255858,0.00191509997101415,0.00153849503489622,"Rfc4/Ruvbl2/Cdk1/Prim2/Timeless/Dscc1/Rgcc/Rad51/Ccna2/Rfc3",10
"GO:0006979","BP","GO:0006979","response to oxidative stress","11/211","389/28891",0.000147572331414341,0.00207176221115458,0.00166434960241738,"Reg3b/Txn1/Gstp1/Gpx2/Ndufa12/Ndufb4b/Prdx2/Apex1/Dhfr/Mapk13/Mgst1",11
"GO:0006244","BP","GO:0006244","pyrimidine nucleotide catabolic process","3/211","16/28891",0.000200486080026419,0.00279645745172334,0.00224653332457447,"Dctpp1/Dut/Upp1",3
"GO:0022900","BP","GO:0022900","electron transport chain","6/211","116/28891",0.000215126893005343,0.00298143809408687,0.00239513747273156,"Uqcr11/Uqcr10/Uqcrq/Ndufa12/Cyc1/Cdk1",6
"GO:0007096","BP","GO:0007096","regulation of exit from mitosis","3/211","17/28891",0.000242138489992613,0.00333441665836961,0.00267870270524848,"Birc5/Ube2c/Rgcc",3
"GO:2000573","BP","GO:2000573","positive regulation of DNA biosynthetic process","5/211","77/28891",0.000255474114189912,0.00349579135999107,0.0028083430274041,"Rfc4/Dscc1/Rgcc/Ccna2/Rfc3",5
"GO:0051321","BP","GO:0051321","meiotic cell cycle","10/211","350/28891",0.000271443588544765,0.0036909499272565,0.0029651236087313,"Mcm5/Mcm6/Syce2/Cenps/Birc5/Psmc3ip/Cdc20/Pttg1/Rad51/Tubg1",10
"GO:0019079","BP","GO:0019079","viral genome replication","6/211","125/28891",0.000322121359276244,0.00435266486722025,0.00349671212372239,"Bst2/Ifitm3/Ppid/Ppie/Oas1a/Oasl1",6
"GO:0009220","BP","GO:0009220","pyrimidine ribonucleotide biosynthetic process","3/211","19/28891",0.000341348928559993,0.00455553323176978,0.00365968636857692,"Nme1/Nme2/Upp1",3
"GO:0031145","BP","GO:0031145","anaphase-promoting complex-dependent catabolic process","3/211","19/28891",0.000341348928559993,0.00455553323176978,0.00365968636857692,"Cdc20/Ube2c/Ube2s",3
"GO:0061620","BP","GO:0061620","glycolytic process through glucose-6-phosphate","3/211","20/28891",0.000399430064872543,0.00529796196475116,0.00425611628698545,"Tpi1/Eno3/Galk1",3
"GO:0007127","BP","GO:0007127","meiosis I","6/211","134/28891",0.000466936768354067,0.00611828662534238,0.00491512387741123,"Syce2/Cenps/Birc5/Psmc3ip/Pttg1/Rad51",6
"GO:0031570","BP","GO:0031570","DNA integrity checkpoint signaling","6/211","134/28891",0.000466936768354067,0.00611828662534238,0.00491512387741123,"Tipin/Cdk1/Timeless/E2f1/Rad51/Chek1",6
"GO:0046034","BP","GO:0046034","ATP metabolic process","6/211","135/28891",0.000485723309587358,0.00632610720077029,0.00508207647951262,"Atp5f1e/Ndufa1/Atp5me/Ndufa12/Ndufc1/Atp5mc1",6
"GO:0000086","BP","GO:0000086","G2/M transition of mitotic cell cycle","6/211","138/28891",0.000545633822569128,0.0070638342778111,0.00567472932391466,"Cdk4/Birc5/Cdk1/Ccna2/Chek1/Cenpf",6
"GO:0010639","BP","GO:0010639","negative regulation of organelle organization","10/211","387/28891",0.000595311878229464,0.00766109690911965,0.00615454009447755,"Stmn1/Spc24/Birc5/Capg/Naa10/Cdc20/Tpx2/Cdca8/Bub1/Chek1",10
"GO:0072529","BP","GO:0072529","pyrimidine-containing compound catabolic process","3/211","23/28891",0.000610580180064983,0.0077359210069653,0.00621465001289875,"Dctpp1/Dut/Upp1",3
"GO:1904666","BP","GO:1904666","regulation of ubiquitin protein ligase activity","3/211","23/28891",0.000610580180064983,0.0077359210069653,0.00621465001289875,"Rps7/Cdc20/Ube2s",3
"GO:1990748","BP","GO:1990748","cellular detoxification","4/211","53/28891",0.000611860542179031,0.0077359210069653,0.00621465001289875,"Txn1/Gpx2/Prdx2/Dhfr",4
"GO:0046394","BP","GO:0046394","carboxylic acid biosynthetic process","9/211","321/28891",0.000625937855734321,0.00786789327963722,0.00632066990184596,"Gstp1/Pla2g2a/Phgdh/Fabp5/Dhfr/Mgst3/Shmt2/Mecr/Mthfd1",9
"GO:0043648","BP","GO:0043648","dicarboxylic acid metabolic process","5/211","94/28891",0.000642145405082195,0.00802496165195205,0.0064468507355377,"Mdh2/Dhfr/Shmt2/Atic/Mthfd1",5
"GO:0045005","BP","GO:0045005","DNA-templated DNA replication maintenance of fidelity","4/211","54/28891",0.000657061913409154,0.0081641830850034,0.00655869423548158,"Tipin/Cenps/Timeless/Rad51",4
"GO:0016053","BP","GO:0016053","organic acid biosynthetic process","9/211","324/28891",0.000668711648832302,0.00826145477014535,0.00663683741698225,"Gstp1/Pla2g2a/Phgdh/Fabp5/Dhfr/Mgst3/Shmt2/Mecr/Mthfd1",9
"GO:0042398","BP","GO:0042398","cellular modified amino acid biosynthetic process","3/211","24/28891",0.000694063195584564,0.00852593539121493,0.00684930785116346,"Dhfr/Atic/Ckmt1",3
"GO:0045071","BP","GO:0045071","negative regulation of viral genome replication","4/211","56/28891",0.000754475925919114,0.00921568899343008,0.00740342121776115,"Bst2/Ifitm3/Oas1a/Oasl1",4
"GO:0002181","BP","GO:0002181","cytoplasmic translation","6/211","148/28891",0.000787709975094317,0.00956757846153884,0.00768611152516631,"Uba52/Rpl31/Rpl9/Rpl36a/Rps7/Rpl21",6
"GO:0048144","BP","GO:0048144","fibroblast proliferation","6/211","150/28891",0.000844750206352725,0.0102030723247743,0.00819663534538075,"Gstp1/Cdk4/Cks1b/Cdk1/E2f1/Ccna2",6
"GO:0006692","BP","GO:0006692","prostanoid metabolic process","4/211","58/28891",0.000861673610377409,0.0103496574757553,0.0083143944860978,"Gstp1/Pla2g2a/Fabp5/Mgst3",4
"GO:0061844","BP","GO:0061844","antimicrobial humoral immune response mediated by antimicrobial peptide","6/211","151/28891",0.000874438402653746,0.0103640831425955,0.00832598334158552,"Reg3b/Reg3g/Dmbt1/Lgals4/Cxcl10/Hmgn2",6
"GO:0046386","BP","GO:0046386","deoxyribose phosphate catabolic process","3/211","26/28891",0.00088204962915706,0.0103640831425955,0.00832598334158552,"Dctpp1/Dut/Upp1",3
"GO:0061615","BP","GO:0061615","glycolytic process through fructose-6-phosphate","3/211","26/28891",0.00088204962915706,0.0103640831425955,0.00832598334158552,"Tpi1/Eno3/Galk1",3
"GO:0070129","BP","GO:0070129","regulation of mitochondrial translation","3/211","26/28891",0.00088204962915706,0.0103640831425955,0.00832598334158552,"C1qbp/Shmt2/Mtg1",3
"GO:1901607","BP","GO:1901607","alpha-amino acid biosynthetic process","4/211","59/28891",0.000919104872511281,0.010741106672267,0.00862886509043308,"Phgdh/Dhfr/Shmt2/Mthfd1",4
"GO:0097237","BP","GO:0097237","cellular response to toxic substance","4/211","60/28891",0.000979178391292708,0.0113816326987894,0.00914343149763989,"Txn1/Gpx2/Prdx2/Dhfr",4
"GO:0009264","BP","GO:0009264","deoxyribonucleotide catabolic process","3/211","27/28891",0.000986989078495191,0.0114110715920139,0.00916708122441355,"Dctpp1/Dut/Upp1",3
"GO:0140013","BP","GO:0140013","meiotic nuclear division","7/211","213/28891",0.00100929869756471,0.0116043140681046,0.0093223225144226,"Syce2/Cenps/Birc5/Psmc3ip/Cdc20/Pttg1/Rad51",7
"GO:0033108","BP","GO:0033108","mitochondrial respiratory chain complex assembly","5/211","104/28891",0.00101443818634217,0.0116043140681046,0.0093223225144226,"Ndufa1/Ndufa12/Ndufc1/Ndufb4b/Cox18",5
"GO:0044839","BP","GO:0044839","cell cycle G2/M phase transition","6/211","156/28891",0.00103513403394871,0.0117170669183095,0.00941290248561794,"Cdk4/Birc5/Cdk1/Ccna2/Chek1/Cenpf",6
"GO:1903900","BP","GO:1903900","regulation of viral life cycle","6/211","156/28891",0.00103513403394871,0.0117170669183095,0.00941290248561794,"Bst2/Ifitm3/Ppid/Ppie/Oas1a/Oasl1",6
"GO:0046039","BP","GO:0046039","GTP metabolic process","3/211","28/28891",0.00109950697099284,0.012380906621284,0.00994619792838919,"Ran/Nme1/Nme2",3
"GO:0009411","BP","GO:0009411","response to UV","6/211","158/28891",0.00110540391399297,0.0123828148292892,0.00994773088676524,"Crip1/Tipin/Ppid/Ruvbl2/Pclaf/Mapk13",6
"GO:0019646","BP","GO:0019646","aerobic electron transport chain","4/211","64/28891",0.00124720442093295,0.0138279792720873,0.011108703344342,"Uqcr11/Uqcr10/Uqcrq/Cyc1",4
"GO:0051205","BP","GO:0051205","protein insertion into membrane","4/211","64/28891",0.00124720442093295,0.0138279792720873,0.011108703344342,"Rtp4/Cox18/Timm10/Wdr83os",4
"GO:0010257","BP","GO:0010257","NADH dehydrogenase complex assembly","4/211","65/28891",0.00132147082899269,0.0145026392501634,0.0116506912521396,"Ndufa1/Ndufa12/Ndufc1/Ndufb4b",4
"GO:0032981","BP","GO:0032981","mitochondrial respiratory chain complex I assembly","4/211","65/28891",0.00132147082899269,0.0145026392501634,0.0116506912521396,"Ndufa1/Ndufa12/Ndufc1/Ndufb4b",4
"GO:0009218","BP","GO:0009218","pyrimidine ribonucleotide metabolic process","3/211","30/28891",0.0013480866598674,0.0146460470283082,0.0117658978512627,"Nme1/Nme2/Upp1",3
"GO:0051984","BP","GO:0051984","positive regulation of chromosome segregation","3/211","30/28891",0.0013480866598674,0.0146460470283082,0.0117658978512627,"Birc5/Cdk1/Cdca8",3
"GO:0008652","BP","GO:0008652","amino acid biosynthetic process","4/211","67/28891",0.00147917192956947,0.015968023902841,0.0128279076097607,"Phgdh/Dhfr/Shmt2/Mthfd1",4
"GO:0045454","BP","GO:0045454","cell redox homeostasis","3/211","31/28891",0.00148453876247504,0.015968023902841,0.0128279076097607,"Txn1/Prdx2/Apex1",3
"GO:0006302","BP","GO:0006302","double-strand break repair","8/211","296/28891",0.00157104367349933,0.0168148337727998,0.0135081920858463,"Mcm5/Mcm6/Ruvbl2/Timeless/Gins2/Rad51/Chek1/Cdc45",8
"GO:0035455","BP","GO:0035455","response to interferon-alpha","3/211","32/28891",0.00162935009299017,0.0173529798081022,0.0139405115552698,"Bst2/Ifitm3/Oas1a",3
"GO:0000082","BP","GO:0000082","G1/S transition of mitotic cell cycle","7/211","233/28891",0.00168932288980357,0.0179035102340947,0.0143827800215474,"Cdk4/Apex1/Rrm2/Cdk1/E2f1/Rgcc/Ccna2",7
"GO:0090307","BP","GO:0090307","mitotic spindle assembly","4/211","70/28891",0.00173961709263377,0.0183465958745084,0.0147387327488869,"Birc5/Cdc20/Tpx2/Cdca8",4
"GO:0062125","BP","GO:0062125","regulation of mitochondrial gene expression","3/211","33/28891",0.00178270220934768,0.0187097193039305,0.0150304478560229,"C1qbp/Shmt2/Mtg1",3
"GO:0098754","BP","GO:0098754","detoxification","4/211","71/28891",0.00183306187337759,0.0191453128997215,0.0153803818513757,"Txn1/Gpx2/Prdx2/Dhfr",4
"GO:0071353","BP","GO:0071353","cellular response to interleukin-4","3/211","34/28891",0.00194477138277554,0.020214402545965,0.0162392347245933,"Xcl1/Tuba1b/Cdk4",3
"GO:0010569","BP","GO:0010569","regulation of double-strand break repair via homologous recombination","4/211","73/28891",0.0020302805748544,0.0209022219182629,0.0167917942281191,"Ruvbl2/Timeless/Rad51/Chek1",4
"GO:0034340","BP","GO:0034340","response to type I interferon","4/211","73/28891",0.0020302805748544,0.0209022219182629,0.0167917942281191,"Irf7/Ifitm3/Shmt2/Oas1a",4
"GO:0035456","BP","GO:0035456","response to interferon-beta","4/211","74/28891",0.00213418179298753,0.0218383943918063,0.0175438681272119,"Bst2/Ifitm3/Xaf1/Oas1a",4
"GO:0034599","BP","GO:0034599","cellular response to oxidative stress","7/211","243/28891",0.00214141517625483,0.0218383943918063,0.0175438681272119,"Reg3b/Txn1/Prdx2/Apex1/Dhfr/Mapk13/Mgst1",7
"GO:0070670","BP","GO:0070670","response to interleukin-4","3/211","36/28891",0.0022957400460669,0.0227950230293172,0.0183123754800007,"Xcl1/Tuba1b/Cdk4",3
"GO:0006563","BP","GO:0006563","L-serine metabolic process","2/211","10/28891",0.00229848058297463,0.0227950230293172,0.0183123754800007,"Phgdh/Shmt2",2
"GO:0034091","BP","GO:0034091","regulation of maintenance of sister chromatid cohesion","2/211","10/28891",0.00229848058297463,0.0227950230293172,0.0183123754800007,"Naa10/Bub1",2
"GO:0051255","BP","GO:0051255","spindle midzone assembly","2/211","10/28891",0.00229848058297463,0.0227950230293172,0.0183123754800007,"Birc5/Cdca8",2
"GO:0070601","BP","GO:0070601","centromeric sister chromatid cohesion","2/211","10/28891",0.00229848058297463,0.0227950230293172,0.0183123754800007,"Naa10/Bub1",2
"GO:1902412","BP","GO:1902412","regulation of mitotic cytokinesis","2/211","10/28891",0.00229848058297463,0.0227950230293172,0.0183123754800007,"Birc5/Cdca8",2
"GO:0042273","BP","GO:0042273","ribosomal large subunit biogenesis","4/211","76/28891",0.00235288406883349,0.0231812662583993,0.0186226638718335,"Nhp2/Nop16/Rrp15/Cinp",4
"GO:0009615","BP","GO:0009615","response to virus","9/211","389/28891",0.00235887075709891,0.0231812662583993,0.0186226638718335,"Ifi27l2a/Bst2/C1qbp/Cxcl10/Irf7/Ifitm3/Rtp4/Oas1a/Oasl1",9
"GO:0000077","BP","GO:0000077","DNA damage checkpoint signaling","5/211","127/28891",0.00245085781651198,0.0239762651551986,0.0192613260168839,"Tipin/Cdk1/E2f1/Rad51/Chek1",5
"GO:0042770","BP","GO:0042770","signal transduction in response to DNA damage","6/211","187/28891",0.00259263827591283,0.0251358024776841,0.0201928400059296,"Tipin/Smyd2/Cdk1/E2f1/Rad51/Chek1",6
"GO:0050792","BP","GO:0050792","regulation of viral process","6/211","187/28891",0.00259263827591283,0.0251358024776841,0.0201928400059296,"Bst2/Ifitm3/Ppid/Ppie/Oas1a/Oasl1",6
"GO:0019320","BP","GO:0019320","hexose catabolic process","3/211","38/28891",0.00268356362727594,0.0259011810811186,0.0208077066964535,"Tpi1/Eno3/Galk1",3
"GO:0044027","BP","GO:0044027","negative regulation of gene expression via CpG island methylation","2/211","11/28891",0.00279576795636314,0.0267453554055624,0.0214858739077745,"Hells/Uhrf1",2
"GO:0046051","BP","GO:0046051","UTP metabolic process","2/211","11/28891",0.00279576795636314,0.0267453554055624,0.0214858739077745,"Nme1/Nme2",2
"GO:0140694","BP","GO:0140694","non-membrane-bounded organelle assembly","9/211","402/28891",0.0029344448398552,0.0279483248624094,0.0224522790900119,"C1qbp/Rps27/Krt8/Birc5/Cenpw/Cdc20/Tpx2/Cdca8/Csf2",9
"GO:0051607","BP","GO:0051607","defense response to virus","8/211","328/28891",0.00296136946786724,0.0280034222753116,0.0224965415815103,"Bst2/C1qbp/Cxcl10/Irf7/Ifitm3/Rtp4/Oas1a/Oasl1",8
"GO:0000281","BP","GO:0000281","mitotic cytokinesis","4/211","81/28891",0.00296613492185307,0.0280034222753116,0.0224965415815103,"Stmn1/Birc5/Cdca8/Mitd1",4
"GO:0140546","BP","GO:0140546","defense response to symbiont","8/211","329/28891",0.00301659875504891,0.0283560282974598,0.022779807532406,"Bst2/C1qbp/Cxcl10/Irf7/Ifitm3/Rtp4/Oas1a/Oasl1",8
"GO:0019318","BP","GO:0019318","hexose metabolic process","7/211","259/28891",0.00305297580649928,0.028573738933556,0.0229547053120247,"Mdh2/Tpi1/Eno3/Fabp5/Galk1/Atf3/Oas1a",7
"GO:0044843","BP","GO:0044843","cell cycle G1/S phase transition","7/211","260/28891",0.00311847005069162,0.0290609148689452,0.0233460779657041,"Cdk4/Apex1/Rrm2/Cdk1/E2f1/Rgcc/Ccna2",7
"GO:0000302","BP","GO:0000302","response to reactive oxygen species","6/211","195/28891",0.00318861536170924,0.0294634306538404,0.023669438910773,"Txn1/Gstp1/Prdx2/Apex1/Dhfr/Mapk13",6
"GO:0006183","BP","GO:0006183","GTP biosynthetic process","2/211","12/28891",0.00333882539786812,0.0294634306538404,0.023669438910773,"Nme1/Nme2",2
"GO:0006241","BP","GO:0006241","CTP biosynthetic process","2/211","12/28891",0.00333882539786812,0.0294634306538404,0.023669438910773,"Nme1/Nme2",2
"GO:0007100","BP","GO:0007100","mitotic centrosome separation","2/211","12/28891",0.00333882539786812,0.0294634306538404,0.023669438910773,"Ranbp1/Chek1",2
"GO:0009143","BP","GO:0009143","nucleoside triphosphate catabolic process","2/211","12/28891",0.00333882539786812,0.0294634306538404,0.023669438910773,"Dctpp1/Dut",2
"GO:0042559","BP","GO:0042559","pteridine-containing compound biosynthetic process","2/211","12/28891",0.00333882539786812,0.0294634306538404,0.023669438910773,"Dhfr/Atic",2
"GO:0045617","BP","GO:0045617","negative regulation of keratinocyte differentiation","2/211","12/28891",0.00333882539786812,0.0294634306538404,0.023669438910773,"Reg3b/Reg3g",2
"GO:0046166","BP","GO:0046166","glyceraldehyde-3-phosphate biosynthetic process","2/211","12/28891",0.00333882539786812,0.0294634306538404,0.023669438910773,"Mdh2/Tpi1",2
"GO:0051231","BP","GO:0051231","spindle elongation","2/211","12/28891",0.00333882539786812,0.0294634306538404,0.023669438910773,"Birc5/Cdca8",2
"GO:0072711","BP","GO:0072711","cellular response to hydroxyurea","2/211","12/28891",0.00333882539786812,0.0294634306538404,0.023669438910773,"Timeless/Rad51",2
"GO:0090232","BP","GO:0090232","positive regulation of spindle checkpoint","2/211","12/28891",0.00333882539786812,0.0294634306538404,0.023669438910773,"Birc5/Cdca8",2
"GO:0090267","BP","GO:0090267","positive regulation of mitotic cell cycle spindle assembly checkpoint","2/211","12/28891",0.00333882539786812,0.0294634306538404,0.023669438910773,"Birc5/Cdca8",2
"GO:0106015","BP","GO:0106015","negative regulation of inflammatory response to wounding","2/211","12/28891",0.00333882539786812,0.0294634306538404,0.023669438910773,"Reg3b/Reg3g",2
"GO:0006959","BP","GO:0006959","humoral immune response","8/211","337/28891",0.00348787772414978,0.0306536245512676,0.0246255808508649,"Reg3b/Reg3g/Dmbt1/C1qbp/Lgals4/Cxcl10/Hmgn2/Rgcc",8
"GO:0051262","BP","GO:0051262","protein tetramerization","4/211","87/28891",0.00383616668016766,0.0334255776235343,0.0268524285889438,"Rrm2/Shmt2/Tk1/Farsb",4
"GO:0006213","BP","GO:0006213","pyrimidine nucleoside metabolic process","2/211","13/28891",0.00392696425364372,0.0334255776235343,0.0268524285889438,"Tk1/Upp1",2
"GO:0009209","BP","GO:0009209","pyrimidine ribonucleoside triphosphate biosynthetic process","2/211","13/28891",0.00392696425364372,0.0334255776235343,0.0268524285889438,"Nme1/Nme2",2
"GO:0010992","BP","GO:0010992","ubiquitin recycling","2/211","13/28891",0.00392696425364372,0.0334255776235343,0.0268524285889438,"Ube2c/Ube2s",2
"GO:0051299","BP","GO:0051299","centrosome separation","2/211","13/28891",0.00392696425364372,0.0334255776235343,0.0268524285889438,"Ranbp1/Chek1",2
"GO:0051987","BP","GO:0051987","positive regulation of attachment of spindle microtubules to kinetochore","2/211","13/28891",0.00392696425364372,0.0334255776235343,0.0268524285889438,"Birc5/Cdca8",2
"GO:0070344","BP","GO:0070344","regulation of fat cell proliferation","2/211","13/28891",0.00392696425364372,0.0334255776235343,0.0268524285889438,"Tfdp1/E2f1",2
"GO:0072710","BP","GO:0072710","response to hydroxyurea","2/211","13/28891",0.00392696425364372,0.0334255776235343,0.0268524285889438,"Timeless/Rad51",2
"GO:0006953","BP","GO:0006953","acute-phase response","3/211","44/28891",0.00408006302294771,0.0344574072484881,0.027681348634308,"Reg3b/Reg3g/Saa1",3
"GO:0051438","BP","GO:0051438","regulation of ubiquitin-protein transferase activity","3/211","44/28891",0.00408006302294771,0.0344574072484881,0.027681348634308,"Rps7/Cdc20/Ube2s",3
"GO:0034614","BP","GO:0034614","cellular response to reactive oxygen species","5/211","145/28891",0.00432355422512221,0.0362967434791022,0.0291589788891955,"Txn1/Prdx2/Apex1/Dhfr/Mapk13",5
"GO:0046365","BP","GO:0046365","monosaccharide catabolic process","3/211","45/28891",0.00434822227617366,0.0362967434791022,0.0291589788891955,"Tpi1/Eno3/Galk1",3
"GO:1900087","BP","GO:1900087","positive regulation of G1/S transition of mitotic cell cycle","3/211","45/28891",0.00434822227617366,0.0362967434791022,0.0291589788891955,"Apex1/Rrm2/Rgcc",3
"GO:0002755","BP","GO:0002755","MyD88-dependent toll-like receptor signaling pathway","2/211","14/28891",0.00455950340435532,0.0373395695462735,0.0299967329233903,"Reg3g/Irf7",2
"GO:0009071","BP","GO:0009071","serine family amino acid catabolic process","2/211","14/28891",0.00455950340435532,0.0373395695462735,0.0299967329233903,"Shmt2/Gcsh",2
"GO:0045842","BP","GO:0045842","positive regulation of mitotic metaphase/anaphase transition","2/211","14/28891",0.00455950340435532,0.0373395695462735,0.0299967329233903,"Cdc20/Ube2c",2
"GO:0090235","BP","GO:0090235","regulation of metaphase plate congression","2/211","14/28891",0.00455950340435532,0.0373395695462735,0.0299967329233903,"Birc5/Cdca8",2
"GO:0106014","BP","GO:0106014","regulation of inflammatory response to wounding","2/211","14/28891",0.00455950340435532,0.0373395695462735,0.0299967329233903,"Reg3b/Reg3g",2
"GO:0045840","BP","GO:0045840","positive regulation of mitotic nuclear division","3/211","46/28891",0.00462683049981583,0.0377479529834031,0.0303248076452676,"Cdc20/Ube2c/Rgcc",3
"GO:0008608","BP","GO:0008608","attachment of spindle microtubules to kinetochore","3/211","47/28891",0.00491600238262226,0.0399563802677794,0.032098947096663,"Spc24/Birc5/Cdca8",3
"GO:0051310","BP","GO:0051310","metaphase chromosome alignment","4/211","94/28891",0.00505224160683637,0.0409099114381282,0.0328649661000592,"Spc24/Birc5/Cdca8/Cenpf",4
"GO:0006364","BP","GO:0006364","rRNA processing","6/211","215/28891",0.00512154064831879,0.0413128941410659,0.0331887021436091,"Pa2g4/Rps7/Nhp2/Rps27/Pin4/Rrp15",6
"GO:0010819","BP","GO:0010819","regulation of T cell chemotaxis","2/211","15/28891",0.00523576919271604,0.0413128941410659,0.0331887021436091,"Xcl1/Cxcl10",2
"GO:0046036","BP","GO:0046036","CTP metabolic process","2/211","15/28891",0.00523576919271604,0.0413128941410659,0.0331887021436091,"Nme1/Nme2",2
"GO:0051290","BP","GO:0051290","protein heterotetramerization","2/211","15/28891",0.00523576919271604,0.0413128941410659,0.0331887021436091,"Rrm2/Farsb",2
"GO:0070341","BP","GO:0070341","fat cell proliferation","2/211","15/28891",0.00523576919271604,0.0413128941410659,0.0331887021436091,"Tfdp1/E2f1",2
"GO:1901978","BP","GO:1901978","positive regulation of cell cycle checkpoint","2/211","15/28891",0.00523576919271604,0.0413128941410659,0.0331887021436091,"Birc5/Cdca8",2
"GO:1902101","BP","GO:1902101","positive regulation of metaphase/anaphase transition of cell cycle","2/211","15/28891",0.00523576919271604,0.0413128941410659,0.0331887021436091,"Cdc20/Ube2c",2
"GO:0005996","BP","GO:0005996","monosaccharide metabolic process","7/211","287/28891",0.00532877144727132,0.0418938322509112,0.0336553986143452,"Mdh2/Tpi1/Eno3/Fabp5/Galk1/Atf3/Oas1a",7
"GO:0034644","BP","GO:0034644","cellular response to UV","4/211","96/28891",0.00544200266223477,0.0426290208541724,0.0342460121765346,"Crip1/Ppid/Ruvbl2/Mapk13",4
"GO:0019730","BP","GO:0019730","antimicrobial humoral response","6/211","221/28891",0.00584051875867198,0.04531663565829,0.0364051067900961,"Reg3b/Reg3g/Dmbt1/Lgals4/Cxcl10/Hmgn2",6
"GO:0031297","BP","GO:0031297","replication fork processing","3/211","50/28891",0.00584798397255453,0.04531663565829,0.0364051067900961,"Tipin/Cenps/Rad51",3
"GO:1901976","BP","GO:1901976","regulation of cell cycle checkpoint","3/211","50/28891",0.00584798397255453,0.04531663565829,0.0364051067900961,"Birc5/Cdca8/Rad51",3
"GO:0000076","BP","GO:0000076","DNA replication checkpoint signaling","2/211","16/28891",0.0059550953516717,0.0453342117968811,0.0364192265761983,"Tipin/Timeless",2
"GO:0009148","BP","GO:0009148","pyrimidine nucleoside triphosphate biosynthetic process","2/211","16/28891",0.0059550953516717,0.0453342117968811,0.0364192265761983,"Nme1/Nme2",2
"GO:0019682","BP","GO:0019682","glyceraldehyde-3-phosphate metabolic process","2/211","16/28891",0.0059550953516717,0.0453342117968811,0.0364192265761983,"Mdh2/Tpi1",2
"GO:0051014","BP","GO:0051014","actin filament severing","2/211","16/28891",0.0059550953516717,0.0453342117968811,0.0364192265761983,"Capg/Dstn",2
"GO:0060700","BP","GO:0060700","regulation of ribonuclease activity","2/211","16/28891",0.0059550953516717,0.0453342117968811,0.0364192265761983,"Oas1a/Oasl1",2
"GO:0072655","BP","GO:0072655","establishment of protein localization to mitochondrion","4/211","99/28891",0.00606352867682865,0.04599771578703,0.0369522523241635,"Tomm7/Timm50/Cox18/Timm10",4
"GO:0006839","BP","GO:0006839","mitochondrial transport","5/211","158/28891",0.00619341153588436,0.0468187263656713,0.0376118109466662,"Tomm7/Timm50/Cox18/Timm10/Mtx2",5
"GO:0072594","BP","GO:0072594","establishment of protein localization to organelle","9/211","452/28891",0.00624939245251474,0.0470773048165047,0.0378195398740118,"Sec61g/Tomm7/Ran/Timm50/Cox18/Ruvbl2/Cdk1/Pkig/Timm10",9
"GO:0006006","BP","GO:0006006","glucose metabolic process","6/211","225/28891",0.00635907247622415,0.0477372037972105,0.0383496695386325,"Mdh2/Tpi1/Eno3/Fabp5/Atf3/Oas1a",6
"GO:0001833","BP","GO:0001833","inner cell mass cell proliferation","2/211","17/28891",0.00671682293322891,0.0492263429886132,0.0395459690984039,"Dmbt1/Chek1",2
"GO:0006735","BP","GO:0006735","NADH regeneration","2/211","17/28891",0.00671682293322891,0.0492263429886132,0.0395459690984039,"Tpi1/Eno3",2
"GO:0007063","BP","GO:0007063","regulation of sister chromatid cohesion","2/211","17/28891",0.00671682293322891,0.0492263429886132,0.0395459690984039,"Naa10/Bub1",2
"GO:0009208","BP","GO:0009208","pyrimidine ribonucleoside triphosphate metabolic process","2/211","17/28891",0.00671682293322891,0.0492263429886132,0.0395459690984039,"Nme1/Nme2",2
"GO:0061621","BP","GO:0061621","canonical glycolysis","2/211","17/28891",0.00671682293322891,0.0492263429886132,0.0395459690984039,"Tpi1/Eno3",2
"GO:0061718","BP","GO:0061718","glucose catabolic process to pyruvate","2/211","17/28891",0.00671682293322891,0.0492263429886132,0.0395459690984039,"Tpi1/Eno3",2
"GO:0097428","BP","GO:0097428","protein maturation by iron-sulfur cluster transfer","2/211","17/28891",0.00671682293322891,0.0492263429886132,0.0395459690984039,"Bola2/Cisd1",2
"GO:0098798","CC","GO:0098798","mitochondrial protein-containing complex","21/216","303/28573",2.02360338377749e-14,6.17199032052133e-12,4.3880241795596e-12,"Atp5f1e/Tomm7/Uqcr11/Uqcr10/Uqcrq/Ndufa1/Atp5me/Ndufa12/Ndufc1/Cyc1/Mrpl12/Atp5mc1/Ndufb4b/Timm50/Mtx1/Mrpl42/Mrpl40/Mrps28/Mrps18b/Timm10/Mtx2",21
"GO:0005840","CC","GO:0005840","ribosome","17/216","267/28573",2.57978157140741e-11,3.93416689639629e-09,2.7970263353154e-09,"Rpl37/Uba52/Rpl31/Rpl9/Rpl36a/Rpl17-ps8/Mrpl12/Rps7/Nhp2/Rps27/Mrpl42/Mrpl40/Mrps28/Mrps18b/Rpl21/Oas1a/Mtg1",17
"GO:0044391","CC","GO:0044391","ribosomal subunit","15/216","215/28573",1.09840290843441e-10,9.36357479014346e-09,6.65710580420898e-09,"Rpl37/Uba52/Rpl31/Rpl9/Rpl36a/Rpl17-ps8/Mrpl12/Rps7/Nhp2/Rps27/Mrpl42/Mrpl40/Mrps28/Mrps18b/Rpl21",15
"GO:0000228","CC","GO:0000228","nuclear chromosome","17/216","295/28573",1.2280098085434e-10,9.36357479014346e-09,6.65710580420898e-09,"Mcm5/Tipin/Prim1/Mcm6/Syce2/Birc5/Ruvbl2/Psmc3ip/Prim2/Timeless/E2f1/Gins2/Rad51/Chek1/Cdc45/Tubg1/Pold2",17
"GO:0098800","CC","GO:0098800","inner mitochondrial membrane protein complex","13/216","154/28573",1.87762941622004e-10,1.14535394389422e-08,8.14298231034374e-09,"Atp5f1e/Uqcr11/Uqcr10/Uqcrq/Ndufa1/Atp5me/Ndufa12/Ndufc1/Cyc1/Atp5mc1/Ndufb4b/Timm50/Timm10",13
"GO:0000775","CC","GO:0000775","chromosome, centromeric region","16/216","266/28573",2.34084059882413e-10,1.18992730440227e-08,8.45988005890827e-09,"H2ac24/Spc24/Nup43/Cenps/Birc5/Cenpw/Hells/Cdc20/Cbx5/Cdca8/Bub1/Dscc1/Cenpm/Ska1/H2ac8/Cenpf",16
"GO:0098687","CC","GO:0098687","chromosomal region","18/216","375/28573",6.62121928771973e-10,2.88495983250645e-08,2.0510844710831e-08,"H2ac24/Spc24/Nup43/Cenps/Birc5/Cenpw/Hells/Cdc20/Cbx5/Cdca8/Bub1/Dscc1/Cenpm/Ska1/Rad51/Chek1/H2ac8/Cenpf",18
"GO:0005759","CC","GO:0005759","mitochondrial matrix","16/216","304/28573",1.63418788173486e-09,6.23034129911415e-08,4.42950925838659e-08,"C1qbp/Mdh2/Fdps/Mrpl12/Hspe1-rs1/Mrpl42/Pin4/Dhfr/Tyms/Mrpl40/Cdk1/Shmt2/Mrps28/Mrps18b/Atad3a/Mtg1",16
"GO:0000793","CC","GO:0000793","condensed chromosome","16/216","337/28573",7.10832522502619e-09,2.40893243736999e-07,1.71264911854432e-07,"Syce2/Spc24/Nup43/Cenps/Birc5/Cenpw/Psmc3ip/Cdc20/Cbx5/Bub1/Cenpm/Ska1/Rad51/Chek1/Cenpf/Tubg1",16
"GO:0015934","CC","GO:0015934","large ribosomal subunit","11/216","137/28573",8.21914708504112e-09,2.50683986093754e-07,1.78225715738786e-07,"Rpl37/Uba52/Rpl31/Rpl9/Rpl36a/Rpl17-ps8/Mrpl12/Nhp2/Mrpl42/Mrpl40/Rpl21",11
"GO:0005657","CC","GO:0005657","replication fork","9/216","81/28573",1.11117848840818e-08,3.08099489967722e-07,2.19045711590512e-07,"Rfc4/Tipin/Prim1/Prim2/Uhrf1/Timeless/Chek1/Rfc3/Pold2",9
"GO:1990204","CC","GO:1990204","oxidoreductase complex","10/216","127/28573",4.79154105484448e-08,1.21785001810631e-06,8.65839874822775e-07,"Uqcr11/Uqcr10/Uqcrq/Ndufa1/Ndufa12/Ndufc1/Cyc1/Ndufb4b/Rrm2/Gcsh",10
"GO:0000776","CC","GO:0000776","kinetochore","11/216","171/28573",8.18427702934706e-08,1.92015730303912e-06,1.36515066238502e-06,"Spc24/Nup43/Cenps/Birc5/Cenpw/Cdc20/Cbx5/Bub1/Cenpm/Ska1/Cenpf",11
"GO:0022626","CC","GO:0022626","cytosolic ribosome","10/216","142/28573",1.3793604525819e-07,2.93995953331253e-06,2.09018693308846e-06,"Rpl37/Uba52/Rpl31/Rpl9/Rpl36a/Rpl17-ps8/Rps7/Nhp2/Rps27/Rpl21",10
"GO:0022625","CC","GO:0022625","cytosolic large ribosomal subunit","8/216","79/28573",1.5418410967374e-07,2.93995953331253e-06,2.09018693308846e-06,"Rpl37/Uba52/Rpl31/Rpl9/Rpl36a/Rpl17-ps8/Nhp2/Rpl21",8
"GO:0000779","CC","GO:0000779","condensed chromosome, centromeric region","11/216","182/28573",1.542273853541e-07,2.93995953331253e-06,2.09018693308846e-06,"Spc24/Nup43/Cenps/Birc5/Cenpw/Cdc20/Cbx5/Bub1/Cenpm/Ska1/Cenpf",11
"GO:0005746","CC","GO:0005746","mitochondrial respirasome","8/216","95/28573",6.47758576953353e-07,1.16215509394572e-05,8.26243138404896e-06,"Uqcr11/Uqcr10/Uqcrq/Ndufa1/Ndufa12/Ndufc1/Cyc1/Ndufb4b",8
"GO:0098803","CC","GO:0098803","respiratory chain complex","8/216","96/28573",7.02093496853911e-07,1.18965842522468e-05,8.45796844163191e-06,"Uqcr11/Uqcr10/Uqcrq/Ndufa1/Ndufa12/Ndufc1/Cyc1/Ndufb4b",8
"GO:0071162","CC","GO:0071162","CMG complex","4/216","11/28573",1.00549112482428e-06,1.61407785827055e-05,1.14754111752799e-05,"Mcm5/Mcm6/Gins2/Cdc45",4
"GO:0070469","CC","GO:0070469","respirasome","8/216","103/28573",1.20322758643197e-06,1.83492206930875e-05,1.30455201476308e-05,"Uqcr11/Uqcr10/Uqcrq/Ndufa1/Ndufa12/Ndufc1/Cyc1/Ndufb4b",8
"GO:0005750","CC","GO:0005750","mitochondrial respiratory chain complex III","4/216","13/28573",2.15281736131724e-06,2.85482302261634e-05,2.02965847337003e-05,"Uqcr11/Uqcr10/Uqcrq/Cyc1",4
"GO:0031261","CC","GO:0031261","DNA replication preinitiation complex","4/216","13/28573",2.15281736131724e-06,2.85482302261634e-05,2.02965847337003e-05,"Mcm5/Mcm6/Gins2/Cdc45",4
"GO:0045275","CC","GO:0045275","respiratory chain complex III","4/216","13/28573",2.15281736131724e-06,2.85482302261634e-05,2.02965847337003e-05,"Uqcr11/Uqcr10/Uqcrq/Cyc1",4
"GO:0005819","CC","GO:0005819","spindle","12/216","367/28573",2.55193227218145e-05,0.000324308059589726,0.000230569319328675,"Gpx2/Pin4/Birc5/Capg/Cdk1/Tpx2/Cdca8/Hmmr/Ska1/Tacc3/Cenpf/Tubg1",12
"GO:0043596","CC","GO:0043596","nuclear replication fork","5/216","47/28573",2.79213027833394e-05,0.000340639893956741,0.000242180563089175,"Tipin/Prim1/Prim2/Timeless/Pold2",5
"GO:0000940","CC","GO:0000940","outer kinetochore","4/216","24/28573",2.99719544043412e-05,0.000351594080512465,0.000249968526611105,"Spc24/Bub1/Ska1/Cenpf",4
"GO:0015935","CC","GO:0015935","small ribosomal subunit","6/216","83/28573",4.04698293026272e-05,0.000457159182863011,0.000325020851319345,"Uba52/Rps7/Rps27/Mrpl42/Mrps28/Mrps18b",6
"GO:0000313","CC","GO:0000313","organellar ribosome","6/216","91/28573",6.79749146806572e-05,0.000714908585434498,0.000508269779463353,"Mrpl12/Mrpl42/Mrpl40/Mrps28/Mrps18b/Mtg1",6
"GO:0005761","CC","GO:0005761","mitochondrial ribosome","6/216","91/28573",6.79749146806572e-05,0.000714908585434498,0.000508269779463353,"Mrpl12/Mrpl42/Mrpl40/Mrps28/Mrps18b/Mtg1",6
"GO:0005742","CC","GO:0005742","mitochondrial outer membrane translocase complex","3/216","13/28573",0.000115222294161167,0.0011714266573052,0.000832834827971947,"Tomm7/Mtx1/Mtx2",3
"GO:0098799","CC","GO:0098799","outer mitochondrial membrane protein complex","3/216","14/28573",0.00014582944139995,0.00143477353635435,0.00102006332524244,"Tomm7/Mtx1/Mtx2",3
"GO:0030496","CC","GO:0030496","midbody","8/216","203/28573",0.000165326299244197,0.00157576628967125,0.0011203032119837,"Ran/Erh/Birc5/Capg/Cdk1/Cdca8/Mitd1/Cenpf",8
"GO:0043209","CC","GO:0043209","myelin sheath","8/216","208/28573",0.000195174700960356,0.00180388738766389,0.00128248766819245,"Uba52/Nme1/Tuba1b/Mdh2/Phgdh/Prdx2/Nme2/Ckmt1",8
"GO:0070069","CC","GO:0070069","cytochrome complex","4/216","41/28573",0.000258311391222159,0.00231720512713995,0.001647434879002,"Uqcr11/Uqcr10/Uqcrq/Cyc1",4
"GO:0000939","CC","GO:0000939","inner kinetochore","3/216","18/28573",0.000319695094705343,0.00270852788569805,0.00192564881606142,"Cenps/Cenpw/Cenpm",3
"GO:0042575","CC","GO:0042575","DNA polymerase complex","3/216","18/28573",0.000319695094705343,0.00270852788569805,0.00192564881606142,"Prim1/Prim2/Pold2",3
"GO:0000152","CC","GO:0000152","nuclear ubiquitin ligase complex","4/216","47/28573",0.000439133353227372,0.00350573338948012,0.00249242822513514,"Cdc20/Ube2c/Ube2s/Rad51",4
"GO:0005753","CC","GO:0005753","mitochondrial proton-transporting ATP synthase complex","3/216","20/28573",0.000441679092864328,0.00350573338948012,0.00249242822513514,"Atp5f1e/Atp5me/Atp5mc1",3
"GO:0061695","CC","GO:0061695","transferase complex, transferring phosphorus-containing groups","9/216","296/28573",0.000448274105540081,0.00350573338948012,0.00249242822513514,"Polr2l/Psmc5/Cdk4/Cks1b/Prim1/Cdk1/Prim2/Ccna2/Pold2",9
"GO:0072686","CC","GO:0072686","mitotic spindle","7/216","181/28573",0.000473663165551358,0.0036116816373291,0.0025677529500942,"Gpx2/Capg/Cdk1/Tpx2/Ska1/Tacc3/Tubg1",7
"GO:0045259","CC","GO:0045259","proton-transporting ATP synthase complex","3/216","21/28573",0.000512428198697831,0.00381196586836191,0.00271014657077672,"Atp5f1e/Atp5me/Atp5mc1",3
"GO:0005680","CC","GO:0005680","anaphase-promoting complex","3/216","23/28573",0.000674778639474129,0.00490017821522879,0.00348381954214713,"Cdc20/Ube2c/Ube2s",3
"GO:0005747","CC","GO:0005747","mitochondrial respiratory chain complex I","4/216","55/28573",0.000801021298663851,0.00542914435761055,0.00385989210584218,"Ndufa1/Ndufa12/Ndufc1/Ndufb4b",4
"GO:0030964","CC","GO:0030964","NADH dehydrogenase complex","4/216","55/28573",0.000801021298663851,0.00542914435761055,0.00385989210584218,"Ndufa1/Ndufa12/Ndufc1/Ndufb4b",4
"GO:0045271","CC","GO:0045271","respiratory chain complex I","4/216","55/28573",0.000801021298663851,0.00542914435761055,0.00385989210584218,"Ndufa1/Ndufa12/Ndufc1/Ndufb4b",4
"GO:0005741","CC","GO:0005741","mitochondrial outer membrane","7/216","202/28573",0.000905467635422809,0.00595002891619861,0.00423021900513171,"Tomm7/Nme1/Mtx1/Cisd1/Mgst3/Mgst1/Mtx2",7
"GO:0000307","CC","GO:0000307","cyclin-dependent protein kinase holoenzyme complex","4/216","57/28573",0.000916889701840441,0.00595002891619861,0.00423021900513171,"Cdk4/Cks1b/Cdk1/Ccna2",4
"GO:0043601","CC","GO:0043601","nuclear replisome","3/216","29/28573",0.00134653117977971,0.00855608353818357,0.00608301366303992,"Prim1/Prim2/Pold2",3
"GO:1990351","CC","GO:1990351","transporter complex","10/216","421/28573",0.00145772804750131,0.00907361335689589,0.0064509554841089,"Uqcr11/Uqcr10/Uqcrq/Ndufa1/Ndufa12/Ndufc1/Cyc1/Atp5mc1/Ndufb4b/Timm10",10
"GO:0030894","CC","GO:0030894","replisome","3/216","30/28573",0.00148785688061028,0.00907592697172273,0.00645260036643618,"Prim1/Prim2/Pold2",3
"GO:0019867","CC","GO:0019867","outer membrane","7/216","229/28573",0.00186094281864361,0.0109151453785827,0.00776020689555837,"Tomm7/Nme1/Mtx1/Cisd1/Mgst3/Mgst1/Mtx2",7
"GO:0031968","CC","GO:0031968","organelle outer membrane","7/216","229/28573",0.00186094281864361,0.0109151453785827,0.00776020689555837,"Tomm7/Nme1/Mtx1/Cisd1/Mgst3/Mgst1/Mtx2",7
"GO:0000314","CC","GO:0000314","organellar small ribosomal subunit","3/216","33/28573",0.00196642112184342,0.0111066378178193,0.00789634992397164,"Mrpl42/Mrps28/Mrps18b",3
"GO:0005763","CC","GO:0005763","mitochondrial small ribosomal subunit","3/216","33/28573",0.00196642112184342,0.0111066378178193,0.00789634992397164,"Mrpl42/Mrps28/Mrps18b",3
"GO:0005635","CC","GO:0005635","nuclear envelope","10/216","451/28573",0.00240674695617159,0.0133465058478607,0.00948880139658083,"Ifi27l2a/Eif5a/Ran/Ranbp1/Cdk4/Nup43/Rrm2/Mgst3/Phf11b/Cenpf",10
"GO:1902554","CC","GO:1902554","serine/threonine protein kinase complex","5/216","123/28573",0.00247461981883799,0.0134778400847426,0.00958217448647792,"Psmc5/Cdk4/Cks1b/Cdk1/Ccna2",5
"GO:0005876","CC","GO:0005876","spindle microtubule","4/216","77/28573",0.00279335435409376,0.0149468961052386,0.0106266112085561,"Birc5/Cdk1/Ska1/Tubg1",4
"GO:0005643","CC","GO:0005643","nuclear pore","4/216","78/28573",0.00292716427875312,0.0153928466382707,0.0109436631837231,"Eif5a/Ran/Ranbp1/Nup43",4
"GO:0042555","CC","GO:0042555","MCM complex","2/216","11/28573",0.00299115784883255,0.0154627651507446,0.0109933722900893,"Mcm5/Mcm6",2
"GO:1902495","CC","GO:1902495","transmembrane transporter complex","9/216","396/28573",0.00333628092769113,0.0169594280490966,0.0120574363351644,"Uqcr11/Uqcr10/Uqcrq/Ndufa1/Ndufa12/Ndufc1/Cyc1/Atp5mc1/Ndufb4b",9
"GO:0000276","CC","GO:0000276","mitochondrial proton-transporting ATP synthase complex, coupling factor F(o)","2/216","12/28573",0.00357156355100374,0.0178578177550187,0.0126961534341117,"Atp5me/Atp5mc1",2
"GO:0000794","CC","GO:0000794","condensed nuclear chromosome","5/216","137/28573",0.00393101613497569,0.0193380632446385,0.0137485453956705,"Syce2/Psmc3ip/Rad51/Chek1/Tubg1",5
"GO:0045263","CC","GO:0045263","proton-transporting ATP synthase complex, coupling factor F(o)","2/216","13/28573",0.00419998923406603,0.0203332812125419,0.014456103295198,"Atp5me/Atp5mc1",2
"GO:0022627","CC","GO:0022627","cytosolic small ribosomal subunit","3/216","45/28573",0.00478555862750807,0.0228061778342181,0.0162142282445175,"Uba52/Rps7/Rps27",3
"GO:0034709","CC","GO:0034709","methylosome","2/216","14/28573",0.00487568253284371,0.0228782026541128,0.0162654348464098,"Erh/Snrpf",2
"GO:0055029","CC","GO:0055029","nuclear DNA-directed RNA polymerase complex","4/216","94/28573",0.00569961323677839,0.0263391217760213,0.0187260020219513,"Polr2l/Psmc5/Prim1/Prim2",4
"GO:0000428","CC","GO:0000428","DNA-directed RNA polymerase complex","4/216","97/28573",0.00636369391511914,0.0284232360232552,0.0202077191399157,"Polr2l/Psmc5/Prim1/Prim2",4
"GO:1902911","CC","GO:1902911","protein kinase complex","5/216","154/28573",0.0064202623944533,0.0284232360232552,0.0202077191399157,"Psmc5/Cdk4/Cks1b/Cdk1/Ccna2",5
"GO:0016469","CC","GO:0016469","proton-transporting two-sector ATPase complex","3/216","50/28573",0.00643017470690035,0.0284232360232552,0.0202077191399157,"Atp5f1e/Atp5me/Atp5mc1",3
"GO:0030880","CC","GO:0030880","RNA polymerase complex","4/216","99/28573",0.00683379647927591,0.029775827516845,0.0211693545072306,"Polr2l/Psmc5/Prim1/Prim2",4
"GO:0010369","CC","GO:0010369","chromocenter","2/216","17/28573",0.00717897204779415,0.0308392461208058,0.0219254001756204,"Cbx5/Cdca8",2
"GO:0045171","CC","GO:0045171","intercellular bridge","4/216","101/28573",0.00732632249323093,0.0310351161171588,0.0220646554620698,"Gpx2/Tpx2/Cdca8/Ska1",4
"GO:0000315","CC","GO:0000315","organellar large ribosomal subunit","3/216","57/28573",0.00923638721996638,0.0380688932714831,0.0270653736459897,"Mrpl12/Mrpl42/Mrpl40",3
"GO:0005762","CC","GO:0005762","mitochondrial large ribosomal subunit","3/216","57/28573",0.00923638721996638,0.0380688932714831,0.0270653736459897,"Mrpl12/Mrpl42/Mrpl40",3
"GO:0034708","CC","GO:0034708","methyltransferase complex","4/216","110/28573",0.00983146162160993,0.0399812772612137,0.0284249978112512,"Erh/Snrpf/Ruvbl2/Cbx5",4
"GO:0030684","CC","GO:0030684","preribosome","4/216","112/28573",0.0104547051734051,0.0419563826037967,0.0298292142066682,"Rps7/Rps27/Pin4/Rrp15",4
"GO:0005881","CC","GO:0005881","cytoplasmic microtubule","4/216","114/28573",0.0111029612626943,0.0439792621444385,0.0312673960371159,"Saa1/Tuba1b/Birc5/Tubg1",4
"GO:0033177","CC","GO:0033177","proton-transporting two-sector ATPase complex, proton-transporting domain","2/216","22/28573",0.0118953581957982,0.0465139006374162,0.0330694168466186,"Atp5me/Atp5mc1",2
"GO:0017116","MF","GO:0017116","single-stranded DNA helicase activity","6/203","23/28407",1.12815628340357e-08,4.54646982211639e-06,3.61010010689143e-06,"Mcm5/Rfc4/Mcm6/Dscc1/Rad51/Rfc3",6
"GO:0003735","MF","GO:0003735","structural constituent of ribosome","11/203","178/28407",6.95029090930125e-08,1.4004836182242e-05,1.1120465454882e-05,"Rpl37/Uba52/Rpl31/Rpl9/Rpl36a/Rpl17-ps8/Mrpl12/Rps7/Rps27/Mrps18b/Rpl21",11
"GO:0003678","MF","GO:0003678","DNA helicase activity","7/203","55/28407",1.30219555341539e-07,1.74928269342134e-05,1.38900859030975e-05,"Mcm5/Rfc4/Mcm6/Ruvbl2/Dscc1/Rad51/Rfc3",7
"GO:0043021","MF","GO:0043021","ribonucleoprotein complex binding","11/203","195/28407",1.75444520532843e-07,1.76760354436839e-05,1.40355616426274e-05,"Eif5a/Sec61g/Nme1/C1qbp/Timm50/Naa10/Cbx5/Pttg1/Cinp/Ifrd2/Ung",11
"GO:0016765","MF","GO:0016765","transferase activity, transferring alkyl or aryl (other than methyl) groups","7/203","64/28407",3.77560803314307e-07,3.04314007471332e-05,2.41638914121157e-05,"Gstp1/Fdps/Srm/Rabggtb/Mgst3/Mgst1/Fdft1",7
"GO:0140097","MF","GO:0140097","catalytic activity, acting on DNA","11/203","237/28407",1.21729008330458e-06,8.15295113857001e-05,6.47380735568834e-05,"Nme1/Mcm5/Rfc4/Mcm6/Apex1/Ruvbl2/Hells/Ung/Dscc1/Rad51/Rfc3",11
"GO:0004386","MF","GO:0004386","helicase activity","9/203","150/28407",1.41614535905683e-06,8.15295113857001e-05,6.47380735568834e-05,"Mcm5/Rfc4/Ddx39a/Mcm6/Ruvbl2/Hells/Dscc1/Rad51/Rfc3",9
"GO:0008094","MF","GO:0008094","ATP-dependent activity, acting on DNA","8/203","115/28407",1.82186875372946e-06,9.17766384691214e-05,7.28747501491783e-05,"Mcm5/Rfc4/Mcm6/Ruvbl2/Hells/Dscc1/Rad51/Rfc3",8
"GO:0043022","MF","GO:0043022","ribosome binding","8/203","118/28407",2.2124151410677e-06,9.90670335389204e-05,7.8663649460185e-05,"Eif5a/Sec61g/Nme1/C1qbp/Naa10/Pttg1/Ifrd2/Ung",8
"GO:0004602","MF","GO:0004602","glutathione peroxidase activity","4/203","27/28407",3.90593070426737e-05,0.00152344119566186,0.00120968035387543,"Gstp1/Gpx2/Mgst3/Mgst1",4
"GO:0016742","MF","GO:0016742","hydroxymethyl-, formyl- and related transferase activity","3/203","10/28407",4.15827621644677e-05,0.00152344119566186,0.00120968035387543,"Shmt2/Atic/Gcsh",3
"GO:0004601","MF","GO:0004601","peroxidase activity","5/203","61/28407",7.62529989278012e-05,0.00256082988065866,0.00203341330474136,"Gstp1/Gpx2/Prdx2/Mgst3/Mgst1",5
"GO:0016684","MF","GO:0016684","oxidoreductase activity, acting on peroxide as acceptor","5/203","63/28407",8.90566991264721e-05,0.0026666146067557,0.00211741110213852,"Gstp1/Gpx2/Prdx2/Mgst3/Mgst1",5
"GO:0000900","MF","GO:0000900","mRNA regulatory element binding translation repressor activity","3/203","13/28407",9.75478164010055e-05,0.0026666146067557,0.00211741110213852,"Dhfr/Tyms/Shmt2",3
"GO:0030371","MF","GO:0030371","translation repressor activity","4/203","34/28407",9.92536454127433e-05,0.0026666146067557,0.00211741110213852,"Dhfr/Tyms/Shmt2/Ifrd2",4
"GO:0004659","MF","GO:0004659","prenyltransferase activity","3/203","15/28407",0.000153560554667573,0.00382521806653963,0.00303739399824487,"Fdps/Rabggtb/Fdft1",3
"GO:0000287","MF","GO:0000287","magnesium ion binding","8/203","214/28407",0.000161361556156759,0.00382521806653963,0.00303739399824487,"Ran/Nme1/Ppa1/Dctpp1/Dut/Eno3/Prim1/Farsb",8
"GO:0016209","MF","GO:0016209","antioxidant activity","5/203","89/28407",0.000452682997418351,0.0101350693310886,0.0080476977318818,"Gstp1/Gpx2/Prdx2/Mgst3/Mgst1",5
"GO:0035173","MF","GO:0035173","histone kinase activity","3/203","24/28407",0.000651466488377704,0.0138179470955902,0.0109720671726771,"Cdk1/Bub1/Chek1",3
"GO:0031406","MF","GO:0031406","carboxylic acid binding","7/203","218/28407",0.00101665284843278,0.0204855548959206,0.0162664455749245,"Gstp1/Dmbt1/Fabp5/Dhfr/Tyms/Shmt2/Nme2",7
"GO:0055106","MF","GO:0055106","ubiquitin-protein transferase regulator activity","3/203","30/28407",0.00126624533704527,0.0242998509918688,0.0192951670406899,"Rpl37/Rps7/Cdc20",3
"GO:0043177","MF","GO:0043177","organic acid binding","7/203","234/28407",0.00152771863988282,0.0268221560448728,0.0212979899115616,"Gstp1/Dmbt1/Fabp5/Dhfr/Tyms/Shmt2/Nme2",7
"GO:0004364","MF","GO:0004364","glutathione transferase activity","3/203","32/28407",0.00153079302489349,0.0268221560448728,0.0212979899115616,"Gstp1/Mgst3/Mgst1",3
"GO:0140597","MF","GO:0140597","protein carrier chaperone","3/203","34/28407",0.00182756352157558,0.0295809404927937,0.0234885879843523,"Cox18/Asf1b/Timm10",3
"GO:0005539","MF","GO:0005539","glycosaminoglycan binding","7/203","243/28407",0.00189238204232399,0.0295809404927937,0.0234885879843523,"Reg3b/Reg3g/Saa1/Dmbt1/C1qbp/Cxcl10/Hmmr",7
"GO:0030547","MF","GO:0030547","signaling receptor inhibitor activity","3/203","35/28407",0.00198845043697865,0.0295809404927937,0.0234885879843523,"Ly6a/Ly6g/Dut",3
"GO:0003697","MF","GO:0003697","single-stranded DNA binding","5/203","124/28407",0.00200865658541283,0.0295809404927937,0.0234885879843523,"Nme1/Mcm5/Mcm6/Rad51/Cdc45",5
"GO:0003755","MF","GO:0003755","peptidyl-prolyl cis-trans isomerase activity","3/203","36/28407",0.00215788521510577,0.0295809404927937,0.0234885879843523,"Ppid/Pin4/Ppie",3
"GO:0010997","MF","GO:0010997","anaphase-promoting complex binding","2/203","10/28407",0.00220205512353303,0.0295809404927937,0.0234885879843523,"Cdc20/Ube2s",2
"GO:1990948","MF","GO:1990948","ubiquitin ligase inhibitor activity","2/203","10/28407",0.00220205512353303,0.0295809404927937,0.0234885879843523,"Rpl37/Rps7",2
"GO:0016835","MF","GO:0016835","carbon-oxygen lyase activity","4/203","77/28407",0.0022804567243494,0.0296459374165422,0.023540198444897,"Tpi1/Car4/Eno3/Gmds",4
"GO:0019103","MF","GO:0019103","pyrimidine nucleotide binding","2/203","11/28407",0.00267876180773792,0.0332047070780819,0.0263660205086506,"Dctpp1/Dut",2
"GO:0019205","MF","GO:0019205","nucleobase-containing compound kinase activity","3/203","39/28407",0.00271899586495459,0.0332047070780819,0.0263660205086506,"Nme1/Nme2/Tk1",3
"GO:0016829","MF","GO:0016829","lyase activity","6/203","195/28407",0.00286255607948121,0.0336691360943995,0.0267347978913346,"Tpi1/Car4/Eno3/Mgst3/Shmt2/Gmds",6
"GO:0016859","MF","GO:0016859","cis-trans isomerase activity","3/203","40/28407",0.00292411851936472,0.0336691360943995,0.0267347978913346,"Ppid/Pin4/Ppie",3
"GO:0019842","MF","GO:0019842","vitamin binding","5/203","141/28407",0.00349966742301592,0.0391768325409838,0.0311081548712526,"Cisd1/Dhfr/Tyms/Bspry/Shmt2",5
"GO:0045182","MF","GO:0045182","translation regulator activity","5/203","144/28407",0.00382795772037046,0.041693701657008,0.0331066613653662,"Eif5a/Dhfr/Tyms/Shmt2/Ifrd2",5
"GO:0005542","MF","GO:0005542","folic acid binding","2/203","14/28407",0.00437005667687456,0.0419317343042963,0.0332956699190442,"Dhfr/Tyms",2
"GO:0016018","MF","GO:0016018","cyclosporin A binding","2/203","14/28407",0.00437005667687456,0.0419317343042963,0.0332956699190442,"Ppid/Ppie",2
"GO:0019215","MF","GO:0019215","intermediate filament binding","2/203","14/28407",0.00437005667687456,0.0419317343042963,0.0332956699190442,"Nme1/Nme2",2
"GO:0030550","MF","GO:0030550","acetylcholine receptor inhibitor activity","2/203","14/28407",0.00437005667687456,0.0419317343042963,0.0332956699190442,"Ly6a/Ly6g",2
"GO:0055105","MF","GO:0055105","ubiquitin-protein transferase inhibitor activity","2/203","14/28407",0.00437005667687456,0.0419317343042963,0.0332956699190442,"Rpl37/Rps7",2
"GO:0003688","MF","GO:0003688","DNA replication origin binding","2/203","15/28407",0.00501874838798332,0.0470361767524949,0.0373488252128992,"Mcm5/Cdc45",2
"GO:0016646","MF","GO:0016646","oxidoreductase activity, acting on the CH-NH group of donors, NAD or NADP as acceptor","2/203","16/28407",0.00570885480734191,0.0489503933480594,0.0388687986882854,"Dhfr/Mthfd1",2
"GO:0043138","MF","GO:0043138","3'-5' DNA helicase activity","2/203","16/28407",0.00570885480734191,0.0489503933480594,0.0388687986882854,"Mcm5/Mcm6",2
"GO:0046933","MF","GO:0046933","proton-transporting ATP synthase activity, rotational mechanism","2/203","16/28407",0.00570885480734191,0.0489503933480594,0.0388687986882854,"Atp5f1e/Atp5me",2
"GO:1990825","MF","GO:1990825","sequence-specific mRNA binding","2/203","16/28407",0.00570885480734191,0.0489503933480594,0.0388687986882854,"Dhfr/Tyms",2
