"","ONTOLOGY","ID","Description","GeneRatio","BgRatio","pvalue","p.adjust","qvalue","geneID","Count"
"GO:0006631","BP","GO:0006631","fatty acid metabolic process","22/221","463/28891",1.18398426260681e-11,3.00021612144566e-08,2.59230238549702e-08,"Pla2g2a/Ces2c/Ces2e/Cyp2d9/Fabp1/Fabp4/Acaa2/Cyp2d12/Acot7/Cyp2d10/Nucb2/Gstp3/Cyp2d22/Acacb/Ces2f/Mgll/Adtrp/Elovl6/Apoc1/Acot2/Ces2b/Ces2a",22
"GO:0033559","BP","GO:0033559","unsaturated fatty acid metabolic process","12/221","140/28891",9.17851967905617e-10,1.16291844333642e-06,1.0048063648651e-06,"Pla2g2a/Ces2c/Ces2e/Cyp2d9/Cyp2d12/Cyp2d10/Gstp3/Cyp2d22/Ces2f/Mgll/Ces2b/Ces2a",12
"GO:0006690","BP","GO:0006690","icosanoid metabolic process","12/221","147/28891",1.61064382000156e-09,1.36045714662798e-06,1.17548741950991e-06,"Pla2g2a/Ces2c/Ces2e/Cyp2d9/Cyp2d12/Cyp2d10/Gstp3/Cyp2d22/Ces2f/Mgll/Ces2b/Ces2a",12
"GO:0006953","BP","GO:0006953","acute-phase response","7/221","44/28891",4.19861907928615e-08,2.65982518672777e-05,2.29819149603031e-05,"Reg3b/Saa3/Reg3g/Saa1/Saa4/Hp/Saa2",7
"GO:0001676","BP","GO:0001676","long-chain fatty acid metabolic process","10/221","128/28891",5.78106949200997e-08,2.92984601855065e-05,2.53149990386963e-05,"Cyp2d9/Cyp2d12/Acot7/Cyp2d10/Gstp3/Cyp2d22/Mgll/Adtrp/Elovl6/Acot2",10
"GO:0019730","BP","GO:0019730","antimicrobial humoral response","12/221","221/28891",1.53173229232225e-07,6.46901604790764e-05,5.58947924215839e-05,"Reg3b/Pglyrp1/Igha/Reg3g/Dmbt1/S100a9/Trf/Ltf/Cxcl5/Mmp7/Slpi/Cxcl2",12
"GO:0042742","BP","GO:0042742","defense response to bacterium","16/221","430/28891",2.41803652058725e-07,7.62365203724478e-05,6.58712924748437e-05,"Reg3b/Pglyrp1/Igha/Reg3g/Lcn2/Dmbt1/Pla2g2a/Gsdmd/Arg2/Nos2/Hp/Trf/Ltf/Cxcl5/Mmp7/Slpi",16
"GO:0006693","BP","GO:0006693","prostaglandin metabolic process","7/221","57/28891",2.66264014832225e-07,7.62365203724478e-05,6.58712924748437e-05,"Pla2g2a/Ces2c/Ces2e/Gstp3/Ces2f/Ces2b/Ces2a",7
"GO:0044242","BP","GO:0044242","cellular lipid catabolic process","12/221","234/28891",2.83649376419648e-07,7.62365203724478e-05,6.58712924748437e-05,"Prdx6/Neu1/Gdpd1/Fabp1/Acaa2/Acot7/Acacb/Mgll/Adtrp/Apoc1/Acot2/Smpdl3b",12
"GO:0006692","BP","GO:0006692","prostanoid metabolic process","7/221","58/28891",3.00854460822604e-07,7.62365203724478e-05,6.58712924748437e-05,"Pla2g2a/Ces2c/Ces2e/Gstp3/Ces2f/Ces2b/Ces2a",7
"GO:0006959","BP","GO:0006959","humoral immune response","14/221","337/28891",3.76326554163123e-07,8.6691953477214e-05,7.49051897281623e-05,"Reg3b/Pglyrp1/Igha/Reg3g/Dmbt1/S100a9/Cd81/Trf/Cfd/Ltf/Cxcl5/Mmp7/Slpi/Cxcl2",14
"GO:0035821","BP","GO:0035821","modulation of process of another organism","5/221","21/28891",4.60966588885317e-07,9.71773441053995e-05,8.39649714365601e-05,"S100a9/Nos2/Cxcl5/Slpi/Fbln1",5
"GO:0016042","BP","GO:0016042","lipid catabolic process","14/221","345/28891",4.98542017904575e-07,9.71773441053995e-05,8.39649714365601e-05,"Prdx6/Neu1/Gdpd1/Fabp1/Acaa2/Acot7/Acacb/Mgll/Thra/Cidec/Adtrp/Apoc1/Acot2/Smpdl3b",14
"GO:0006869","BP","GO:0006869","lipid transport","15/221","445/28891",1.97879527162977e-06,0.000358161944164988,0.000309465726690971,"Slc51b/Slc10a2/Naxe/Fabp1/Fabp4/Nucb2/Rbp2/Selenom/Nos2/Abcg2/Cidec/Prap1/Apoc1/Mttp/Ace",15
"GO:0061844","BP","GO:0061844","antimicrobial humoral immune response mediated by antimicrobial peptide","9/221","151/28891",2.62672371756491e-06,0.000443741193353966,0.000383409497020002,"Reg3b/Pglyrp1/Reg3g/Dmbt1/S100a9/Ltf/Cxcl5/Mmp7/Cxcl2",9
"GO:0018119","BP","GO:0018119","peptidyl-cysteine S-nitrosylation","4/221","17/28891",7.33409820238904e-06,0.00113215902943802,0.000978229045499557,"S100a8/S100a9/Nos2/Ace",4
"GO:0015711","BP","GO:0015711","organic anion transport","14/221","436/28891",7.59538417539319e-06,0.00113215902943802,0.000978229045499557,"Arg2/Slc51b/Car4/Slc25a1/Slc10a2/Fabp1/Slc26a3/Fabp4/Rbp2/Slc7a9/Nos2/Slc16a3/Abcg2/Ace",14
"GO:0017014","BP","GO:0017014","protein nitrosylation","4/221","18/28891",9.37305271980128e-06,0.00131951753288758,0.00114011401504016,"S100a8/S100a9/Nos2/Ace",4
"GO:0015718","BP","GO:0015718","monocarboxylic acid transport","9/221","180/28891",1.09755408565607e-05,0.00146379055423814,0.00126477146712721,"Slc51b/Slc10a2/Fabp1/Fabp4/Rbp2/Nos2/Slc16a3/Abcg2/Ace",9
"GO:0072329","BP","GO:0072329","monocarboxylic acid catabolic process","8/221","138/28891",1.16837328811807e-05,0.00148032895604559,0.00127906128383452,"Dcxr/Fabp1/Acaa2/Acot7/Slc16a3/Acacb/Adtrp/Acot2",8
"GO:0002526","BP","GO:0002526","acute inflammatory response","8/221","139/28891",1.23165906735674e-05,0.00148620194127713,0.00128413576947469,"Reg3b/Saa3/Reg3g/Saa1/Saa4/B4galt1/Hp/Saa2",8
"GO:0001666","BP","GO:0001666","response to hypoxia","10/221","233/28891",1.35734286710219e-05,0.00156341219328953,0.00135084840362324,"Ak4/Fam162a/P4hb/Fabp1/Acaa2/Ddit4/Plat/Nos2/Hif3a/Acot2",10
"GO:0016054","BP","GO:0016054","organic acid catabolic process","10/221","241/28891",1.81624473503314e-05,0.00191765173273915,0.00165692502143374,"Dcxr/Arg2/Fabp1/Acaa2/Acot7/Nos2/Slc16a3/Acacb/Adtrp/Acot2",10
"GO:0046395","BP","GO:0046395","carboxylic acid catabolic process","10/221","241/28891",1.81624473503314e-05,0.00191765173273915,0.00165692502143374,"Dcxr/Arg2/Fabp1/Acaa2/Acot7/Nos2/Slc16a3/Acacb/Adtrp/Acot2",10
"GO:0044282","BP","GO:0044282","small molecule catabolic process","12/221","353/28891",1.9629126230031e-05,0.00198960823467594,0.00171909821298798,"Dcxr/Arg2/Adh1/Fabp1/Acaa2/Acot7/Nos2/Slc16a3/Acacb/Adtrp/Glb1/Acot2",12
"GO:0072521","BP","GO:0072521","purine-containing compound metabolic process","14/221","479/28891",2.16580339257223e-05,0.00211082530645309,0.0018238344358503,"Dcxr/Ak4/Hmgcs2/Acaa2/Acot7/Nos2/Naprt/Nme7/Acacb/Abcg2/Gmpr/Acot2/H6pd/Macrod1",14
"GO:0046942","BP","GO:0046942","carboxylic acid transport","12/221","362/28891",2.51253243511816e-05,0.00235805821873682,0.00203745320274689,"Arg2/Slc51b/Slc25a1/Slc10a2/Fabp1/Fabp4/Rbp2/Slc7a9/Nos2/Slc16a3/Abcg2/Ace",12
"GO:0015849","BP","GO:0015849","organic acid transport","12/221","364/28891",2.6514279964796e-05,0.00239954233681404,0.00207329707995397,"Arg2/Slc51b/Slc25a1/Slc10a2/Fabp1/Fabp4/Rbp2/Slc7a9/Nos2/Slc16a3/Abcg2/Ace",12
"GO:0036293","BP","GO:0036293","response to decreased oxygen levels","10/221","264/28891",3.94678623453197e-05,0.00344867459251863,0.00297978779231452,"Ak4/Fam162a/P4hb/Fabp1/Acaa2/Ddit4/Plat/Nos2/Hif3a/Acot2",10
"GO:0120254","BP","GO:0120254","olefinic compound metabolic process","8/221","173/28891",5.91901963810757e-05,0.00499959858765486,0.00431984591132061,"Cyp2d9/Adh1/Cyp2d12/Cyp2d10/Gstp3/Cyp2d22/Mgll/H6pd",8
"GO:0009410","BP","GO:0009410","response to xenobiotic stimulus","11/221","346/28891",7.94775373513582e-05,0.00636603836778642,0.00550050255680461,"Lcn2/Tfrc/Cyp2d9/Gstt1/Cyp2d12/Cyp2d10/Gstp3/Nos2/Cyp2d22/Alad/Mmp7",11
"GO:0050829","BP","GO:0050829","defense response to Gram-negative bacterium","7/221","134/28891",8.03919604456059e-05,0.00636603836778642,0.00550050255680461,"Reg3b/Reg3g/Dmbt1/Gsdmd/Ltf/Cxcl5/Mmp7",7
"GO:0071466","BP","GO:0071466","cellular response to xenobiotic stimulus","8/221","191/28891",0.000118056417536914,0.00906530187995574,0.00783277028634069,"Tfrc/Cyp2d9/Gstt1/Cyp2d12/Cyp2d10/Gstp3/Nos2/Cyp2d22",8
"GO:0009117","BP","GO:0009117","nucleotide metabolic process","13/221","497/28891",0.000129980098381319,0.00968734027347828,0.0083702354375586,"Dcxr/Ak4/Hmgcs2/Naxe/Acaa2/Acot7/Nos2/Naprt/Nme7/Acacb/Gmpr/Acot2/H6pd",13
"GO:0000041","BP","GO:0000041","transition metal ion transport","6/221","103/28891",0.000144330664505618,0.0104495401102067,0.00902880547884766,"Slc39a4/Lcn2/Tfrc/Trf/Ltf/Slc30a2",6
"GO:0097529","BP","GO:0097529","myeloid leukocyte migration","9/221","253/28891",0.000154389881973279,0.0108673322477858,0.00938979399135735,"S100a8/S100a9/B4galt1/Cd177/Cd81/Lgmn/Cxcl5/Cnn2/Cxcl2",9
"GO:0006163","BP","GO:0006163","purine nucleotide metabolic process","12/221","444/28891",0.000174571094228214,0.0116551496045035,0.0100704985574574,"Dcxr/Ak4/Hmgcs2/Acaa2/Acot7/Nos2/Naprt/Nme7/Acacb/Gmpr/Acot2/H6pd",12
"GO:0043903","BP","GO:0043903","regulation of biological process involved in symbiotic interaction","5/221","68/28891",0.0001763386465082,0.0116551496045035,0.0100704985574574,"Ly6e/P4hb/Ltf/Cxcl5/Fbln1",5
"GO:0050830","BP","GO:0050830","defense response to Gram-positive bacterium","8/221","203/28891",0.00017938075555471,0.0116551496045035,0.0100704985574574,"Reg3b/Pglyrp1/Reg3g/Dmbt1/Pla2g2a/Gsdmd/Ltf/Mmp7",8
"GO:0007159","BP","GO:0007159","leukocyte cell-cell adhesion","12/221","447/28891",0.000185712964649977,0.011764916310576,0.0101653412229461,"Lrg1/S100a8/Tfrc/S100a9/Arg2/Cd177/Cd81/Zbtb16/Adtrp/Socs1/Hspb1/Cd1d1",12
"GO:0009062","BP","GO:0009062","fatty acid catabolic process","6/221","109/28891",0.000196793478857477,0.0121627969615816,0.0105091254434802,"Fabp1/Acaa2/Acot7/Acacb/Adtrp/Acot2",6
"GO:0070482","BP","GO:0070482","response to oxygen levels","10/221","324/28891",0.000212657622162462,0.0127406649934752,0.0110084256995091,"Ak4/Fam162a/P4hb/Fabp1/Acaa2/Ddit4/Plat/Nos2/Hif3a/Acot2",10
"GO:0050994","BP","GO:0050994","regulation of lipid catabolic process","5/221","71/28891",0.000216199129723533,0.0127406649934752,0.0110084256995091,"Fabp1/Acacb/Thra/Cidec/Apoc1",5
"GO:0052547","BP","GO:0052547","regulation of peptidase activity","12/221","457/28891",0.000227349502442567,0.0130932645270333,0.0113130852890081,"S100a8/Spink1/S100a9/Fam162a/Ctsl/Spink4/Fabp1/Spink6/Ltf/Lgmn/Slpi/Cdkn2d",12
"GO:0006633","BP","GO:0006633","fatty acid biosynthetic process","7/221","161/28891",0.000250982448399771,0.0141331005387782,0.0122115436882228,"Pla2g2a/Acot7/Gstp3/Acacb/Mgll/Elovl6/Apoc1",7
"GO:0095500","BP","GO:0095500","acetylcholine receptor signaling pathway","4/221","43/28891",0.000325427053853198,0.0179267859666088,0.0154894341422117,"Ly6c1/Ly6a/Ly6g/Ly6e",4
"GO:0071456","BP","GO:0071456","cellular response to hypoxia","6/221","121/28891",0.000346213461787506,0.0185914470549565,0.0160637269448384,"Ak4/Fam162a/P4hb/Fabp1/Acaa2/Hif3a",6
"GO:0050727","BP","GO:0050727","regulation of inflammatory response","11/221","411/28891",0.000352166321482996,0.0185914470549565,0.0160637269448384,"Reg3b/Pglyrp1/Reg3g/S100a8/Socs3/S100a9/Gsdmd/Fabp4/Cd81/Mgll/Smpdl3b",11
"GO:1905145","BP","GO:1905145","cellular response to acetylcholine","4/221","45/28891",0.000388228214973206,0.0194196675956967,0.016779341419453,"Ly6c1/Ly6a/Ly6g/Ly6e",4
"GO:0032102","BP","GO:0032102","negative regulation of response to external stimulus","12/221","485/28891",0.000388566955458999,0.0194196675956967,0.016779341419453,"Reg3b/Pglyrp1/Reg3g/Socs3/Arg2/Nucb2/Plat/Ltf/Adtrp/Sema6b/Pyy/Smpdl3b",12
"GO:0006525","BP","GO:0006525","arginine metabolic process","3/221","19/28891",0.000390845717198316,0.0194196675956967,0.016779341419453,"Arg2/Nos2/Nags",3
"GO:0019369","BP","GO:0019369","arachidonic acid metabolic process","5/221","81/28891",0.000399953183532665,0.0194900262898418,0.0168401340434806,"Cyp2d9/Cyp2d12/Cyp2d10/Cyp2d22/Mgll",5
"GO:0006805","BP","GO:0006805","xenobiotic metabolic process","6/221","129/28891",0.000487164503800118,0.0224411405485655,0.019390010526738,"Cyp2d9/Gstt1/Cyp2d12/Cyp2d10/Gstp3/Cyp2d22",6
"GO:0006644","BP","GO:0006644","phospholipid metabolic process","10/221","360/28891",0.000488023201302867,0.0224411405485655,0.019390010526738,"Prdx6/Pla2g2a/Socs3/Gdpd1/Hmgcs2/Mboat2/Socs1/Apoc1/Gde1/Smpdl3b",10
"GO:1905144","BP","GO:1905144","response to acetylcholine","4/221","48/28891",0.000498008130343108,0.0224411405485655,0.019390010526738,"Ly6c1/Ly6a/Ly6g/Ly6e",4
"GO:0045861","BP","GO:0045861","negative regulation of proteolysis","10/221","362/28891",0.000509438512516073,0.0224411405485655,0.019390010526738,"Spink1/Ctsz/Spink4/Fabp1/Plat/Spink6/Ltf/Alad/Slpi/Cdkn2d",10
"GO:0010563","BP","GO:0010563","negative regulation of phosphorus metabolic process","11/221","430/28891",0.000513648836549645,0.0224411405485655,0.019390010526738,"Spink1/Socs3/Gadd45b/Fabp4/Gstp3/Gadd45g/Socs1/Apoc1/Fbln1/Hspb1/Cdkn2d",11
"GO:0045936","BP","GO:0045936","negative regulation of phosphate metabolic process","11/221","430/28891",0.000513648836549645,0.0224411405485655,0.019390010526738,"Spink1/Socs3/Gadd45b/Fabp4/Gstp3/Gadd45g/Socs1/Apoc1/Fbln1/Hspb1/Cdkn2d",11
"GO:0006637","BP","GO:0006637","acyl-CoA metabolic process","5/221","88/28891",0.000585676194432688,0.0247350579448739,0.0213720435863156,"Hmgcs2/Acaa2/Acot7/Acacb/Acot2",5
"GO:0035383","BP","GO:0035383","thioester metabolic process","5/221","88/28891",0.000585676194432688,0.0247350579448739,0.0213720435863156,"Hmgcs2/Acaa2/Acot7/Acacb/Acot2",5
"GO:0042060","BP","GO:0042060","wound healing","10/221","370/28891",0.000603056901628107,0.0250515768643545,0.0216455281343652,"Lrg1/Reg3g/Plet1/S100a9/B4galt1/Hgfac/Plat/Adtrp/Fbln1/Cnn2",10
"GO:0018198","BP","GO:0018198","peptidyl-cysteine modification","4/221","51/28891",0.000628250683765492,0.025220523136038,0.0217915042258792,"S100a8/S100a9/Nos2/Ace",4
"GO:0042326","BP","GO:0042326","negative regulation of phosphorylation","10/221","372/28891",0.00062856126881781,0.025220523136038,0.0217915042258792,"Spink1/Socs3/Gadd45b/Fabp4/Gstp3/Gadd45g/Socs1/Fbln1/Hspb1/Cdkn2d",10
"GO:0006643","BP","GO:0006643","membrane lipid metabolic process","7/221","188/28891",0.000636982431218007,0.025220523136038,0.0217915042258792,"Neu1/Cers4/St8sia5/St8sia1/Elovl6/Sccpdh/Smpdl3b",7
"GO:0009311","BP","GO:0009311","oligosaccharide metabolic process","4/221","52/28891",0.000676559238660755,0.0263754017040977,0.0227893638285728,"Neu1/B4galt1/St8sia5/St8sia1",4
"GO:0046486","BP","GO:0046486","glycerolipid metabolic process","10/221","380/28891",0.000739670226044707,0.0281479887700362,0.0243209473857331,"Prdx6/Pla2g2a/Socs3/Gdpd1/Mboat2/Mgll/Cidec/Socs1/Apoc1/Mttp",10
"GO:0019731","BP","GO:0019731","antibacterial humoral response","6/221","140/28891",0.000749656440701322,0.0281479887700362,0.0243209473857331,"Igha/Dmbt1/Trf/Ltf/Mmp7/Slpi",6
"GO:0007162","BP","GO:0007162","negative regulation of cell adhesion","9/221","315/28891",0.000761389965052025,0.0281479887700362,0.0243209473857331,"Plet1/Arg2/Muc1/Adtrp/Socs1/Gcnt2/Fbln1/Hspb1/B4galnt2",9
"GO:2001242","BP","GO:2001242","regulation of intrinsic apoptotic signaling pathway","7/221","194/28891",0.00076646062554558,0.0281479887700362,0.0243209473857331,"S100a8/S100a9/P4hb/Muc1/Grina/Hspb1/Cdkn2d",7
"GO:0035634","BP","GO:0035634","response to stilbenoid","3/221","24/28891",0.000793681728870258,0.0283266126895385,0.0244752853380302,"Saa3/Saa2/Ly6d",3
"GO:0042759","BP","GO:0042759","long-chain fatty acid biosynthetic process","3/221","24/28891",0.000793681728870258,0.0283266126895385,0.0244752853380302,"Acot7/Gstp3/Elovl6",3
"GO:0015850","BP","GO:0015850","organic hydroxy compound transport","9/221","318/28891",0.000814006214109578,0.0286484964799121,0.0247534053413439,"Ly6e/Slc51b/Slc10a2/Naxe/Tgm2/Nucb2/Selenom/Slc16a3/Apoc1",9
"GO:0072593","BP","GO:0072593","reactive oxygen species metabolic process","8/221","257/28891",0.000859170476334647,0.0293593012963061,0.0253675681038162,"Prdx6/Lcn2/Dcxr/Arg2/Cd177/Ddit4/Nos2/Gpx3",8
"GO:0006665","BP","GO:0006665","sphingolipid metabolic process","6/221","144/28891",0.000868266285235376,0.0293593012963061,0.0253675681038162,"Neu1/Cers4/St8sia5/St8sia1/Elovl6/Smpdl3b",6
"GO:0006486","BP","GO:0006486","protein glycosylation","7/221","199/28891",0.000889538885648791,0.0293593012963061,0.0253675681038162,"B4galt1/Slc51b/St8sia5/St8sia1/Gcnt2/B4galnt2/Ces2a",7
"GO:0043413","BP","GO:0043413","macromolecule glycosylation","7/221","199/28891",0.000889538885648791,0.0293593012963061,0.0253675681038162,"B4galt1/Slc51b/St8sia5/St8sia1/Gcnt2/B4galnt2/Ces2a",7
"GO:0009991","BP","GO:0009991","response to extracellular stimulus","11/221","460/28891",0.000892133464804881,0.0293593012963061,0.0253675681038162,"Slc39a4/Tfrc/Gsdmd/Bglap3/Nucb2/Gdf15/Acacb/Alad/Tmigd1/Pyy/Cdkn2d",11
"GO:0036294","BP","GO:0036294","cellular response to decreased oxygen levels","6/221","146/28891",0.00093274222640078,0.0303021641243535,0.026182237934057,"Ak4/Fam162a/P4hb/Fabp1/Acaa2/Hif3a",6
"GO:0009395","BP","GO:0009395","phospholipid catabolic process","4/221","57/28891",0.000958183769061951,0.0307346540607973,0.0265559259113772,"Prdx6/Gdpd1/Apoc1/Smpdl3b",4
"GO:1902075","BP","GO:1902075","cellular response to salt","7/221","202/28891",0.00097054752304326,0.0307420927923953,0.0265623532622366,"Ly6c1/Ly6a/Ly6g/Ly6e/Fabp4/Tgm2/Lgmn",7
"GO:0098743","BP","GO:0098743","cell aggregation","3/221","26/28891",0.00100813154064134,0.0315383373331502,0.0272503392402078,"Ltf/Thra/Tmigd1",3
"GO:0050900","BP","GO:0050900","leukocyte migration","10/221","398/28891",0.00104964039795415,0.0324364483953148,0.0280263418195716,"S100a8/S100a9/B4galt1/Cd177/Cd81/Lgmn/Adtrp/Cxcl5/Cnn2/Cxcl2",10
"GO:0016485","BP","GO:0016485","protein processing","8/221","266/28891",0.00107156649265993,0.0327150541253043,0.0282670679103696,"Ctsz/P4hb/Hgfac/Plat/Lgmn/Ace/Srgn/Enpep",8
"GO:0120162","BP","GO:0120162","positive regulation of cold-induced thermogenesis","5/221","101/28891",0.00109302225963653,0.0329728381657019,0.0284898032586964,"Lcn2/Fabp4/Gadd45g/Thra/Elovl6",5
"GO:0006826","BP","GO:0006826","iron ion transport","4/221","60/28891",0.00116193322042383,0.0346392797712235,0.0299296730462115,"Lcn2/Tfrc/Trf/Ltf",4
"GO:0098926","BP","GO:0098926","postsynaptic signal transduction","4/221","61/28891",0.00123609718766858,0.036421747366886,0.0314697937619419,"Ly6c1/Ly6a/Ly6g/Ly6e",4
"GO:0141060","BP","GO:0141060","disruption of anatomical structure in another organism","6/221","156/28891",0.00131219723587101,0.0382196298355994,0.0330232335222227,"Reg3b/Pglyrp1/Reg3g/Nos2/Ltf/Cxcl5",6
"GO:0001933","BP","GO:0001933","negative regulation of protein phosphorylation","9/221","342/28891",0.00135066500106577,0.0388930126443258,0.0336050622274738,"Spink1/Socs3/Gadd45b/Fabp4/Gstp3/Gadd45g/Socs1/Fbln1/Hspb1",9
"GO:0034755","BP","GO:0034755","iron ion transmembrane transport","3/221","29/28891",0.0013930962071718,0.0396641099884645,0.034271320058159,"Lcn2/Trf/Ltf",3
"GO:0006749","BP","GO:0006749","glutathione metabolic process","4/221","64/28891",0.00147838256547554,0.0416246824546113,0.035965330247826,"Gstt2/Gstt1/Gstp3/Gpx3",4
"GO:0071453","BP","GO:0071453","cellular response to oxygen levels","6/221","162/28891",0.00159055176388431,0.0442907491173939,0.0382689146197729,"Ak4/Fam162a/P4hb/Fabp1/Acaa2/Hif3a",6
"GO:0046631","BP","GO:0046631","alpha-beta T cell activation","7/221","221/28891",0.00162764004197781,0.0448308681127368,0.0387355982530189,"Arg2/Ctsl/Cd81/Zbtb16/Gadd45g/Socs1/Cd1d1",7
"GO:0050995","BP","GO:0050995","negative regulation of lipid catabolic process","3/221","31/28891",0.00169456896423782,0.046172448982566,0.0398947758417054,"Acacb/Cidec/Apoc1",3
"GO:0046503","BP","GO:0046503","glycerolipid catabolic process","4/221","67/28891",0.00175192656925355,0.0470750001725717,0.0406746148626882,"Prdx6/Gdpd1/Mgll/Apoc1",4
"GO:0051346","BP","GO:0051346","negative regulation of hydrolase activity","9/221","356/28891",0.00177658284694737,0.0470750001725717,0.0406746148626882,"Spink1/Spink4/Fabp1/Gchfr/Spink6/Ltf/Slpi/Apoc1/Cdkn2d",9
"GO:0015908","BP","GO:0015908","fatty acid transport","5/221","113/28891",0.00179918541418518,0.0470750001725717,0.0406746148626882,"Fabp1/Fabp4/Rbp2/Nos2/Ace",5
"GO:0070085","BP","GO:0070085","glycosylation","7/221","225/28891",0.00180200276903688,0.0470750001725717,0.0406746148626882,"B4galt1/Slc51b/St8sia5/St8sia1/Gcnt2/B4galnt2/Ces2a",7
"GO:0072330","BP","GO:0072330","monocarboxylic acid biosynthetic process","7/221","227/28891",0.00189445077392509,0.048985084297206,0.0423250011789924,"Pla2g2a/Acot7/Gstp3/Acacb/Mgll/Elovl6/Apoc1",7
"GO:0052548","BP","GO:0052548","regulation of endopeptidase activity","9/221","360/28891",0.00191621962591938,0.0490474801220174,0.0423789135769518,"S100a8/Spink1/S100a9/Fam162a/Fabp1/Spink6/Ltf/Lgmn/Cdkn2d",9
"GO:0031526","CC","GO:0031526","brush border membrane","10/224","82/28573",9.37265474857294e-10,2.19320121116607e-07,1.87453094971459e-07,"B4galt1/Cdhr5/Car4/Trpm6/Slc26a3/Slc7a9/Abcg2/Mttp/Ace/Enpep",10
"GO:0005903","CC","GO:0005903","brush border","12/224","149/28573",2.47684591443445e-09,2.89790971988831e-07,2.47684591443445e-07,"Dcxr/B4galt1/Cdhr5/Car4/Trpm6/Slc26a3/Prom1/Slc7a9/Abcg2/Mttp/Ace/Enpep",12
"GO:0098862","CC","GO:0098862","cluster of actin-based cell projections","12/224","211/28573",1.20626884227007e-07,9.40889696970655e-06,8.04179228180047e-06,"Dcxr/B4galt1/Cdhr5/Car4/Trpm6/Slc26a3/Prom1/Slc7a9/Abcg2/Mttp/Ace/Enpep",12
"GO:0034364","CC","GO:0034364","high-density lipoprotein particle","6/224","35/28573",2.91402481109407e-07,1.43149576461579e-05,1.22350065351777e-05,"Saa3/Saa1/Saa4/Hp/Saa2/Apoc1",6
"GO:0016324","CC","GO:0016324","apical plasma membrane","16/224","427/28573",3.05875163379442e-07,1.43149576461579e-05,1.22350065351777e-05,"Slc39a4/Plet1/Cdhr5/Car4/Trpm6/Slc10a2/Slc26a3/Prom1/Cd81/Slc7a9/Muc1/Trf/Slc16a3/Abcg2/Rab17/Enpep",16
"GO:0034358","CC","GO:0034358","plasma lipoprotein particle","6/224","43/28573",1.03870021665307e-06,3.47222643852597e-05,2.96771490472305e-05,"Saa3/Saa1/Saa4/Hp/Saa2/Apoc1",6
"GO:1990777","CC","GO:1990777","lipoprotein particle","6/224","43/28573",1.03870021665307e-06,3.47222643852597e-05,2.96771490472305e-05,"Saa3/Saa1/Saa4/Hp/Saa2/Apoc1",6
"GO:0032994","CC","GO:0032994","protein-lipid complex","6/224","46/28573",1.56491504435401e-06,4.57737650473548e-05,3.91228761088502e-05,"Saa3/Saa1/Saa4/Hp/Saa2/Apoc1",6
"GO:0070062","CC","GO:0070062","extracellular exosome","7/224","104/28573",1.84758587318034e-05,0.000480372327026888,0.000410574638484519,"Tfrc/Car4/Prom1/Cd81/Muc1/Acy1/Ace",7
"GO:1903561","CC","GO:1903561","extracellular vesicle","7/224","118/28573",4.17998717843613e-05,0.000978116999754055,0.000835997435687227,"Tfrc/Car4/Prom1/Cd81/Muc1/Acy1/Ace",7
"GO:0042588","CC","GO:0042588","zymogen granule","4/224","26/28573",4.80074452075492e-05,0.00102124928896059,0.000872862640137258,"Reg3b/Dmbt1/Srgn/Slc30a2",4
"GO:0031253","CC","GO:0031253","cell projection membrane","11/224","327/28573",5.97825231617564e-05,0.00111577787519272,0.000953656303583522,"B4galt1/Cdhr5/Car4/Trpm6/Slc26a3/Prom1/Slc7a9/Abcg2/Mttp/Ace/Enpep",11
"GO:0043230","CC","GO:0043230","extracellular organelle","7/224","127/28573",6.67559412508466e-05,0.00111577787519272,0.000953656303583522,"Tfrc/Car4/Prom1/Cd81/Muc1/Acy1/Ace",7
"GO:0065010","CC","GO:0065010","extracellular membrane-bounded organelle","7/224","127/28573",6.67559412508466e-05,0.00111577787519272,0.000953656303583522,"Tfrc/Car4/Prom1/Cd81/Muc1/Acy1/Ace",7
"GO:0062023","CC","GO:0062023","collagen-containing extracellular matrix","12/224","396/28573",7.54707799973915e-05,0.00117734416795931,0.00100627706663189,"Reg3b/Reg3g/Dmbt1/Ctsz/Ctsl/Tgm2/Muc1/Trf/Adamtsl5/Fbln1/Dcn/Mfge8",12
"GO:0005902","CC","GO:0005902","microvillus","6/224","107/28573",0.000202978700820458,0.0029685634994992,0.00253723376025572,"Dcxr/Cdhr5/Slc10a2/Ctsl/Prom1/Mttp",6
"GO:0005793","CC","GO:0005793","endoplasmic reticulum-Golgi intermediate compartment","5/224","81/28573",0.000447142507654303,0.00615478510535923,0.00526050009005062,"P4hb/Car4/Prom1/Nucb2/Nat8f4",5
"GO:0030141","CC","GO:0030141","secretory granule","12/224","498/28573",0.000609886157263154,0.00792852004442101,0.0067765128584795,"Reg3b/Reg3g/Dmbt1/Pla2g2a/Cd177/Car4/Ctsl/Plat/Ltf/Srgn/Chgb/Slc30a2",12
"GO:0009925","CC","GO:0009925","basal plasma membrane","9/224","301/28573",0.00065632531853769,0.00808316444935892,0.00690868756355463,"Tfrc/B4galt1/Slc51b/Cd81/Trf/Slc16a3/Mttp/Ace/Rab17",9
"GO:0045178","CC","GO:0045178","basal part of cell","9/224","325/28573",0.00112493451956628,0.0131617338789255,0.0112493451956628,"Tfrc/B4galt1/Slc51b/Cd81/Trf/Slc16a3/Mttp/Ace/Rab17",9
"GO:0052689","MF","GO:0052689","carboxylic ester hydrolase activity","14/217","167/28407",4.64760544402468e-11,2.06353681714696e-08,1.47255709331729e-08,"Prdx6/Pla2g2a/Ces2c/Ces2e/Gdpd1/Acot7/Car1/Ces2f/Mgll/Acot2/Gde1/Ces2b/Ces2a/H6pd",14
"GO:0016209","MF","GO:0016209","antioxidant activity","9/217","89/28407",2.8093319026643e-08,6.23671682391475e-06,4.45057317211555e-06,"Prdx6/S100a8/S100a9/Gstt2/Gstt1/Fabp1/Gstp3/Hp/Gpx3",9
"GO:0106435","MF","GO:0106435","carboxylesterase activity","5/217","22/28407",5.88404899641771e-07,8.70839251469821e-05,6.2143815716552e-05,"Ces2c/Ces2e/Ces2f/Ces2b/Ces2a",5
"GO:0050253","MF","GO:0050253","retinyl-palmitate esterase activity","4/217","12/28407",1.56268274241277e-06,0.000138632785230663,9.89295124571588e-05,"Ces2c/Ces2e/Ces2f/Ces2a",4
"GO:0004602","MF","GO:0004602","glutathione peroxidase activity","5/217","27/28407",1.74857461823948e-06,0.000138632785230663,9.89295124571588e-05,"Prdx6/Gstt2/Gstt1/Gstp3/Gpx3",5
"GO:0062187","MF","GO:0062187","anandamide 8,9 epoxidase activity","4/217","13/28407",2.24369079322903e-06,0.000138632785230663,9.89295124571588e-05,"Cyp2d9/Cyp2d12/Cyp2d10/Cyp2d22",4
"GO:0062188","MF","GO:0062188","anandamide 11,12 epoxidase activity","4/217","13/28407",2.24369079322903e-06,0.000138632785230663,9.89295124571588e-05,"Cyp2d9/Cyp2d12/Cyp2d10/Cyp2d22",4
"GO:0030550","MF","GO:0030550","acetylcholine receptor inhibitor activity","4/217","14/28407",3.12236002771764e-06,0.000138632785230663,9.89295124571588e-05,"Ly6c1/Ly6a/Ly6g/Ly6e",4
"GO:0062186","MF","GO:0062186","anandamide epoxidase activity","4/217","14/28407",3.12236002771764e-06,0.000138632785230663,9.89295124571588e-05,"Cyp2d9/Cyp2d12/Cyp2d10/Cyp2d22",4
"GO:0062189","MF","GO:0062189","anandamide 14,15 epoxidase activity","4/217","14/28407",3.12236002771764e-06,0.000138632785230663,9.89295124571588e-05,"Cyp2d9/Cyp2d12/Cyp2d10/Cyp2d22",4
"GO:0005539","MF","GO:0005539","glycosaminoglycan binding","10/217","243/28407",1.92238589426625e-05,0.000775944851867468,0.000553720721697743,"Reg3b/Pglyrp1/Reg3g/Dmbt1/Saa1/Ltf/Adamtsl5/Mmp7/Dcn/Reg4",10
"GO:0033130","MF","GO:0033130","acetylcholine receptor binding","4/217","22/28407",2.17480378875109e-05,0.000804677401837903,0.000574224509135156,"Ly6c1/Ly6a/Ly6g/Ly6e",4
"GO:0031406","MF","GO:0031406","carboxylic acid binding","9/217","218/28407",4.9062609741697e-05,0.00149888059150354,0.00106961369853619,"Dmbt1/Fabp1/Fabp4/Rbp2/Gstp3/Nos2/Gchfr/Acacb/Apoc1",9
"GO:0030548","MF","GO:0030548","acetylcholine receptor regulator activity","4/217","27/28407",5.06378578210656e-05,0.00149888059150354,0.00106961369853619,"Ly6c1/Ly6a/Ly6g/Ly6e",4
"GO:0099602","MF","GO:0099602","neurotransmitter receptor regulator activity","4/217","27/28407",5.06378578210656e-05,0.00149888059150354,0.00106961369853619,"Ly6c1/Ly6a/Ly6g/Ly6e",4
"GO:0016709","MF","GO:0016709","oxidoreductase activity, acting on paired donors, with incorporation or reduction of molecular oxygen, NAD(P)H as one donor, and incorporation of one atom of oxygen","5/217","55/28407",6.33304253770305e-05,0.0017574193042126,0.00125410908147935,"Cyp2d9/Cyp2d12/Cyp2d10/Nos2/Cyp2d22",5
"GO:0033293","MF","GO:0033293","monocarboxylic acid binding","6/217","90/28407",6.76661374950608e-05,0.00176728029692982,0.0012611459681742,"Fabp1/Fabp4/Rbp2/Gstp3/Acacb/Apoc1",6
"GO:0043177","MF","GO:0043177","organic acid binding","9/217","234/28407",8.45467715084667e-05,0.00208548703054218,0.00148822094877476,"Dmbt1/Fabp1/Fabp4/Rbp2/Gstp3/Nos2/Gchfr/Acacb/Apoc1",9
"GO:0004601","MF","GO:0004601","peroxidase activity","5/217","61/28407",0.00010435575371683,0.00243862919211961,0.0017402261423139,"Prdx6/Gstt2/Gstt1/Gstp3/Gpx3",5
"GO:0005504","MF","GO:0005504","fatty acid binding","5/217","62/28407",0.000112809868466676,0.00244571588219513,0.00174528326349154,"Fabp1/Fabp4/Rbp2/Gstp3/Apoc1",5
"GO:1901681","MF","GO:1901681","sulfur compound binding","10/217","301/28407",0.000115675751184905,0.00244571588219513,0.00174528326349154,"Dmbt1/Saa1/Acot7/Gstp3/Trf/Ltf/Acacb/Adamtsl5/Mmp7/Reg4",10
"GO:0016684","MF","GO:0016684","oxidoreductase activity, acting on peroxide as acceptor","5/217","63/28407",0.000121779434245447,0.00245773040022629,0.00175385692382199,"Prdx6/Gstt2/Gstt1/Gstp3/Gpx3",5
"GO:0050839","MF","GO:0050839","cell adhesion molecule binding","10/217","306/28407",0.000132305545833726,0.00255407227609453,0.00182260729043256,"Cdhr5/Cd177/P4hb/Prom1/Cd81/Nos2/Tmigd1/Fbln1/Mfge8/Cd1d1",10
"GO:0030547","MF","GO:0030547","signaling receptor inhibitor activity","4/217","35/28407",0.000144018139077761,0.00258091112002547,0.00184175971343686,"Ly6c1/Ly6a/Ly6g/Ly6e",4
"GO:0004175","MF","GO:0004175","endopeptidase activity","12/217","436/28407",0.000145321572073506,0.00258091112002547,0.00184175971343686,"Ctsz/Prss30/Ctsl/Hgfac/Plat/Hp/Cfd/Ltf/Lgmn/Prss27/Mmp7/Ace",12
"GO:0102991","MF","GO:0102991","myristoyl-CoA hydrolase activity","3/217","15/28407",0.000186921232955817,0.00319203951663011,0.00227786603723486,"Acaa2/Acot7/Acot2",3
"GO:0008236","MF","GO:0008236","serine-type peptidase activity","8/217","211/28407",0.000230770601871707,0.00379489434189029,0.00270806827147695,"Prss30/Hgfac/Plat/Hp/Cfd/Ltf/Prss27/Ace",8
"GO:0017171","MF","GO:0017171","serine hydrolase activity","8/217","216/28407",0.000270299888517614,0.0042861839464936,0.00305865663322563,"Prss30/Hgfac/Plat/Hp/Cfd/Ltf/Prss27/Ace",8
"GO:0016290","MF","GO:0016290","palmitoyl-CoA hydrolase activity","3/217","18/28407",0.000329600981168397,0.00503555901563653,0.00359341693624133,"Acaa2/Acot7/Acot2",3
"GO:0004857","MF","GO:0004857","enzyme inhibitor activity","11/217","410/28407",0.000340240474029495,0.00503555901563653,0.00359341693624133,"Spink1/Socs3/Spink4/Gchfr/Spink6/Ltf/Socs1/Slpi/Apoc1/Hspb1/Cdkn2d",11
"GO:0042834","MF","GO:0042834","peptidoglycan binding","3/217","19/28407",0.000389201267317608,0.00552100351940229,0.00393983418525389,"Reg3b/Pglyrp1/Reg3g",3
"GO:0046943","MF","GO:0046943","carboxylic acid transmembrane transporter activity","7/217","174/28407",0.000397910163560526,0.00552100351940229,0.00393983418525389,"Slc51b/Slc25a1/Slc10a2/Slc26a3/Slc7a9/Slc16a3/Abcg2",7
"GO:0005342","MF","GO:0005342","organic acid transmembrane transporter activity","7/217","175/28407",0.00041184549831493,0.00554119397732815,0.00395424226452293,"Slc51b/Slc25a1/Slc10a2/Slc26a3/Slc7a9/Slc16a3/Abcg2",7
"GO:0016298","MF","GO:0016298","lipase activity","6/217","127/28407",0.000444749952702412,0.00568561756844187,0.0040573041443836,"Prdx6/Pla2g2a/Gdpd1/Mgll/Gde1/Smpdl3b",6
"GO:0016747","MF","GO:0016747","acyltransferase activity, transferring groups other than amino-acyl groups","8/217","233/28407",0.000448190574088886,0.00568561756844187,0.0040573041443836,"Prdx6/Cers4/Acaa2/Tgm2/Mboat2/Elovl6/Nat8f4/Nags",8
"GO:0099106","MF","GO:0099106","ion channel regulator activity","6/217","136/28407",0.000638863005162047,0.00787931039699858,0.00562274165361919,"Fxyd4/Lrg1/Sgk1/Prss30/Fxyd3/Sgk2",6
"GO:0008514","MF","GO:0008514","organic anion transmembrane transporter activity","8/217","250/28407",0.000711247295767216,0.00853496754920659,0.00609062406901656,"Slc39a4/Slc51b/Slc25a1/Slc10a2/Slc26a3/Slc7a9/Slc16a3/Abcg2",8
"GO:0004252","MF","GO:0004252","serine-type endopeptidase activity","7/217","194/28407",0.000759538782132091,0.00887461103333285,0.00633299649367755,"Prss30/Hgfac/Plat/Hp/Cfd/Ltf/Prss27",7
"GO:0004620","MF","GO:0004620","phospholipase activity","5/217","96/28407",0.000864027731073451,0.00983662339991313,0.00701949654664261,"Prdx6/Pla2g2a/Gdpd1/Gde1/Smpdl3b",5
"GO:0016247","MF","GO:0016247","channel regulator activity","6/217","145/28407",0.00089300235420059,0.00991232613162655,0.00707351864774678,"Fxyd4/Lrg1/Sgk1/Prss30/Fxyd3/Sgk2",6
"GO:0016616","MF","GO:0016616","oxidoreductase activity, acting on the CH-OH group of donors, NAD or NADP as acceptor","6/217","149/28407",0.00102821255767992,0.0111347896490216,0.00794587881544688,"Dcxr/Akr1b8/Cbr2/Adh1/Akr1b7/H6pd",6
"GO:0047617","MF","GO:0047617","acyl-CoA hydrolase activity","3/217","29/28407",0.00138736019309257,0.0143493906175343,0.0102398448930247,"Acaa2/Acot7/Acot2",3
"GO:0016614","MF","GO:0016614","oxidoreductase activity, acting on CH-OH group of donors","6/217","158/28407",0.00138969323548193,0.0143493906175343,0.0102398448930247,"Dcxr/Akr1b8/Cbr2/Adh1/Akr1b7/H6pd",6
"GO:0016289","MF","GO:0016289","CoA hydrolase activity","3/217","30/28407",0.00153288177452399,0.015468170633833,0.0110382156490843,"Acaa2/Acot7/Acot2",3
"GO:0004364","MF","GO:0004364","glutathione transferase activity","3/217","32/28407",0.00185178637843564,0.0182709589338984,0.0130383087698042,"Gstt2/Gstt1/Gstp3",3
"GO:0008028","MF","GO:0008028","monocarboxylic acid transmembrane transporter activity","4/217","69/28407",0.00194226153483903,0.018747046118881,0.0133780485580445,"Slc51b/Slc10a2/Slc16a3/Abcg2",4
"GO:0005506","MF","GO:0005506","iron ion binding","6/217","174/28407",0.00226253720678836,0.021373755740724,0.0152524904645755,"Lcn2/Cyp2d9/Cyp2d10/Trf/Ltf/Ppef1",6
"GO:0019210","MF","GO:0019210","kinase inhibitor activity","4/217","73/28407",0.00238810090907477,0.0220899334089416,0.0157635608252523,"Socs3/Socs1/Hspb1/Cdkn2d",4
"GO:0004090","MF","GO:0004090","carbonyl reductase (NADPH) activity","2/217","10/28407",0.00251045196289962,0.0227477688066823,0.0162329976548397,"Dcxr/Cbr2",2
"GO:0017080","MF","GO:0017080","sodium channel regulator activity","3/217","36/28407",0.0026065821740293,0.0231464497053802,0.0165174996712173,"Fxyd4/Prss30/Fxyd3",3
"GO:0005319","MF","GO:0005319","lipid transporter activity","6/217","181/28407",0.00275312445436379,0.0239683776026965,0.0171040342778844,"Slc51b/Slc10a2/Fabp1/Fabp4/Cidec/Mttp",6
"GO:1990459","MF","GO:1990459","transferrin receptor binding","2/217","11/28407",0.00305292277105274,0.0260672636605272,0.0186018168843497,"Cd81/Trf",2
"GO:0016712","MF","GO:0016712","oxidoreductase activity, acting on paired donors, with incorporation or reduction of molecular oxygen, reduced flavin or flavoprotein as one donor, and incorporation of one atom of oxygen","4/217","80/28407",0.00332936014781804,0.0278912435024756,0.0199034241210175,"Cyp2d9/Cyp2d12/Cyp2d10/Cyp2d22",4
"GO:0046915","MF","GO:0046915","transition metal ion transmembrane transporter activity","3/217","40/28407",0.00352702610239281,0.028999992397452,0.0206946365851898,"Slc39a4/Tfrc/Slc30a2",3
"GO:0016811","MF","GO:0016811","hydrolase activity, acting on carbon-nitrogen (but not peptide) bonds, in linear amides","4/217","83/28407",0.00380039138689694,0.0306795231960407,0.0218931637790618,"Pglyrp1/Tgm2/Aspa/Acy1",4
"GO:0008081","MF","GO:0008081","phosphoric diester hydrolase activity","4/217","86/28407",0.0043146449313948,0.0337464944180492,0.0240817800375363,"Gdpd1/Gdpd2/Gde1/Smpdl3b",4
"GO:0004180","MF","GO:0004180","carboxypeptidase activity","3/217","43/28407",0.00433232022934415,0.0337464944180492,0.0240817800375363,"Ctsz/Ctsl/Ace",3
"GO:0016810","MF","GO:0016810","hydrolase activity, acting on carbon-nitrogen (but not peptide) bonds","5/217","141/28407",0.00463887967542897,0.0353322022439517,0.0252133543751291,"Pglyrp1/Arg2/Tgm2/Aspa/Acy1",5
"GO:0061134","MF","GO:0061134","peptidase regulator activity","7/217","268/28407",0.00469504489277737,0.0353322022439517,0.0252133543751291,"Spink1/Ctsl/Spink4/Spink6/Ltf/Slpi/Fbln1",7
"GO:0043178","MF","GO:0043178","alcohol binding","4/217","89/28407",0.00487388834844269,0.0360667737784759,0.0257375507523026,"Adh1/Prom1/Cd81/Rbp2",4
"GO:0052650","MF","GO:0052650","NADP-retinol dehydrogenase activity","2/217","14/28407",0.00497558114181035,0.0362157053600623,0.0258438295717846,"Akr1b8/Akr1b7",2
"GO:0050661","MF","GO:0050661","NADP binding","3/217","47/28407",0.00556661624937346,0.039019389762831,0.0278445621588718,"Akr1b8/Nos2/H6pd",3
"GO:0004089","MF","GO:0004089","carbonate dehydratase activity","2/217","15/28407",0.0057122980508649,0.039019389762831,0.0278445621588718,"Car4/Car1",2
"GO:0045236","MF","GO:0045236","CXCR chemokine receptor binding","2/217","15/28407",0.0057122980508649,0.039019389762831,0.0278445621588718,"Cxcl5/Cxcl2",2
"GO:0046935","MF","GO:0046935","1-phosphatidylinositol-3-kinase regulator activity","2/217","15/28407",0.0057122980508649,0.039019389762831,0.0278445621588718,"Socs3/Socs1",2
"GO:0016790","MF","GO:0016790","thiolester hydrolase activity","3/217","48/28407",0.00590470684901257,0.0397225733479027,0.0283463598333777,"Acaa2/Acot7/Acot2",3
"GO:0004497","MF","GO:0004497","monooxygenase activity","5/217","153/28407",0.00652371202609982,0.0425796468517585,0.0303851913285427,"Cyp2d9/Cyp2d12/Cyp2d10/Nos2/Cyp2d22",5
"GO:0005178","MF","GO:0005178","integrin binding","5/217","153/28407",0.00652371202609982,0.0425796468517585,0.0303851913285427,"Cd177/P4hb/Cd81/Fbln1/Mfge8",5
"GO:0015459","MF","GO:0015459","potassium channel regulator activity","3/217","50/28407",0.00661710728101653,0.0425796468517585,0.0303851913285427,"Lrg1/Sgk1/Sgk2",3
"GO:0008238","MF","GO:0008238","exopeptidase activity","4/217","99/28407",0.00708460675446003,0.0440191946866115,0.0314124646767901,"Ctsz/Ctsl/Ace/Enpep",4
"GO:0015291","MF","GO:0015291","secondary active transmembrane transporter activity","7/217","290/28407",0.00713905116018569,0.0440191946866115,0.0314124646767901,"Slc39a4/Slc25a1/Slc10a2/Slc26a3/Slc7a9/Slc16a3/Slc30a2",7
"GO:0004303","MF","GO:0004303","estradiol 17-beta-dehydrogenase [NAD(P)] activity","2/217","17/28407",0.00732491890774159,0.0440191946866115,0.0314124646767901,"Akr1b8/Akr1b7",2
"GO:0005159","MF","GO:0005159","insulin-like growth factor receptor binding","2/217","17/28407",0.00732491890774159,0.0440191946866115,0.0314124646767901,"Creg1/Socs1",2
"GO:0016410","MF","GO:0016410","N-acyltransferase activity","4/217","100/28407",0.00733653244776859,0.0440191946866115,0.0314124646767901,"Cers4/Tgm2/Nat8f4/Nags",4
"GO:1901618","MF","GO:1901618","organic hydroxy compound transmembrane transporter activity","3/217","53/28407",0.00777779246431406,0.0460445313887392,0.0328577618492426,"Slc51b/Slc10a2/Slc16a3",3
"GO:0001758","MF","GO:0001758","retinal dehydrogenase activity","2/217","18/28407",0.00819933364856324,0.0466731299995138,0.0333063350636644,"Akr1b8/Akr1b7",2
"GO:0015355","MF","GO:0015355","secondary active monocarboxylate transmembrane transporter activity","2/217","18/28407",0.00819933364856324,0.0466731299995138,0.0333063350636644,"Slc10a2/Slc16a3",2
"GO:0016918","MF","GO:0016918","retinal binding","2/217","18/28407",0.00819933364856324,0.0466731299995138,0.0333063350636644,"Akr1b8/Rbp2",2
"GO:0016705","MF","GO:0016705","oxidoreductase activity, acting on paired donors, with incorporation or reduction of molecular oxygen","6/217","229/28407",0.00852145473665831,0.0475400558980922,0.0339249806195489,"P4hb/Cyp2d9/Cyp2d12/Cyp2d10/Nos2/Cyp2d22",6
"GO:1901682","MF","GO:1901682","sulfur compound transmembrane transporter activity","3/217","55/28407",0.00861406210586052,0.0475400558980922,0.0339249806195489,"Slc26a3/Slc7a9/Abcg2",3
"GO:0020037","MF","GO:0020037","heme binding","5/217","164/28407",0.00867284803546276,0.0475400558980922,0.0339249806195489,"Cyp2d9/Cyp2d12/Cyp2d10/Nos2/Cyp2d22",5
"GO:0016620","MF","GO:0016620","oxidoreductase activity, acting on the aldehyde or oxo group of donors, NAD or NADP as acceptor","3/217","56/28407",0.00905119482814762,0.047629043552873,0.0339884829526192,"Akr1b8/Aldh3b1/Akr1b7",3
"GO:0004550","MF","GO:0004550","nucleoside diphosphate kinase activity","2/217","19/28407",0.00911817275223921,0.047629043552873,0.0339884829526192,"Ak4/Nme7",2
"GO:0005324","MF","GO:0005324","long-chain fatty acid transporter activity","2/217","19/28407",0.00911817275223921,0.047629043552873,0.0339884829526192,"Fabp1/Fabp4",2
"GO:0070492","MF","GO:0070492","oligosaccharide binding","2/217","19/28407",0.00911817275223921,0.047629043552873,0.0339884829526192,"Reg3b/Reg3g",2
