"","ONTOLOGY","ID","Description","GeneRatio","BgRatio","pvalue","p.adjust","qvalue","geneID","Count"
"GO:0042742","BP","GO:0042742","defense response to bacterium","18/127","430/28891",6.65845802669247e-13,1.12061848589234e-09,9.58817955843715e-10,"Lypd8/Reg3b/Lgals4/Zg16/Dmbt1/Pla2g2a/Sprr2a3/Fpr2/Pglyrp1/Acp5/Lcn2/Cxcl13/Gpr15lg/Wfdc21/Wfdc2/Reg3g/Wfdc17/Slpi",18
"GO:0019730","BP","GO:0019730","antimicrobial humoral response","11/127","221/28891",4.18332231481248e-09,3.52026572791471e-06,3.01199206666499e-06,"Reg3b/Lgals4/Dmbt1/Pglyrp1/Cxcl13/S100a9/Wfdc21/Wfdc2/Reg3g/Wfdc17/Slpi",11
"GO:0032102","BP","GO:0032102","negative regulation of response to external stimulus","14/127","485/28891",3.21935194247557e-08,1.42341810074323e-05,1.21789784020811e-05,"Reg3b/Ceacam1/Cldn3/Tspan8/Fpr2/Gpx2/Pglyrp1/Acp5/Cxcl13/Pyy/Reg3g/Siglece/Gcg/Irak3",14
"GO:0006959","BP","GO:0006959","humoral immune response","12/127","337/28891",3.38304955613363e-08,1.42341810074323e-05,1.21789784020811e-05,"Reg3b/Lgals4/Dmbt1/Pglyrp1/Cxcl13/S100a9/Wfdc21/Wfdc2/Reg3g/Wfdc17/Slpi/Cd55",12
"GO:0050830","BP","GO:0050830","defense response to Gram-positive bacterium","9/127","203/28891",3.02970209251302e-07,0.000101979772433988,8.7255420264375e-05,"Reg3b/Zg16/Dmbt1/Pla2g2a/Sprr2a3/Pglyrp1/Acp5/Gpr15lg/Reg3g",9
"GO:0061844","BP","GO:0061844","antimicrobial humoral immune response mediated by antimicrobial peptide","7/127","151/28891",4.90207513442381e-06,0.00137503207520588,0.00117649803226171,"Reg3b/Lgals4/Dmbt1/Pglyrp1/Cxcl13/S100a9/Reg3g",7
"GO:0050728","BP","GO:0050728","negative regulation of inflammatory response","7/127","172/28891",1.15017084580471e-05,0.00276533933355619,0.00236606573994112,"Reg3b/Fpr2/Gpx2/Pglyrp1/Acp5/Reg3g/Siglece",7
"GO:0031348","BP","GO:0031348","negative regulation of defense response","9/127","330/28891",1.61507296115794e-05,0.00339770974203602,0.0029071313300843,"Reg3b/Ceacam1/Fpr2/Gpx2/Pglyrp1/Acp5/Reg3g/Siglece/Irak3",9
"GO:0052547","BP","GO:0052547","regulation of peptidase activity","10/127","457/28891",3.57798352214141e-05,0.00625342921265143,0.00535052766857877,"Spink4/Spink1/Cldn3/S100a8/Serpinb1a/S100a9/Serpinb6a/Wfdc2/Ecm1/Slpi",10
"GO:0019731","BP","GO:0019731","antibacterial humoral response","6/127","140/28891",3.71564421429081e-05,0.00625342921265143,0.00535052766857877,"Lgals4/Dmbt1/Wfdc21/Wfdc2/Wfdc17/Slpi",6
"GO:0006953","BP","GO:0006953","acute-phase response","4/127","44/28891",4.21838691312829e-05,0.00645413197708629,0.00552225195900431,"Saa1/Reg3b/Saa3/Reg3g",4
"GO:1903035","BP","GO:1903035","negative regulation of response to wounding","5/127","94/28891",6.08714071288199e-05,0.00853721484981699,0.00730456885545839,"Reg3b/Ceacam1/Cldn3/Tspan8/Reg3g",5
"GO:0050727","BP","GO:0050727","regulation of inflammatory response","9/127","411/28891",8.84187315151048e-05,0.0114468250107632,0.0097940748755193,"Reg3b/S100a8/Fpr2/Gpx2/Pglyrp1/Acp5/S100a9/Reg3g/Siglece",9
"GO:1903034","BP","GO:1903034","regulation of response to wounding","6/127","174/28891",0.000123924406207104,0.014897483974754,0.0127465103527307,"Reg3b/Ceacam1/Cldn3/Tspan8/S100a9/Reg3g",6
"GO:0010466","BP","GO:0010466","negative regulation of peptidase activity","7/127","257/28891",0.000146542486673781,0.0164420670047982,0.0140680787206829,"Spink4/Spink1/Serpinb1a/Serpinb6a/Wfdc2/Ecm1/Slpi",7
"GO:0051346","BP","GO:0051346","negative regulation of hydrolase activity","8/127","356/28891",0.000184518895853925,0.0193199264747226,0.0165304183740942,"Spink4/Spink1/Serpinb1a/Serpinb6a/Wfdc2/Ecm1/Ppp1r14d/Slpi",8
"GO:0050873","BP","GO:0050873","brown fat cell differentiation","4/127","65/28891",0.000195920453253402,0.0193199264747226,0.0165304183740942,"Selenbp1/Lrg1/Mrap/Arl4a",4
"GO:0045861","BP","GO:0045861","negative regulation of proteolysis","8/127","362/28891",0.000206630229676178,0.0193199264747226,0.0165304183740942,"Spink4/Spink1/Serpinb1a/Tm4sf20/Serpinb6a/Wfdc2/Ecm1/Slpi",8
"GO:0061041","BP","GO:0061041","regulation of wound healing","5/127","128/28891",0.000260496753666865,0.0230745282327017,0.0197429118568571,"Ceacam1/Cldn3/Tspan8/S100a9/Reg3g",5
"GO:0048771","BP","GO:0048771","tissue remodeling","6/127","215/28891",0.000387555219911303,0.0326127717555361,0.0279039758336138,"Ceacam1/Acp5/Cd38/Car2/Elf3/Mmp14",6
"GO:0032496","BP","GO:0032496","response to lipopolysaccharide","8/127","401/28891",0.000409588498251101,0.0328255925026954,0.0280860684515041,"S100a8/Acp5/Cxcl13/S100a9/Wfdc21/Slpi/Cd55/Irak3",8
"GO:0045453","BP","GO:0045453","bone resorption","4/127","81/28891",0.000456070824296562,0.034889418058687,0.0298519084994113,"Ceacam1/Acp5/Cd38/Car2",4
"GO:0002237","BP","GO:0002237","response to molecule of bacterial origin","8/127","421/28891",0.000564058250769595,0.0412743493932708,0.0353149513525312,"S100a8/Acp5/Cxcl13/S100a9/Wfdc21/Slpi/Cd55/Irak3",8
"GO:0060326","BP","GO:0060326","cell chemotaxis","7/127","331/28891",0.000672020545903997,0.0471055557086521,0.0403042187881515,"Agr2/Saa3/S100a8/Fpr2/Cxcl13/S100a9/Gpr15lg",7
"GO:0015711","BP","GO:0015711","organic anion transport","8/127","436/28891",0.000708417819439663,0.0471055557086521,0.0403042187881515,"Ceacam1/Car4/Slc26a3/Slc51b/Slc6a14/Fabp2/Fabp6/Stard10",8
"GO:0006730","BP","GO:0006730","one-carbon metabolic process","3/127","40/28891",0.000727715061452736,0.0471055557086521,0.0403042187881515,"Car4/Car1/Car2",3
"GO:0032692","BP","GO:0032692","negative regulation of interleukin-1 production","3/127","41/28891",0.000782656399648798,0.0487855822447751,0.0417416746479359,"Ceacam1/Serpinb1a/Acp5",3
"GO:0015833","BP","GO:0015833","peptide transport","7/127","343/28891",0.000827679024209226,0.0497494213480046,0.0425663498164745,"S100a8/Fam3d/Cd38/S100a9/Car2/Cdh17/Gcg",7
"GO:0016324","CC","GO:0016324","apical plasma membrane","11/132","427/28573",5.0060717618125e-06,0.000537979413469099,0.000410840831751428,"Epcam/Muc13/Ceacam1/Atp1b1/Car4/Muc17/Slc26a3/Cdhr5/Cd55/Plpp1/Slc6a14",11
"GO:0016327","CC","GO:0016327","apicolateral plasma membrane","4/132","27/28573",7.03241063358299e-06,0.000537979413469099,0.000410840831751428,"Krt8/Krt19/Cldn7/Cldn3",4
"GO:0030141","CC","GO:0030141","secretory granule","11/132","498/28573",2.10084199170173e-05,0.000870868296066167,0.000665059379864772,"Reg3b/Zg16/Dmbt1/Pla2g2a/Tff3/Sprr2a3/Car4/Klk1/Sycn/Reg3g/Gcg",11
"GO:0016328","CC","GO:0016328","lateral plasma membrane","5/132","73/28573",2.27677985899652e-05,0.000870868296066167,0.000665059379864772,"Epcam/Cldn7/Ceacam1/Atp1b1/Cldn3",5
"GO:0016323","CC","GO:0016323","basolateral plasma membrane","8/132","267/28573",3.55067726252826e-05,0.00102020482503953,0.000779103787955882,"Epcam/Cldn7/Ceacam1/Atp1b1/Cd38/Car2/Slc51b/Cdh17",8
"GO:0031526","CC","GO:0031526","brush border membrane","5/132","82/28573",4.00080323544912e-05,0.00102020482503953,0.000779103787955882,"Car4/Muc17/Slc26a3/Cdhr5/Slc6a14",5
"GO:0009925","CC","GO:0009925","basal plasma membrane","8/132","301/28573",8.22725241747555e-05,0.00179824231410537,0.00137327070427035,"Epcam/Cldn7/Ceacam1/Atp1b1/Cd38/Car2/Slc51b/Cdh17",8
"GO:0045178","CC","GO:0045178","basal part of cell","8/132","325/28573",0.000139574724104244,0.00241672566224483,0.00184559028902082,"Epcam/Cldn7/Ceacam1/Atp1b1/Cd38/Car2/Slc51b/Cdh17",8
"GO:0005902","CC","GO:0005902","microvillus","5/132","107/28573",0.000142160333073225,0.00241672566224483,0.00184559028902082,"Muc17/Car2/Cdhr5/Fabp2/Stard10",5
"GO:0045111","CC","GO:0045111","intermediate filament cytoskeleton","6/132","175/28573",0.000167640051323626,0.00256489278525147,0.00195874165230763,"Krt8/Krt19/S100a8/Krt18/Mmp14/Krt20",6
"GO:0042588","CC","GO:0042588","zymogen granule","3/132","26/28573",0.000231809420846054,0.00322425830813148,0.00246228188649875,"Reg3b/Zg16/Dmbt1",3
"GO:0062023","CC","GO:0062023","collagen-containing extracellular matrix","8/132","396/28573",0.000524689606593328,0.00668979248406494,0.00510881985367188,"Reg3b/Lgals4/Zg16/Dmbt1/Serpinb1a/Serpinb6a/Ecm1/Reg3g",8
"GO:0005903","CC","GO:0005903","brush border","5/132","149/28573",0.000655388949316412,0.00771342378810854,0.0058905403541799,"Car4/Muc17/Slc26a3/Cdhr5/Slc6a14",5
"GO:0030667","CC","GO:0030667","secretory granule membrane","4/132","89/28573",0.000784273450919197,0.00857098842790265,0.00654544007910006,"Zg16/Dmbt1/Car4/Sycn",4
"GO:0042589","CC","GO:0042589","zymogen granule membrane","2/132","16/28573",0.00243613504228042,0.0248485774312602,0.0189762098030264,"Zg16/Dmbt1",2
"GO:0098862","CC","GO:0098862","cluster of actin-based cell projections","5/132","211/28573",0.00303557378823286,0.0290276743499767,0.0221676770061742,"Car4/Muc17/Slc26a3/Cdhr5/Slc6a14",5
"GO:0016010","CC","GO:0016010","dystrophin-associated glycoprotein complex","2/132","20/28573",0.00381088077966908,0.0322227529363391,0.0246076751010226,"Krt8/Krt19",2
"GO:0043034","CC","GO:0043034","costamere","2/132","20/28573",0.00381088077966908,0.0322227529363391,0.0246076751010226,"Krt8/Krt19",2
"GO:0005882","CC","GO:0005882","intermediate filament","4/132","139/28573",0.00400734698538961,0.0322227529363391,0.0246076751010226,"Krt8/Krt19/Krt18/Krt20",4
"GO:0031253","CC","GO:0031253","cell projection membrane","6/132","327/28573",0.00421212456684171,0.0322227529363391,0.0246076751010226,"Ceacam1/Car4/Muc17/Slc26a3/Cdhr5/Slc6a14",6
"GO:0098858","CC","GO:0098858","actin-based cell projection","5/132","234/28573",0.0047052902164032,0.0342814001480805,0.0261798102266043,"Muc17/Car2/Cdhr5/Fabp2/Stard10",5
"GO:0005751","CC","GO:0005751","mitochondrial respiratory chain complex IV","2/132","25/28573",0.00592711354262305,0.0394281900878838,0.0301102793240805,"AA467197/Cox7b",2
"GO:0090665","CC","GO:0090665","glycoprotein complex","2/132","25/28573",0.00592711354262305,0.0394281900878838,0.0301102793240805,"Krt8/Krt19",2
"GO:0045277","CC","GO:0045277","respiratory chain complex IV","2/132","28/28573",0.00740098694699024,0.0471812917870627,0.0360311206629788,"AA467197/Cox7b",2
"GO:0042383","CC","GO:0042383","sarcolemma","4/132","170/28573",0.00810355543272152,0.0495937592482557,0.0378734590750353,"Krt8/Krt19/Atp1b1/Car4",4
"GO:0004867","MF","GO:0004867","serine-type endopeptidase inhibitor activity","8/128","129/28407",1.31611447127106e-07,3.75092624312251e-05,2.88159800025663e-05,"Spink4/Spink1/Serpinb1a/Wfdc21/Serpinb6a/Wfdc2/Wfdc17/Slpi",8
"GO:0030246","MF","GO:0030246","carbohydrate binding","10/128","283/28407",6.63030197499716e-07,9.44818031437096e-05,7.25843584631268e-05,"Reg3b/Lgals4/Zg16/Clec4a2/Clec4a1/Reg3g/Chil3/Siglece/Clec2h/Gfpt1",10
"GO:0042834","MF","GO:0042834","peptidoglycan binding","4/128","19/28407",1.44642195291896e-06,0.000137410085527301,0.000105563426739348,"Reg3b/Zg16/Pglyrp1/Reg3g",4
"GO:0004857","MF","GO:0004857","enzyme inhibitor activity","11/128","410/28407",2.66094085928371e-06,0.000189592036223964,0.000145651499666056,"Rps15/Spink4/Spink1/Serpinb1a/Wfdc21/Serpinb6a/Wfdc2/Wfdc17/Ppp1r14d/Slpi/Cd55",11
"GO:0004866","MF","GO:0004866","endopeptidase inhibitor activity","8/128","198/28407",3.38371081652355e-06,0.000192871516541842,0.000148170915755136,"Spink4/Spink1/Serpinb1a/Wfdc21/Serpinb6a/Wfdc2/Wfdc17/Slpi",8
"GO:0030414","MF","GO:0030414","peptidase inhibitor activity","8/128","205/28407",4.37376230838073e-06,0.000207753709648085,0.000159603957919858,"Spink4/Spink1/Serpinb1a/Wfdc21/Serpinb6a/Wfdc2/Wfdc17/Slpi",8
"GO:0061135","MF","GO:0061135","endopeptidase regulator activity","8/128","217/28407",6.64243091769163e-06,0.000270441830220302,0.000207763252763889,"Spink4/Spink1/Serpinb1a/Wfdc21/Serpinb6a/Wfdc2/Wfdc17/Slpi",8
"GO:0061134","MF","GO:0061134","peptidase regulator activity","8/128","268/28407",3.0454866155295e-05,0.00108495460678239,0.000833501600039653,"Spink4/Spink1/Serpinb1a/Wfdc21/Serpinb6a/Wfdc2/Wfdc17/Slpi",8
"GO:0004089","MF","GO:0004089","carbonate dehydratase activity","3/128","15/28407",3.90799623410599e-05,0.00123753214080023,0.000950717212507655,"Car4/Car1/Car2",3
"GO:0016209","MF","GO:0016209","antioxidant activity","5/128","89/28407",5.26492556475388e-05,0.00150050378595486,0.00115274159733559,"S100a8/Gpx2/S100a9/Mgst3/Gpx3",5
"GO:0005539","MF","GO:0005539","glycosaminoglycan binding","7/128","243/28407",0.000120752253952008,0.00312858112512021,0.00240348983942753,"Saa1/Reg3b/Zg16/Dmbt1/Pglyrp1/Cxcl13/Reg3g",7
"GO:0016836","MF","GO:0016836","hydro-lyase activity","4/128","59/28407",0.000147745584330757,0.00350895762785547,0.00269570890708749,"Car4/Car1/Car2/Gmds",4
"GO:0004602","MF","GO:0004602","glutathione peroxidase activity","3/128","27/28407",0.000241489188909703,0.00529418606455887,0.00406718633953184,"Gpx2/Mgst3/Gpx3",3
"GO:0016829","MF","GO:0016829","lyase activity","6/128","195/28407",0.000262483833221096,0.00534342089057232,0.00410501032405925,"Car4/Cd38/Car1/Mgst3/Car2/Gmds",6
"GO:0016835","MF","GO:0016835","carbon-oxygen lyase activity","4/128","77/28407",0.000412694594272163,0.00759373752626194,0.00583378543107104,"Car4/Car1/Car2/Gmds",4
"GO:0005179","MF","GO:0005179","hormone activity","5/128","139/28407",0.000426315089193653,0.00759373752626194,0.00583378543107104,"Reg3b/Pyy/Reg3g/Retnlb/Gcg",5
"GO:0001664","MF","GO:0001664","G protein-coupled receptor binding","7/128","335/28407",0.000833074770396968,0.0139662535037139,0.0107293840397876,"Saa1/Fpr1/Cxcl13/Pyy/Gpr15lg/Mrap/Gcg",7
"GO:0050786","MF","GO:0050786","RAGE receptor binding","2/128","10/28407",0.000885346986812783,0.0140179939578691,0.0107691329390093,"Fpr1/Fpr2",2
"GO:0035325","MF","GO:0035325","Toll-like receptor binding","2/128","12/28407",0.00129086278111696,0.0193629417167543,0.0148753162588547,"Saa3/Ceacam1",2
"GO:0004875","MF","GO:0004875","complement receptor activity","2/128","14/28407",0.00176935291716172,0.0240126467329091,0.0184473888105082,"Fpr1/Fpr2",2
"GO:0005229","MF","GO:0005229","intracellular calcium activated chloride channel activity","2/128","14/28407",0.00176935291716172,0.0240126467329091,0.0184473888105082,"Clca4b/Clca3b",2
"GO:0061778","MF","GO:0061778","intracellular chloride channel activity","2/128","15/28407",0.0020355487563649,0.0263696088892726,0.020258092886311,"Clca4b/Clca3b",2
"GO:0004601","MF","GO:0004601","peroxidase activity","3/128","61/28407",0.00265782230769586,0.0319679992529617,0.0245589800355163,"Gpx2/Mgst3/Gpx3",3
"GO:0050839","MF","GO:0050839","cell adhesion molecule binding","6/128","306/28407",0.00269204204235467,0.0319679992529617,0.0245589800355163,"Epcam/Cldn7/Tspan8/Cdhr5/Mmp14/Cdh17",6
"GO:0016684","MF","GO:0016684","oxidoreductase activity, acting on peroxide as acceptor","3/128","63/28407",0.00291351101855165,0.0332140256114888,0.025516222815105,"Gpx2/Mgst3/Gpx3",3
"GO:0031406","MF","GO:0031406","carboxylic acid binding","5/128","218/28407",0.00313455144917224,0.0343595062697726,0.0263962227298715,"Dmbt1/Siglece/Gfpt1/Fabp2/Fabp6",5
"GO:0070492","MF","GO:0070492","oligosaccharide binding","2/128","19/28407",0.00327619199627708,0.0345820266273692,0.0265671709639623,"Reg3b/Reg3g",2
"GO:0005126","MF","GO:0005126","cytokine receptor binding","6/128","323/28407",0.00351030755529979,0.0351112291180623,0.0269737235699242,"Ceacam1/Cxcl13/Gpr15lg/Ecm1/Lrg1/Ebi3",6
"GO:0140375","MF","GO:0140375","immune receptor activity","4/128","138/28407",0.00357272155938178,0.0351112291180623,0.0269737235699242,"Pigr/Fpr1/Fpr2/Ebi3",4
"GO:0043177","MF","GO:0043177","organic acid binding","5/128","234/28407",0.00423345251906469,0.0402177989311145,0.0308967762794897,"Dmbt1/Siglece/Gfpt1/Fabp2/Fabp6",5
"GO:0070851","MF","GO:0070851","growth factor receptor binding","4/128","151/28407",0.00491630720402123,0.0451983081660016,0.0347229846667713,"Pigr/Agr2/Ceacam1/Ecm1",4
"GO:0015125","MF","GO:0015125","bile acid transmembrane transporter activity","2/128","24/28407",0.00521067159840093,0.0464075439232583,0.0356519635680064,"Ceacam1/Slc51b",2
