"","ONTOLOGY","ID","Description","GeneRatio","BgRatio","pvalue","p.adjust","qvalue","geneID","Count"
"GO:0002181","BP","GO:0002181","cytoplasmic translation","9/38","148/28891",2.72815914736044e-13,1.36407957368022e-10,9.53419828340703e-11,"Rpl38/Uba52/Rpl39/Rps21/Rpl31/Rpl30/Rps28/Rpl27/Rps17",9
"GO:0006119","BP","GO:0006119","oxidative phosphorylation","7/38","147/28891",8.45477934385581e-10,2.11369483596395e-07,1.47736144324217e-07,"Uqcr10/Cox7c/Atp5me/Nupr1/Ndufc1/Ndufa1/Cox7b",7
"GO:0140236","BP","GO:0140236","translation at presynapse","5/38","47/28891",4.41170090464096e-09,4.92000053767785e-07,3.4388214284401e-07,"Rpl37/Rpl38/Uba52/Rps28/Rpl27",5
"GO:0140241","BP","GO:0140241","translation at synapse","5/38","48/28891",4.92000053767785e-09,4.92000053767785e-07,3.4388214284401e-07,"Rpl37/Rpl38/Uba52/Rps28/Rpl27",5
"GO:0140242","BP","GO:0140242","translation at postsynapse","5/38","48/28891",4.92000053767785e-09,4.92000053767785e-07,3.4388214284401e-07,"Rpl37/Rpl38/Uba52/Rps28/Rpl27",5
"GO:0009060","BP","GO:0009060","aerobic respiration","7/38","196/28891",6.27409325621982e-09,5.22841104684985e-07,3.65438414221926e-07,"Uqcr10/Cox7c/Atp5me/Nupr1/Ndufc1/Ndufa1/Cox7b",7
"GO:0045333","BP","GO:0045333","cellular respiration","7/38","254/28891",3.73840602983231e-08,2.67029002130879e-06,1.86639218331478e-06,"Uqcr10/Cox7c/Atp5me/Nupr1/Ndufc1/Ndufa1/Cox7b",7
"GO:0015980","BP","GO:0015980","energy derivation by oxidation of organic compounds","7/38","350/28891",3.29589573348106e-07,2.05993483342566e-05,1.43978603094173e-05,"Uqcr10/Cox7c/Atp5me/Nupr1/Ndufc1/Ndufa1/Cox7b",7
"GO:0050829","BP","GO:0050829","defense response to Gram-negative bacterium","5/38","134/28891",8.83827520787058e-07,4.91015289326143e-05,3.4319384432901e-05,"Reg3b/Reg3g/Lypd8/Dmbt1/Rpl30",5
"GO:0042742","BP","GO:0042742","defense response to bacterium","7/38","430/28891",1.30570746261882e-06,6.52853731309409e-05,4.56310397462576e-05,"Reg3b/Reg3g/Lypd8/Rpl39/Dmbt1/Plac8/Rpl30",7
"GO:0061844","BP","GO:0061844","antimicrobial humoral immune response mediated by antimicrobial peptide","5/38","151/28891",1.59375689823381e-06,7.24434953742642e-05,5.06341904510646e-05,"Reg3b/Reg3g/Rpl39/Dmbt1/Rpl30",5
"GO:0006091","BP","GO:0006091","generation of precursor metabolites and energy","7/38","484/28891",2.85554699483201e-06,0.000118981124784667,8.316154406002e-05,"Uqcr10/Cox7c/Atp5me/Nupr1/Ndufc1/Ndufa1/Cox7b",7
"GO:0019730","BP","GO:0019730","antimicrobial humoral response","5/38","221/28891",1.02281964839105e-05,0.000380126458441466,0.000265688387794877,"Reg3b/Reg3g/Rpl39/Dmbt1/Rpl30",5
"GO:0042274","BP","GO:0042274","ribosomal small subunit biogenesis","4/38","104/28891",1.0643540836361e-05,0.000380126458441466,0.000265688387794877,"Rpl38/Rps21/Rps28/Rps17",4
"GO:0006953","BP","GO:0006953","acute-phase response","3/38","44/28891",2.67847569392664e-05,0.000892825231308879,0.000624037845883258,"Reg3b/Reg3g/Saa1",3
"GO:0002526","BP","GO:0002526","acute inflammatory response","4/38","139/28891",3.33539063109194e-05,0.00104230957221623,0.000728519532580608,"Reg3b/Reg3g/Saa1/Nupr1",4
"GO:0042254","BP","GO:0042254","ribosome biogenesis","5/38","322/28891",6.18811077554349e-05,0.0018200325810422,0.00127210698296002,"Rpl38/Rps21/Rps28/Rpl27/Rps17",5
"GO:0006959","BP","GO:0006959","humoral immune response","5/38","337/28891",7.67055780778874e-05,0.00213071050216354,0.00148925449835431,"Reg3b/Reg3g/Rpl39/Dmbt1/Rpl30",5
"GO:0019646","BP","GO:0019646","aerobic electron transport chain","3/38","64/28891",8.27459102635152e-05,0.00216677694768569,0.00151446304554031,"Uqcr10/Cox7c/Cox7b",3
"GO:0042776","BP","GO:0042776","proton motive force-driven mitochondrial ATP synthesis","3/38","65/28891",8.66710779074276e-05,0.00216677694768569,0.00151446304554031,"Atp5me/Ndufc1/Ndufa1",3
"GO:0015986","BP","GO:0015986","proton motive force-driven ATP synthesis","3/38","70/28891",0.000108125101333312,0.00239691761046976,0.00167531925615992,"Atp5me/Ndufc1/Ndufa1",3
"GO:0045617","BP","GO:0045617","negative regulation of keratinocyte differentiation","2/38","12/28891",0.000110258210081609,0.00239691761046976,0.00167531925615992,"Reg3b/Reg3g",2
"GO:0106015","BP","GO:0106015","negative regulation of inflammatory response to wounding","2/38","12/28891",0.000110258210081609,0.00239691761046976,0.00167531925615992,"Reg3b/Reg3g",2
"GO:0050830","BP","GO:0050830","defense response to Gram-positive bacterium","4/38","203/28891",0.0001448547719453,0.00301780774886041,0.00210928878446664,"Reg3b/Reg3g/Rpl39/Dmbt1",4
"GO:0106014","BP","GO:0106014","regulation of inflammatory response to wounding","2/38","14/28891",0.00015177040496642,0.0030354080993284,0.00212159050310953,"Reg3b/Reg3g",2
"GO:0042775","BP","GO:0042775","mitochondrial ATP synthesis coupled electron transport","3/38","80/28891",0.000160821279155281,0.00309271690683232,0.00216164634330175,"Uqcr10/Cox7c/Cox7b",3
"GO:0042773","BP","GO:0042773","ATP synthesis coupled electron transport","3/38","82/28891",0.000173034667069295,0.00320434568646842,0.00223966898506846,"Uqcr10/Cox7c/Cox7b",3
"GO:0006364","BP","GO:0006364","rRNA processing","4/38","215/28891",0.00018052164551116,0.00322360081269928,0.00225312730487613,"Rps21/Rps28/Rpl27/Rps17",4
"GO:0045605","BP","GO:0045605","negative regulation of epidermal cell differentiation","2/38","18/28891",0.000254328404814072,0.0042388067469012,0.002962702820992,"Reg3b/Reg3g",2
"GO:0045683","BP","GO:0045683","negative regulation of epidermis development","2/38","18/28891",0.000254328404814072,0.0042388067469012,0.002962702820992,"Reg3b/Reg3g",2
"GO:0022613","BP","GO:0022613","ribonucleoprotein complex biogenesis","5/38","440/28891",0.000265680955143425,0.00428517669586169,0.00299511297479175,"Rpl38/Rps21/Rps28/Rpl27/Rps17",5
"GO:0006123","BP","GO:0006123","mitochondrial electron transport, cytochrome c to oxygen","2/38","19/28891",0.000284013544324586,0.00443771163007166,0.00310172686565009,"Cox7c/Cox7b",2
"GO:0006754","BP","GO:0006754","ATP biosynthetic process","3/38","101/28891",0.00032005282240275,0.00484928518792045,0.00338939512082019,"Atp5me/Ndufc1/Ndufa1",3
"GO:0016072","BP","GO:0016072","rRNA metabolic process","4/38","252/28891",0.000330429379113892,0.0048592555752043,0.00339636389677437,"Rps21/Rps28/Rpl27/Rps17",4
"GO:0000028","BP","GO:0000028","ribosomal small subunit assembly","2/38","21/28891",0.000348210073149622,0.00497442961642317,0.00347686448979472,"Rpl38/Rps28",2
"GO:0022904","BP","GO:0022904","respiratory electron transport chain","3/38","106/28891",0.000368829981546185,0.0051226386325859,0.00358045479161793,"Uqcr10/Cox7c/Cox7b",3
"GO:0009206","BP","GO:0009206","purine ribonucleoside triphosphate biosynthetic process","3/38","113/28891",0.00044479859406829,0.00600535033861757,0.00419742381562323,"Atp5me/Ndufc1/Ndufa1",3
"GO:0009145","BP","GO:0009145","purine nucleoside triphosphate biosynthetic process","3/38","114/28891",0.000456406625734936,0.00600535033861757,0.00419742381562323,"Atp5me/Ndufc1/Ndufa1",3
"GO:0022900","BP","GO:0022900","electron transport chain","3/38","116/28891",0.000480202779784378,0.00615644589467151,0.00430303165690725,"Uqcr10/Cox7c/Cox7b",3
"GO:0009201","BP","GO:0009201","ribonucleoside triphosphate biosynthetic process","3/38","118/28891",0.000504781312356021,0.00630976640445026,0.00441019462374207,"Atp5me/Ndufc1/Ndufa1",3
"GO:0009142","BP","GO:0009142","nucleoside triphosphate biosynthetic process","3/38","124/28891",0.000583317001484557,0.00711362196932386,0.0049720473554011,"Atp5me/Ndufc1/Ndufa1",3
"GO:0046034","BP","GO:0046034","ATP metabolic process","3/38","135/28891",0.000746764986489529,0.00889005936297059,0.00621368359685523,"Atp5me/Ndufc1/Ndufa1",3
"GO:0090594","BP","GO:0090594","inflammatory response to wounding","2/38","33/28891",0.00086682795497058,0.0100793948252393,0.00704496648837779,"Reg3b/Reg3g",2
"GO:0045616","BP","GO:0045616","regulation of keratinocyte differentiation","2/38","35/28891",0.000975204825992691,0.0110818730226442,0.00774564598635343,"Reg3b/Reg3g",2
"GO:0141060","BP","GO:0141060","disruption of anatomical structure in another organism","3/38","156/28891",0.001134018273028,0.0126002030336445,0.00880687875193675,"Reg3b/Reg3g/Rpl30",3
"GO:0009205","BP","GO:0009205","purine ribonucleoside triphosphate metabolic process","3/38","160/28891",0.00121968132196827,0.0132574056735681,0.00926622880763077,"Atp5me/Ndufc1/Ndufa1",3
"GO:0009199","BP","GO:0009199","ribonucleoside triphosphate metabolic process","3/38","167/28891",0.00137921582569428,0.0146725087839817,0.0102553114026988,"Atp5me/Ndufc1/Ndufa1",3
"GO:0009144","BP","GO:0009144","purine nucleoside triphosphate metabolic process","3/38","169/28891",0.0014270889468603,0.0148655098631281,0.0103902089990706,"Atp5me/Ndufc1/Ndufa1",3
"GO:0095500","BP","GO:0095500","acetylcholine receptor signaling pathway","2/38","43/28891",0.00147023692646109,0.0149602536886321,0.0104564299465808,"Ly6a/Ly6g",2
"GO:0050728","BP","GO:0050728","negative regulation of inflammatory response","3/38","172/28891",0.00150084020626907,0.0149602536886321,0.0104564299465808,"Reg3b/Reg3g/Gpx2",3
"GO:0030856","BP","GO:0030856","regulation of epithelial cell differentiation","3/38","173/28891",0.00152594587624048,0.0149602536886321,0.0104564299465808,"Reg3b/Reg3g/Dmbt1",3
"GO:1905145","BP","GO:1905145","cellular response to acetylcholine","2/38","45/28891",0.00160921929437675,0.0154732624459303,0.0108149960674713,"Ly6a/Ly6g",2
"GO:0030490","BP","GO:0030490","maturation of SSU-rRNA","2/38","47/28891",0.00175422907696921,0.016242861823789,0.0113529055273641,"Rps21/Rps28",2
"GO:0140975","BP","GO:0140975","disruption of cellular anatomical structure in another organism","2/38","47/28891",0.00175422907696921,0.016242861823789,0.0113529055273641,"Reg3b/Reg3g",2
"GO:0009141","BP","GO:0009141","nucleoside triphosphate metabolic process","3/38","184/28891",0.00181966790254683,0.0163302193656127,0.0114139638513335,"Atp5me/Ndufc1/Ndufa1",3
"GO:1905144","BP","GO:1905144","response to acetylcholine","2/38","48/28891",0.00182898456894862,0.0163302193656127,0.0114139638513335,"Ly6a/Ly6g",2
"GO:0050727","BP","GO:0050727","regulation of inflammatory response","4/38","411/28891",0.00203277558076754,0.0178313647435749,0.0124631854628776,"Reg3b/Reg3g/Nupr1/Gpx2",4
"GO:0034470","BP","GO:0034470","ncRNA processing","4/38","413/28891",0.00206889910864791,0.0178353371435165,0.0124659619613631,"Rps21/Rps28/Rpl27/Rps17",4
"GO:0009152","BP","GO:0009152","purine ribonucleotide biosynthetic process","3/38","198/28891",0.00224154747745173,0.0189961650631502,0.0132773195809808,"Atp5me/Ndufc1/Ndufa1",3
"GO:0009260","BP","GO:0009260","ribonucleotide biosynthetic process","3/38","210/28891",0.00264779729875358,0.0217880741367609,0.0152287170808518,"Atp5me/Ndufc1/Ndufa1",3
"GO:0045604","BP","GO:0045604","regulation of epidermal cell differentiation","2/38","58/28891",0.00265814504468483,0.0217880741367609,0.0152287170808518,"Reg3b/Reg3g",2
"GO:0030857","BP","GO:0030857","negative regulation of epithelial cell differentiation","2/38","60/28891",0.00284158340746321,0.0229159952214775,0.0160170745548011,"Reg3b/Reg3g",2
"GO:0098926","BP","GO:0098926","postsynaptic signal transduction","2/38","61/28891",0.00293547870940682,0.0229869087254298,0.0160666393617741,"Ly6a/Ly6g",2
"GO:0046390","BP","GO:0046390","ribose phosphate biosynthetic process","3/38","218/28891",0.00294232431685501,0.0229869087254298,0.0160666393617741,"Atp5me/Ndufc1/Ndufa1",3
"GO:0010257","BP","GO:0010257","NADH dehydrogenase complex assembly","2/38","65/28891",0.00332547954630803,0.0248170115396122,0.0173457849076868,"Ndufc1/Ndufa1",2
"GO:0032981","BP","GO:0032981","mitochondrial respiratory chain complex I assembly","2/38","65/28891",0.00332547954630803,0.0248170115396122,0.0173457849076868,"Ndufc1/Ndufa1",2
"GO:0045682","BP","GO:0045682","regulation of epidermis development","2/38","65/28891",0.00332547954630803,0.0248170115396122,0.0173457849076868,"Reg3b/Reg3g",2
"GO:0042255","BP","GO:0042255","ribosome assembly","2/38","66/28891",0.00342656590910252,0.0251953375669303,0.017610214888886,"Rpl38/Rps28",2
"GO:0006164","BP","GO:0006164","purine nucleotide biosynthetic process","3/38","233/28891",0.00354732005425765,0.0257052177844757,0.0179665943251493,"Atp5me/Ndufc1/Ndufa1",3
"GO:0072522","BP","GO:0072522","purine-containing compound biosynthetic process","3/38","241/28891",0.00389886434833589,0.0278490310595421,0.0194650069721431,"Atp5me/Ndufc1/Ndufa1",3
"GO:0009165","BP","GO:0009165","nucleotide biosynthetic process","3/38","267/28891",0.00518533130881928,0.0365164176677414,0.0255230540330319,"Atp5me/Ndufc1/Ndufa1",3
"GO:1901293","BP","GO:1901293","nucleoside phosphate biosynthetic process","3/38","269/28891",0.00529363340555323,0.0367613430941197,0.0256942440152584,"Atp5me/Ndufc1/Ndufa1",3
"GO:1903035","BP","GO:1903035","negative regulation of response to wounding","2/38","94/28891",0.00682288509412116,0.0467320896857614,0.0326632711066795,"Reg3b/Reg3g",2
"GO:0022626","CC","GO:0022626","cytosolic ribosome","10/39","142/28573",3.74512436264868e-15,1.76868550632918e-13,7.44709686875443e-14,"Rpl37/Rpl38/Uba52/Rpl39/Rps21/Rpl31/Rpl30/Rps28/Rpl27/Rps17",10
"GO:0044391","CC","GO:0044391","ribosomal subunit","11/39","215/28573",4.71649468354447e-15,1.76868550632918e-13,7.44709686875443e-14,"Rpl37/Rpl38/Uba52/Rpl39/Rps21/Mrpl52/Rpl31/Rpl30/Rps28/Rpl27/Rps17",11
"GO:0005840","CC","GO:0005840","ribosome","11/39","267/28573",5.13204477913471e-14,1.28301119478368e-12,5.40215239908917e-13,"Rpl37/Rpl38/Uba52/Rpl39/Rps21/Mrpl52/Rpl31/Rpl30/Rps28/Rpl27/Rps17",11
"GO:0098798","CC","GO:0098798","mitochondrial protein-containing complex","10/39","303/28573",7.51153459301134e-12,1.40841273618963e-10,5.93015888921948e-11,"Tomm7/Mrpl52/Uqcr10/Atp5mk/Cox7c/Atp5me/Ndufc1/Atp5mj/Ndufa1/Cox7b",10
"GO:0042788","CC","GO:0042788","polysomal ribosome","6/39","37/28573",9.73723839168615e-12,1.44389190621566e-10,6.07954486827646e-11,"Rpl38/Rpl39/Rps21/Rpl31/Rpl30/Rps28",6
"GO:0015934","CC","GO:0015934","large ribosomal subunit","8/39","137/28573",1.23316921271936e-11,1.44389190621566e-10,6.07954486827646e-11,"Rpl37/Rpl38/Uba52/Rpl39/Mrpl52/Rpl31/Rpl30/Rpl27",8
"GO:0022625","CC","GO:0022625","cytosolic large ribosomal subunit","7/39","79/28573",1.34763244580128e-11,1.44389190621566e-10,6.07954486827646e-11,"Rpl37/Rpl38/Uba52/Rpl39/Rpl31/Rpl30/Rpl27",7
"GO:0098800","CC","GO:0098800","inner mitochondrial membrane protein complex","8/39","154/28573",3.16540501808774e-11,2.96756720445726e-10,1.24950198082411e-10,"Uqcr10/Atp5mk/Cox7c/Atp5me/Ndufc1/Atp5mj/Ndufa1/Cox7b",8
"GO:0005844","CC","GO:0005844","polysome","6/39","78/28573",1.03296861718817e-09,8.6080718099014e-09,3.62445128837954e-09,"Rpl38/Rpl39/Rps21/Rpl31/Rpl30/Rps28",6
"GO:0070469","CC","GO:0070469","respirasome","6/39","103/28573",5.60954719581415e-09,4.20716039686061e-08,1.77143595657289e-08,"Uqcr10/Cox7c/Ndufc1/Ndufa1/Cox7b/Higd1a",6
"GO:0005746","CC","GO:0005746","mitochondrial respirasome","5/39","95/28573",1.92304116414763e-07,1.26668156229554e-06,5.33339605177069e-07,"Uqcr10/Cox7c/Ndufc1/Ndufa1/Cox7b",5
"GO:0098803","CC","GO:0098803","respiratory chain complex","5/39","96/28573",2.02669049967286e-07,1.26668156229554e-06,5.33339605177069e-07,"Uqcr10/Cox7c/Ndufc1/Ndufa1/Cox7b",5
"GO:0022627","CC","GO:0022627","cytosolic small ribosomal subunit","4/39","45/28573",4.23970966554337e-07,2.44598634550579e-06,1.02988898758139e-06,"Uba52/Rps21/Rps28/Rps17",4
"GO:0005753","CC","GO:0005753","mitochondrial proton-transporting ATP synthase complex","3/39","20/28573",2.63726779588335e-06,1.41282203350894e-05,5.94872435161658e-06,"Atp5mk/Atp5me/Atp5mj",3
"GO:0045259","CC","GO:0045259","proton-transporting ATP synthase complex","3/39","21/28573",3.07390643701637e-06,1.53695321850819e-05,6.47138197266605e-06,"Atp5mk/Atp5me/Atp5mj",3
"GO:0015935","CC","GO:0015935","small ribosomal subunit","4/39","83/28573",5.03789792552199e-06,2.36151465258843e-05,9.94321958984604e-06,"Uba52/Rps21/Rps28/Rps17",4
"GO:0070069","CC","GO:0070069","cytochrome complex","3/39","41/28573",2.4176405917954e-05,0.000106660614343915,4.49097323553325e-05,"Uqcr10/Cox7c/Cox7b",3
"GO:0016469","CC","GO:0016469","proton-transporting two-sector ATPase complex","3/39","50/28573",4.4075831189782e-05,0.000183649296624092,7.73260196311966e-05,"Atp5mk/Atp5me/Atp5mj",3
"GO:0005751","CC","GO:0005751","mitochondrial respiratory chain complex IV","2/39","25/28573",0.000533891817605959,0.00210746770107616,0.00088735482150575,"Cox7c/Cox7b",2
"GO:0042588","CC","GO:0042588","zymogen granule","2/39","26/28573",0.000577884400792803,0.00216706650297301,0.000912449053883373,"Reg3b/Dmbt1",2
"GO:0045277","CC","GO:0045277","respiratory chain complex IV","2/39","28/28573",0.000670966293540569,0.00237681220888883,0.00100076303532161,"Cox7c/Cox7b",2
"GO:1990204","CC","GO:1990204","oxidoreductase complex","3/39","127/28573",0.000697198247940724,0.00237681220888883,0.00100076303532161,"Uqcr10/Ndufc1/Ndufa1",3
"GO:1904949","CC","GO:1904949","ATPase complex","3/39","148/28573",0.00108548284689498,0.00353961797900536,0.00149036546484436,"Atp5mk/Atp5me/Atp5mj",3
"GO:0032994","CC","GO:0032994","protein-lipid complex","2/39","46/28573",0.00180890800325488,0.00565283751017149,0.00238014210954589,"Saa1/Dbi",2
"GO:0005747","CC","GO:0005747","mitochondrial respiratory chain complex I","2/39","55/28573",0.00257537207284266,0.00715381131345183,0.00301213107934814,"Ndufc1/Ndufa1",2
"GO:0030964","CC","GO:0030964","NADH dehydrogenase complex","2/39","55/28573",0.00257537207284266,0.00715381131345183,0.00301213107934814,"Ndufc1/Ndufa1",2
"GO:0045271","CC","GO:0045271","respiratory chain complex I","2/39","55/28573",0.00257537207284266,0.00715381131345183,0.00301213107934814,"Ndufc1/Ndufa1",2
"GO:0032040","CC","GO:0032040","small-subunit processome","2/39","75/28573",0.00473056649781478,0.0126711602620039,0.00533522537347531,"Rps28/Rps17",2
"GO:0045171","CC","GO:0045171","intercellular bridge","2/39","101/28573",0.00841895193332186,0.0217731515516945,0.0091676427586082,"Nupr1/Gpx2",2
"GO:0030684","CC","GO:0030684","preribosome","2/39","112/28573",0.0102656688291835,0.0256641720729587,0.0108059671886142,"Rps28/Rps17",2
"GO:0000276","CC","GO:0000276","mitochondrial proton-transporting ATP synthase complex, coupling factor F(o)","1/39","12/28573",0.0162598041627171,0.0356819591208542,0.0150239827877281,"Atp5me",1
"GO:0062023","CC","GO:0062023","collagen-containing extracellular matrix","3/39","396/28573",0.0166988375692773,0.0356819591208542,0.0150239827877281,"Reg3b/Reg3g/Dmbt1",3
"GO:1902495","CC","GO:1902495","transmembrane transporter complex","3/39","396/28573",0.0166988375692773,0.0356819591208542,0.0150239827877281,"Uqcr10/Ndufc1/Ndufa1",3
"GO:0005742","CC","GO:0005742","mitochondrial outer membrane translocase complex","1/39","13/28573",0.0176030998329547,0.0356819591208542,0.0150239827877281,"Tomm7",1
"GO:0005750","CC","GO:0005750","mitochondrial respiratory chain complex III","1/39","13/28573",0.0176030998329547,0.0356819591208542,0.0150239827877281,"Uqcr10",1
"GO:0045263","CC","GO:0045263","proton-transporting ATP synthase complex, coupling factor F(o)","1/39","13/28573",0.0176030998329547,0.0356819591208542,0.0150239827877281,"Atp5me",1
"GO:0045275","CC","GO:0045275","respiratory chain complex III","1/39","13/28573",0.0176030998329547,0.0356819591208542,0.0150239827877281,"Uqcr10",1
"GO:0098799","CC","GO:0098799","outer mitochondrial membrane protein complex","1/39","14/28573",0.0189446082050313,0.0373906740888776,0.0157434417216327,"Tomm7",1
"GO:1990351","CC","GO:1990351","transporter complex","3/39","421/28573",0.0196128677749938,0.0377170534134495,0.0158808645951366,"Uqcr10/Ndufc1/Ndufa1",3
"GO:0042589","CC","GO:0042589","zymogen granule membrane","1/39","16/28573",0.0216222723140175,0.0405417605887828,0.0170702149847506,"Dmbt1",1
"GO:0003735","MF","GO:0003735","structural constituent of ribosome","11/35","178/28407",1.56639992685235e-16,8.77183959037316e-15,4.78164188197033e-15,"Rpl37/Rpl38/Uba52/Rpl39/Rps21/Mrpl52/Rpl31/Rpl30/Rps28/Rpl27/Rps17",11
"GO:0030550","MF","GO:0030550","acetylcholine receptor inhibitor activity","2/35","14/28407",0.000132958623694982,0.00278745865689597,0.00151947934304479,"Ly6a/Ly6g",2
"GO:0005539","MF","GO:0005539","glycosaminoglycan binding","4/35","243/28407",0.000222052805006063,0.00278745865689597,0.00151947934304479,"Reg3b/Reg3g/Dmbt1/Saa1",4
"GO:0042834","MF","GO:0042834","peptidoglycan binding","2/35","19/28407",0.000248880237222854,0.00278745865689597,0.00151947934304479,"Reg3b/Reg3g",2
"GO:0070492","MF","GO:0070492","oligosaccharide binding","2/35","19/28407",0.000248880237222854,0.00278745865689597,0.00151947934304479,"Reg3b/Reg3g",2
"GO:0033130","MF","GO:0033130","acetylcholine receptor binding","2/35","22/28407",0.000335427046184207,0.0031306524310526,0.00170655865602492,"Ly6a/Ly6g",2
"GO:0030548","MF","GO:0030548","acetylcholine receptor regulator activity","2/35","27/28407",0.000507707235459196,0.00355395064821437,0.00193730392477851,"Ly6a/Ly6g",2
"GO:0099602","MF","GO:0099602","neurotransmitter receptor regulator activity","2/35","27/28407",0.000507707235459196,0.00355395064821437,0.00193730392477851,"Ly6a/Ly6g",2
"GO:0030547","MF","GO:0030547","signaling receptor inhibitor activity","2/35","35/28407",0.000855335837063719,0.00532208965284092,0.00290113909647344,"Ly6a/Ly6g",2
"GO:1901681","MF","GO:1901681","sulfur compound binding","3/35","301/28407",0.00599963514705635,0.0335979568235155,0.0183146757120667,"Dmbt1/Saa1/Dbi",3
