"","ONTOLOGY","ID","Description","GeneRatio","BgRatio","pvalue","p.adjust","qvalue","geneID","Count"
"GO:0042742","BP","GO:0042742","defense response to bacterium","13/76","430/28891",9.58991212816118e-11,1.06735721986434e-07,7.91420116681933e-08,"Reg3b/Reg3g/Lypd8/Dmbt1/Lgals4/Isg15/Pla2g2a/Acp5/Lcn2/Sprr2a3/Wfdc21/Nos2/Pglyrp1",13
"GO:0050830","BP","GO:0050830","defense response to Gram-positive bacterium","7/76","203/28891",1.10578832577553e-06,0.000615371203294081,0.000456283182846323,"Reg3b/Reg3g/Dmbt1/Pla2g2a/Acp5/Sprr2a3/Pglyrp1",7
"GO:0019730","BP","GO:0019730","antimicrobial humoral response","7/76","221/28891",1.94687515714903e-06,0.000722290683302292,0.000535561446738541,"Reg3b/Reg3g/Dmbt1/Lgals4/Wfdc21/S100a9/Pglyrp1",7
"GO:0061844","BP","GO:0061844","antimicrobial humoral immune response mediated by antimicrobial peptide","6/76","151/28891",2.98342141245494e-06,0.000830137008015586,0.000615526944043334,"Reg3b/Reg3g/Dmbt1/Lgals4/S100a9/Pglyrp1",6
"GO:1903035","BP","GO:1903035","negative regulation of response to wounding","5/76","94/28891",5.04026352192134e-06,0.000880994550470774,0.000653236608094848,"Reg3b/Reg3g/Tspan8/Ceacam1/Cldn3",5
"GO:0032102","BP","GO:0032102","negative regulation of response to external stimulus","9/76","485/28891",5.17214948762698e-06,0.000880994550470774,0.000653236608094848,"Reg3b/Reg3g/Isg15/Gpx2/Acp5/Pglyrp1/Tspan8/Ceacam1/Cldn3",9
"GO:0006953","BP","GO:0006953","acute-phase response","4/76","44/28891",5.54084622937594e-06,0.000880994550470774,0.000653236608094848,"Reg3b/Reg3g/Saa1/Saa3",4
"GO:1903034","BP","GO:1903034","regulation of response to wounding","6/76","174/28891",6.74934403859293e-06,0.000939002489369242,0.000696248121875902,"Reg3b/Reg3g/S100a9/Tspan8/Ceacam1/Cldn3",6
"GO:0018119","BP","GO:0018119","peptidyl-cysteine S-nitrosylation","3/76","17/28891",1.15836657329568e-05,0.00143251332897565,0.00106217472919744,"S100a9/Nos2/S100a8",3
"GO:0017014","BP","GO:0017014","protein nitrosylation","3/76","18/28891",1.38740907880782e-05,0.00154418630471311,0.00114497759766877,"S100a9/Nos2/S100a8",3
"GO:0061041","BP","GO:0061041","regulation of wound healing","5/76","128/28891",2.26625473893036e-05,0.00229303774948135,0.00170023322040325,"Reg3g/S100a9/Tspan8/Ceacam1/Cldn3",5
"GO:0031348","BP","GO:0031348","negative regulation of defense response","7/76","330/28891",2.64923512464753e-05,0.00245716557811059,0.00182193012081023,"Reg3b/Reg3g/Isg15/Gpx2/Acp5/Pglyrp1/Ceacam1",7
"GO:0006959","BP","GO:0006959","humoral immune response","7/76","337/28891",3.02805272864763e-05,0.00259247898998832,0.00192226181316579,"Reg3b/Reg3g/Dmbt1/Lgals4/Wfdc21/S100a9/Pglyrp1",7
"GO:0009615","BP","GO:0009615","response to virus","7/76","389/28891",7.47997384570728e-05,0.00594657920733728,0.00440924774062745,"Irf7/Ifi27l2a/Isg15/Rtp4/Lcn2/Oasl1/Oasl2",7
"GO:0050728","BP","GO:0050728","negative regulation of inflammatory response","5/76","172/28891",9.26315697210845e-05,0.00687326247330447,0.00509636144991791,"Reg3b/Reg3g/Gpx2/Acp5/Pglyrp1",5
"GO:0050727","BP","GO:0050727","regulation of inflammatory response","7/76","411/28891",0.000105309467363027,0.00732558982344058,0.00543175147451404,"Reg3b/Reg3g/Gpx2/Acp5/S100a9/Pglyrp1/S100a8",7
"GO:0032692","BP","GO:0032692","negative regulation of interleukin-1 production","3/76","41/28891",0.000173528823750751,0.0113610341667403,0.00842393794554728,"Acp5/Serpinb1a/Ceacam1",3
"GO:0019221","BP","GO:0019221","cytokine-mediated signaling pathway","7/76","450/28891",0.000183931000773886,0.0113730668811853,0.00843285991852204,"Irf7/Krt8/Isg15/Oasl1/Oasl2/Ecm1/Ceacam1",7
"GO:0018198","BP","GO:0018198","peptidyl-cysteine modification","3/76","51/28891",0.000332656355194544,0.019486659122712,0.0144488965358738,"S100a9/Nos2/S100a8",3
"GO:0042060","BP","GO:0042060","wound healing","6/76","370/28891",0.000435600421816825,0.0205483125556107,0.015236087429516,"Reg3g/Lrg1/S100a9/Tspan8/Ceacam1/Cldn3",6
"GO:0050829","BP","GO:0050829","defense response to Gram-negative bacterium","4/76","134/28891",0.000438309957601815,0.0205483125556107,0.015236087429516,"Reg3b/Reg3g/Lypd8/Dmbt1",4
"GO:0045071","BP","GO:0045071","negative regulation of viral genome replication","3/76","56/28891",0.000438637134114637,0.0205483125556107,0.015236087429516,"Isg15/Oasl1/Oasl2",3
"GO:0045617","BP","GO:0045617","negative regulation of keratinocyte differentiation","2/76","12/28891",0.000443090297695109,0.0205483125556107,0.015236087429516,"Reg3b/Reg3g",2
"GO:0106015","BP","GO:0106015","negative regulation of inflammatory response to wounding","2/76","12/28891",0.000443090297695109,0.0205483125556107,0.015236087429516,"Reg3b/Reg3g",2
"GO:0002526","BP","GO:0002526","acute inflammatory response","4/76","139/28891",0.000503305614691798,0.0224071659660788,0.0166143832386682,"Reg3b/Reg3g/Saa1/Saa3",4
"GO:0002755","BP","GO:0002755","MyD88-dependent toll-like receptor signaling pathway","2/76","14/28891",0.00060884688831736,0.02465049108573,0.0182777557206339,"Reg3g/Irf7",2
"GO:0106014","BP","GO:0106014","regulation of inflammatory response to wounding","2/76","14/28891",0.00060884688831736,0.02465049108573,0.0182777557206339,"Reg3b/Reg3g",2
"GO:0090303","BP","GO:0090303","positive regulation of wound healing","3/76","63/28891",0.000620138140521508,0.02465049108573,0.0182777557206339,"Reg3g/S100a9/Cldn3",3
"GO:0010838","BP","GO:0010838","positive regulation of keratinocyte proliferation","2/76","15/28891",0.000701318677017919,0.024669457543691,0.0182918189003204,"Reg3g/Lrg1",2
"GO:0030007","BP","GO:0030007","intracellular potassium ion homeostasis","2/76","15/28891",0.000701318677017919,0.024669457543691,0.0182918189003204,"Atp1b1/Atp12a",2
"GO:0036376","BP","GO:0036376","sodium ion export across plasma membrane","2/76","15/28891",0.000701318677017919,0.024669457543691,0.0182918189003204,"Atp1b1/Atp12a",2
"GO:0030193","BP","GO:0030193","regulation of blood coagulation","3/76","66/28891",0.000710570615170625,0.024669457543691,0.0182918189003204,"S100a9/Tspan8/Ceacam1",3
"GO:0061045","BP","GO:0061045","negative regulation of wound healing","3/76","68/28891",0.000775283355190694,0.024669457543691,0.0182918189003204,"Tspan8/Ceacam1/Cldn3",3
"GO:1900046","BP","GO:1900046","regulation of hemostasis","3/76","68/28891",0.000775283355190694,0.024669457543691,0.0182918189003204,"S100a9/Tspan8/Ceacam1",3
"GO:0141060","BP","GO:0141060","disruption of anatomical structure in another organism","4/76","156/28891",0.000775769105147517,0.024669457543691,0.0182918189003204,"Reg3b/Reg3g/Nos2/Pglyrp1",4
"GO:0060700","BP","GO:0060700","regulation of ribonuclease activity","2/76","16/28891",0.000800141690871001,0.0247377139427618,0.0183424294047621,"Oasl1/Oasl2",2
"GO:0050818","BP","GO:0050818","regulation of coagulation","3/76","71/28891",0.00087919088193005,0.026447012205085,0.0196098336111852,"S100a9/Tspan8/Ceacam1",3
"GO:0045605","BP","GO:0045605","negative regulation of epidermal cell differentiation","2/76","18/28891",0.00101670884465207,0.0282899236024439,0.020976308794927,"Reg3b/Reg3g",2
"GO:0045683","BP","GO:0045683","negative regulation of epidermis development","2/76","18/28891",0.00101670884465207,0.0282899236024439,0.020976308794927,"Reg3b/Reg3g",2
"GO:0045779","BP","GO:0045779","negative regulation of bone resorption","2/76","18/28891",0.00101670884465207,0.0282899236024439,0.020976308794927,"Cd38/Ceacam1",2
"GO:0015701","BP","GO:0015701","bicarbonate transport","2/76","19/28891",0.00113438702588196,0.0294789081539643,0.0218579126993976,"Car4/Slc26a3",2
"GO:0070486","BP","GO:0070486","leukocyte aggregation","2/76","19/28891",0.00113438702588196,0.0294789081539643,0.0218579126993976,"S100a9/S100a8",2
"GO:0030856","BP","GO:0030856","regulation of epithelial cell differentiation","4/76","173/28891",0.00113889761960509,0.0294789081539643,0.0218579126993976,"Reg3b/Reg3g/Dmbt1/Ceacam1",4
"GO:0002764","BP","GO:0002764","immune response-regulating signaling pathway","6/76","450/28891",0.00120389222781441,0.030200753484456,0.0223931439275675,"Reg3g/Irf7/Pigr/Cd38/Oasl1/Fpr1",6
"GO:1903036","BP","GO:1903036","positive regulation of response to wounding","3/76","80/28891",0.00124259229571392,0.030200753484456,0.0223931439275675,"Reg3g/S100a9/Cldn3",3
"GO:0046851","BP","GO:0046851","negative regulation of bone remodeling","2/76","20/28891",0.00125828451402523,0.030200753484456,0.0223931439275675,"Cd38/Ceacam1",2
"GO:0045453","BP","GO:0045453","bone resorption","3/76","81/28891",0.0012879578307127,0.030200753484456,0.0223931439275675,"Cd38/Acp5/Ceacam1",3
"GO:0052547","BP","GO:0052547","regulation of peptidase activity","6/76","457/28891",0.00130245837129729,0.030200753484456,0.0223931439275675,"Spink1/Serpinb1a/Ecm1/S100a9/Cldn3/S100a8",6
"GO:0035821","BP","GO:0035821","modulation of process of another organism","2/76","21/28891",0.00138836864383175,0.0315358020527498,0.0233830508434821,"S100a9/Nos2",2
"GO:0001818","BP","GO:0001818","negative regulation of cytokine production","5/76","314/28891",0.00144505598878105,0.0321669463102661,0.023851029372723,"Acp5/Serpinb1a/Xaf1/Pglyrp1/Ceacam1",5
"GO:0045088","BP","GO:0045088","regulation of innate immune response","6/76","474/28891",0.00156758370430846,0.0342102090763787,0.0253660603545476,"Reg3g/Irf7/Isg15/Oasl1/Serpinb1a/Ceacam1",6
"GO:0051607","BP","GO:0051607","defense response to virus","5/76","328/28891",0.00174932141200545,0.0372270999784531,0.0276030135556885,"Irf7/Isg15/Rtp4/Oasl1/Oasl2",5
"GO:0140546","BP","GO:0140546","defense response to symbiont","5/76","329/28891",0.001772719046593,0.0372270999784531,0.0276030135556885,"Irf7/Isg15/Rtp4/Oasl1/Oasl2",5
"GO:0035634","BP","GO:0035634","response to stilbenoid","2/76","24/28891",0.00181541610151102,0.0374177429811439,0.02774437083011,"Saa3/Usp18",2
"GO:0045069","BP","GO:0045069","regulation of viral genome replication","3/76","92/28891",0.00185688602575209,0.0375766208484013,0.0278621750084141,"Isg15/Oasl1/Oasl2",3
"GO:0002523","BP","GO:0002523","leukocyte migration involved in inflammatory response","2/76","27/28891",0.00229697932673351,0.0448515436956912,0.0332563581192811,"S100a9/S100a8",2
"GO:0006883","BP","GO:0006883","intracellular sodium ion homeostasis","2/76","27/28891",0.00229697932673351,0.0448515436956912,0.0332563581192811,"Atp1b1/Atp12a",2
"GO:0098742","BP","GO:0098742","cell-cell adhesion via plasma-membrane adhesion molecules","4/76","211/28891",0.00235288406883349,0.0451510339415805,0.0334784230483748,"Epcam/Cdhr5/Ceacam1/Cldn3",4
"GO:0032069","BP","GO:0032069","regulation of nuclease activity","2/76","28/28891",0.0024694657591854,0.0465850066097179,0.0345416798430215,"Oasl1/Oasl2",2
"GO:0048771","BP","GO:0048771","tissue remodeling","4/76","215/28891",0.00251786510078724,0.0467063976196034,0.0346316884038105,"Cd38/Acp5/Nos2/Ceacam1",4
"GO:0007173","BP","GO:0007173","epidermal growth factor receptor signaling pathway","3/76","104/28891",0.00263265090683989,0.0475337521804268,0.0352451522291149,"Pigr/Agr2/Ceacam1",3
"GO:0034104","BP","GO:0034104","negative regulation of tissue remodeling","2/76","29/28891",0.00264788197231488,0.0475337521804268,0.0352451522291149,"Cd38/Ceacam1",2
"GO:0048525","BP","GO:0048525","negative regulation of viral process","3/76","105/28891",0.00270499865542243,0.0477883095791295,0.035433900515475,"Isg15/Oasl1/Oasl2",3
"GO:0006885","BP","GO:0006885","regulation of pH","3/76","106/28891",0.00277856418148731,0.0483209677186777,0.0358288539191784,"Car4/Slc26a3/Atp12a",3
"GO:0016327","CC","GO:0016327","apicolateral plasma membrane","4/78","27/28573",8.59603817486321e-07,0.000121985487436178,7.82747540145628e-05,"Krt8/Krt19/Cldn7/Cldn3",4
"GO:0016328","CC","GO:0016328","lateral plasma membrane","5/78","73/28573",1.72925115445507e-06,0.000121985487436178,7.82747540145628e-05,"Epcam/Cldn7/Atp1b1/Ceacam1/Cldn3",5
"GO:0016324","CC","GO:0016324","apical plasma membrane","9/78","427/28573",2.50655111170229e-06,0.000121985487436178,7.82747540145628e-05,"Muc13/Car4/Epcam/Muc17/Atp1b1/Slc26a3/Cdhr5/Ceacam1/Atp12a",9
"GO:0016323","CC","GO:0016323","basolateral plasma membrane","7/78","267/28573",8.62992806081809e-06,0.00031499237421986,0.000202121999319161,"Epcam/Cldn7/Cd38/Atp1b1/Slc51b/Ceacam1/Atp12a",7
"GO:0009925","CC","GO:0009925","basal plasma membrane","7/78","301/28573",1.87161777849291e-05,0.00054651239131993,0.000350682067970251,"Epcam/Cldn7/Cd38/Atp1b1/Slc51b/Ceacam1/Atp12a",7
"GO:0045178","CC","GO:0045178","basal part of cell","7/78","325/28573",3.05530540245418e-05,0.000743457647930518,0.000477056457576179,"Epcam/Cldn7/Cd38/Atp1b1/Slc51b/Ceacam1/Atp12a",7
"GO:0031526","CC","GO:0031526","brush border membrane","4/78","82/28573",7.64581497696736e-05,0.00159469855233891,0.00102327448563924,"Car4/Muc17/Slc26a3/Cdhr5",4
"GO:0070469","CC","GO:0070469","respirasome","4/78","103/28573",0.000185074948350787,0.00337761780740186,0.00216732505305526,"AA467197/Ndufa3/Higd1a/Cyc1",4
"GO:0030141","CC","GO:0030141","secretory granule","7/78","498/28573",0.000425828482589496,0.00690788427311849,0.00443260057900177,"Reg3b/Reg3g/Dmbt1/Car4/Pla2g2a/Sycn/Sprr2a3",7
"GO:0005903","CC","GO:0005903","brush border","4/78","149/28573",0.00075088214338832,0.0100401370086735,0.00644248157009329,"Car4/Muc17/Slc26a3/Cdhr5",4
"GO:0062023","CC","GO:0062023","collagen-containing extracellular matrix","6/78","396/28573",0.000756448678735673,0.0100401370086735,0.00644248157009329,"Reg3b/Reg3g/Dmbt1/Lgals4/Serpinb1a/Ecm1",6
"GO:0098800","CC","GO:0098800","inner mitochondrial membrane protein complex","4/78","154/28573",0.000849224327362691,0.0103322293162461,0.00662990922239294,"Atp5me/AA467197/Ndufa3/Cyc1",4
"GO:0042383","CC","GO:0042383","sarcolemma","4/78","170/28573",0.0012248323203858,0.0124351867756879,0.00797931956046301,"Car4/Krt8/Krt19/Atp1b1",4
"GO:0016010","CC","GO:0016010","dystrophin-associated glycoprotein complex","2/78","20/28573",0.00135391199289861,0.0124351867756879,0.00797931956046301,"Krt8/Krt19",2
"GO:0043034","CC","GO:0043034","costamere","2/78","20/28573",0.00135391199289861,0.0124351867756879,0.00797931956046301,"Krt8/Krt19",2
"GO:0045111","CC","GO:0045111","intermediate filament cytoskeleton","4/78","175/28573",0.00136276019459593,0.0124351867756879,0.00797931956046301,"Krt8/Krt19/Krt20/S100a8",4
"GO:0030667","CC","GO:0030667","secretory granule membrane","3/78","89/28573",0.00187733070165813,0.0154620622488328,0.00992158284171681,"Dmbt1/Car4/Sycn",3
"GO:0031253","CC","GO:0031253","cell projection membrane","5/78","327/28573",0.00203161544687435,0.0154620622488328,0.00992158284171681,"Car4/Muc17/Slc26a3/Cdhr5/Ceacam1",5
"GO:0090665","CC","GO:0090665","glycoprotein complex","2/78","25/28573",0.00211894193009975,0.0154620622488328,0.00992158284171681,"Krt8/Krt19",2
"GO:0005746","CC","GO:0005746","mitochondrial respirasome","3/78","95/28573",0.00226149916547009,0.0154620622488328,0.00992158284171681,"AA467197/Ndufa3/Cyc1",3
"GO:0042588","CC","GO:0042588","zymogen granule","2/78","26/28573",0.00229146808418052,0.0154620622488328,0.00992158284171681,"Reg3b/Dmbt1",2
"GO:0098803","CC","GO:0098803","respiratory chain complex","3/78","96/28573",0.00232989979092001,0.0154620622488328,0.00992158284171681,"AA467197/Ndufa3/Cyc1",3
"GO:0043209","CC","GO:0043209","myelin sheath","4/78","208/28573",0.00255581508271352,0.0162238696554858,0.0104104138380551,"Uba52/Tubb4b/Atp1b1/Ckmt1",4
"GO:0098862","CC","GO:0098862","cluster of actin-based cell projections","4/78","211/28573",0.00269102754483624,0.0163704175644205,0.010504449626773,"Car4/Muc17/Slc26a3/Cdhr5",4
"GO:0034364","CC","GO:0034364","high-density lipoprotein particle","2/78","35/28573",0.0041290312840864,0.0239741509905714,0.0153835575930848,"Saa1/Saa3",2
"GO:0030863","CC","GO:0030863","cortical cytoskeleton","3/78","119/28573",0.00426936935448533,0.0239741509905714,0.0153835575930848,"Krt19/Dstn/Nos2",3
"GO:0070069","CC","GO:0070069","cytochrome complex","2/78","41/28573",0.00563057147375349,0.0304467938951115,0.0195368756789107,"AA467197/Cyc1",2
"GO:0034358","CC","GO:0034358","plasma lipoprotein particle","2/78","43/28573",0.00617869481533646,0.0311065325185904,0.0199602119261323,"Saa1/Saa3",2
"GO:1990777","CC","GO:1990777","lipoprotein particle","2/78","43/28573",0.00617869481533646,0.0311065325185904,0.0199602119261323,"Saa1/Saa3",2
"GO:0005882","CC","GO:0005882","intermediate filament","3/78","139/28573",0.00656867841670278,0.0319675682946202,0.0205127150556683,"Krt8/Krt19/Krt20",3
"GO:0005791","CC","GO:0005791","rough endoplasmic reticulum","2/78","46/28573",0.00704459545261962,0.0320238886850042,0.0205488543112139,"Car4/Sec61g",2
"GO:0032994","CC","GO:0032994","protein-lipid complex","2/78","46/28573",0.00704459545261962,0.0320238886850042,0.0205488543112139,"Saa1/Saa3",2
"GO:0005923","CC","GO:0005923","bicellular tight junction","3/78","144/28573",0.00723827620962423,0.0320238886850042,0.0205488543112139,"Epcam/Cldn7/Cldn3",3
"GO:0070160","CC","GO:0070160","tight junction","3/78","154/28573",0.00869522488313427,0.0373383186158119,0.0239589787801533,"Epcam/Cldn7/Cldn3",3
"GO:0098798","CC","GO:0098798","mitochondrial protein-containing complex","4/78","303/28573",0.00956760506851382,0.0399105811429434,0.0256095293563227,"Atp5me/AA467197/Ndufa3/Cyc1",4
"GO:0043296","CC","GO:0043296","apical junction complex","3/78","169/28573",0.0111820443489195,0.0453494020817292,0.0290994721360772,"Epcam/Cldn7/Cldn3",3
"GO:0042834","MF","GO:0042834","peptidoglycan binding","3/74","19/28407",1.59569877830335e-05,0.00330309647108794,0.00209960365566231,"Reg3b/Reg3g/Pglyrp1",3
"GO:0050839","MF","GO:0050839","cell adhesion molecule binding","6/74","306/28407",0.000149025790020791,0.0117887959329139,0.00749351381446343,"Epcam/Isg15/Cldn7/Cdhr5/Nos2/Tspan8",6
"GO:0005391","MF","GO:0005391","P-type sodium:potassium-exchanging transporter activity","2/74","10/28407",0.00029720723167791,0.0117887959329139,0.00749351381446343,"Atp1b1/Atp12a",2
"GO:0008554","MF","GO:0008554","P-type sodium transporter activity","2/74","10/28407",0.00029720723167791,0.0117887959329139,0.00749351381446343,"Atp1b1/Atp12a",2
"GO:0008556","MF","GO:0008556","P-type potassium transmembrane transporter activity","2/74","11/28407",0.000362640353179165,0.0117887959329139,0.00749351381446343,"Atp1b1/Atp12a",2
"GO:0035325","MF","GO:0035325","Toll-like receptor binding","2/74","12/28407",0.000434434285660561,0.0117887959329139,0.00749351381446343,"Saa3/Ceacam1",2
"GO:0005539","MF","GO:0005539","glycosaminoglycan binding","5/74","243/28407",0.000437944985577679,0.0117887959329139,0.00749351381446343,"Reg3b/Reg3g/Saa1/Dmbt1/Pglyrp1",5
"GO:0031386","MF","GO:0031386","protein tag activity","2/74","13/28407",0.000512556344909299,0.0117887959329139,0.00749351381446343,"Uba52/Isg15",2
"GO:0141047","MF","GO:0141047","molecular tag activity","2/74","13/28407",0.000512556344909299,0.0117887959329139,0.00749351381446343,"Uba52/Isg15",2
"GO:0030550","MF","GO:0030550","acetylcholine receptor inhibitor activity","2/74","14/28407",0.000596973969837557,0.0118620439558262,0.00754007370698336,"Ly6a/Ly6g",2
"GO:0070851","MF","GO:0070851","growth factor receptor binding","4/74","151/28407",0.000661231945011914,0.0118620439558262,0.00754007370698336,"Pigr/Ecm1/Agr2/Ceacam1",4
"GO:0004089","MF","GO:0004089","carbonate dehydratase activity","2/74","15/28407",0.000687654722076882,0.0118620439558262,0.00754007370698336,"Car4/Car1",2
"GO:0070492","MF","GO:0070492","oligosaccharide binding","2/74","19/28407",0.00111236450934277,0.0177122656487657,0.0112587500945625,"Reg3b/Reg3g",2
"GO:0003725","MF","GO:0003725","double-stranded RNA binding","3/74","82/28407",0.001296467491354,0.019169197907877,0.0121848448435526,"Tubb4b/Oasl1/Oasl2",3
"GO:0033130","MF","GO:0033130","acetylcholine receptor binding","2/74","22/28407",0.00149508831432295,0.0206322187376567,0.0131148097747627,"Ly6a/Ly6g",2
"GO:0016209","MF","GO:0016209","antioxidant activity","3/74","89/28407",0.00164099324988519,0.0212303501703896,0.0134950102786611,"Gpx2/S100a9/S100a8",3
"GO:0015125","MF","GO:0015125","bile acid transmembrane transporter activity","2/74","24/28407",0.00178033011818966,0.0216781373214858,0.0137796448776289,"Slc51b/Ceacam1",2
"GO:0030548","MF","GO:0030548","acetylcholine receptor regulator activity","2/74","27/28407",0.00225270586851457,0.0245426376201324,0.015600456153148,"Ly6a/Ly6g",2
"GO:0099602","MF","GO:0099602","neurotransmitter receptor regulator activity","2/74","27/28407",0.00225270586851457,0.0245426376201324,0.015600456153148,"Ly6a/Ly6g",2
"GO:0015662","MF","GO:0015662","P-type ion transporter activity","2/74","30/28407",0.00277775404479206,0.0287497543635978,0.0182746976631057,"Atp1b1/Atp12a",2
"GO:0022853","MF","GO:0022853","active monoatomic ion transmembrane transporter activity","4/74","234/28407",0.00328956178003302,0.0315641805689715,0.0200636794870147,"Atp1b1/Slc26a3/Cyc1/Atp12a",4
"GO:0140358","MF","GO:0140358","P-type transmembrane transporter activity","2/74","33/28407",0.00335464721022885,0.0315641805689715,0.0200636794870147,"Atp1b1/Atp12a",2
"GO:0030547","MF","GO:0030547","signaling receptor inhibitor activity","2/74","35/28407",0.00376764107141136,0.0339087696427023,0.0215540107060147,"Ly6a/Ly6g",2
"GO:0015078","MF","GO:0015078","proton transmembrane transporter activity","3/74","122/28407",0.00401258310274039,0.0346085292611358,0.0219988108702872,"Atp5me/Cyc1/Atp12a",3
"GO:0005154","MF","GO:0005154","epidermal growth factor receptor binding","2/74","39/28407",0.00466070565301995,0.037330503762732,0.0237290260378413,"Pigr/Agr2",2
"GO:0004867","MF","GO:0004867","serine-type endopeptidase inhibitor activity","3/74","129/28407",0.00468885554507745,0.037330503762732,0.0237290260378413,"Spink1/Serpinb1a/Wfdc21",3
"GO:0038187","MF","GO:0038187","pattern recognition receptor activity","2/74","40/28407",0.00489777291236721,0.0375495923281486,0.0238682890466238,"Dmbt1/Pglyrp1",2
"GO:0005044","MF","GO:0005044","scavenger receptor activity","2/74","43/28407",0.0056416267328669,0.0417077404894088,0.0265114038198632,"Dmbt1/Lgals3bp",2
"GO:0015399","MF","GO:0015399","primary active transmembrane transporter activity","3/74","142/28407",0.0061185253707503,0.042534691011853,0.0270370525119839,"Atp1b1/Cyc1/Atp12a",3
"GO:0140313","MF","GO:0140313","molecular sequestering activity","2/74","45/28407",0.00616444797273233,0.042534691011853,0.0270370525119839,"Lcn2/Xaf1",2
