"","ONTOLOGY","ID","Description","GeneRatio","BgRatio","pvalue","p.adjust","qvalue","geneID","Count"
"GO:0006119","BP","GO:0006119","oxidative phosphorylation","16/269","147/28891",6.693452064252e-13,2.14458204138634e-09,1.64095261659399e-09,"Cox4i1/Cox7b/Chchd10/Cox6a1/Uqcrb/Cox7c/Uqcr10/Uqcr11/Atp5me/Cycs/Ndufc1/Nupr1/Ndufa7/Cyc1/Ndufb6/Ndufa9",16
"GO:0009060","BP","GO:0009060","aerobic respiration","17/269","196/28891",5.17628156907364e-12,8.29240307365598e-09,6.34503146019606e-09,"Cox4i1/Cox7b/Chchd10/Cox6a1/Uqcrb/Cox7c/Uqcr10/Uqcr11/Atp5me/Cycs/Ndufc1/Nupr1/Ndufa7/Cyc1/Ndufb6/Idh1/Ndufa9",17
"GO:0019646","BP","GO:0019646","aerobic electron transport chain","11/269","64/28891",1.78624419809125e-11,1.90770880356145e-08,1.45970622363316e-08,"Cox4i1/Cox7b/Cox6a1/Uqcrb/Cox7c/Uqcr10/Uqcr11/Cycs/Ndufa7/Cyc1/Ndufb6",11
"GO:0042060","BP","GO:0042060","wound healing","21/269","370/28891",5.31577311397652e-11,4.2579342642952e-08,3.25800936380298e-08,"Ceacam1/Tspan8/Cldn3/Hbegf/Reg3g/S100a9/Apoe/Plet1/Lrg1/Nlrp6/Duox2/Vil1/Cd9/Sdc4/Anxa1/Ccn1/Hnf4a/Papss2/Dsp/Tpm1/Slc12a2",21
"GO:0042742","BP","GO:0042742","defense response to bacterium","22/269","430/28891",1.33464527932959e-10,8.552406949944e-08,6.54397653801813e-08,"Reg3b/Lypd8/Lgals4/Zg16/Pla2g2a/Dmbt1/Sprr2a3/Igha/Wfdc2/Gpr15lg/Plac8/Il18/Pglyrp1/Jchain/Reg3g/Anxa3/Slpi/Lyz2/Lpo/Naip1/App/Nlrp6",22
"GO:0006091","BP","GO:0006091","generation of precursor metabolites and energy","23/269","484/28891",2.13924966793022e-10,1.01023583001864e-07,7.72994036439126e-08,"Cox4i1/Cox7b/Chchd10/Cox6a1/Uqcrb/Adh1/Cox7c/Uqcr10/Uqcr11/Hmgcs2/Atp5me/Cycs/Ndufc1/App/Nupr1/Ndufa7/Cyc1/Eno3/Ndufb6/Gfpt1/Tcf7l2/Idh1/Ndufa9",23
"GO:0042775","BP","GO:0042775","mitochondrial ATP synthesis coupled electron transport","11/269","80/28891",2.20713196321176e-10,1.01023583001864e-07,7.72994036439126e-08,"Cox4i1/Cox7b/Cox6a1/Uqcrb/Cox7c/Uqcr10/Uqcr11/Cycs/Ndufa7/Cyc1/Ndufb6",11
"GO:0042773","BP","GO:0042773","ATP synthesis coupled electron transport","11/269","82/28891",2.90163426101891e-10,1.10419044114047e-07,8.44884531643391e-08,"Cox4i1/Cox7b/Cox6a1/Uqcrb/Cox7c/Uqcr10/Uqcr11/Cycs/Ndufa7/Cyc1/Ndufb6",11
"GO:0045333","BP","GO:0045333","cellular respiration","17/269","254/28891",3.10165854252941e-10,1.10419044114047e-07,8.44884531643391e-08,"Cox4i1/Cox7b/Chchd10/Cox6a1/Uqcrb/Cox7c/Uqcr10/Uqcr11/Atp5me/Cycs/Ndufc1/Nupr1/Ndufa7/Cyc1/Ndufb6/Idh1/Ndufa9",17
"GO:0015980","BP","GO:0015980","energy derivation by oxidation of organic compounds","19/269","350/28891",9.49583805301071e-10,3.04246651218463e-07,2.3279796658381e-07,"Cox4i1/Cox7b/Chchd10/Cox6a1/Uqcrb/Cox7c/Uqcr10/Uqcr11/Atp5me/Cycs/Ndufc1/Nupr1/Ndufa7/Cyc1/Ndufb6/Gfpt1/Tcf7l2/Idh1/Ndufa9",19
"GO:0061041","BP","GO:0061041","regulation of wound healing","12/269","128/28891",3.02624980588374e-09,8.8146403436832e-07,6.74462755780214e-07,"Ceacam1/Tspan8/Cldn3/Hbegf/Reg3g/S100a9/Apoe/Duox2/Vil1/Cd9/Anxa1/Slc12a2",12
"GO:0022904","BP","GO:0022904","respiratory electron transport chain","11/269","106/28891",4.73117395916696e-09,1.26322344709758e-06,9.66570539552619e-07,"Cox4i1/Cox7b/Cox6a1/Uqcrb/Cox7c/Uqcr10/Uqcr11/Cycs/Ndufa7/Cyc1/Ndufb6",11
"GO:1903034","BP","GO:1903034","regulation of response to wounding","13/269","174/28891",1.06193265786372e-08,2.61725556599642e-06,2.00262442118591e-06,"Reg3b/Ceacam1/Tspan8/Cldn3/Hbegf/Reg3g/S100a9/Apoe/Duox2/Vil1/Cd9/Anxa1/Slc12a2",13
"GO:0022900","BP","GO:0022900","electron transport chain","11/269","116/28891",1.23249187578581e-08,2.82064569286982e-06,2.15825081105651e-06,"Cox4i1/Cox7b/Cox6a1/Uqcrb/Cox7c/Uqcr10/Uqcr11/Cycs/Ndufa7/Cyc1/Ndufb6",11
"GO:0006692","BP","GO:0006692","prostanoid metabolic process","8/269","58/28891",6.52333562034774e-08,1.39338448850628e-05,1.06616481823087e-05,"Pla2g2a/Cd74/Mgst3/Ces2e/Hpgd/Ces2c/Pla2g10/Anxa1",8
"GO:0006122","BP","GO:0006122","mitochondrial electron transport, ubiquinol to cytochrome c","5/269","13/28891",8.1638898317811e-08,1.63481893881417e-05,1.25090127751435e-05,"Uqcrb/Uqcr10/Uqcr11/Cycs/Cyc1",5
"GO:0045216","BP","GO:0045216","cell-cell junction organization","13/269","231/28891",2.96509024667284e-07,5.58832302961163e-05,4.27597225046504e-05,"Cldn7/Ceacam1/Cldn3/Cdh17/Ildr1/Cd177/Cd9/Hnf4a/Crb3/Pof1b/Dsp/Pmp22/Dsg2",13
"GO:0050830","BP","GO:0050830","defense response to Gram-positive bacterium","12/269","203/28891",5.05339021227195e-07,8.99503457784407e-05,6.88265836513531e-05,"Reg3b/Zg16/Pla2g2a/Dmbt1/Sprr2a3/Gpr15lg/Il18/Pglyrp1/Reg3g/Lyz2/App/Nlrp6",12
"GO:0006123","BP","GO:0006123","mitochondrial electron transport, cytochrome c to oxygen","5/269","19/28891",7.0459888378898e-07,0.000118817622297889,9.09147257808606e-05,"Cox4i1/Cox7b/Cox6a1/Cox7c/Cycs",5
"GO:0015711","BP","GO:0015711","organic anion transport","17/269","436/28891",8.44190261728256e-07,0.000135239279928867,0.000103479953661321,"Ceacam1/Car4/Mgst1/Slc26a3/Apoe/Slc51b/Slc6a14/Aqp8/Stard10/Fabp6/Fabp2/Slc6a8/Slc44a4/Pla2g10/Anxa1/Slc13a2/Slc12a2",17
"GO:0006693","BP","GO:0006693","prostaglandin metabolic process","7/269","57/28891",9.96985476155735e-07,0.000152111498362046,0.000116389933532166,"Pla2g2a/Cd74/Ces2e/Hpgd/Ces2c/Pla2g10/Anxa1",7
"GO:0019886","BP","GO:0019886","antigen processing and presentation of exogenous peptide antigen via MHC class II","5/269","21/28891",1.21438935431086e-06,0.000173004537158592,0.000132376492227597,"Cd74/H2-Aa/H2-Ea/H2-Eb1/H2-Ab1",5
"GO:0019730","BP","GO:0019730","antimicrobial humoral response","12/269","221/28891",1.24191771368527e-06,0.000173004537158592,0.000132376492227597,"Reg3b/Lgals4/Dmbt1/Igha/Wfdc2/Pglyrp1/Jchain/Reg3g/S100a9/Slpi/App/Cxcl2",12
"GO:1903035","BP","GO:1903035","negative regulation of response to wounding","8/269","94/28891",2.83791751302973e-06,0.000378861987989469,0.00028989078455466,"Reg3b/Ceacam1/Tspan8/Cldn3/Reg3g/Apoe/Cd9/Slc12a2",8
"GO:0002495","BP","GO:0002495","antigen processing and presentation of peptide antigen via MHC class II","5/269","25/28891",3.07551902247938e-06,0.000394158517920958,0.000301595107509663,"Cd74/H2-Aa/H2-Ea/H2-Eb1/H2-Ab1",5
"GO:0002399","BP","GO:0002399","MHC class II protein complex assembly","4/269","12/28891",3.4305057609778e-06,0.000407086683636032,0.000311487248238491,"H2-Aa/H2-Ea/H2-Eb1/H2-Ab1",4
"GO:0002503","BP","GO:0002503","peptide antigen assembly with MHC class II protein complex","4/269","12/28891",3.4305057609778e-06,0.000407086683636032,0.000311487248238491,"H2-Aa/H2-Ea/H2-Eb1/H2-Ab1",4
"GO:0098754","BP","GO:0098754","detoxification","7/269","71/28891",4.48845007444195e-06,0.000491553278448399,0.000376117874205375,"Mt1/Txn1/Gpx2/Muc2/Mt2/Aldh2/Aqp8",7
"GO:0002504","BP","GO:0002504","antigen processing and presentation of peptide or polysaccharide antigen via MHC class II","5/269","27/28891",4.60255878697003e-06,0.000491553278448399,0.000376117874205375,"Cd74/H2-Aa/H2-Ea/H2-Eb1/H2-Ab1",5
"GO:0032528","BP","GO:0032528","microvillus organization","5/269","27/28891",4.60255878697003e-06,0.000491553278448399,0.000376117874205375,"Klf5/Cdhr5/Vil1/Hnf4a/Myo1a",5
"GO:0009636","BP","GO:0009636","response to toxic substance","9/269","136/28891",5.49873323969003e-06,0.000568320687095705,0.000434857375729646,"Mt1/Txn1/Gpx2/Muc2/Mt2/Slc6a14/Aldh2/Aqp8/Nupr1",9
"GO:0006066","BP","GO:0006066","alcohol metabolic process","14/269","354/28891",6.76519231233245e-06,0.000640764890758668,0.000490288925217471,"Saa1/Adh1/Sult1b1/Hsd11b2/Hmgcs2/Apoe/Aqp8/Lima1/App/Degs2/Plpp2/Akr1c13/Pmp22/Idh1",14
"GO:0061687","BP","GO:0061687","detoxification of inorganic compound","4/269","14/28891",6.83603620035222e-06,0.000640764890758668,0.000490288925217471,"Mt1/Txn1/Muc2/Mt2",4
"GO:0033559","BP","GO:0033559","unsaturated fatty acid metabolic process","9/269","140/28891",6.96571994655542e-06,0.000640764890758668,0.000490288925217471,"Pla2g2a/Cd74/Mgst3/Scd2/Ces2e/Hpgd/Ces2c/Pla2g10/Anxa1",9
"GO:0052547","BP","GO:0052547","regulation of peptidase activity","16/269","457/28891",6.99961647208283e-06,0.000640764890758668,0.000490288925217471,"Spink4/Spink1/Serpinb1a/Wfdc2/Cldn3/S100a8/S100a9/Serpinb6a/Cycs/Slpi/Naip1/App/Sfn/Nlrp6/Ccn1/Fam162a",16
"GO:0008202","BP","GO:0008202","steroid metabolic process","14/269","358/28891",7.68352613337161e-06,0.00068352128079813,0.000523004488789948,"Saa1/Hsd11b2/Hmgcs2/Apoe/Atp1a1/Aqp8/Lima1/Fabp6/Sult1a1/Ugt2b34/App/Hsd17b2/Akr1c13/Pmp22",14
"GO:0015718","BP","GO:0015718","monocarboxylic acid transport","10/269","180/28891",7.89334812407328e-06,0.00068352128079813,0.000523004488789948,"Ceacam1/Apoe/Slc51b/Aqp8/Stard10/Fabp6/Fabp2/Slc6a8/Pla2g10/Anxa1",10
"GO:0046890","BP","GO:0046890","regulation of lipid biosynthetic process","11/269","222/28891",8.28131783053826e-06,0.000698245850764331,0.000534271169731956,"Ceacam1/Cd74/Dbi/Apoe/Atp1a1/Aqp8/Anxa1/Ccn1/Hnf4a/Tcf7l2/Idh1",11
"GO:0032530","BP","GO:0032530","regulation of microvillus organization","4/269","15/28891",9.25364759062926e-06,0.000742411313347505,0.000568064902025869,"Klf5/Cdhr5/Vil1/Hnf4a",4
"GO:0009259","BP","GO:0009259","ribonucleotide metabolic process","14/269","364/28891",9.26855572219108e-06,0.000742411313347505,0.000568064902025869,"Atp1b1/Atp5if1/Sult1b1/Hmgcs2/Upp1/Atp5me/Ndufc1/Gda/Ndufa7/Ndufb6/Hnf4a/Papss2/Nme7/Ndufa9",14
"GO:0019693","BP","GO:0019693","ribose phosphate metabolic process","14/269","373/28891",1.21898799226885e-05,0.000912613075076466,0.000698296817088209,"Atp1b1/Atp5if1/Sult1b1/Hmgcs2/Upp1/Atp5me/Ndufc1/Gda/Ndufa7/Ndufb6/Hnf4a/Papss2/Nme7/Ndufa9",14
"GO:0002396","BP","GO:0002396","MHC protein complex assembly","4/269","16/28891",1.22479282859825e-05,0.000912613075076466,0.000698296817088209,"H2-Aa/H2-Ea/H2-Eb1/H2-Ab1",4
"GO:0002501","BP","GO:0002501","peptide antigen assembly with MHC protein complex","4/269","16/28891",1.22479282859825e-05,0.000912613075076466,0.000698296817088209,"H2-Aa/H2-Ea/H2-Eb1/H2-Ab1",4
"GO:0060326","BP","GO:0060326","cell chemotaxis","13/269","331/28891",1.55330430307924e-05,0.00113108795160588,0.000865465483701329,"Agr2/Cd74/Saa3/Gpr15lg/Hbegf/S100a8/S100a9/Ccl6/App/Cxcl2/S100a14/Anxa1/Slc12a2",13
"GO:0009150","BP","GO:0009150","purine ribonucleotide metabolic process","13/269","345/28891",2.39582104310553e-05,0.00170582458269114,0.00130523209576439,"Atp1b1/Atp5if1/Sult1b1/Hmgcs2/Atp5me/Ndufc1/Gda/Ndufa7/Ndufb6/Hnf4a/Papss2/Nme7/Ndufa9",13
"GO:0050878","BP","GO:0050878","regulation of body fluid levels","13/269","348/28891",2.62122280191702e-05,0.00182573866463959,0.00139698579076996,"Agr2/Ceacam1/Tspan8/S100a9/Aqp4/Hsd11b2/Muc2/Apoe/Nlrp6/Cd9/Hnf4a/Papss2/Guca2b",13
"GO:0090303","BP","GO:0090303","positive regulation of wound healing","6/269","63/28891",2.68375702789944e-05,0.00182952287604039,0.00139988132541496,"Cldn3/Hbegf/Reg3g/S100a9/Duox2/Anxa1",6
"GO:0006935","BP","GO:0006935","chemotaxis","15/269","462/28891",3.24815988095426e-05,0.00213344218790737,0.00163242882437619,"Agr2/Cd74/Saa3/Gpr15lg/Hbegf/S100a8/S100a9/Ccl6/App/Lgr4/Cxcl2/S100a14/Anxa1/Ccn1/Slc12a2",15
"GO:0051346","BP","GO:0051346","negative regulation of hydrolase activity","13/269","356/28891",3.31540454535412e-05,0.00213344218790737,0.00163242882437619,"Spink4/Spink1/Serpinb1a/Wfdc2/Ppp1r14d/Atp5if1/Serpinb6a/Slpi/Naip1/App/Sfn/Ppp1r1b/Anxa1",13
"GO:0006631","BP","GO:0006631","fatty acid metabolic process","15/269","463/28891",3.32934174142848e-05,0.00213344218790737,0.00163242882437619,"Pla2g2a/Ceacam1/Cd74/Dbi/Mgst3/Scd2/Hao2/Ces2e/Fabp2/Hpgd/Ces2c/Pla2g10/Anxa1/Hnf4a/Fads2",15
"GO:0042330","BP","GO:0042330","taxis","15/269","464/28891",3.41230692022987e-05,0.00214373164165029,0.00164030192305787,"Agr2/Cd74/Saa3/Gpr15lg/Hbegf/S100a8/S100a9/Ccl6/App/Lgr4/Cxcl2/S100a14/Anxa1/Ccn1/Slc12a2",15
"GO:0050727","BP","GO:0050727","regulation of inflammatory response","14/269","411/28891",3.54811043115358e-05,0.00218618188873386,0.00167278323768354,"Reg3b/Gpx2/Il18/Pglyrp1/Reg3g/S100a8/S100a9/Apoe/App/Nupr1/Nlrp6/Pla2g10/Anxa1/Pmp22",14
"GO:0046942","BP","GO:0046942","carboxylic acid transport","13/269","362/28891",3.93660128634445e-05,0.00237978689083918,0.00182092242222368,"Ceacam1/Apoe/Slc51b/Slc6a14/Aqp8/Stard10/Fabp6/Fabp2/Slc6a8/Pla2g10/Anxa1/Slc13a2/Slc12a2",13
"GO:0061045","BP","GO:0061045","negative regulation of wound healing","6/269","68/28891",4.15853692001232e-05,0.0024263562251103,0.00185655550571059,"Ceacam1/Tspan8/Cldn3/Apoe/Cd9/Slc12a2",6
"GO:0015849","BP","GO:0015849","organic acid transport","13/269","364/28891",4.16509339516438e-05,0.0024263562251103,0.00185655550571059,"Ceacam1/Apoe/Slc51b/Slc6a14/Aqp8/Stard10/Fabp6/Fabp2/Slc6a8/Pla2g10/Anxa1/Slc13a2/Slc12a2",13
"GO:0042119","BP","GO:0042119","neutrophil activation","5/269","42/28891",4.32715587625654e-05,0.00247575132634392,0.0018943507586093,"Pla2g2a/Il18/Anxa3/Cd177/Anxa1",5
"GO:0006636","BP","GO:0006636","unsaturated fatty acid biosynthetic process","5/269","43/28891",4.85949687104782e-05,0.0027315487675153,0.00209007723225676,"Pla2g2a/Cd74/Scd2/Pla2g10/Anxa1",5
"GO:0050678","BP","GO:0050678","regulation of epithelial cell proliferation","14/269","426/28891",5.22155510426715e-05,0.00288445906104689,0.00220707837347336,"Pla2g2a/Ceacam1/Id1/Gpr15lg/Il18/Reg3g/Atp5if1/Apoe/Fgfbp1/Lrg1/Nupr1/Sfn/Hes1/Tcf7l2",14
"GO:0042554","BP","GO:0042554","superoxide anion generation","5/269","46/28891",6.76428152675838e-05,0.00367334881554811,0.00281070681102948,"Il18/App/Duox2/Cd177/Noxo1",5
"GO:0009117","BP","GO:0009117","nucleotide metabolic process","15/269","497/28891",7.39812504003551e-05,0.00390546276172448,0.00298831157502343,"Atp1b1/Atp5if1/Sult1b1/Hmgcs2/Upp1/Atp5me/Ndufc1/Gda/Ndufa7/Ndufb6/Hnf4a/Papss2/Nme7/Idh1/Ndufa9",15
"GO:0006690","BP","GO:0006690","icosanoid metabolic process","8/269","147/28891",7.43549402200978e-05,0.00390546276172448,0.00298831157502343,"Pla2g2a/Cd74/Mgst3/Ces2e/Hpgd/Ces2c/Pla2g10/Anxa1",8
"GO:0006163","BP","GO:0006163","purine nucleotide metabolic process","14/269","444/28891",8.10900535594891e-05,0.00414992164768936,0.0031753622174481,"Atp1b1/Atp5if1/Sult1b1/Hmgcs2/Atp5me/Ndufc1/Gda/Ndufa7/Ndufb6/Hnf4a/Papss2/Nme7/Idh1/Ndufa9",14
"GO:0062012","BP","GO:0062012","regulation of small molecule metabolic process","13/269","389/28891",8.15995829601841e-05,0.00414992164768936,0.0031753622174481,"Tff3/Ceacam1/Cd74/Dbi/Atp5if1/Apoe/Gcg/Aqp8/App/Nupr1/Anxa1/Hnf4a/Tcf7l2",13
"GO:0006959","BP","GO:0006959","humoral immune response","12/269","337/28891",8.43819123152674e-05,0.00422284151898131,0.00323115772971531,"Reg3b/Lgals4/Dmbt1/Igha/Wfdc2/Pglyrp1/Jchain/Reg3g/S100a9/Slpi/App/Cxcl2",12
"GO:0034341","BP","GO:0034341","response to type II interferon","8/269","150/28891",8.56693816272737e-05,0.00422284151898131,0.00323115772971531,"Cd74/Aqp4/H2-Aa/Ifitm3/H2-Eb1/Ifitm2/Ccl6/H2-Ab1",8
"GO:0007159","BP","GO:0007159","leukocyte cell-cell adhesion","14/269","447/28891",8.70577428717065e-05,0.0042262576994083,0.00323377166105589,"Ceacam1/Cd74/Il18/S100a8/S100a9/H2-Aa/H2-Ea/H2-Eb1/Lrg1/Cd177/Sdc4/Anxa1/Hes1/H2-Ab1",14
"GO:0061844","BP","GO:0061844","antimicrobial humoral immune response mediated by antimicrobial peptide","8/269","151/28891",8.9743818934291e-05,0.00429162978903684,0.00328379189784703,"Reg3b/Lgals4/Dmbt1/Pglyrp1/Reg3g/S100a9/App/Cxcl2",8
"GO:0030595","BP","GO:0030595","leukocyte chemotaxis","10/269","240/28891",9.19049080150315e-05,0.0043303430188259,0.00331341378896298,"Cd74/Gpr15lg/S100a8/S100a9/Ccl6/App/Cxcl2/S100a14/Anxa1/Slc12a2",10
"GO:0046889","BP","GO:0046889","positive regulation of lipid biosynthetic process","7/269","114/28891",9.8886960514828e-05,0.00459179451434071,0.00351346652996238,"Cd74/Dbi/Apoe/Anxa1/Ccn1/Hnf4a/Tcf7l2",7
"GO:0019216","BP","GO:0019216","regulation of lipid metabolic process","13/269","398/28891",0.000102514209707367,0.00462613419580851,0.00353974194823511,"Ceacam1/Cd74/Dbi/Apoe/Atp1a1/Aqp8/Hpgd/Anxa1/Ccn1/Hnf4a/Tcf7l2/Golm1/Idh1",13
"GO:0050900","BP","GO:0050900","leukocyte migration","13/269","398/28891",0.000102514209707367,0.00462613419580851,0.00353974194823511,"Cd74/Gpr15lg/S100a8/S100a9/Ccl6/App/Eps8/Cxcl2/Cd177/Cd9/S100a14/Anxa1/Slc12a2",13
"GO:1903036","BP","GO:1903036","positive regulation of response to wounding","6/269","80/28891",0.000104020499203497,0.0046289122145556,0.00354186758252842,"Cldn3/Hbegf/Reg3g/S100a9/Duox2/Anxa1",6
"GO:0036230","BP","GO:0036230","granulocyte activation","5/269","51/28891",0.000111608241410979,0.00483612302141126,0.00370041741141561,"Pla2g2a/Il18/Anxa3/Cd177/Anxa1",5
"GO:0042445","BP","GO:0042445","hormone metabolic process","10/269","246/28891",0.000112596872289959,0.00483612302141126,0.00370041741141561,"Adh1/Sult1b1/Atp1a1/Sult1a1/Ugt2b34/Hsd17b2/Duox2/Papss2/Selenom/Tcf7l2",10
"GO:0032970","BP","GO:0032970","regulation of actin filament-based process","13/269","402/28891",0.000113205126905694,0.00483612302141126,0.00370041741141561,"Dstn/Id1/Smim22/Atp1a1/Lima1/Cdc42ep5/Eps8/Vil1/Cd2ap/Sdc4/Dsp/Tpm1/Dsg2",13
"GO:0048149","BP","GO:0048149","behavioral response to ethanol","3/269","11/28891",0.000124623395644133,0.00525385999531318,0.00402005385672002,"Adh1/Aldh2/Eps8",3
"GO:0009205","BP","GO:0009205","purine ribonucleoside triphosphate metabolic process","8/269","160/28891",0.00013417970512422,0.00544656404077904,0.0041675036635043,"Atp1b1/Atp5if1/Atp5me/Ndufc1/Ndufa7/Ndufb6/Nme7/Ndufa9",8
"GO:0002478","BP","GO:0002478","antigen processing and presentation of exogenous peptide antigen","5/269","53/28891",0.000134294182029196,0.00544656404077904,0.0041675036635043,"Cd74/H2-Aa/H2-Ea/H2-Eb1/H2-Ab1",5
"GO:0046456","BP","GO:0046456","icosanoid biosynthetic process","5/269","53/28891",0.000134294182029196,0.00544656404077904,0.0041675036635043,"Pla2g2a/Cd74/Mgst3/Pla2g10/Anxa1",5
"GO:0006633","BP","GO:0006633","fatty acid biosynthetic process","8/269","161/28891",0.000140075631616654,0.00560077234983121,0.00428549799683189,"Pla2g2a/Ceacam1/Cd74/Scd2/Pla2g10/Anxa1/Hnf4a/Fads2",8
"GO:0097529","BP","GO:0097529","myeloid leukocyte migration","10/269","253/28891",0.000141592559405845,0.00560077234983121,0.00428549799683189,"Cd74/S100a8/S100a9/Ccl6/App/Cxcl2/Cd177/Cd9/S100a14/Anxa1",10
"GO:1902652","BP","GO:1902652","secondary alcohol metabolic process","8/269","162/28891",0.000146183558111293,0.00571185512425102,0.00437049431118359,"Saa1/Hmgcs2/Apoe/Aqp8/Lima1/App/Pmp22/Idh1",8
"GO:0032612","BP","GO:0032612","interleukin-1 production","7/269","122/28891",0.00015115252803545,0.00583485180512748,0.00446460669365329,"Ceacam1/Serpinb1a/Aqp4/App/Nlrp6/Anxa1/Ccn1",7
"GO:0052548","BP","GO:0052548","regulation of endopeptidase activity","12/269","360/28891",0.000156413302131602,0.00596605023844826,0.00456499474516919,"Spink1/Serpinb1a/S100a8/S100a9/Serpinb6a/Cycs/Naip1/App/Sfn/Nlrp6/Ccn1/Fam162a",12
"GO:0030834","BP","GO:0030834","regulation of actin filament depolymerization","5/269","55/28891",0.000160350805244378,0.00599161367154142,0.00458455491195873,"Dstn/Lima1/Eps8/Vil1/Tpm1",5
"GO:0072593","BP","GO:0072593","reactive oxygen species metabolic process","10/269","257/28891",0.000160823587937754,0.00599161367154142,0.00458455491195873,"Txn1/Il18/Atp5if1/Cycs/Aldh2/App/Duox2/Cd177/Ccn1/Noxo1",10
"GO:0072521","BP","GO:0072521","purine-containing compound metabolic process","14/269","479/28891",0.000178649045364309,0.00648401613497204,0.0049613225502168,"Atp1b1/Atp5if1/Sult1b1/Hmgcs2/Atp5me/Ndufc1/Gda/Ndufa7/Ndufb6/Hnf4a/Papss2/Nme7/Idh1/Ndufa9",14
"GO:0009199","BP","GO:0009199","ribonucleoside triphosphate metabolic process","8/269","167/28891",0.000180111559304779,0.00648401613497204,0.0049613225502168,"Atp1b1/Atp5if1/Atp5me/Ndufc1/Ndufa7/Ndufb6/Nme7/Ndufa9",8
"GO:0097530","BP","GO:0097530","granulocyte migration","8/269","167/28891",0.000180111559304779,0.00648401613497204,0.0049613225502168,"Cd74/S100a8/S100a9/Ccl6/Cxcl2/Cd177/S100a14/Anxa1",8
"GO:0006814","BP","GO:0006814","sodium ion transport","10/269","262/28891",0.000187915238730668,0.00668978249881177,0.0051187671462424,"Atp1b1/Atp1a1/Slc6a14/Fxyd4/Slc6a8/Kcnk1/Slc13a2/Guca2b/Fxyd3/Slc12a2",10
"GO:0009144","BP","GO:0009144","purine nucleoside triphosphate metabolic process","8/269","169/28891",0.000195379674034294,0.00680430951745518,0.00520639886528455,"Atp1b1/Atp5if1/Atp5me/Ndufc1/Ndufa7/Ndufb6/Nme7/Ndufa9",8
"GO:0035725","BP","GO:0035725","sodium ion transmembrane transport","8/269","169/28891",0.000195379674034294,0.00680430951745518,0.00520639886528455,"Atp1b1/Atp1a1/Slc6a14/Fxyd4/Slc6a8/Kcnk1/Fxyd3/Slc12a2",8
"GO:0032102","BP","GO:0032102","negative regulation of response to external stimulus","14/269","485/28891",0.000202919215072571,0.00699089424830663,0.00534916640525203,"Reg3b/Ceacam1/Gpx2/Tspan8/Pyy/Cldn3/Pglyrp1/Reg3g/Apoe/Gcg/Nlrp6/Pla2g10/Cd9/Slc12a2",14
"GO:0016051","BP","GO:0016051","carbohydrate biosynthetic process","9/269","216/28891",0.000205514749700387,0.00700499210680895,0.0053599535504166,"Atf3/Gcg/Fbp2/Fut2/Hnf4a/St6galnac6/Gfpt1/Nans/Tcf7l2",9
"GO:0097501","BP","GO:0097501","stress response to metal ion","3/269","13/28891",0.000213051665976758,0.00703684710962768,0.00538432778708288,"Mt1/Muc2/Mt2",3
"GO:0001516","BP","GO:0001516","prostaglandin biosynthetic process","4/269","32/28891",0.000215234399732682,0.00703684710962768,0.00538432778708288,"Pla2g2a/Cd74/Pla2g10/Anxa1",4
"GO:0007263","BP","GO:0007263","nitric oxide mediated signal transduction","4/269","32/28891",0.000215234399732682,0.00703684710962768,0.00538432778708288,"Mt1/Spink1/Apoe/Mt2",4
"GO:0046457","BP","GO:0046457","prostanoid biosynthetic process","4/269","32/28891",0.000215234399732682,0.00703684710962768,0.00538432778708288,"Pla2g2a/Cd74/Pla2g10/Anxa1",4
"GO:0030048","BP","GO:0030048","actin filament-based movement","7/269","130/28891",0.00022383925843554,0.0071732983952581,0.00548873512141275,"Atp1a1/Vil1/Dsp/Tpm1/Myh14/Dsg2/Myo1a",7
"GO:0030042","BP","GO:0030042","actin filament depolymerization","5/269","59/28891",0.000223885717704685,0.0071732983952581,0.00548873512141275,"Dstn/Lima1/Eps8/Vil1/Tpm1",5
"GO:0019884","BP","GO:0019884","antigen processing and presentation of exogenous antigen","5/269","60/28891",0.000242398859692902,0.00763742048570937,0.00584386369380942,"Cd74/H2-Aa/H2-Ea/H2-Eb1/H2-Ab1",5
"GO:0010669","BP","GO:0010669","epithelial structure maintenance","4/269","33/28891",0.000243138854413969,0.00763742048570937,0.00584386369380942,"Tff3/Muc13/Muc2/Ildr1",4
"GO:0044319","BP","GO:0044319","wound healing, spreading of cells","4/269","34/28891",0.000273551886501162,0.00836676802288296,0.00640193269114081,"Hbegf/Plet1/Lrg1/Ccn1",4
"GO:0090505","BP","GO:0090505","epiboly involved in wound healing","4/269","34/28891",0.000273551886501162,0.00836676802288296,0.00640193269114081,"Hbegf/Plet1/Lrg1/Ccn1",4
"GO:0010631","BP","GO:0010631","epithelial cell migration","11/269","328/28891",0.000277758190309603,0.00836676802288296,0.00640193269114081,"Ceacam1/Hbegf/S100a9/Cd63/Rab25/Anxa3/Apoe/Fgfbp1/Lrg1/Vil1/Anxa1",11
"GO:0070085","BP","GO:0070085","glycosylation","9/269","225/28891",0.000277977564108901,0.00836676802288296,0.00640193269114081,"Mgat4c/Slc51b/Fuom/Fut2/St6galnac6/Gfpt1/Nans/B3galt5/B3gnt7",9
"GO:0046034","BP","GO:0046034","ATP metabolic process","7/269","135/28891",0.000282025888411785,0.00836676802288296,0.00640193269114081,"Atp1b1/Atp5if1/Atp5me/Ndufc1/Ndufa7/Ndufb6/Ndufa9",7
"GO:0071621","BP","GO:0071621","granulocyte chemotaxis","7/269","135/28891",0.000282025888411785,0.00836676802288296,0.00640193269114081,"Cd74/S100a8/S100a9/Ccl6/Cxcl2/S100a14/Anxa1",7
"GO:0090132","BP","GO:0090132","epithelium migration","11/269","330/28891",0.000292486040837606,0.00859747958572193,0.00657846440473959,"Ceacam1/Hbegf/S100a9/Cd63/Rab25/Anxa3/Apoe/Fgfbp1/Lrg1/Vil1/Anxa1",11
"GO:0006869","BP","GO:0006869","lipid transport","13/269","445/28891",0.000304049724987039,0.00880719694715039,0.00673893215385809,"Ceacam1/Dbi/Apoe/Slc51b/Aqp8/Lima1/Stard10/Fabp6/Fabp2/Pla2g10/Atp10b/Anxa1/Selenom",13
"GO:0090504","BP","GO:0090504","epiboly","4/269","35/28891",0.000306601797862591,0.00880719694715039,0.00673893215385809,"Hbegf/Plet1/Lrg1/Ccn1",4
"GO:0090130","BP","GO:0090130","tissue migration","11/269","332/28891",0.000307867059326106,0.00880719694715039,0.00673893215385809,"Ceacam1/Hbegf/S100a9/Cd63/Rab25/Anxa3/Apoe/Fgfbp1/Lrg1/Vil1/Anxa1",11
"GO:0035264","BP","GO:0035264","multicellular organism growth","9/269","230/28891",0.000326627137189495,0.00916683831085127,0.00701411604769453,"Plac8/App/Duox2/Vil1/Guca2b/Pmp22/Selenom/Tcf7l2/Slc12a2",9
"GO:0006749","BP","GO:0006749","glutathione metabolic process","5/269","64/28891",0.000328321438720939,0.00916683831085127,0.00701411604769453,"Mgst1/Ethe1/Gsta4/Idh1/Gstm1",5
"GO:0010544","BP","GO:0010544","negative regulation of platelet activation","3/269","15/28891",0.000334301953451611,0.00916683831085127,0.00701411604769453,"Ceacam1/Apoe/Cd9",3
"GO:0030007","BP","GO:0030007","intracellular potassium ion homeostasis","3/269","15/28891",0.000334301953451611,0.00916683831085127,0.00701411604769453,"Atp1b1/Atp1a1/Slc12a2",3
"GO:1902905","BP","GO:1902905","positive regulation of supramolecular fiber organization","8/269","183/28891",0.000334744095620973,0.00916683831085127,0.00701411604769453,"Dstn/Id1/Gda/Cdc42ep5/App/Vil1/Sdc4/Tpm1",8
"GO:0019221","BP","GO:0019221","cytokine-mediated signaling pathway","13/269","450/28891",0.000338156494843336,0.00918180855489871,0.00702557070910017,"Krt8/Ceacam1/Cd74/Il18/Krt18/Ifitm3/Ifitm2/Naip1/Ccl6/Nlrp6/Cxcl2/Duox2/Ifngr2",13
"GO:0009141","BP","GO:0009141","nucleoside triphosphate metabolic process","8/269","184/28891",0.0003471900286948,0.00927071360103932,0.00709359746922288,"Atp1b1/Atp5if1/Atp5me/Ndufc1/Ndufa7/Ndufb6/Nme7/Ndufa9",8
"GO:0002263","BP","GO:0002263","cell activation involved in immune response","11/269","337/28891",0.000349328886644665,0.00927071360103932,0.00709359746922288,"Cd74/Gpr15lg/Il18/Pglyrp1/Anxa3/Cdh17/H2-Ea/App/Cd177/Anxa1/Tcim",11
"GO:0019731","BP","GO:0019731","antibacterial humoral response","7/269","140/28891",0.000351790716777542,0.00927071360103932,0.00709359746922288,"Lgals4/Dmbt1/Igha/Wfdc2/Jchain/Slpi/App",7
"GO:0042776","BP","GO:0042776","proton motive force-driven mitochondrial ATP synthesis","5/269","65/28891",0.000353004700164419,0.00927071360103932,0.00709359746922288,"Atp5me/Ndufc1/Ndufa7/Ndufb6/Ndufa9",5
"GO:0030193","BP","GO:0030193","regulation of blood coagulation","5/269","66/28891",0.000379065653429323,0.00987419799664675,0.00755536077738034,"Ceacam1/Tspan8/S100a9/Apoe/Cd9",5
"GO:0015833","BP","GO:0015833","peptide transport","11/269","343/28891",0.000405189861271059,0.0103858265240998,0.00794683946863407,"Cd74/Fam3d/S100a8/S100a9/Cdh17/Gcg/Ildr1/Fam3b/Anxa1/Hnf4a/Tcf7l2",11
"GO:1902074","BP","GO:1902074","response to salt","11/269","343/28891",0.000405189861271059,0.0103858265240998,0.00794683946863407,"Krt8/Mt1/Ly6a/Ly6g/Ly6c1/S100a16/Mapk13/App/Ppp1r1b/Slc13a2/Slc12a2",11
"GO:1900046","BP","GO:1900046","regulation of hemostasis","5/269","68/28891",0.000435519629011283,0.0110055541015923,0.00842103144181894,"Ceacam1/Tspan8/S100a9/Apoe/Cd9",5
"GO:0007173","BP","GO:0007173","epidermal growth factor receptor signaling pathway","6/269","104/28891",0.000436237631367735,0.0110055541015923,0.00842103144181894,"Agr2/Pigr/Ceacam1/Hbegf/Areg/Vil1",6
"GO:2000116","BP","GO:2000116","regulation of cysteine-type endopeptidase activity","9/269","240/28891",0.000445141068681316,0.0111424373754292,0.00852576931709527,"S100a8/S100a9/Cycs/Naip1/App/Sfn/Nlrp6/Ccn1/Fam162a",9
"GO:0002064","BP","GO:0002064","epithelial cell development","9/269","242/28891",0.000472637383307542,0.0117389936133129,0.00898223146245014,"Id1/Cldn3/Rab25/Muc2/Hoxb13/Klf5/Sfn/Pof1b/Tfcp2l1",9
"GO:0010952","BP","GO:0010952","positive regulation of peptidase activity","8/269","193/28891",0.000477097940272024,0.0117586292356274,0.00899725589387485,"Cldn3/S100a8/S100a9/Cycs/App/Nlrp6/Ccn1/Fam162a",8
"GO:2001056","BP","GO:2001056","positive regulation of cysteine-type endopeptidase activity","7/269","148/28891",0.000491568476735689,0.0119095104639315,0.00911270447154758,"S100a8/S100a9/Cycs/App/Nlrp6/Ccn1/Fam162a",7
"GO:0018119","BP","GO:0018119","peptidyl-cysteine S-nitrosylation","3/269","17/28891",0.000492776985487359,0.0119095104639315,0.00911270447154758,"Txn1/S100a8/S100a9",3
"GO:0006801","BP","GO:0006801","superoxide metabolic process","5/269","70/28891",0.000498088140501506,0.0119095104639315,0.00911270447154758,"Il18/App/Duox2/Cd177/Noxo1",5
"GO:0015986","BP","GO:0015986","proton motive force-driven ATP synthesis","5/269","70/28891",0.000498088140501506,0.0119095104639315,0.00911270447154758,"Atp5me/Ndufc1/Ndufa7/Ndufb6/Ndufa9",5
"GO:0001667","BP","GO:0001667","ameboidal-type cell migration","13/269","471/28891",0.000519330284407962,0.0122531218387641,0.00937562282754505,"Ceacam1/Hbegf/S100a9/Cd63/Rab25/Anxa3/Apoe/Fgfbp1/Lrg1/Vil1/Sdc4/Anxa1/Pmp22",13
"GO:0006790","BP","GO:0006790","sulfur compound metabolic process","10/269","298/28891",0.000520107543717828,0.0122531218387641,0.00937562282754505,"Sqor/Ethe1/Sult1b1/Hmgcs2/Sult1a1/Sult1d1/Hnf4a/Papss2/Tcf7l2/B3gnt7",10
"GO:0050818","BP","GO:0050818","regulation of coagulation","5/269","71/28891",0.000531794717236453,0.0123662543735466,0.00946218754057098,"Ceacam1/Tspan8/S100a9/Apoe/Cd9",5
"GO:0008203","BP","GO:0008203","cholesterol metabolic process","7/269","150/28891",0.00053262893369208,0.0123662543735466,0.00946218754057098,"Saa1/Hmgcs2/Apoe/Aqp8/Lima1/App/Pmp22",7
"GO:0017014","BP","GO:0017014","protein nitrosylation","3/269","18/28891",0.000587273866221677,0.0132508835730581,0.0101390721603431,"Txn1/S100a8/S100a9",3
"GO:0030033","BP","GO:0030033","microvillus assembly","3/269","18/28891",0.000587273866221677,0.0132508835730581,0.0101390721603431,"Klf5/Hnf4a/Myo1a",3
"GO:0045605","BP","GO:0045605","negative regulation of epidermal cell differentiation","3/269","18/28891",0.000587273866221677,0.0132508835730581,0.0101390721603431,"Reg3b/Reg3g/Hes1",3
"GO:0045683","BP","GO:0045683","negative regulation of epidermis development","3/269","18/28891",0.000587273866221677,0.0132508835730581,0.0101390721603431,"Reg3b/Reg3g/Hes1",3
"GO:0010632","BP","GO:0010632","regulation of epithelial cell migration","9/269","250/28891",0.0005969603239254,0.0133752508941048,0.0102342333045437,"Ceacam1/Hbegf/Cd63/Rab25/Anxa3/Apoe/Fgfbp1/Vil1/Anxa1",9
"GO:1902075","BP","GO:1902075","cellular response to salt","8/269","202/28891",0.000643913432549665,0.01432707387423,0.0109625320497673,"Mt1/Ly6a/Ly6g/Ly6c1/Mapk13/Ppp1r1b/Slc13a2/Slc12a2",8
"GO:0009206","BP","GO:0009206","purine ribonucleoside triphosphate biosynthetic process","6/269","113/28891",0.000677636753876399,0.0149598906115457,0.0114467393502497,"Atp5me/Ndufc1/Ndufa7/Ndufb6/Nme7/Ndufa9",6
"GO:0019755","BP","GO:0019755","one-carbon compound transport","4/269","43/28891",0.000681692893035478,0.0149598906115457,0.0114467393502497,"Car4/Aqp4/Slc26a3/Aqp8",4
"GO:0009145","BP","GO:0009145","purine nucleoside triphosphate biosynthetic process","6/269","114/28891",0.000709789520174263,0.0154705144397166,0.0118374492838228,"Atp5me/Ndufc1/Ndufa7/Ndufb6/Nme7/Ndufa9",6
"GO:0022612","BP","GO:0022612","gland morphogenesis","7/269","158/28891",0.000724972685885837,0.0156244466318616,0.0119552323429942,"Ceacam1/Il18/Elf3/Hoxb13/Areg/Duox2/Slc12a2",7
"GO:0010466","BP","GO:0010466","negative regulation of peptidase activity","9/269","257/28891",0.00072660503999606,0.0156244466318616,0.0119552323429942,"Spink4/Spink1/Serpinb1a/Wfdc2/Serpinb6a/Slpi/Naip1/App/Sfn",9
"GO:0022600","BP","GO:0022600","digestive system process","6/269","115/28891",0.000743109852612528,0.0157955315099227,0.0120861399850877,"Tff3/Muc13/Muc2/Lima1/Fabp2/Vil1",6
"GO:0006953","BP","GO:0006953","acute-phase response","4/269","44/28891",0.000744421116728565,0.0157955315099227,0.0120861399850877,"Saa1/Reg3b/Saa3/Reg3g",4
"GO:0032652","BP","GO:0032652","regulation of interleukin-1 production","6/269","116/28891",0.000777626369995514,0.0163915453254318,0.0125421870894706,"Ceacam1/Serpinb1a/Aqp4/App/Anxa1/Ccn1",6
"GO:0045862","BP","GO:0045862","positive regulation of proteolysis","11/269","372/28891",0.000792171647345485,0.0165890062620584,0.0126932766884598,"Cldn3/S100a8/S100a9/Atp5if1/Cycs/Apoe/App/Nupr1/Nlrp6/Ccn1/Fam162a",11
"GO:0042886","BP","GO:0042886","amide transport","12/269","432/28891",0.000799968712912388,0.0166205485300964,0.0127174116323656,"Cd74/Fam3d/S100a8/S100a9/Cdh17/Gcg/Aqp8/Ildr1/Fam3b/Anxa1/Hnf4a/Tcf7l2",12
"GO:0009312","BP","GO:0009312","oligosaccharide biosynthetic process","3/269","20/28891",0.000809240190603944,0.0166205485300964,0.0127174116323656,"Fbp2/Fut2/St6galnac6",3
"GO:0035313","BP","GO:0035313","wound healing, spreading of epidermal cells","3/269","20/28891",0.000809240190603944,0.0166205485300964,0.0127174116323656,"Hbegf/Plet1/Lrg1",3
"GO:0009260","BP","GO:0009260","ribonucleotide biosynthetic process","8/269","210/28891",0.000829046598883443,0.0169188872791245,0.0129456890968792,"Upp1/Atp5me/Ndufc1/Ndufa7/Ndufb6/Papss2/Nme7/Ndufa9",8
"GO:0009201","BP","GO:0009201","ribonucleoside triphosphate biosynthetic process","6/269","118/28891",0.000850363964785099,0.0172440895137434,0.0131945214789107,"Atp5me/Ndufc1/Ndufa7/Ndufb6/Nme7/Ndufa9",6
"GO:0016125","BP","GO:0016125","sterol metabolic process","7/269","163/28891",0.00087066233585887,0.0173355707891575,0.0132645194716959,"Saa1/Hmgcs2/Apoe/Aqp8/Lima1/App/Pmp22",7
"GO:0044403","BP","GO:0044403","biological process involved in symbiotic interaction","9/269","264/28891",0.000878358566978654,0.0173355707891575,0.0132645194716959,"Gpx2/Cd74/Pglyrp1/Muc2/Ifitm3/Apoe/Ifitm2/Nlrp6/Tmprss4",9
"GO:0043281","BP","GO:0043281","regulation of cysteine-type endopeptidase activity involved in apoptotic process","8/269","212/28891",0.000881432554176661,0.0173355707891575,0.0132645194716959,"S100a8/S100a9/Cycs/Naip1/App/Sfn/Ccn1/Fam162a",8
"GO:0030195","BP","GO:0030195","negative regulation of blood coagulation","4/269","46/28891",0.000881928226789226,0.0173355707891575,0.0132645194716959,"Ceacam1/Tspan8/Apoe/Cd9",4
"GO:0030835","BP","GO:0030835","negative regulation of actin filament depolymerization","4/269","46/28891",0.000881928226789226,0.0173355707891575,0.0132645194716959,"Lima1/Eps8/Vil1/Tpm1",4
"GO:0003382","BP","GO:0003382","epithelial cell morphogenesis","4/269","47/28891",0.000956979812244085,0.0185828079904851,0.0142188579439647,"Id1/Cldn3/Rab25/Pof1b",4
"GO:1900047","BP","GO:1900047","negative regulation of hemostasis","4/269","47/28891",0.000956979812244085,0.0185828079904851,0.0142188579439647,"Ceacam1/Tspan8/Apoe/Cd9",4
"GO:0007043","BP","GO:0007043","cell-cell junction assembly","7/269","168/28891",0.00103852633229213,0.0199124321218778,0.0152362357618285,"Cldn7/Cldn3/Cdh17/Ildr1/Cd9/Pof1b/Pmp22",7
"GO:0046390","BP","GO:0046390","ribose phosphate biosynthetic process","8/269","218/28891",0.00105471111970905,0.0199124321218778,0.0152362357618285,"Upp1/Atp5me/Ndufc1/Ndufa7/Ndufb6/Papss2/Nme7/Ndufa9",8
"GO:0038127","BP","GO:0038127","ERBB signaling pathway","6/269","123/28891",0.00105520244233802,0.0199124321218778,0.0152362357618285,"Agr2/Pigr/Ceacam1/Hbegf/Areg/Vil1",6
"GO:1902106","BP","GO:1902106","negative regulation of leukocyte differentiation","6/269","123/28891",0.00105520244233802,0.0199124321218778,0.0152362357618285,"Ceacam1/Cd74/Pglyrp1/Tmem176b/Tmem176a/Anxa1",6
"GO:0097193","BP","GO:0097193","intrinsic apoptotic signaling pathway","10/269","327/28891",0.00105652729735307,0.0199124321218778,0.0152362357618285,"Cd74/S100a8/S100a9/Cycs/Gcg/Ifi27l2b/Aldh2/App/Nupr1/Sfn",10
"GO:0010950","BP","GO:0010950","positive regulation of endopeptidase activity","7/269","169/28891",0.00107495859530327,0.0200646835364612,0.0153527327539319,"S100a8/S100a9/Cycs/App/Nlrp6/Ccn1/Fam162a",7
"GO:0006898","BP","GO:0006898","receptor-mediated endocytosis","9/269","272/28891",0.00108235166835248,0.0200646835364612,0.0153527327539319,"Dmbt1/Ceacam1/Cd63/Ifitm3/Apoe/Cd14/App/Cd2ap/Cd9",9
"GO:0048002","BP","GO:0048002","antigen processing and presentation of peptide antigen","5/269","83/28891",0.00108339271279893,0.0200646835364612,0.0153527327539319,"Cd74/H2-Aa/H2-Ea/H2-Eb1/H2-Ab1",5
"GO:0009142","BP","GO:0009142","nucleoside triphosphate biosynthetic process","6/269","124/28891",0.00110035457364766,0.0202487140211331,0.0154935458818645,"Atp5me/Ndufc1/Ndufa7/Ndufb6/Nme7/Ndufa9",6
"GO:0002790","BP","GO:0002790","peptide secretion","10/269","329/28891",0.00110596908667238,0.0202487140211331,0.0154935458818645,"Cd74/Fam3d/S100a8/S100a9/Gcg/Ildr1/Fam3b/Anxa1/Hnf4a/Tcf7l2",10
"GO:0050819","BP","GO:0050819","negative regulation of coagulation","4/269","49/28891",0.0011203612432729,0.0203956671786726,0.0156059888491781,"Ceacam1/Tspan8/Apoe/Cd9",4
"GO:0050728","BP","GO:0050728","negative regulation of inflammatory response","7/269","172/28891",0.00119031022830862,0.0215466326073492,0.0164866638223656,"Reg3b/Gpx2/Pglyrp1/Reg3g/Apoe/Nlrp6/Pla2g10",7
"GO:0010837","BP","GO:0010837","regulation of keratinocyte proliferation","4/269","50/28891",0.00120896379513443,0.021639776534138,0.0165579340127497,"Gpr15lg/Reg3g/Lrg1/Sfn",4
"GO:0045214","BP","GO:0045214","sarcomere organization","4/269","50/28891",0.00120896379513443,0.021639776534138,0.0165579340127497,"Krt8/Krt19/Csrp2/Tpm1",4
"GO:0030856","BP","GO:0030856","regulation of epithelial cell differentiation","7/269","173/28891",0.0012308426808986,0.0216993805426734,0.0166035407332566,"Reg3b/Dmbt1/Ceacam1/Id1/Reg3g/Sfn/Hes1",7
"GO:0070254","BP","GO:0070254","mucus secretion","3/269","23/28891",0.00123150003909954,0.0216993805426734,0.0166035407332566,"Agr2/Muc2/Nlrp6",3
"GO:1902903","BP","GO:1902903","regulation of supramolecular fiber organization","11/269","393/28891",0.00123261150398457,0.0216993805426734,0.0166035407332566,"Dstn/Id1/Apoe/Gda/Lima1/Cdc42ep5/App/Eps8/Vil1/Sdc4/Tpm1",11
"GO:0034109","BP","GO:0034109","homotypic cell-cell adhesion","5/269","86/28891",0.00127051883664035,0.0221235997423679,0.0169281371312093,"Ceacam1/Cdhr5/Cd9/Dsp/Dsg2",5
"GO:0043954","BP","GO:0043954","cellular component maintenance","5/269","86/28891",0.00127051883664035,0.0221235997423679,0.0169281371312093,"Chchd10/Cldn3/Apoe/App/Cd177",5
"GO:0050866","BP","GO:0050866","negative regulation of cell activation","8/269","225/28891",0.00129020213618467,0.0223449061855983,0.0170974724049735,"Ceacam1/Cd74/Pglyrp1/H2-Aa/Apoe/Cd9/Sdc4/Anxa1",8
"GO:0007596","BP","GO:0007596","blood coagulation","7/269","175/28891",0.00131514672419472,0.0226251651722161,0.0173119159228896,"Ceacam1/Tspan8/S100a9/Apoe/Cd9/Hnf4a/Papss2",7
"GO:0002274","BP","GO:0002274","myeloid leukocyte activation","9/269","280/28891",0.00132312029646408,0.0226251651722161,0.0173119159228896,"Pla2g2a/Gpr15lg/Il18/Anxa3/App/Cd177/Pla2g10/Anxa1/Ifngr2",9
"GO:0008544","BP","GO:0008544","epidermis development","11/269","397/28891",0.00133590165430161,0.0226251651722161,0.0173119159228896,"Reg3b/Dbi/Il18/Reg3g/Lgr4/Sfn/Pla2g10/Anxa1/Hes1/Dsp/Clic5",11
"GO:0006805","BP","GO:0006805","xenobiotic metabolic process","6/269","129/28891",0.00134875360421138,0.0226251651722161,0.0173119159228896,"Sult1b1/Sult1a1/Gsta4/Hnf4a/Akr1c13/Gstm1",6
"GO:0007586","BP","GO:0007586","digestion","6/269","129/28891",0.00134875360421138,0.0226251651722161,0.0173119159228896,"Tff3/Muc13/Muc2/Lima1/Fabp2/Vil1",6
"GO:1903707","BP","GO:1903707","negative regulation of hemopoiesis","6/269","129/28891",0.00134875360421138,0.0226251651722161,0.0173119159228896,"Ceacam1/Cd74/Pglyrp1/Tmem176b/Tmem176a/Anxa1",6
"GO:0072330","BP","GO:0072330","monocarboxylic acid biosynthetic process","8/269","227/28891",0.001364648079683,0.0227725648297101,0.0174247005349874,"Pla2g2a/Ceacam1/Cd74/Scd2/Pla2g10/Anxa1/Hnf4a/Fads2",8
"GO:0030277","BP","GO:0030277","maintenance of gastrointestinal epithelium","3/269","24/28891",0.00139779512597806,0.0229377783624902,0.0175511156469675,"Tff3/Muc13/Muc2",3
"GO:0042304","BP","GO:0042304","regulation of fatty acid biosynthetic process","4/269","52/28891",0.0014006729389101,0.0229377783624902,0.0175511156469675,"Ceacam1/Cd74/Anxa1/Hnf4a",4
"GO:0043393","BP","GO:0043393","regulation of protein binding","8/269","228/28891",0.0014031303373681,0.0229377783624902,0.0175511156469675,"Ckmt1/Id1/Cycs/Apoe/Slpi/Gcg/App/Tcf7l2",8
"GO:0043280","BP","GO:0043280","positive regulation of cysteine-type endopeptidase activity involved in apoptotic process","6/269","130/28891",0.00140318494352312,0.0229377783624902,0.0175511156469675,"S100a8/S100a9/Cycs/App/Ccn1/Fam162a",6
"GO:0043588","BP","GO:0043588","skin development","10/269","340/28891",0.0014128876647867,0.0229791476039421,0.017582769817196,"Reg3b/Dbi/Il18/Reg3g/Lgr4/Sfn/Pla2g10/Anxa1/Dsp/Tcf7l2",10
"GO:0050817","BP","GO:0050817","coagulation","7/269","178/28891",0.00144999682000093,0.0234635849054696,0.0179534428164921,"Ceacam1/Tspan8/S100a9/Apoe/Cd9/Hnf4a/Papss2",7
"GO:0007599","BP","GO:0007599","hemostasis","7/269","179/28891",0.00149726535703156,0.0239132811785277,0.0182975333020537,"Ceacam1/Tspan8/S100a9/Apoe/Cd9/Hnf4a/Papss2",7
"GO:0046596","BP","GO:0046596","regulation of viral entry into host cell","4/269","53/28891",0.00150405079661466,0.0239132811785277,0.0182975333020537,"Cd74/Ifitm3/Ifitm2/Tmprss4",4
"GO:1990748","BP","GO:1990748","cellular detoxification","4/269","53/28891",0.00150405079661466,0.0239132811785277,0.0182975333020537,"Txn1/Gpx2/Aldh2/Aqp8",4
"GO:0070372","BP","GO:0070372","regulation of ERK1 and ERK2 cascade","10/269","343/28891",0.00150764132274114,0.0239132811785277,0.0182975333020537,"Pla2g2a/Ceacam1/Cd74/Atf3/Apoe/Gcg/Ccl6/App/Nlrp6/Ccn1",10
"GO:0018958","BP","GO:0018958","phenol-containing compound metabolic process","6/269","132/28891",0.00151705937920582,0.02394412931515,0.018321137122999,"Maoa/Sult1b1/Aldh2/Sult1a1/Sult1d1/Duox2",6
"GO:0051098","BP","GO:0051098","regulation of binding","11/269","405/28891",0.0015638644617812,0.0245618712526811,0.0187938097600021,"Txn1/Ckmt1/Id1/Cycs/Apoe/Slpi/Gcg/App/Smim6/Hes1/Tcf7l2",11
"GO:0032930","BP","GO:0032930","positive regulation of superoxide anion generation","3/269","25/28891",0.00157753628797731,0.0246557378862404,0.0188656329381214,"Il18/App/Cd177",3
"GO:0032941","BP","GO:0032941","secretion by tissue","4/269","54/28891",0.0016126243613516,0.0250817886105366,0.0191916307490439,"Agr2/Aqp4/Muc2/Nlrp6",4
"GO:0050829","BP","GO:0050829","defense response to Gram-negative bacterium","6/269","134/28891",0.00163783686743916,0.0252381948836656,0.0193113068808914,"Reg3b/Lypd8/Dmbt1/Reg3g/Lyz2/App",6
"GO:0009101","BP","GO:0009101","glycoprotein biosynthetic process","9/269","289/28891",0.00164376403804247,0.0252381948836656,0.0193113068808914,"Hbegf/Mgat4c/Slc51b/Fut2/St6galnac6/Gfpt1/Tcf7l2/B3galt5/B3gnt7",9
"GO:0032635","BP","GO:0032635","interleukin-6 production","7/269","182/28891",0.00164631171369729,0.0252381948836656,0.0193113068808914,"Zg16/Cd74/Il18/Aqp4/Mapk13/App/Ccn1",7
"GO:0048469","BP","GO:0048469","cell maturation","8/269","235/28891",0.00169727778868159,0.025827851609659,0.0197624897821459,"Spink1/Slc26a3/Hoxb13/App/Pla2g10/Hes1/Pmp22/Tfcp2l1",8
"GO:0010927","BP","GO:0010927","cellular component assembly involved in morphogenesis","6/269","135/28891",0.00170089784320788,0.025827851609659,0.0197624897821459,"Krt8/Krt19/Csrp2/Cd9/Pmp22/Tpm1",6
"GO:0045722","BP","GO:0045722","positive regulation of gluconeogenesis","3/269","26/28891",0.00177110677534089,0.0267671042839256,0.0204811702073929,"Gcg/Hnf4a/Tcf7l2",3
"GO:0032956","BP","GO:0032956","regulation of actin cytoskeleton organization","10/269","351/28891",0.00178579743784969,0.0268624177975137,0.0205541004830834,"Dstn/Id1/Smim22/Lima1/Cdc42ep5/Eps8/Vil1/Cd2ap/Sdc4/Tpm1",10
"GO:0045834","BP","GO:0045834","positive regulation of lipid metabolic process","7/269","185/28891",0.00180665493208534,0.0270491701046795,0.0206969962460735,"Cd74/Dbi/Apoe/Anxa1/Ccn1/Hnf4a/Tcf7l2",7
"GO:0031529","BP","GO:0031529","ruffle organization","4/269","56/28891",0.00184589619649681,0.0273807935813693,0.0209507419183288,"Lima1/Eps8/Eps8l3/Tpm1",4
"GO:0045071","BP","GO:0045071","negative regulation of viral genome replication","4/269","56/28891",0.00184589619649681,0.0273807935813693,0.0209507419183288,"Ifitm3/Slpi/Ifitm2/Rnasel",4
"GO:0062013","BP","GO:0062013","positive regulation of small molecule metabolic process","7/269","186/28891",0.00186271127816242,0.0275028891024534,0.0210441647675977,"Cd74/Apoe/Gcg/App/Anxa1/Hnf4a/Tcf7l2",7
"GO:0006094","BP","GO:0006094","gluconeogenesis","5/269","94/28891",0.0018857141429627,0.027714807862626,0.021206316943313,"Atf3/Gcg/Fbp2/Hnf4a/Tcf7l2",5
"GO:1990266","BP","GO:1990266","neutrophil migration","6/269","138/28891",0.00190117591584849,0.0278144640839203,0.0212825700937809,"Cd74/S100a8/S100a9/Ccl6/Cxcl2/Cd177",6
"GO:0002526","BP","GO:0002526","acute inflammatory response","6/269","139/28891",0.00197174764730805,0.0285599894433519,0.0218530177454388,"Saa1/Reg3b/Saa3/Reg3g/Nupr1/Nlrp6",6
"GO:1901879","BP","GO:1901879","regulation of protein depolymerization","5/269","95/28891",0.00197559493166567,0.0285599894433519,0.0218530177454388,"Dstn/Lima1/Eps8/Vil1/Tpm1",5
"GO:0006883","BP","GO:0006883","intracellular sodium ion homeostasis","3/269","27/28891",0.00197887567304124,0.0285599894433519,0.0218530177454388,"Atp1b1/Atp1a1/Slc12a2",3
"GO:0070555","BP","GO:0070555","response to interleukin-1","5/269","96/28891",0.00206856628185737,0.0297205666684799,0.0227410472997206,"Saa3/Mapk13/Ccl6/App/Anxa1",5
"GO:0045604","BP","GO:0045604","regulation of epidermal cell differentiation","4/269","58/28891",0.00210155761020453,0.0299261803693125,0.0228983750838192,"Reg3b/Reg3g/Sfn/Hes1",4
"GO:0052372","BP","GO:0052372","modulation by symbiont of entry into host","4/269","58/28891",0.00210155761020453,0.0299261803693125,0.0228983750838192,"Cd74/Ifitm3/Ifitm2/Tmprss4",4
"GO:0032609","BP","GO:0032609","type II interferon production","6/269","141/28891",0.00211881682019636,0.0300384473093325,0.0229842774766527,"Zg16/Il18/Pglyrp1/Cd14/App/Nlrp6",6
"GO:0008360","BP","GO:0008360","regulation of cell shape","6/269","142/28891",0.00219538393180769,0.0309326270998459,0.023668469845437,"Cdc42ep5/Eps8/Vil1/Anxa1/Tpm1/Myh14",6
"GO:0045723","BP","GO:0045723","positive regulation of fatty acid biosynthetic process","3/269","28/28891",0.0022011981831351,0.0309326270998459,0.023668469845437,"Cd74/Anxa1/Hnf4a",3
"GO:0045861","BP","GO:0045861","negative regulation of proteolysis","10/269","362/28891",0.00223464994374254,0.0311779229284205,0.0238561608845165,"Spink4/Spink1/Serpinb1a/Tm4sf20/Wfdc2/Serpinb6a/Slpi/Naip1/App/Sfn",10
"GO:1901616","BP","GO:1901616","organic hydroxy compound catabolic process","4/269","59/28891",0.0022381155660227,0.0311779229284205,0.0238561608845165,"Adh1/Maoa/Sult1b1/Apoe",4
"GO:0019319","BP","GO:0019319","hexose biosynthetic process","5/269","98/28891",0.00226402969994558,0.0314023859680764,0.0240279114658157,"Atf3/Gcg/Fbp2/Hnf4a/Tcf7l2",5
"GO:0042391","BP","GO:0042391","regulation of membrane potential","12/269","491/28891",0.00234506660411789,0.0323861784465247,0.0247806720553111,"Chchd10/Atp1b1/Atp5if1/Slc26a3/Atp1a1/App/Gna14/Kcnk1/Dsp/Pmp22/Myh14/Dsg2",12
"GO:0030857","BP","GO:0030857","negative regulation of epithelial cell differentiation","4/269","60/28891",0.00238066675933197,0.0325968217816223,0.0249418483242652,"Reg3b/Id1/Reg3g/Hes1",4
"GO:0097237","BP","GO:0097237","cellular response to toxic substance","4/269","60/28891",0.00238066675933197,0.0325968217816223,0.0249418483242652,"Txn1/Gpx2/Aldh2/Aqp8",4
"GO:0051495","BP","GO:0051495","positive regulation of cytoskeleton organization","7/269","195/28891",0.0024301229852449,0.0328264056809632,0.0251175171926419,"Dstn/Id1/Gda/Cdc42ep5/Vil1/Sdc4/Tpm1",7
"GO:0032928","BP","GO:0032928","regulation of superoxide anion generation","3/269","29/28891",0.00243841590264334,0.0328264056809632,0.0251175171926419,"Il18/App/Cd177",3
"GO:0034121","BP","GO:0034121","regulation of toll-like receptor signaling pathway","3/269","29/28891",0.00243841590264334,0.0328264056809632,0.0251175171926419,"App/Lgr4/Nlrp6",3
"GO:0046688","BP","GO:0046688","response to copper ion","3/269","29/28891",0.00243841590264334,0.0328264056809632,0.0251175171926419,"Mt1/Muc2/Mt2",3
"GO:0070371","BP","GO:0070371","ERK1 and ERK2 cascade","10/269","367/28891",0.00246665105815176,0.0330675731812479,0.0253020493919201,"Pla2g2a/Ceacam1/Cd74/Atf3/Apoe/Gcg/Ccl6/App/Nlrp6/Ccn1",10
"GO:0008016","BP","GO:0008016","regulation of heart contraction","7/269","197/28891",0.00257256276382657,0.0340436676293339,0.0260489197413492,"Atp1b1/Hbegf/Atp1a1/Dsp/S100a1/Tpm1/Dsg2",7
"GO:0006754","BP","GO:0006754","ATP biosynthetic process","5/269","101/28891",0.00258196355615734,0.0340436676293339,0.0260489197413492,"Atp5me/Ndufc1/Ndufa7/Ndufb6/Ndufa9",5
"GO:0032611","BP","GO:0032611","interleukin-1 beta production","5/269","101/28891",0.00258196355615734,0.0340436676293339,0.0260489197413492,"Serpinb1a/Aqp4/App/Nlrp6/Ccn1",5
"GO:0070252","BP","GO:0070252","actin-mediated cell contraction","5/269","101/28891",0.00258196355615734,0.0340436676293339,0.0260489197413492,"Atp1a1/Vil1/Dsp/Tpm1/Dsg2",5
"GO:0009152","BP","GO:0009152","purine ribonucleotide biosynthetic process","7/269","198/28891",0.00264614684201602,0.0347469445976202,0.0265870405308685,"Atp5me/Ndufc1/Ndufa7/Ndufb6/Papss2/Nme7/Ndufa9",7
"GO:0002011","BP","GO:0002011","morphogenesis of an epithelial sheet","4/269","62/28891",0.0026842688889699,0.0350167285515785,0.0267934689521737,"Hbegf/Plet1/Lrg1/Ccn1",4
"GO:0042632","BP","GO:0042632","cholesterol homeostasis","5/269","102/28891",0.00269478896584489,0.0350167285515785,0.0267934689521737,"Il18/Apoe/Lima1/Pla2g10/Hnf4a",5
"GO:0006486","BP","GO:0006486","protein glycosylation","7/269","199/28891",0.00272133751852155,0.0350167285515785,0.0267934689521737,"Mgat4c/Slc51b/Fut2/St6galnac6/Gfpt1/B3galt5/B3gnt7",7
"GO:0043413","BP","GO:0043413","macromolecule glycosylation","7/269","199/28891",0.00272133751852155,0.0350167285515785,0.0267934689521737,"Mgat4c/Slc51b/Fut2/St6galnac6/Gfpt1/B3galt5/B3gnt7",7
"GO:0071674","BP","GO:0071674","mononuclear cell migration","7/269","199/28891",0.00272133751852155,0.0350167285515785,0.0267934689521737,"Gpr15lg/Ccl6/App/Eps8/S100a14/Anxa1/Slc12a2",7
"GO:0055092","BP","GO:0055092","sterol homeostasis","5/269","103/28891",0.00281114263648454,0.0359031444635088,0.0274717206963375,"Il18/Apoe/Lima1/Pla2g10/Hnf4a",5
"GO:0042180","BP","GO:0042180","cellular ketone metabolic process","8/269","255/28891",0.00281263709748462,0.0359031444635088,0.0274717206963375,"Ceacam1/Cd74/Dbi/Hsd11b2/Anxa1/Hnf4a/Akr1c13/Ndufa9",8
"GO:0001818","BP","GO:0001818","negative regulation of cytokine production","9/269","314/28891",0.00287082739737472,0.0365005197666215,0.0279288095592553,"Ceacam1/Serpinb1a/Pglyrp1/Aqp4/Lgr4/Nlrp6/Pla2g10/Cd2ap/Anxa1",9
"GO:0007162","BP","GO:0007162","negative regulation of cell adhesion","9/269","315/28891",0.00293183919464695,0.0371289042673867,0.0284096254808935,"Epcam/Cldn7/Ceacam1/Cd74/H2-Aa/Plet1/Cd9/Sdc4/Anxa1",9
"GO:0015721","BP","GO:0015721","bile acid and bile salt transport","3/269","31/28891",0.00295883696925454,0.0371769162725159,0.0284463624412542,"Ceacam1/Slc51b/Aqp8",3
"GO:0051923","BP","GO:0051923","sulfation","3/269","31/28891",0.00295883696925454,0.0371769162725159,0.0284463624412542,"Sult1b1/Sult1a1/Sult1d1",3
"GO:0006584","BP","GO:0006584","catecholamine metabolic process","4/269","64/28891",0.00301339456185743,0.0374221557216714,0.0286340103409464,"Maoa/Aldh2/Sult1a1/Sult1d1",4
"GO:0009712","BP","GO:0009712","catechol-containing compound metabolic process","4/269","64/28891",0.00301339456185743,0.0374221557216714,0.0286340103409464,"Maoa/Aldh2/Sult1a1/Sult1d1",4
"GO:0043616","BP","GO:0043616","keratinocyte proliferation","4/269","64/28891",0.00301339456185743,0.0374221557216714,0.0286340103409464,"Gpr15lg/Reg3g/Lrg1/Sfn",4
"GO:0048525","BP","GO:0048525","negative regulation of viral process","5/269","105/28891",0.00305468582966567,0.0377884687191074,0.0289142991151853,"Cd74/Ifitm3/Slpi/Ifitm2/Rnasel",5
"GO:0019318","BP","GO:0019318","hexose metabolic process","8/269","259/28891",0.00309206238290518,0.0381037225954931,0.0291555193918468,"Tff3/Atf3/Gcg/Fbp2/Fuom/Eno3/Hnf4a/Tcf7l2",8
"GO:0002548","BP","GO:0002548","monocyte chemotaxis","4/269","65/28891",0.00318784635606681,0.038984197423046,0.0298292252441928,"Ccl6/App/S100a14/Anxa1",4
"GO:0045682","BP","GO:0045682","regulation of epidermis development","4/269","65/28891",0.00318784635606681,0.038984197423046,0.0298292252441928,"Reg3b/Reg3g/Sfn/Hes1",4
"GO:0046394","BP","GO:0046394","carboxylic acid biosynthetic process","9/269","321/28891",0.00331975276653599,0.04044291963491,0.0309453840034514,"Pla2g2a/Ceacam1/Cd74/Mgst3/Scd2/Pla2g10/Anxa1/Hnf4a/Fads2",9
"GO:0006109","BP","GO:0006109","regulation of carbohydrate metabolic process","7/269","208/28891",0.00347417723423,0.0419468158079625,0.0320961081597821,"Tff3/Gcg/App/Nupr1/Hnf4a/Gfpt1/Tcf7l2",7
"GO:1903900","BP","GO:1903900","regulation of viral life cycle","6/269","156/28891",0.00350073227000663,0.0419468158079625,0.0320961081597821,"Cd74/Ifitm3/Slpi/Ifitm2/Tmprss4/Rnasel",6
"GO:0016053","BP","GO:0016053","organic acid biosynthetic process","9/269","324/28891",0.00352829198038607,0.0419468158079625,0.0320961081597821,"Pla2g2a/Ceacam1/Cd74/Mgst3/Scd2/Pla2g10/Anxa1/Hnf4a/Fads2",9
"GO:0002825","BP","GO:0002825","regulation of T-helper 1 type immune response","3/269","33/28891",0.00354260983175316,0.0419468158079625,0.0320961081597821,"Il18/Anxa1/H2-Ab1",3
"GO:0043372","BP","GO:0043372","positive regulation of CD4-positive, alpha-beta T cell differentiation","3/269","33/28891",0.00354260983175316,0.0419468158079625,0.0320961081597821,"Il18/H2-Ea/Anxa1",3
"GO:0046597","BP","GO:0046597","negative regulation of viral entry into host cell","3/269","33/28891",0.00354260983175316,0.0419468158079625,0.0320961081597821,"Cd74/Ifitm3/Ifitm2",3
"GO:0015909","BP","GO:0015909","long-chain fatty acid transport","4/269","67/28891",0.00355715351523406,0.0419468158079625,0.0320961081597821,"Apoe/Fabp2/Pla2g10/Anxa1",4
"GO:0022408","BP","GO:0022408","negative regulation of cell-cell adhesion","7/269","209/28891",0.00356671476741625,0.0419468158079625,0.0320961081597821,"Epcam/Ceacam1/Cd74/H2-Aa/Cd9/Sdc4/Anxa1",7
"GO:0046364","BP","GO:0046364","monosaccharide biosynthetic process","5/269","109/28891",0.00358687251088921,0.0419468158079625,0.0320961081597821,"Atf3/Gcg/Fbp2/Hnf4a/Tcf7l2",5
"GO:0050730","BP","GO:0050730","regulation of peptidyl-tyrosine phosphorylation","8/269","266/28891",0.00363257968739899,0.0419468158079625,0.0320961081597821,"Spink1/Cd74/Il18/Hbegf/Areg/App/Hes1/Hnf4a",8
"GO:0002934","BP","GO:0002934","desmosome organization","2/269","10/28891",0.00369975175093066,0.0419468158079625,0.0320961081597821,"Dsp/Dsg2",2
"GO:0014908","BP","GO:0014908","myotube differentiation involved in skeletal muscle regeneration","2/269","10/28891",0.00369975175093066,0.0419468158079625,0.0320961081597821,"Klf5/Cd9",2
"GO:0060312","BP","GO:0060312","regulation of blood vessel remodeling","2/269","10/28891",0.00369975175093066,0.0419468158079625,0.0320961081597821,"Ceacam1/Il18",2
"GO:0071351","BP","GO:0071351","cellular response to interleukin-18","2/269","10/28891",0.00369975175093066,0.0419468158079625,0.0320961081597821,"Il18/Nlrp6",2
"GO:0072173","BP","GO:0072173","metanephric tubule morphogenesis","2/269","10/28891",0.00369975175093066,0.0419468158079625,0.0320961081597821,"Lgr4/Hes1",2
"GO:0072488","BP","GO:0072488","ammonium transmembrane transport","2/269","10/28891",0.00369975175093066,0.0419468158079625,0.0320961081597821,"Aqp8/Slc12a2",2
"GO:0090331","BP","GO:0090331","negative regulation of platelet aggregation","2/269","10/28891",0.00369975175093066,0.0419468158079625,0.0320961081597821,"Ceacam1/Cd9",2
"GO:0009165","BP","GO:0009165","nucleotide biosynthetic process","8/269","267/28891",0.00371541367365612,0.0419468158079625,0.0320961081597821,"Upp1/Atp5me/Ndufc1/Ndufa7/Ndufb6/Papss2/Nme7/Ndufa9",8
"GO:0006979","BP","GO:0006979","response to oxidative stress","10/269","389/28891",0.00372750910159256,0.0419468158079625,0.0320961081597821,"Reg3b/Txn1/Gpx2/Mgst1/Mapk13/Apoe/Lpo/App/Anxa1/Idh1",10
"GO:0030593","BP","GO:0030593","neutrophil chemotaxis","5/269","110/28891",0.00372968061336077,0.0419468158079625,0.0320961081597821,"Cd74/S100a8/S100a9/Ccl6/Cxcl2",5
"GO:0002224","BP","GO:0002224","toll-like receptor signaling pathway","4/269","68/28891",0.00375225563312299,0.0419468158079625,0.0320961081597821,"Reg3g/App/Lgr4/Nlrp6",4
"GO:0032233","BP","GO:0032233","positive regulation of actin filament bundle assembly","4/269","68/28891",0.00375225563312299,0.0419468158079625,0.0320961081597821,"Id1/Vil1/Sdc4/Tpm1",4
"GO:0043903","BP","GO:0043903","regulation of biological process involved in symbiotic interaction","4/269","68/28891",0.00375225563312299,0.0419468158079625,0.0320961081597821,"Cd74/Ifitm3/Ifitm2/Tmprss4",4
"GO:0098742","BP","GO:0098742","cell-cell adhesion via plasma-membrane adhesion molecules","7/269","211/28891",0.00375740828242361,0.0419468158079625,0.0320961081597821,"Epcam/Ceacam1/Cldn3/Cdh17/Cdhr5/Cd177/Dsg2",7
"GO:1903522","BP","GO:1903522","regulation of blood circulation","8/269","268/28891",0.00379970217201688,0.0422000695044215,0.0322898882567178,"Atp1b1/Hbegf/Atp1a1/App/Dsp/S100a1/Tpm1/Dsg2",8
"GO:0002828","BP","GO:0002828","regulation of type 2 immune response","3/269","34/28891",0.00385897027806787,0.0422000695044215,0.0322898882567178,"Cd74/Il18/Anxa1",3
"GO:0015697","BP","GO:0015697","quaternary ammonium group transport","3/269","34/28891",0.00385897027806787,0.0422000695044215,0.0322898882567178,"Slc6a14/Slc44a4/Slc44a1",3
"GO:0055075","BP","GO:0055075","potassium ion homeostasis","3/269","34/28891",0.00385897027806787,0.0422000695044215,0.0322898882567178,"Atp1b1/Atp1a1/Slc12a2",3
"GO:0070633","BP","GO:0070633","transepithelial transport","3/269","34/28891",0.00385897027806787,0.0422000695044215,0.0322898882567178,"Cldn3/Aqp8/Slc12a2",3
"GO:0019217","BP","GO:0019217","regulation of fatty acid metabolic process","5/269","111/28891",0.00387651833072277,0.0422000695044215,0.0322898882567178,"Ceacam1/Cd74/Dbi/Anxa1/Hnf4a",5
"GO:0002791","BP","GO:0002791","regulation of peptide secretion","8/269","269/28891",0.00388546207983906,0.0422000695044215,0.0322898882567178,"Cd74/Fam3d/S100a8/S100a9/Gcg/Ildr1/Hnf4a/Tcf7l2",8
"GO:1901293","BP","GO:1901293","nucleoside phosphate biosynthetic process","8/269","269/28891",0.00388546207983906,0.0422000695044215,0.0322898882567178,"Upp1/Atp5me/Ndufc1/Ndufa7/Ndufb6/Papss2/Nme7/Ndufa9",8
"GO:0045444","BP","GO:0045444","fat cell differentiation","8/269","270/28891",0.00397271035634838,0.0430019053437169,0.0329034225460006,"Plac8/Selenbp1/Klf5/Lrg1/Cds1/Hes1/Tcf7l2/Rnasel",8
"GO:0050708","BP","GO:0050708","regulation of protein secretion","9/269","331/28891",0.00405497610529361,0.0436675527650129,0.0334127506372675,"Fam3d/Apoe/Krt20/Gcg/Cd2ap/Anxa1/Hnf4a/Tcf7l2/Slc12a2",9
"GO:0090087","BP","GO:0090087","regulation of peptide transport","8/269","271/28891",0.0040614640212153,0.0436675527650129,0.0334127506372675,"Cd74/Fam3d/S100a8/S100a9/Gcg/Ildr1/Hnf4a/Tcf7l2",8
"GO:0015908","BP","GO:0015908","fatty acid transport","5/269","113/28891",0.00418253186190656,0.0444366999990132,0.0340012728489722,"Apoe/Fabp6/Fabp2/Pla2g10/Anxa1",5
"GO:0090279","BP","GO:0090279","regulation of calcium ion import","3/269","35/28891",0.00419200482308711,0.0444366999990132,0.0340012728489722,"Spink1/Gcg/Hes1",3
"GO:0090322","BP","GO:0090322","regulation of superoxide metabolic process","3/269","35/28891",0.00419200482308711,0.0444366999990132,0.0340012728489722,"Il18/App/Cd177",3
"GO:0010959","BP","GO:0010959","regulation of metal ion transport","11/269","461/28891",0.0042067067527638,0.0444366999990132,0.0340012728489722,"Spink1/Atp1b1/Dbi/Cd63/Gcg/Atp1a1/Fxyd4/Smim6/Hes1/Fxyd3/S100a1",11
"GO:0010634","BP","GO:0010634","positive regulation of epithelial cell migration","6/269","162/28891",0.00420875289406282,0.0444366999990132,0.0340012728489722,"Hbegf/Rab25/Anxa3/Fgfbp1/Vil1/Anxa1",6
"GO:0002366","BP","GO:0002366","leukocyte activation involved in immune response","9/269","333/28891",0.00421621622961923,0.0444366999990132,0.0340012728489722,"Cd74/Gpr15lg/Il18/Pglyrp1/Anxa3/Cdh17/H2-Ea/Cd177/Anxa1",9
"GO:0042063","BP","GO:0042063","gliogenesis","10/269","397/28891",0.00429577325633723,0.0451267459452606,0.0345292697636217,"Dbi/S100a8/S100a9/Areg/App/Cd9/Anxa1/Hes1/Pmp22/Tcf7l2",10
"GO:1904019","BP","GO:1904019","epithelial cell apoptotic process","6/269","163/28891",0.0043363232338668,0.0454038550369582,0.0347413031017398,"Krt8/Id1/Krt18/Naip1/Nupr1/Tcf7l2",6
"GO:0015695","BP","GO:0015695","organic cation transport","4/269","71/28891",0.0043808105084086,0.0457202503874304,0.0349833967909605,"Slc6a14/Aqp8/Slc44a4/Slc44a1",4
"GO:2001280","BP","GO:2001280","positive regulation of unsaturated fatty acid biosynthetic process","2/269","11/28891",0.00449422471877212,0.0467516103861879,0.0357725542379367,"Cd74/Anxa1",2
"GO:0048872","BP","GO:0048872","homeostasis of number of cells","10/269","401/28891",0.00460445616970037,0.047596364006961,0.0364189275813825,"Pla2g2a/Cd74/Gpr15lg/Il18/Atp5if1/Muc2/Lgr4/Nlrp6/Pla2g10/Anxa1",10
"GO:0055117","BP","GO:0055117","regulation of cardiac muscle contraction","4/269","72/28891",0.00460514133650371,0.047596364006961,0.0364189275813825,"Atp1b1/Atp1a1/Dsp/Dsg2",4
"GO:0050870","BP","GO:0050870","positive regulation of T cell activation","8/269","277/28891",0.00462655951955522,0.0476639765294371,0.0364706621121818,"Cd74/Il18/H2-Aa/H2-Ea/H2-Eb1/Anxa1/Hes1/H2-Ab1",8
"GO:0140694","BP","GO:0140694","non-membrane-bounded organelle assembly","10/269","402/28891",0.00468429145977071,0.0481040699907223,0.0368074048913832,"Krt8/Krt19/Rps15/Rpl23a/Csrp2/Smim22/Misp/Vil1/Cds1/Tpm1",10
"GO:0008064","BP","GO:0008064","regulation of actin polymerization or depolymerization","6/269","166/28891",0.00473617590251603,0.0484814939030715,0.03709619531515,"Dstn/Lima1/Cdc42ep5/Eps8/Vil1/Tpm1",6
"GO:0030239","BP","GO:0030239","myofibril assembly","4/269","73/28891",0.00483707319783654,0.0492871635580934,0.0377126630944213,"Krt8/Krt19/Csrp2/Tpm1",4
"GO:0007589","BP","GO:0007589","body fluid secretion","5/269","117/28891",0.00484564810262154,0.0492871635580934,0.0377126630944213,"Agr2/Aqp4/Muc2/Nlrp6/Guca2b",5
"GO:0050729","BP","GO:0050729","positive regulation of inflammatory response","6/269","167/28891",0.00487529779381616,0.0493698931325469,0.0377759646184709,"Il18/S100a8/S100a9/App/Nupr1/Nlrp6",6
"GO:0008210","BP","GO:0008210","estrogen metabolic process","3/269","37/28891",0.00490909979096692,0.0493698931325469,0.0377759646184709,"Sult1a1/Ugt2b34/Hsd17b2",3
"GO:0046164","BP","GO:0046164","alcohol catabolic process","3/269","37/28891",0.00490909979096692,0.0493698931325469,0.0377759646184709,"Adh1/Sult1b1/Apoe",3
"GO:0007015","BP","GO:0007015","actin filament organization","11/269","471/28891",0.00492737974377972,0.0493698931325469,0.0377759646184709,"Dstn/Id1/Lima1/Cdc42ep5/Eps8/Vil1/Cd2ap/Sdc4/Pof1b/Tpm1/Myo1a",11
"GO:0110053","BP","GO:0110053","regulation of actin filament organization","8/269","280/28891",0.0049308257810284,0.0493698931325469,0.0377759646184709,"Dstn/Id1/Lima1/Cdc42ep5/Eps8/Vil1/Sdc4/Tpm1",8
"GO:0005746","CC","GO:0005746","mitochondrial respirasome","14/275","95/28573",4.28303777594279e-13,7.48217222464907e-11,5.12853910135065e-11,"Cox4i1/Cox7b/AA467197/Cox6c/Cox6a1/Uqcrb/Cox7c/Uqcr10/Uqcr11/Ndufc1/Ndufa7/Cyc1/Ndufb6/Ndufa9",14
"GO:0098803","CC","GO:0098803","respiratory chain complex","14/275","96/28573",4.97154300641134e-13,7.48217222464907e-11,5.12853910135065e-11,"Cox4i1/Cox7b/AA467197/Cox6c/Cox6a1/Uqcrb/Cox7c/Uqcr10/Uqcr11/Ndufc1/Ndufa7/Cyc1/Ndufb6/Ndufa9",14
"GO:0016324","CC","GO:0016324","apical plasma membrane","25/275","427/28573",7.53596647728861e-13,7.56108636554624e-11,5.18262957736339e-11,"Epcam/Ceacam1/Muc13/Car4/Atp1b1/Il18/Muc17/Slc26a3/Plet1/Atp1a1/Slc6a14/Cdhr5/Aqp8/Slc6a8/Slc44a4/Lmo7/Cd9/Kcnk1/Anxa1/Crb3/Slc13a2/Dsg2/Myo1a/Slc26a2/Slc12a2",25
"GO:0070469","CC","GO:0070469","respirasome","14/275","103/28573",1.34645132571778e-12,1.01320462260263e-10,6.9448542063338e-11,"Cox4i1/Cox7b/AA467197/Cox6c/Cox6a1/Uqcrb/Cox7c/Uqcr10/Uqcr11/Ndufc1/Ndufa7/Cyc1/Ndufb6/Ndufa9",14
"GO:0098800","CC","GO:0098800","inner mitochondrial membrane protein complex","16/275","154/28573",2.28123387626973e-12,1.37330279351438e-10,9.41309136313405e-11,"Cox4i1/Cox7b/Chchd10/AA467197/Cox6c/Cox6a1/Uqcrb/Cox7c/Uqcr10/Uqcr11/Atp5me/Ndufc1/Ndufa7/Cyc1/Ndufb6/Ndufa9",16
"GO:0070069","CC","GO:0070069","cytochrome complex","10/275","41/28573",4.99151206383623e-12,2.50407521869117e-10,1.71637958686298e-10,"Cox4i1/Cox7b/AA467197/Cox6c/Cox6a1/Uqcrb/Cox7c/Uqcr10/Uqcr11/Cyc1",10
"GO:0016328","CC","GO:0016328","lateral plasma membrane","10/275","73/28573",2.11067060388728e-09,8.99098841720732e-08,6.1627337988202e-08,"Epcam/Cldn7/Ceacam1/Atp1b1/Cldn3/Atp1a1/Anxa1/Dsg2/Myo1a/Slc12a2",10
"GO:0005903","CC","GO:0005903","brush border","13/275","149/28573",2.38963147301191e-09,8.99098841720732e-08,6.1627337988202e-08,"Car4/Muc17/Slc26a3/Slc6a14/Cdhr5/Aqp8/Lima1/Eps8/Vil1/Kcnk1/Myo15b/Myh14/Myo1a",13
"GO:0098798","CC","GO:0098798","mitochondrial protein-containing complex","17/275","303/28573",7.41548867870038e-09,2.48006899143202e-07,1.69992489008804e-07,"Cox4i1/Cox7b/Chchd10/AA467197/Cox6c/Cox6a1/Uqcrb/Cox7c/Uqcr10/Uqcr11/Atp5me/Ndufc1/Ndufa7/Cyc1/Ndufb6/Mrpl42/Ndufa9",17
"GO:0098862","CC","GO:0098862","cluster of actin-based cell projections","14/275","211/28573",1.98776349159682e-08,5.98316810970643e-07,4.10106994055765e-07,"Car4/Muc17/Slc26a3/Slc6a14/Cdhr5/Aqp8/Lima1/Eps8/Vil1/Kcnk1/Clic5/Myo15b/Myh14/Myo1a",14
"GO:0016323","CC","GO:0016323","basolateral plasma membrane","15/275","267/28573",5.66204457604e-08,1.54934128853458e-06,1.06197199703717e-06,"Epcam/Cldn7/Ceacam1/Atp1b1/Aqp4/Cdh17/Slc51b/Atp1a1/Aqp8/Lpo/Naip1/Hpgd/Dsp/Myo1a/Slc12a2",15
"GO:0042613","CC","GO:0042613","MHC class II protein complex","5/275","13/28573",9.62237677783114e-08,2.41361284177264e-06,1.65437355127623e-06,"Cd74/H2-Aa/H2-Ea/H2-Eb1/H2-Ab1",5
"GO:0005751","CC","GO:0005751","mitochondrial respiratory chain complex IV","6/275","25/28573",1.14307144972672e-07,2.64665004898263e-06,1.81410529673228e-06,"Cox4i1/Cox7b/AA467197/Cox6c/Cox6a1/Cox7c",6
"GO:0045277","CC","GO:0045277","respiratory chain complex IV","6/275","28/28573",2.37338400792248e-07,5.10277561703333e-06,3.49761853799102e-06,"Cox4i1/Cox7b/AA467197/Cox6c/Cox6a1/Cox7c",6
"GO:0009925","CC","GO:0009925","basal plasma membrane","15/275","301/28573",2.67554432310763e-07,5.36892560836931e-06,3.68004692862523e-06,"Epcam/Cldn7/Ceacam1/Atp1b1/Aqp4/Cdh17/Slc51b/Atp1a1/Aqp8/Lpo/Naip1/Hpgd/Dsp/Myo1a/Slc12a2",15
"GO:1990204","CC","GO:1990204","oxidoreductase complex","10/275","127/28573",4.50442276571393e-07,8.47394532799932e-06,5.80833461894691e-06,"Uqcrb/Uqcr10/Uqcr11/Ndufc1/Ndufa7/Cyc1/Duox2/Ndufb6/Noxo1/Ndufa9",10
"GO:0045178","CC","GO:0045178","basal part of cell","15/275","325/28573",7.0720252458437e-07,1.25216446999938e-05,8.58276748102394e-06,"Epcam/Cldn7/Ceacam1/Atp1b1/Aqp4/Cdh17/Slc51b/Atp1a1/Aqp8/Lpo/Naip1/Hpgd/Dsp/Myo1a/Slc12a2",15
"GO:0031526","CC","GO:0031526","brush border membrane","8/275","82/28573",1.28054146850235e-06,2.14134990010671e-05,1.46775513348807e-05,"Car4/Muc17/Slc26a3/Slc6a14/Cdhr5/Aqp8/Lima1/Kcnk1",8
"GO:0030141","CC","GO:0030141","secretory granule","18/275","498/28573",1.8947185768551e-06,3.00163311385992e-05,2.05742294218061e-05,"Reg3b/Zg16/Pla2g2a/Dmbt1/Tff3/Sprr2a3/Car4/Sycn/Reg3g/Klk1/Anxa3/Gcg/Lyz2/App/Tmprss4/Cd177/Pla2g10/Slirp",18
"GO:1990351","CC","GO:1990351","transporter complex","16/275","421/28573",3.78254335354927e-06,5.69272774709165e-05,3.90199209102977e-05,"Atp1b1/Uqcrb/Uqcr10/Uqcr11/Lrg1/Atp1a1/Ndufc1/Fxyd4/Ndufa7/Eps8/Cyc1/Atp10b/Ndufb6/Kcnk1/Clic5/Ndufa9",16
"GO:0031253","CC","GO:0031253","cell projection membrane","14/275","327/28573",3.98728928330671e-06,5.71511463940628e-05,3.91733683973992e-05,"Ceacam1/Car4/Muc17/Aqp4/Slc26a3/Slc6a14/Cdhr5/Aqp8/Lima1/Eps8/Eps8l3/Kcnk1/Tpm1/Slc26a2",14
"GO:0005750","CC","GO:0005750","mitochondrial respiratory chain complex III","4/275","13/28573",5.60594685447807e-06,7.33647827477347e-05,5.02867543925722e-05,"Uqcrb/Uqcr10/Uqcr11/Cyc1",4
"GO:0045275","CC","GO:0045275","respiratory chain complex III","4/275","13/28573",5.60594685447807e-06,7.33647827477347e-05,5.02867543925722e-05,"Uqcrb/Uqcr10/Uqcr11/Cyc1",4
"GO:0062023","CC","GO:0062023","collagen-containing extracellular matrix","15/275","396/28573",7.92466587867149e-06,9.54129771792047e-05,6.5399347882931e-05,"Reg3b/Lgals4/Zg16/Dmbt1/S100a6/Serpinb1a/Reg3g/Serpinb6a/Muc2/Anxa3/Insl5/Lad1/Anxa1/Ccn1/Pmp22",15
"GO:1902495","CC","GO:1902495","transmembrane transporter complex","15/275","396/28573",7.92466587867149e-06,9.54129771792047e-05,6.5399347882931e-05,"Atp1b1/Uqcrb/Uqcr10/Uqcr11/Lrg1/Atp1a1/Ndufc1/Fxyd4/Ndufa7/Eps8/Cyc1/Ndufb6/Kcnk1/Clic5/Ndufa9",15
"GO:0005902","CC","GO:0005902","microvillus","8/275","107/28573",9.51985931381022e-06,0.000110210678979111,7.55422034618139e-05,"Muc17/Lyz2/Cdhr5/Stard10/Fabp2/Vil1/Myo1a/Slc26a2",8
"GO:0098858","CC","GO:0098858","actin-based cell projection","11/275","234/28573",1.84324741650294e-05,0.000205487952728661,0.000140848535530049,"Muc17/Lyz2/Cdhr5/Stard10/Fabp2/App/Eps8/Vil1/Clic5/Myo1a/Slc26a2",11
"GO:0031902","CC","GO:0031902","late endosome membrane","7/275","94/28573",3.55332722516561e-05,0.000381982676705304,0.000261824111327993,"Cd63/H2-Aa/H2-Ea/H2-Eb1/Ifitm2/Atp10b/H2-Ab1",7
"GO:0042611","CC","GO:0042611","MHC protein complex","5/275","42/28573",5.06198558977625e-05,0.000525399193973328,0.000360126742503138,"Cd74/H2-Aa/H2-Ea/H2-Eb1/H2-Ab1",5
"GO:0032994","CC","GO:0032994","protein-lipid complex","5/275","46/28573",7.90483398871471e-05,0.000793118343534376,0.000543630688346696,"Saa1/Dbi/Saa3/Apoe/App",5
"GO:0016327","CC","GO:0016327","apicolateral plasma membrane","4/275","27/28573",0.000123741681747042,0.00120149181309225,0.000823543960014271,"Krt8/Krt19/Cldn7/Cldn3",4
"GO:0005890","CC","GO:0005890","sodium:potassium-exchanging ATPase complex","3/275","11/28573",0.000137420150621267,0.00129260829178129,0.000885998339531853,"Atp1b1/Atp1a1/Fxyd4",3
"GO:0071745","CC","GO:0071745","IgA immunoglobulin complex","3/275","13/28573",0.000234818529795139,0.00196334381856491,0.00134574362104816,"Pigr/Igha/Jchain",3
"GO:0071746","CC","GO:0071746","IgA immunoglobulin complex, circulating","3/275","13/28573",0.000234818529795139,0.00196334381856491,0.00134574362104816,"Pigr/Igha/Jchain",3
"GO:0071749","CC","GO:0071749","polymeric IgA immunoglobulin complex","3/275","13/28573",0.000234818529795139,0.00196334381856491,0.00134574362104816,"Pigr/Igha/Jchain",3
"GO:0071751","CC","GO:0071751","secretory IgA immunoglobulin complex","3/275","13/28573",0.000234818529795139,0.00196334381856491,0.00134574362104816,"Pigr/Igha/Jchain",3
"GO:0090533","CC","GO:0090533","cation-transporting ATPase complex","3/275","14/28573",0.000296735695057032,0.0024139849787072,0.00165462862677605,"Atp1b1/Atp1a1/Fxyd4",3
"GO:0005884","CC","GO:0005884","actin filament","7/275","134/28573",0.000328961353978905,0.00260572019862238,0.00178605056453921,"Misp/Gng12/Cd2ap/Anxa1/Pof1b/Tpm1/Myo1a",7
"GO:0034364","CC","GO:0034364","high-density lipoprotein particle","4/275","35/28573",0.000347521208735193,0.00268215086741777,0.00183843878305257,"Saa1/Saa3/Apoe/App",4
"GO:0098533","CC","GO:0098533","ATPase dependent transmembrane transport complex","3/275","16/28573",0.000450054283307809,0.00338665848189126,0.00232133261916659,"Atp1b1/Atp1a1/Fxyd4",3
"GO:0005923","CC","GO:0005923","bicellular tight junction","7/275","144/28573",0.000507658797866035,0.00372695849165065,0.00255458599182908,"Epcam/Cldn7/Cldn3/Ildr1/Crb3/Pof1b/Pmp22",7
"GO:0070160","CC","GO:0070160","tight junction","7/275","154/28573",0.000756322599392897,0.00527538098228834,0.00361592821307401,"Epcam/Cldn7/Cldn3/Ildr1/Crb3/Pof1b/Pmp22",7
"GO:0034358","CC","GO:0034358","plasma lipoprotein particle","4/275","43/28573",0.000771152037278029,0.00527538098228834,0.00361592821307401,"Saa1/Saa3/Apoe/App",4
"GO:1990777","CC","GO:1990777","lipoprotein particle","4/275","43/28573",0.000771152037278029,0.00527538098228834,0.00361592821307401,"Saa1/Saa3/Apoe/App",4
"GO:0001726","CC","GO:0001726","ruffle","7/275","156/28573",0.000815979742386544,0.00545799783240777,0.00374110010544474,"S100a6/Lima1/Eps8/Eps8l3/Vil1/Cd2ap/Tpm1",7
"GO:0005770","CC","GO:0005770","late endosome","9/275","255/28573",0.000867985195923786,0.00567964226028391,0.00389302284670623,"Cd74/Cd63/H2-Aa/Apoe/H2-Ea/H2-Eb1/Ifitm2/Atp10b/H2-Ab1",9
"GO:0043034","CC","GO:0043034","costamere","3/275","20/28573",0.000890463183598512,0.00570275358006706,0.00390886414300803,"Krt8/Krt19/Sdc4",3
"GO:0019814","CC","GO:0019814","immunoglobulin complex","4/275","45/28573",0.000917114694570648,0.00575107339720344,0.00394198421350542,"Pigr/Igkc/Igha/Jchain",4
"GO:0043209","CC","GO:0043209","myelin sheath","8/275","208/28573",0.000963932708427009,0.00592130092319449,0.00405866403548215,"Ckmt1/Atp1b1/Cox6a1/Cycs/Atp1a1/Pmp22/Myh14/Gstm1",8
"GO:0010008","CC","GO:0010008","endosome membrane","10/275","316/28573",0.00104739459040278,0.00630531543422473,0.00432188083618831,"Pigr/Cd63/H2-Aa/Ifitm3/H2-Ea/H2-Eb1/Ifitm2/Rep15/Atp10b/H2-Ab1",10
"GO:0043296","CC","GO:0043296","apical junction complex","7/275","169/28573",0.00130001552812754,0.00767264066600767,0.00525909274536633,"Epcam/Cldn7/Cldn3/Ildr1/Crb3/Pof1b/Pmp22",7
"GO:0042383","CC","GO:0042383","sarcolemma","7/275","170/28573",0.00134492775701776,0.0076906176548836,0.00527141479404506,"Krt8/Krt19/Car4/Atp1b1/Aqp4/Atp1a1/Anxa1",7
"GO:0042571","CC","GO:0042571","immunoglobulin complex, circulating","3/275","23/28573",0.00135416191265392,0.0076906176548836,0.00527141479404506,"Pigr/Igha/Jchain",3
"GO:0030667","CC","GO:0030667","secretory granule membrane","5/275","89/28573",0.00171129992173828,0.0094889519204859,0.00650405517193648,"Zg16/Dmbt1/Car4/Sycn/Cd177",5
"GO:0030057","CC","GO:0030057","desmosome","3/275","25/28573",0.00173386164660041,0.0094889519204859,0.00650405517193648,"Pof1b/Dsp/Dsg2",3
"GO:0005765","CC","GO:0005765","lysosomal membrane","8/275","230/28573",0.00182353156906981,0.00960919807259579,0.00658647603507178,"Cd63/H2-Aa/Ifitm3/H2-Ea/H2-Eb1/Ifitm2/Atp10b/H2-Ab1",8
"GO:0098852","CC","GO:0098852","lytic vacuole membrane","8/275","230/28573",0.00182353156906981,0.00960919807259579,0.00658647603507178,"Cd63/H2-Aa/Ifitm3/H2-Ea/H2-Eb1/Ifitm2/Atp10b/H2-Ab1",8
"GO:0042588","CC","GO:0042588","zymogen granule","3/275","26/28573",0.00194616399177194,0.00960919807259579,0.00658647603507178,"Reg3b/Zg16/Dmbt1",3
"GO:0005747","CC","GO:0005747","mitochondrial respiratory chain complex I","4/275","55/28573",0.00194737901138984,0.00960919807259579,0.00658647603507178,"Ndufc1/Ndufa7/Ndufb6/Ndufa9",4
"GO:0030964","CC","GO:0030964","NADH dehydrogenase complex","4/275","55/28573",0.00194737901138984,0.00960919807259579,0.00658647603507178,"Ndufc1/Ndufa7/Ndufb6/Ndufa9",4
"GO:0045271","CC","GO:0045271","respiratory chain complex I","4/275","55/28573",0.00194737901138984,0.00960919807259579,0.00658647603507178,"Ndufc1/Ndufa7/Ndufb6/Ndufa9",4
"GO:0005771","CC","GO:0005771","multivesicular body","4/275","59/28573",0.00252195228057828,0.0122436715557107,0.0083922350932656,"Cd74/Cd63/Apoe/H2-Ab1",4
"GO:0070062","CC","GO:0070062","extracellular exosome","5/275","104/28573",0.00337529796870282,0.0161264236282468,0.0110536073828864,"Car4/Cd63/Apoe/Cd9/Anxa1",5
"GO:0014704","CC","GO:0014704","intercalated disc","4/275","67/28573",0.00400051261613501,0.01881491089776,0.0128963893546458,"Atp1b1/Atp1a1/Dsp/Dsg2",4
"GO:0043020","CC","GO:0043020","NADPH oxidase complex","2/275","12/28573",0.00571576996362896,0.0258926459544152,0.0177477132612883,"Duox2/Noxo1",2
"GO:0071748","CC","GO:0071748","monomeric IgA immunoglobulin complex","2/275","12/28573",0.00571576996362896,0.0258926459544152,0.0177477132612883,"Igha/Jchain",2
"GO:1903561","CC","GO:1903561","extracellular vesicle","5/275","118/28573",0.00576347933204591,0.0258926459544152,0.0177477132612883,"Car4/Cd63/Apoe/Cd9/Anxa1",5
"GO:0005774","CC","GO:0005774","vacuolar membrane","8/275","283/28573",0.0063679783039535,0.0281876686689706,0.0193208010460509,"Cd63/H2-Aa/Ifitm3/H2-Ea/H2-Eb1/Ifitm2/Atp10b/H2-Ab1",8
"GO:0005641","CC","GO:0005641","nuclear envelope lumen","2/275","13/28573",0.00671230658796238,0.0292812214924156,0.0200703598968822,"App/Fam3b",2
"GO:0045111","CC","GO:0045111","intermediate filament cytoskeleton","6/275","175/28573",0.00712726359853153,0.0306472334736856,0.0210066716588298,"Krt8/Krt19/S100a8/Krt18/Krt20/Dsp",6
"GO:0031252","CC","GO:0031252","cell leading edge","10/275","415/28573",0.00728192340117731,0.0308712527289348,0.0211602221887436,"S100a6/Lima1/App/Eps8/Eps8l3/Duox2/Vil1/Cd2ap/Tpm1/Myo1a",10
"GO:0034362","CC","GO:0034362","low-density lipoprotein particle","2/275","14/28573",0.00778156840344661,0.0317832251803809,0.0217853195850836,"Apoe/App",2
"GO:0043230","CC","GO:0043230","extracellular organelle","5/275","127/28573",0.00781381615730294,0.0317832251803809,0.0217853195850836,"Car4/Cd63/Apoe/Cd9/Anxa1",5
"GO:0065010","CC","GO:0065010","extracellular membrane-bounded organelle","5/275","127/28573",0.00781381615730294,0.0317832251803809,0.0217853195850836,"Car4/Cd63/Apoe/Cd9/Anxa1",5
"GO:0030864","CC","GO:0030864","cortical actin cytoskeleton","4/275","84/28573",0.0088728143029915,0.0356095614026726,0.0244080225036678,"Krt19/Dstn/Misp/Myo1a",4
"GO:0043292","CC","GO:0043292","contractile fiber","7/275","241/28573",0.00907588542628566,0.0359452830698945,0.0246381377223267,"Krt8/Krt19/Dbi/Csrp2/Sdc4/S100a1/Tpm1",7
"GO:0044853","CC","GO:0044853","plasma membrane raft","5/275","134/28573",0.00972368265134131,0.0380107594552433,0.0260538865299097,"Atp1b1/Atp1a1/Cd177/Plpp2/Myo1a",5
"GO:0042589","CC","GO:0042589","zymogen granule membrane","2/275","16/28573",0.0101323621143546,0.0391005255951376,0.0268008498571322,"Zg16/Dmbt1",2
"GO:0031970","CC","GO:0031970","organelle envelope lumen","4/275","90/28573",0.0112384099461868,0.0418784038246062,0.0287049034783103,"Chchd10/Cycs/App/Fam3b",4
"GO:0044291","CC","GO:0044291","cell-cell contact zone","4/275","90/28573",0.0112384099461868,0.0418784038246062,0.0287049034783103,"Atp1b1/Atp1a1/Dsp/Dsg2",4
"GO:0005882","CC","GO:0005882","intermediate filament","5/275","139/28573",0.0112696036870203,0.0418784038246062,0.0287049034783103,"Krt8/Krt19/Krt18/Krt20/Dsp",5
"GO:0023026","MF","GO:0023026","MHC class II protein complex binding","5/266","14/28407",1.29555054505487e-07,5.27928310454761e-05,3.90683789555039e-05,"Cd74/H2-Aa/H2-Ea/H2-Eb1/H2-Ab1",5
"GO:0048306","MF","GO:0048306","calcium-dependent protein binding","9/266","92/28407",2.1330436786051e-07,5.27928310454761e-05,3.90683789555039e-05,"S100a6/S100a8/S100a9/S100a16/Anxa3/Cd177/S100a14/Anxa1/S100a1",9
"GO:0005539","MF","GO:0005539","glycosaminoglycan binding","13/266","243/28407",5.60913897993254e-07,8.96154760023854e-05,6.63183107896441e-05,"Saa1/Reg3b/Zg16/Dmbt1/Pglyrp1/Jchain/Hbegf/Reg3g/Apoe/Reg4/App/Lgr4/Ccn1",13
"GO:0042834","MF","GO:0042834","peptidoglycan binding","5/266","19/28407",7.24165462645538e-07,8.96154760023854e-05,6.63183107896441e-05,"Reg3b/Zg16/Pglyrp1/Jchain/Reg3g",5
"GO:0023023","MF","GO:0023023","MHC protein complex binding","5/266","23/28407",2.03231356207573e-06,0.000201199042645497,0.000148893709389969,"Cd74/H2-Aa/H2-Ea/H2-Eb1/H2-Ab1",5
"GO:0016209","MF","GO:0016209","antioxidant activity","7/266","89/28407",2.08952192646687e-05,0.00172385558933517,0.00127570812352714,"Gpx2/Mgst3/Mgst1/S100a8/S100a9/Apoe/Lpo",7
"GO:1901681","MF","GO:1901681","sulfur compound binding","12/266","301/28407",3.0055955062776e-05,0.00190380470146309,0.00140887620650538,"Saa1/Dmbt1/Dbi/Hbegf/Muc2/Apoe/Reg4/Sult1a1/App/Lgr4/Ccn1/Hnf4a",12
"GO:0015101","MF","GO:0015101","organic cation transmembrane transporter activity","5/266","39/28407",3.07685608317267e-05,0.00190380470146309,0.00140887620650538,"Slc6a14/Aqp8/Slc6a8/Slc44a4/Slc44a1",5
"GO:0015651","MF","GO:0015651","quaternary ammonium group transmembrane transporter activity","4/266","22/28407",4.81426558459102e-05,0.00238306146437256,0.00176354149835545,"Slc6a14/Slc6a8/Slc44a4/Slc44a1",4
"GO:0033130","MF","GO:0033130","acetylcholine receptor binding","4/266","22/28407",4.81426558459102e-05,0.00238306146437256,0.00176354149835545,"Ly6a/Ly6g/Ly6c1/App",4
"GO:0004857","MF","GO:0004857","enzyme inhibitor activity","13/266","410/28407",0.000145062963627563,0.00652783336324033,0.00483080491314755,"Rps15/Spink4/Spink1/Serpinb1a/Wfdc2/Ppp1r14d/Serpinb6a/Anxa3/Slpi/Naip1/App/Ppp1r1b/Anxa1",13
"GO:0050839","MF","GO:0050839","cell adhesion molecule binding","11/266","306/28407",0.000160280145719948,0.00661155601094786,0.00489276234302999,"Epcam/Cldn7/Tspan8/Cdh17/Cdhr5/App/Cd177/Cd2ap/Cd9/Ccn1/Dsg2",11
"GO:0015108","MF","GO:0015108","chloride transmembrane transporter activity","7/266","128/28407",0.000210442063053058,0.00728522459493735,0.00539129858381329,"Clca4b/Slc26a3/Clca3b/Slc6a8/Clic5/Slc26a2/Slc12a2",7
"GO:0004364","MF","GO:0004364","glutathione transferase activity","4/266","32/28407",0.000219874994792289,0.00728522459493735,0.00539129858381329,"Mgst3/Mgst1/Gsta4/Gstm1",4
"GO:0004867","MF","GO:0004867","serine-type endopeptidase inhibitor activity","7/266","129/28407",0.000220764381664768,0.00728522459493735,0.00539129858381329,"Spink4/Spink1/Serpinb1a/Wfdc2/Serpinb6a/Slpi/App",7
"GO:0030550","MF","GO:0030550","acetylcholine receptor inhibitor activity","3/266","14/28407",0.000273769551431712,0.0084697454974186,0.00626788183541026,"Ly6a/Ly6g/Ly6c1",3
"GO:0016765","MF","GO:0016765","transferase activity, transferring alkyl or aryl (other than methyl) groups","5/266","64/28407",0.000336808313758322,0.00854911292998345,0.00632661626716479,"Mgst3/Mgst1/Gsta4/Nans/Gstm1",5
"GO:0016717","MF","GO:0016717","oxidoreductase activity, acting on paired donors, with oxidation of a pair of donors resulting in the reduction of molecular oxygen to two molecules of water","3/266","15/28407",0.000339847022745145,0.00854911292998345,0.00632661626716479,"Scd2/Degs2/Fads2",3
"GO:0001664","MF","GO:0001664","G protein-coupled receptor binding","11/266","335/28407",0.000347920941722333,0.00854911292998345,0.00632661626716479,"Saa1/Gpr15lg/Pyy/Insl5/Gcg/Ccl6/App/Gna14/Cxcl2/Ppp1r1b/S100a14",11
"GO:0051287","MF","GO:0051287","NAD binding","5/266","65/28407",0.000362114699856852,0.00854911292998345,0.00632661626716479,"Adh1/Hsd11b2/Aldh2/Hpgd/Idh1",5
"GO:0030246","MF","GO:0030246","carbohydrate binding","10/266","283/28407",0.000362689639453843,0.00854911292998345,0.00632661626716479,"Reg3b/Lgals4/Zg16/Reg3g/Clec2h/H2-Ea/H2-Eb1/Reg4/Fuom/Gfpt1",10
"GO:0005154","MF","GO:0005154","epidermal growth factor receptor binding","4/266","39/28407",0.000477729717456487,0.0107347384415541,0.00794404886264928,"Agr2/Pigr/Hbegf/Areg",4
"GO:0008509","MF","GO:0008509","monoatomic anion transmembrane transporter activity","7/266","148/28407",0.000507986497733535,0.0107347384415541,0.00794404886264928,"Clca4b/Slc26a3/Clca3b/Slc6a8/Clic5/Slc26a2/Slc12a2",7
"GO:0038187","MF","GO:0038187","pattern recognition receptor activity","4/266","40/28407",0.000526933398709603,0.0107347384415541,0.00794404886264928,"Dmbt1/Pglyrp1/Cd14/Nlrp6",4
"GO:0015103","MF","GO:0015103","inorganic anion transmembrane transporter activity","7/266","150/28407",0.000550372003367561,0.0107347384415541,0.00794404886264928,"Clca4b/Slc26a3/Clca3b/Slc6a8/Clic5/Slc26a2/Slc12a2",7
"GO:0070851","MF","GO:0070851","growth factor receptor binding","7/266","151/28407",0.000572594228515773,0.0107347384415541,0.00794404886264928,"Agr2/Pigr/Ceacam1/Hbegf/Areg/App/Cd2ap",7
"GO:0004866","MF","GO:0004866","endopeptidase inhibitor activity","8/266","198/28407",0.000585531187721132,0.0107347384415541,0.00794404886264928,"Spink4/Spink1/Serpinb1a/Wfdc2/Serpinb6a/Slpi/Naip1/App",8
"GO:0030414","MF","GO:0030414","peptidase inhibitor activity","8/266","205/28407",0.000734802073819459,0.0127824569715078,0.00945942589279044,"Spink4/Spink1/Serpinb1a/Wfdc2/Serpinb6a/Slpi/Naip1/App",8
"GO:0016614","MF","GO:0016614","oxidoreductase activity, acting on CH-OH group of donors","7/266","158/28407",0.000748871216512576,0.0127824569715078,0.00945942589279044,"Adh1/Hsd11b2/Hao2/Hsd17b2/Hpgd/Akr1c13/Idh1",7
"GO:0015081","MF","GO:0015081","sodium ion transmembrane transporter activity","7/266","160/28407",0.000806397587587501,0.0133055601951938,0.00984653896422633,"Atp1b1/Atp1a1/Slc6a14/Slc6a8/Kcnk1/Slc13a2/Slc12a2",7
"GO:0022804","MF","GO:0022804","active transmembrane transporter activity","12/266","435/28407",0.000890221906668316,0.0142148336709941,0.0105194303402572,"Atp1b1/Slc26a3/Cdh17/Atp1a1/Slc6a14/Slc6a8/Cyc1/Slc44a4/Slc13a2/Slc44a1/Slc26a2/Slc12a2",12
"GO:0061135","MF","GO:0061135","endopeptidase regulator activity","8/266","217/28407",0.00106087887346664,0.0163786288687544,0.0121207078071803,"Spink4/Spink1/Serpinb1a/Wfdc2/Serpinb6a/Slpi/Naip1/App",8
"GO:0106435","MF","GO:0106435","carboxylesterase activity","3/266","22/28407",0.00109584492979159,0.0163786288687544,0.0121207078071803,"Ces2e/Aldh2/Ces2c",3
"GO:0051015","MF","GO:0051015","actin filament binding","8/266","219/28407",0.00112499673037909,0.0163786288687544,0.0121207078071803,"Dstn/Lima1/Misp/Vil1/Pof1b/Tpm1/Myh14/Myo1a",8
"GO:0046943","MF","GO:0046943","carboxylic acid transmembrane transporter activity","7/266","174/28407",0.00131351289893467,0.0185768252849332,0.0137474432730606,"Ceacam1/Slc26a3/Slc51b/Slc6a14/Slc6a8/Slc13a2/Slc26a2",7
"GO:0005342","MF","GO:0005342","organic acid transmembrane transporter activity","7/266","175/28407",0.00135753248419271,0.0186660716576498,0.0138134884356452,"Ceacam1/Slc26a3/Slc51b/Slc6a14/Slc6a8/Slc13a2/Slc26a2",7
"GO:0008201","MF","GO:0008201","heparin binding","7/266","179/28407",0.00154526219181849,0.02067310229595,0.0152987551281034,"Saa1/Hbegf/Apoe/Reg4/App/Lgr4/Ccn1",7
"GO:0022853","MF","GO:0022853","active monoatomic ion transmembrane transporter activity","8/266","234/28407",0.00171065810338942,0.0221772999843618,0.0164119093983156,"Atp1b1/Slc26a3/Atp1a1/Slc6a14/Slc6a8/Cyc1/Slc13a2/Slc12a2",8
"GO:0015291","MF","GO:0015291","secondary active transmembrane transporter activity","9/266","290/28407",0.00174730242301032,0.0221772999843618,0.0164119093983156,"Slc26a3/Cdh17/Slc6a14/Slc6a8/Slc44a4/Slc13a2/Slc44a1/Slc26a2/Slc12a2",9
"GO:0004602","MF","GO:0004602","glutathione peroxidase activity","3/266","27/28407",0.00201077835485022,0.0233390150442492,0.017271615598934,"Gpx2/Mgst3/Mgst1",3
"GO:0030548","MF","GO:0030548","acetylcholine receptor regulator activity","3/266","27/28407",0.00201077835485022,0.0233390150442492,0.017271615598934,"Ly6a/Ly6g/Ly6c1",3
"GO:0099602","MF","GO:0099602","neurotransmitter receptor regulator activity","3/266","27/28407",0.00201077835485022,0.0233390150442492,0.017271615598934,"Ly6a/Ly6g/Ly6c1",3
"GO:0005179","MF","GO:0005179","hormone activity","6/266","139/28407",0.00202742958970246,0.0233390150442492,0.017271615598934,"Reg3b/Pyy/Retnlb/Reg3g/Insl5/Gcg",6
"GO:0030247","MF","GO:0030247","polysaccharide binding","3/266","28/28407",0.00223660020830009,0.0251229609365143,0.0185917924633854,"H2-Ea/H2-Eb1/Reg4",3
"GO:0016836","MF","GO:0016836","hydro-lyase activity","4/266","59/28407",0.00228390553968312,0.0251229609365143,0.0185917924633854,"Car4/Car1/Gmds/Eno3",4
"GO:0051117","MF","GO:0051117","ATPase binding","5/266","100/28407",0.00253278669411505,0.0266153783307257,0.0196962289401223,"Atp1b1/Atp5if1/Fxyd4/Fxyd3/S100a1",5
"GO:0008514","MF","GO:0008514","organic anion transmembrane transporter activity","8/266","250/28407",0.00257746948232784,0.0266153783307257,0.0196962289401223,"Ceacam1/Slc26a3/Slc51b/Slc6a14/Slc6a8/Slc44a4/Slc13a2/Slc26a2",8
"GO:0004601","MF","GO:0004601","peroxidase activity","4/266","61/28407",0.00258088517146431,0.0266153783307257,0.0196962289401223,"Gpx2/Mgst3/Mgst1/Lpo",4
"GO:0016616","MF","GO:0016616","oxidoreductase activity, acting on the CH-OH group of donors, NAD or NADP as acceptor","6/266","149/28407",0.00286889538556973,0.0287430251179468,0.0212707554301871,"Adh1/Hsd11b2/Hsd17b2/Hpgd/Akr1c13/Idh1",6
"GO:0016684","MF","GO:0016684","oxidoreductase activity, acting on peroxide as acceptor","4/266","63/28407",0.00290333587049968,0.0287430251179468,0.0212707554301871,"Gpx2/Mgst3/Mgst1/Lpo",4
"GO:0005310","MF","GO:0005310","dicarboxylic acid transmembrane transporter activity","3/266","31/28407",0.00300608260898967,0.0291766841460762,0.0215916769438267,"Slc26a3/Slc13a2/Slc26a2",3
"GO:0005178","MF","GO:0005178","integrin binding","6/266","153/28407",0.00326993408158587,0.0311272571227886,0.0230351631658276,"Tspan8/Cdh17/App/Cd177/Cd9/Ccn1",6
"GO:0003779","MF","GO:0003779","actin binding","11/266","448/28407",0.00354185652089461,0.0319260086649499,0.023626264785545,"Dstn/Ceacam1/Lima1/Misp/Eps8/Eps8l3/Vil1/Pof1b/Tpm1/Myh14/Myo1a",11
"GO:0005391","MF","GO:0005391","P-type sodium:potassium-exchanging transporter activity","2/266","10/28407",0.0037408252577113,0.0319260086649499,0.023626264785545,"Atp1b1/Atp1a1",2
"GO:0008519","MF","GO:0008519","ammonium transmembrane transporter activity","2/266","10/28407",0.0037408252577113,0.0319260086649499,0.023626264785545,"Aqp8/Slc12a2",2
"GO:0008554","MF","GO:0008554","P-type sodium transporter activity","2/266","10/28407",0.0037408252577113,0.0319260086649499,0.023626264785545,"Atp1b1/Atp1a1",2
"GO:0010853","MF","GO:0010853","cyclase activator activity","2/266","10/28407",0.0037408252577113,0.0319260086649499,0.023626264785545,"Guca2a/Guca2b",2
"GO:0019531","MF","GO:0019531","oxalate transmembrane transporter activity","2/266","10/28407",0.0037408252577113,0.0319260086649499,0.023626264785545,"Slc26a3/Slc26a2",2
"GO:0061134","MF","GO:0061134","peptidase regulator activity","8/266","268/28407",0.00392782107657395,0.0329537531000696,0.0243868284504502,"Spink4/Spink1/Serpinb1a/Wfdc2/Serpinb6a/Slpi/Naip1/App",8
"GO:0015079","MF","GO:0015079","potassium ion transmembrane transporter activity","6/266","160/28407",0.0040703287198512,0.0335802119387724,0.0248504279738284,"Atp1b1/Lrg1/Atp1a1/Fxyd4/Kcnk1/Slc12a2",6
"GO:0030547","MF","GO:0030547","signaling receptor inhibitor activity","3/266","35/28407",0.00425829819941699,0.0345550427657608,0.025571833880882,"Ly6a/Ly6g/Ly6c1",3
"GO:0008271","MF","GO:0008271","secondary active sulfate transmembrane transporter activity","2/266","11/28407",0.00454396198203182,0.0346040181708577,0.0256080772428676,"Slc26a3/Slc26a2",2
"GO:0008556","MF","GO:0008556","P-type potassium transmembrane transporter activity","2/266","11/28407",0.00454396198203182,0.0346040181708577,0.0256080772428676,"Atp1b1/Atp1a1",2
"GO:0015250","MF","GO:0015250","water channel activity","2/266","11/28407",0.00454396198203182,0.0346040181708577,0.0256080772428676,"Aqp4/Aqp8",2
"GO:0042609","MF","GO:0042609","CD4 receptor binding","2/266","11/28407",0.00454396198203182,0.0346040181708577,0.0256080772428676,"Cd74/H2-Eb1",2
"GO:0052689","MF","GO:0052689","carboxylic ester hydrolase activity","6/266","167/28407",0.00500721343538662,0.0375541007653997,0.0277912324643468,"Pla2g2a/Car1/Ces2e/Aldh2/Ces2c/Pla2g10",6
"GO:0005343","MF","GO:0005343","organic acid:sodium symporter activity","3/266","38/28407",0.00537674122885183,0.0388768614310821,0.0287701175502745,"Slc6a14/Slc6a8/Slc13a2",3
"GO:0035325","MF","GO:0035325","Toll-like receptor binding","2/266","12/28407",0.00541919886615084,0.0388768614310821,0.0287701175502745,"Ceacam1/Saa3",2
"GO:0050253","MF","GO:0050253","retinyl-palmitate esterase activity","2/266","12/28407",0.00541919886615084,0.0388768614310821,0.0287701175502745,"Ces2e/Ces2c",2
"GO:0001530","MF","GO:0001530","lipopolysaccharide binding","3/266","39/28407",0.00578499218813476,0.0409081590446673,0.0302733425785097,"Dmbt1/Cd14/Nlrp6",3
"GO:0016835","MF","GO:0016835","carbon-oxygen lyase activity","4/266","77/28407",0.00595839995224107,0.0415409574135117,0.0307416335564106,"Car4/Car1/Gmds/Eno3",4
"GO:0042605","MF","GO:0042605","peptide antigen binding","4/266","78/28407",0.00623514490164619,0.0428666211988176,0.0317226670434631,"H2-Aa/H2-Ea/H2-Eb1/H2-Ab1",4
"GO:0004865","MF","GO:0004865","protein serine/threonine phosphatase inhibitor activity","2/266","13/28407",0.00636512553520532,0.043160782738721,0.0319403559661349,"Ppp1r14d/Ppp1r1b",2
"GO:0005125","MF","GO:0005125","cytokine activity","7/266","236/28407",0.00705289415543971,0.0465379101325684,0.0344395379609438,"Gpr15lg/Il18/Pglyrp1/Areg/Ccl6/Fam3b/Cxcl2",7
"GO:0015370","MF","GO:0015370","solute:sodium symporter activity","4/266","81/28407",0.00711625241872164,0.0465379101325684,0.0344395379609438,"Slc6a14/Slc6a8/Slc13a2/Slc12a2",4
"GO:0005229","MF","GO:0005229","intracellular calcium activated chloride channel activity","2/266","14/28407",0.00738035153250094,0.0465379101325684,0.0344395379609438,"Clca4b/Clca3b",2
"GO:0005372","MF","GO:0005372","water transmembrane transporter activity","2/266","14/28407",0.00738035153250094,0.0465379101325684,0.0344395379609438,"Aqp4/Aqp8",2
"GO:0055102","MF","GO:0055102","lipase inhibitor activity","2/266","14/28407",0.00738035153250094,0.0465379101325684,0.0344395379609438,"Anxa3/Anxa1",2
"GO:0016782","MF","GO:0016782","transferase activity, transferring sulphur-containing groups","4/266","82/28407",0.00742726242519779,0.0465379101325684,0.0344395379609438,"Sult1b1/Tst/Sult1a1/Sult1d1",4
"GO:0042056","MF","GO:0042056","chemoattractant activity","3/266","43/28407",0.0076007204440553,0.0470294577475922,0.0348032988754111,"Saa3/Ccl6/App",3
"GO:0042379","MF","GO:0042379","chemokine receptor binding","4/266","85/28407",0.00841363705857318,0.0486106873516811,0.0359734592203828,"Gpr15lg/Ccl6/Cxcl2/S100a14",4
"GO:0004089","MF","GO:0004089","carbonate dehydratase activity","2/266","15/28407",0.00846350607246335,0.0486106873516811,0.0359734592203828,"Car4/Car1",2
"GO:0010851","MF","GO:0010851","cyclase regulator activity","2/266","15/28407",0.00846350607246335,0.0486106873516811,0.0359734592203828,"Guca2a/Guca2b",2
"GO:0044548","MF","GO:0044548","S100 protein binding","2/266","15/28407",0.00846350607246335,0.0486106873516811,0.0359734592203828,"S100a6/S100a1",2
"GO:0061778","MF","GO:0061778","intracellular chloride channel activity","2/266","15/28407",0.00846350607246335,0.0486106873516811,0.0359734592203828,"Clca4b/Clca3b",2
"GO:0061783","MF","GO:0061783","peptidoglycan muralytic activity","2/266","15/28407",0.00846350607246335,0.0486106873516811,0.0359734592203828,"Pglyrp1/Lyz2",2
"GO:0046873","MF","GO:0046873","metal ion transmembrane transporter activity","10/266","437/28407",0.00854369656484092,0.0486106873516811,0.0359734592203828,"Atp1b1/Lrg1/Atp1a1/Slc6a14/Fxyd4/Slc6a8/Kcnk1/Slc13a2/Tmem37/Slc12a2",10
