"","ONTOLOGY","ID","Description","GeneRatio","BgRatio","pvalue","p.adjust","qvalue","geneID","Count"
"GO:0042742","BP","GO:0042742","defense response to bacterium","12/62","430/28891",1.11936335604288e-10,1.56598933510399e-07,1.03217084199322e-07,"Reg3b/Lypd8/Zg16/Lgals4/Dmbt1/Lyz2/Wfdc2/Pglyrp1/Il1b/Sprr2a3/Pla2g2a/Havcr2",12
"GO:0050830","BP","GO:0050830","defense response to Gram-positive bacterium","9/62","203/28891",5.137815908071e-10,3.56693699440762e-07,2.35103029013286e-07,"Reg3b/Zg16/Dmbt1/Lyz2/Pglyrp1/Il1b/Sprr2a3/Pla2g2a/Havcr2",9
"GO:0019886","BP","GO:0019886","antigen processing and presentation of exogenous peptide antigen via MHC class II","5/62","21/28891",7.64889991652814e-10,3.56693699440762e-07,2.35103029013286e-07,"H2-Aa/H2-Eb1/H2-Ea/Cd74/H2-Ab1",5
"GO:0002495","BP","GO:0002495","antigen processing and presentation of peptide antigen via MHC class II","5/62","25/28891",1.98398161767708e-09,6.93897570782557e-07,4.57359972917136e-07,"H2-Aa/H2-Eb1/H2-Ea/Cd74/H2-Ab1",5
"GO:0002504","BP","GO:0002504","antigen processing and presentation of peptide or polysaccharide antigen via MHC class II","5/62","27/28891",3.00471868421025e-09,8.40720287842027e-07,5.54133382603827e-07,"H2-Aa/H2-Eb1/H2-Ea/Cd74/H2-Ab1",5
"GO:0050870","BP","GO:0050870","positive regulation of T cell activation","9/62","277/28891",7.82392043976423e-09,1.64252942825688e-06,1.08261975031265e-06,"H2-Aa/H2-Eb1/H2-Ea/Cd74/H2-Ab1/Anxa1/Il1b/Cd83/Havcr2",9
"GO:0002399","BP","GO:0002399","MHC class II protein complex assembly","4/62","12/28891",9.39259144106865e-09,1.64252942825688e-06,1.08261975031265e-06,"H2-Aa/H2-Eb1/H2-Ea/H2-Ab1",4
"GO:0002503","BP","GO:0002503","peptide antigen assembly with MHC class II protein complex","4/62","12/28891",9.39259144106865e-09,1.64252942825688e-06,1.08261975031265e-06,"H2-Aa/H2-Eb1/H2-Ea/H2-Ab1",4
"GO:1903039","BP","GO:1903039","positive regulation of leukocyte cell-cell adhesion","9/62","303/28891",1.69938885869704e-08,2.6416055703524e-06,1.74112823417381e-06,"H2-Aa/H2-Eb1/H2-Ea/Cd74/H2-Ab1/Anxa1/Il1b/Cd83/Havcr2",9
"GO:0034341","BP","GO:0034341","response to type II interferon","7/62","150/28891",3.42069146861784e-08,4.00033632861451e-06,2.63669133882571e-06,"H2-Aa/H2-Eb1/Cd74/H2-Ab1/Cxcl16/Ifitm2/Ifngr1",7
"GO:0002396","BP","GO:0002396","MHC protein complex assembly","4/62","16/28891",3.43131064641702e-08,4.00033632861451e-06,2.63669133882571e-06,"H2-Aa/H2-Eb1/H2-Ea/H2-Ab1",4
"GO:0002501","BP","GO:0002501","peptide antigen assembly with MHC protein complex","4/62","16/28891",3.43131064641702e-08,4.00033632861451e-06,2.63669133882571e-06,"H2-Aa/H2-Eb1/H2-Ea/H2-Ab1",4
"GO:0022409","BP","GO:0022409","positive regulation of cell-cell adhesion","9/62","354/28891",6.44363281447751e-08,6.9343402365031e-06,4.5705444092974e-06,"H2-Aa/H2-Eb1/H2-Ea/Cd74/H2-Ab1/Anxa1/Il1b/Cd83/Havcr2",9
"GO:0030098","BP","GO:0030098","lymphocyte differentiation","10/62","486/28891",8.13520597379679e-08,8.12939511238693e-06,5.35822588950826e-06,"H2-Aa/Bcl2a1d/H2-Ea/Cd74/H2-Ab1/Anxa1/Pglyrp1/Id2/Il1b/Cd83",10
"GO:0051251","BP","GO:0051251","positive regulation of lymphocyte activation","9/62","367/28891",8.75604724940045e-08,8.16647340127415e-06,5.38266483542091e-06,"H2-Aa/H2-Eb1/H2-Ea/Cd74/H2-Ab1/Anxa1/Il1b/Cd83/Havcr2",9
"GO:0002478","BP","GO:0002478","antigen processing and presentation of exogenous peptide antigen","5/62","53/28891",1.02336665926066e-07,8.94806222691042e-06,5.89782364152856e-06,"H2-Aa/H2-Eb1/H2-Ea/Cd74/H2-Ab1",5
"GO:0019884","BP","GO:0019884","antigen processing and presentation of exogenous antigen","5/62","60/28891",1.92535726982283e-07,1.5844557767542e-05,1.04434239527232e-05,"H2-Aa/H2-Eb1/H2-Ea/Cd74/H2-Ab1",5
"GO:1903037","BP","GO:1903037","regulation of leukocyte cell-cell adhesion","9/62","407/28891",2.09917823306983e-07,1.63152797114705e-05,1.07536849834454e-05,"H2-Aa/H2-Eb1/H2-Ea/Cd74/H2-Ab1/Anxa1/Il1b/Cd83/Havcr2",9
"GO:0050863","BP","GO:0050863","regulation of T cell activation","9/62","411/28891",2.27912440037225e-07,1.67815528216883e-05,1.10610137103939e-05,"H2-Aa/H2-Eb1/H2-Ea/Cd74/H2-Ab1/Anxa1/Il1b/Cd83/Havcr2",9
"GO:0002696","BP","GO:0002696","positive regulation of leukocyte activation","9/62","432/28891",3.46146591893601e-07,2.42129541029574e-05,1.59591797104629e-05,"H2-Aa/H2-Eb1/H2-Ea/Cd74/H2-Ab1/Anxa1/Il1b/Cd83/Havcr2",9
"GO:0007159","BP","GO:0007159","leukocyte cell-cell adhesion","9/62","447/28891",4.60334600895405e-07,3.06670526977463e-05,2.02131884904448e-05,"H2-Aa/H2-Eb1/H2-Ea/Cd74/H2-Ab1/Anxa1/Il1b/Cd83/Havcr2",9
"GO:0050867","BP","GO:0050867","positive regulation of cell activation","9/62","454/28891",5.23961898629426e-07,3.19346522214756e-05,2.10486854113936e-05,"H2-Aa/H2-Eb1/H2-Ea/Cd74/H2-Ab1/Anxa1/Il1b/Cd83/Havcr2",9
"GO:0045619","BP","GO:0045619","regulation of lymphocyte differentiation","7/62","224/28891",5.25015726300171e-07,3.19346522214756e-05,2.10486854113936e-05,"H2-Aa/H2-Ea/Cd74/Anxa1/Pglyrp1/Id2/Cd83",7
"GO:0001516","BP","GO:0001516","prostaglandin biosynthetic process","4/62","32/28891",6.60763923743234e-07,3.69763491726714e-05,2.43717556715399e-05,"Cd74/Anxa1/Il1b/Pla2g2a",4
"GO:0046457","BP","GO:0046457","prostanoid biosynthetic process","4/62","32/28891",6.60763923743234e-07,3.69763491726714e-05,2.43717556715399e-05,"Cd74/Anxa1/Il1b/Pla2g2a",4
"GO:0002825","BP","GO:0002825","regulation of T-helper 1 type immune response","4/62","33/28891",7.50697329274085e-07,4.03932909097863e-05,2.66239214754696e-05,"H2-Ab1/Anxa1/Il1b/Havcr2",4
"GO:0002181","BP","GO:0002181","cytoplasmic translation","6/62","148/28891",7.92163015160263e-07,4.10457799336744e-05,2.70539883540113e-05,"Rps8/Rps15/Rplp1/Rpl14/Rps21/Rps12",6
"GO:0048002","BP","GO:0048002","antigen processing and presentation of peptide antigen","5/62","83/28891",9.85579970807034e-07,4.924379925568e-05,3.24574456551489e-05,"H2-Aa/H2-Eb1/H2-Ea/Cd74/H2-Ab1",5
"GO:2001280","BP","GO:2001280","positive regulation of unsaturated fatty acid biosynthetic process","3/62","11/28891",1.53387322221964e-06,7.39961599270784e-05,4.8772157628472e-05,"Cd74/Anxa1/Il1b",3
"GO:0051250","BP","GO:0051250","negative regulation of lymphocyte activation","6/62","174/28891",2.03473597493285e-06,9.21549926463981e-05,6.07409605043036e-05,"H2-Aa/Cd74/Anxa1/Pglyrp1/Id2/Havcr2",6
"GO:0031392","BP","GO:0031392","regulation of prostaglandin biosynthetic process","3/62","12/28891",2.04203343247916e-06,9.21549926463981e-05,6.07409605043036e-05,"Cd74/Anxa1/Il1b",3
"GO:0006636","BP","GO:0006636","unsaturated fatty acid biosynthetic process","4/62","43/28891",2.2279588095157e-06,9.74035742035146e-05,6.42003920110446e-05,"Cd74/Anxa1/Il1b/Pla2g2a",4
"GO:2001279","BP","GO:2001279","regulation of unsaturated fatty acid biosynthetic process","3/62","14/28891",3.3683017614455e-06,0.00014279558073522,9.41190540040273e-05,"Cd74/Anxa1/Il1b",3
"GO:0042088","BP","GO:0042088","T-helper 1 type immune response","4/62","53/28891",5.20229851493816e-06,0.000207943303497099,0.000137059052604085,"H2-Ab1/Anxa1/Il1b/Havcr2",4
"GO:0046456","BP","GO:0046456","icosanoid biosynthetic process","4/62","53/28891",5.20229851493816e-06,0.000207943303497099,0.000137059052604085,"Cd74/Anxa1/Il1b/Pla2g2a",4
"GO:0002695","BP","GO:0002695","negative regulation of leukocyte activation","6/62","206/28891",5.38589940949577e-06,0.000209302035385683,0.000137954616453751,"H2-Aa/Cd74/Anxa1/Pglyrp1/Id2/Havcr2",6
"GO:1902107","BP","GO:1902107","positive regulation of leukocyte differentiation","6/62","213/28891",6.52139277264154e-06,0.000240090223392777,0.000158247647336122,"H2-Aa/H2-Ea/Cd74/Anxa1/Id2/Cd83",6
"GO:1903708","BP","GO:1903708","positive regulation of hemopoiesis","6/62","213/28891",6.52139277264154e-06,0.000240090223392777,0.000158247647336122,"H2-Aa/H2-Ea/Cd74/Anxa1/Id2/Cd83",6
"GO:0006693","BP","GO:0006693","prostaglandin metabolic process","4/62","57/28891",6.97281443840408e-06,0.000250127369213521,0.000164863304940404,"Cd74/Anxa1/Il1b/Pla2g2a",4
"GO:0045582","BP","GO:0045582","positive regulation of T cell differentiation","5/62","125/28891",7.43045454763823e-06,0.000255140553905157,0.000168167582273743,"H2-Aa/H2-Ea/Cd74/Anxa1/Cd83",5
"GO:0006692","BP","GO:0006692","prostanoid metabolic process","4/62","58/28891",7.47731430315328e-06,0.000255140553905157,0.000168167582273743,"Cd74/Anxa1/Il1b/Pla2g2a",4
"GO:0030217","BP","GO:0030217","T cell differentiation","7/62","339/28891",8.13812686635569e-06,0.0002710771306198,0.000178671657516982,"H2-Aa/Bcl2a1d/H2-Ea/Cd74/Anxa1/Il1b/Cd83",7
"GO:0050866","BP","GO:0050866","negative regulation of cell activation","6/62","225/28891",8.91580017232811e-06,0.000290074521885745,0.000191193168934135,"H2-Aa/Cd74/Anxa1/Pglyrp1/Id2/Havcr2",6
"GO:0045620","BP","GO:0045620","negative regulation of lymphocyte differentiation","4/62","63/28891",1.04141130210379e-05,0.000324015565318054,0.00021356430173328,"Cd74/Anxa1/Pglyrp1/Id2",4
"GO:0019882","BP","GO:0019882","antigen processing and presentation","5/62","134/28891",1.0422230478422e-05,0.000324015565318054,0.00021356430173328,"H2-Aa/H2-Eb1/H2-Ea/Cd74/H2-Ab1",5
"GO:0051346","BP","GO:0051346","negative regulation of hydrolase activity","7/62","356/28891",1.11752110805272e-05,0.000339872180470816,0.000224015672918577,"Bcl2a1d/Wfdc2/Anxa1/Serpinb1a/Cst3/Spink4/Spink1",7
"GO:0045861","BP","GO:0045861","negative regulation of proteolysis","7/62","362/28891",1.24493497094873e-05,0.00036936433208785,0.000243454463646181,"Bcl2a1d/Wfdc2/Serpinb1a/Cst3/Tm4sf20/Spink4/Spink1",7
"GO:1902105","BP","GO:1902105","regulation of leukocyte differentiation","7/62","363/28891",1.26729720802121e-05,0.00036936433208785,0.000243454463646181,"H2-Aa/H2-Ea/Cd74/Anxa1/Pglyrp1/Id2/Cd83",7
"GO:0045621","BP","GO:0045621","positive regulation of lymphocyte differentiation","5/62","141/28891",1.33409423144084e-05,0.000380897516282802,0.000251056186195955,"H2-Aa/H2-Ea/Cd74/Anxa1/Cd83",5
"GO:0032663","BP","GO:0032663","regulation of interleukin-2 production","4/62","68/28891",1.41243204093066e-05,0.000395198485052398,0.000260482203759001,"Anxa1/Il1b/Cd83/Havcr2",4
"GO:0002819","BP","GO:0002819","regulation of adaptive immune response","6/62","252/28891",1.69490372407997e-05,0.000464935354899583,0.000306446989121579,"H2-Ea/Cd74/H2-Ab1/Anxa1/Il1b/Havcr2",6
"GO:0010466","BP","GO:0010466","negative regulation of peptidase activity","6/62","257/28891",1.89341126777514e-05,0.000509400454541812,0.000335754710641908,"Bcl2a1d/Wfdc2/Serpinb1a/Cst3/Spink4/Spink1",6
"GO:0032623","BP","GO:0032623","interleukin-2 production","4/62","76/28891",2.19677509446959e-05,0.000579865727766595,0.000382199599355583,"Anxa1/Il1b/Cd83/Havcr2",4
"GO:0045723","BP","GO:0045723","positive regulation of fatty acid biosynthetic process","3/62","28/28891",2.96718898359215e-05,0.000768721738526928,0.000506677884917489,"Cd74/Anxa1/Il1b",3
"GO:0043372","BP","GO:0043372","positive regulation of CD4-positive, alpha-beta T cell differentiation","3/62","33/28891",4.90403632143143e-05,0.00124740851157865,0.000822188673219891,"H2-Ea/Anxa1/Cd83",3
"GO:1903706","BP","GO:1903706","regulation of hemopoiesis","7/62","452/28891",5.12853700085402e-05,0.00128121844003478,0.000844473385854909,"H2-Aa/H2-Ea/Cd74/Anxa1/Pglyrp1/Id2/Cd83",7
"GO:0045580","BP","GO:0045580","regulation of T cell differentiation","5/62","190/28891",5.57234132514387e-05,0.00136766763401338,0.000901453555092527,"H2-Aa/H2-Ea/Cd74/Anxa1/Cd83",5
"GO:0007162","BP","GO:0007162","negative regulation of cell adhesion","6/62","315/28891",5.89415094111673e-05,0.00142170985631419,0.000937073724939793,"Epcam/H2-Aa/Cd74/Anxa1/Cldn7/Havcr2",6
"GO:0046635","BP","GO:0046635","positive regulation of alpha-beta T cell activation","4/62","103/28891",7.24983759746505e-05,0.00171907166082264,0.00113307006875636,"H2-Ea/H2-Ab1/Anxa1/Cd83",4
"GO:0042274","BP","GO:0042274","ribosomal small subunit biogenesis","4/62","104/28891",7.52776784315217e-05,0.00175522453542831,0.00115689905800023,"Rps8/Rps15/Rps21/Rps12",4
"GO:0006959","BP","GO:0006959","humoral immune response","6/62","337/28891",8.54765426884113e-05,0.00196035546264078,0.00129210442441843,"Reg3b/Lgals4/Dmbt1/Wfdc2/Pglyrp1/Il1b",6
"GO:0022408","BP","GO:0022408","negative regulation of cell-cell adhesion","5/62","209/28891",8.74142592924036e-05,0.00197246046371085,0.00130008304142862,"Epcam/H2-Aa/Cd74/Anxa1/Havcr2",5
"GO:0032743","BP","GO:0032743","positive regulation of interleukin-2 production","3/62","41/28891",9.46507277671446e-05,0.00210184711343231,0.00138536403548903,"Anxa1/Il1b/Cd83",3
"GO:0019730","BP","GO:0019730","antimicrobial humoral response","5/62","221/28891",0.000113609594179071,0.00248343472275813,0.0016368750740274,"Reg3b/Lgals4/Dmbt1/Wfdc2/Pglyrp1",5
"GO:0006953","BP","GO:0006953","acute-phase response","3/62","44/28891",0.000117056235227579,0.00251941035512898,0.00166058723982769,"Saa1/Reg3b/Il1b",3
"GO:2000516","BP","GO:2000516","positive regulation of CD4-positive, alpha-beta T cell activation","3/62","45/28891",0.000125225878338613,0.00265440914842,0.00174956729544857,"H2-Ea/Anxa1/Cd83",3
"GO:0002285","BP","GO:0002285","lymphocyte activation involved in immune response","5/62","227/28891",0.000128777354745446,0.00268894804908775,0.0017723324863631,"H2-Ea/Cd74/Anxa1/Pglyrp1/Havcr2",5
"GO:0032612","BP","GO:0032612","interleukin-1 production","4/62","122/28891",0.00013971250231846,0.00287437927564008,0.00189455343701193,"Anxa1/Serpinb1a/Il1b/Havcr2",4
"GO:1902106","BP","GO:1902106","negative regulation of leukocyte differentiation","4/62","123/28891",0.00014417785953006,0.00292325834032686,0.00192677047976098,"Cd74/Anxa1/Pglyrp1/Id2",4
"GO:0002822","BP","GO:0002822","regulation of adaptive immune response based on somatic recombination of immune receptors built from immunoglobulin superfamily domains","5/62","236/28891",0.000154385194034323,0.00308549837791453,0.00203370571389574,"H2-Ea/H2-Ab1/Anxa1/Il1b/Havcr2",5
"GO:0045923","BP","GO:0045923","positive regulation of fatty acid metabolic process","3/62","50/28891",0.000171652480194063,0.00336478803464691,0.00221779039039215,"Cd74/Anxa1/Il1b",3
"GO:1903707","BP","GO:1903707","negative regulation of hemopoiesis","4/62","129/28891",0.000173169934592264,0.00336478803464691,0.00221779039039215,"Cd74/Anxa1/Pglyrp1/Id2",4
"GO:0002286","BP","GO:0002286","T cell activation involved in immune response","4/62","130/28891",0.000178381847823991,0.00341857815213374,0.0022532443935662,"H2-Ea/Cd74/Anxa1/Havcr2",4
"GO:0042304","BP","GO:0042304","regulation of fatty acid biosynthetic process","3/62","52/28891",0.000192956570359604,0.00364792218828495,0.00240440904174983,"Cd74/Anxa1/Il1b",3
"GO:0050829","BP","GO:0050829","defense response to Gram-negative bacterium","4/62","134/28891",0.000200367509300442,0.00373752194015091,0.00246346579855701,"Reg3b/Lypd8/Dmbt1/Lyz2",4
"GO:0046638","BP","GO:0046638","positive regulation of alpha-beta T cell differentiation","3/62","53/28891",0.000204221826670284,0.0037592938883122,0.00247781606874195,"H2-Ea/Anxa1/Cd83",3
"GO:0050868","BP","GO:0050868","negative regulation of T cell activation","4/62","138/28891",0.000224243656038924,0.00407424512725265,0.00268540591510727,"H2-Aa/Cd74/Anxa1/Havcr2",4
"GO:0043370","BP","GO:0043370","regulation of CD4-positive, alpha-beta T cell differentiation","3/62","55/28891",0.00022801251217805,0.00408960903252681,0.00269553253263119,"H2-Ea/Anxa1/Cd83",3
"GO:0033559","BP","GO:0033559","unsaturated fatty acid metabolic process","4/62","140/28891",0.000236919934181124,0.00419558212556194,0.00276538124373971,"Cd74/Anxa1/Il1b/Pla2g2a",4
"GO:0032609","BP","GO:0032609","type II interferon production","4/62","141/28891",0.000243447787958254,0.00425103112605222,0.00280192864559027,"Zg16/Pglyrp1/Il1b/Havcr2",4
"GO:0032815","BP","GO:0032815","negative regulation of natural killer cell activation","2/62","11/28891",0.000246128321093803,0.00425103112605222,0.00280192864559027,"Pglyrp1/Havcr2",2
"GO:0046634","BP","GO:0046634","regulation of alpha-beta T cell activation","4/62","146/28891",0.000278043695248097,0.00474369670307424,0.0031266531070261,"H2-Ea/H2-Ab1/Anxa1/Cd83",4
"GO:0006690","BP","GO:0006690","icosanoid metabolic process","4/62","147/28891",0.000285364675346192,0.00480994193746171,0.00317031649465141,"Cd74/Anxa1/Il1b/Pla2g2a",4
"GO:0002579","BP","GO:0002579","positive regulation of antigen processing and presentation","2/62","12/28891",0.000294945578626068,0.00491224838687939,0.00323774845709819,"Cd74/H2-Ab1",2
"GO:0070661","BP","GO:0070661","leukocyte proliferation","6/62","425/28891",0.000299953863837004,0.00493688771185845,0.00325398866527821,"H2-Aa/Cd74/Junb/Anxa1/Il1b/Havcr2",6
"GO:0061844","BP","GO:0061844","antimicrobial humoral immune response mediated by antimicrobial peptide","4/62","151/28891",0.000316038118163192,0.00514113171291053,0.00338860944321856,"Reg3b/Lgals4/Dmbt1/Pglyrp1",4
"GO:1903038","BP","GO:1903038","negative regulation of leukocyte cell-cell adhesion","4/62","153/28891",0.000332229778687798,0.00534240759062333,0.00352127387937703,"H2-Aa/Cd74/Anxa1/Havcr2",4
"GO:0002468","BP","GO:0002468","dendritic cell antigen processing and presentation","2/62","13/28891",0.000348090123853547,0.00553384185535354,0.00364745153702999,"H2-Ea/Cd74",2
"GO:0050670","BP","GO:0050670","regulation of lymphocyte proliferation","5/62","286/28891",0.000374609062684825,0.00588851773815809,0.00388122458795868,"H2-Aa/Cd74/Anxa1/Il1b/Havcr2",5
"GO:0032944","BP","GO:0032944","regulation of mononuclear cell proliferation","5/62","290/28891",0.000399123555586643,0.00619528294405803,0.00408341887738974,"H2-Aa/Cd74/Anxa1/Il1b/Havcr2",5
"GO:0006633","BP","GO:0006633","fatty acid biosynthetic process","4/62","161/28891",0.000402981235103131,0.00619528294405803,0.00408341887738974,"Cd74/Anxa1/Il1b/Pla2g2a",4
"GO:0032633","BP","GO:0032633","interleukin-4 production","3/62","67/28891",0.000408793833940723,0.00621633232264209,0.00409729288938299,"Zg16/Cd83/Havcr2",3
"GO:0052547","BP","GO:0052547","regulation of peptidase activity","6/62","457/28891",0.00044082363004525,0.00663131460680973,0.00437081493966767,"Bcl2a1d/Wfdc2/Serpinb1a/Cst3/Spink4/Spink1",6
"GO:0048711","BP","GO:0048711","positive regulation of astrocyte differentiation","2/62","15/28891",0.000467288349749052,0.00695464256700983,0.00458392602889328,"Id2/Il1b",2
"GO:0002697","BP","GO:0002697","regulation of immune effector process","6/62","473/28891",0.000528330854251712,0.0077803670010331,0.00512817538309695,"H2-Ea/Cd74/Anxa1/Pglyrp1/Il1b/Havcr2",6
"GO:0002821","BP","GO:0002821","positive regulation of adaptive immune response","4/62","174/28891",0.000539994207611056,0.00786929058799861,0.00518678646784303,"H2-Ea/Cd74/H2-Ab1/Il1b",4
"GO:0070663","BP","GO:0070663","regulation of leukocyte proliferation","5/62","313/28891",0.000564432612813626,0.00801107541547589,0.00528023931677279,"H2-Aa/Cd74/Anxa1/Il1b/Havcr2",5
"GO:0032677","BP","GO:0032677","regulation of interleukin-8 production","3/62","75/28891",0.000569232216578148,0.00801107541547589,0.00528023931677279,"Cd74/Anxa1/Il1b",3
"GO:0046637","BP","GO:0046637","regulation of alpha-beta T cell differentiation","3/62","75/28891",0.000569232216578148,0.00801107541547589,0.00528023931677279,"H2-Ea/Anxa1/Cd83",3
"GO:0001818","BP","GO:0001818","negative regulation of cytokine production","5/62","314/28891",0.000572628693029013,0.00801107541547589,0.00528023931677279,"Anxa1/Pglyrp1/Serpinb1a/Cd83/Havcr2",5
"GO:0032637","BP","GO:0032637","interleukin-8 production","3/62","76/28891",0.000591722537083633,0.00819623593445547,0.00540228183934614,"Cd74/Anxa1/Il1b",3
"GO:0032635","BP","GO:0032635","interleukin-6 production","4/62","182/28891",0.000639144731457055,0.0086102562049306,0.00567516980965291,"Zg16/Cd74/Il1b/Havcr2",4
"GO:0042254","BP","GO:0042254","ribosome biogenesis","5/62","322/28891",0.000641461298036706,0.0086102562049306,0.00567516980965291,"Rps8/Rps15/Rpl14/Rps21/Rps12",5
"GO:0002460","BP","GO:0002460","adaptive immune response based on somatic recombination of immune receptors built from immunoglobulin superfamily domains","6/62","491/28891",0.000642370535179342,0.0086102562049306,0.00567516980965291,"H2-Ea/Cd74/H2-Ab1/Anxa1/Il1b/Havcr2",6
"GO:0010721","BP","GO:0010721","negative regulation of cell development","5/62","323/28891",0.000650482857891622,0.0086102562049306,0.00567516980965291,"Cd74/Anxa1/Pglyrp1/Id2/Il1b",5
"GO:0050671","BP","GO:0050671","positive regulation of lymphocyte proliferation","4/62","183/28891",0.000652385387936128,0.0086102562049306,0.00567516980965291,"Cd74/Anxa1/Il1b/Havcr2",4
"GO:0010951","BP","GO:0010951","negative regulation of endopeptidase activity","4/62","184/28891",0.0006658195255143,0.00870543473078977,0.00573790363355166,"Bcl2a1d/Serpinb1a/Cst3/Spink1",4
"GO:2000514","BP","GO:2000514","regulation of CD4-positive, alpha-beta T cell activation","3/62","80/28891",0.000687345927501588,0.00889808424325977,0.00586488228215309,"H2-Ea/Anxa1/Cd83",3
"GO:0032946","BP","GO:0032946","positive regulation of mononuclear cell proliferation","4/62","186/28891",0.000693274612233964,0.00889808424325977,0.00586488228215309,"Cd74/Anxa1/Il1b/Havcr2",4
"GO:0060326","BP","GO:0060326","cell chemotaxis","5/62","331/28891",0.000726125669963049,0.00923499829343915,0.00608694819988164,"Agr2/Cd74/Cxcl16/Anxa1/Il1b",5
"GO:0002366","BP","GO:0002366","leukocyte activation involved in immune response","5/62","333/28891",0.000746024063484995,0.00940259157491449,0.00619741185028787,"H2-Ea/Cd74/Anxa1/Pglyrp1/Havcr2",5
"GO:0002827","BP","GO:0002827","positive regulation of T-helper 1 type immune response","2/62","19/28891",0.000756815376503799,0.00945343492615013,0.00623092358850872,"H2-Ab1/Il1b",2
"GO:0002263","BP","GO:0002263","cell activation involved in immune response","5/62","337/28891",0.00078704259314912,0.00974400520190813,0.00642244351745346,"H2-Ea/Cd74/Anxa1/Pglyrp1/Havcr2",5
"GO:0032722","BP","GO:0032722","positive regulation of chemokine production","3/62","86/28891",0.000848379433015604,0.0102718418774319,0.00677034986240571,"Cd74/Il1b/Havcr2",3
"GO:0070372","BP","GO:0070372","regulation of ERK1 and ERK2 cascade","5/62","343/28891",0.000851703829722727,0.0102718418774319,0.00677034986240571,"Cd74/Atf3/Il1b/Pla2g2a/Havcr2",5
"GO:1902074","BP","GO:1902074","response to salt","5/62","343/28891",0.000851703829722727,0.0102718418774319,0.00677034986240571,"Krt8/Mt1/Junb/Id2/Il1b",5
"GO:0002577","BP","GO:0002577","regulation of antigen processing and presentation","2/62","21/28891",0.00092685705273893,0.0109887543795065,0.00724287937733544,"Cd74/H2-Ab1",2
"GO:0048143","BP","GO:0048143","astrocyte activation","2/62","21/28891",0.00092685705273893,0.0109887543795065,0.00724287937733544,"Il1b/Ifngr1",2
"GO:0070665","BP","GO:0070665","positive regulation of leukocyte proliferation","4/62","202/28891",0.000942538586150879,0.0110807687565133,0.00730352765562291,"Cd74/Anxa1/Il1b/Havcr2",4
"GO:0048708","BP","GO:0048708","astrocyte differentiation","3/62","94/28891",0.00109774485314188,0.0127978754128791,0.00843530255572181,"Id2/Il1b/Ifngr1",3
"GO:0070371","BP","GO:0070371","ERK1 and ERK2 cascade","5/62","367/28891",0.00115068699248059,0.0133042239874409,0.00876904571912133,"Cd74/Atf3/Il1b/Pla2g2a/Havcr2",5
"GO:0006364","BP","GO:0006364","rRNA processing","4/62","215/28891",0.00118696308261484,0.0136111586276898,0.00897135168568246,"Rps8/Rps15/Rpl14/Rps21",4
"GO:0043367","BP","GO:0043367","CD4-positive, alpha-beta T cell differentiation","3/62","99/28891",0.00127476699853463,0.0144991791134143,0.00955666145242909,"H2-Ea/Anxa1/Cd83",3
"GO:0046631","BP","GO:0046631","alpha-beta T cell activation","4/62","221/28891",0.00131351012515062,0.0148193602023042,0.00976769838397235,"H2-Ea/H2-Ab1/Anxa1/Cd83",4
"GO:0046651","BP","GO:0046651","lymphocyte proliferation","5/62","383/28891",0.00138922999226567,0.0155482620734374,0.0102481303008398,"H2-Aa/Cd74/Anxa1/Il1b/Havcr2",5
"GO:0042129","BP","GO:0042129","regulation of T cell proliferation","4/62","227/28891",0.00144921286504567,0.0159641637653456,0.0105222583487775,"H2-Aa/Anxa1/Il1b/Havcr2",4
"GO:0072330","BP","GO:0072330","monocarboxylic acid biosynthetic process","4/62","227/28891",0.00144921286504567,0.0159641637653456,0.0105222583487775,"Cd74/Anxa1/Il1b/Pla2g2a",4
"GO:0006979","BP","GO:0006979","response to oxidative stress","5/62","389/28891",0.00148748099654652,0.0161316737532449,0.0106326670989372,"Reg3b/Anxa1/Nr4a2/Atox1/Cst3",5
"GO:0032943","BP","GO:0032943","mononuclear cell proliferation","5/62","389/28891",0.00148748099654652,0.0161316737532449,0.0106326670989372,"H2-Aa/Cd74/Anxa1/Il1b/Havcr2",5
"GO:0043434","BP","GO:0043434","response to peptide hormone","5/62","396/28891",0.00160848526052876,0.017309775995998,0.0114091748034267,"Reg3b/Anxa1/Nr4a2/H2az1/Il1b",5
"GO:0070374","BP","GO:0070374","positive regulation of ERK1 and ERK2 cascade","4/62","239/28891",0.0017494638041552,0.0186832050535353,0.0123144258130973,"Cd74/Il1b/Pla2g2a/Havcr2",4
"GO:0019217","BP","GO:0019217","regulation of fatty acid metabolic process","3/62","111/28891",0.0017701636597055,0.0186843939398469,0.0123152094287694,"Cd74/Anxa1/Il1b",3
"GO:0030595","BP","GO:0030595","leukocyte chemotaxis","4/62","240/28891",0.0017762862001427,0.0186843939398469,0.0123152094287694,"Cd74/Cxcl16/Anxa1/Il1b",4
"GO:0097191","BP","GO:0097191","extrinsic apoptotic signaling pathway","4/62","242/28891",0.00183078618515538,0.0191139542763611,0.0125983401272279,"Krt8/Bcl2a1d/Atf3/Il1b",4
"GO:0034599","BP","GO:0034599","cellular response to oxidative stress","4/62","243/28891",0.00185846692812366,0.0192592239440371,0.0126940898950201,"Reg3b/Anxa1/Nr4a2/Cst3",4
"GO:0046889","BP","GO:0046889","positive regulation of lipid biosynthetic process","3/62","114/28891",0.00191025846207797,0.0196503793268168,0.0129519072196618,"Cd74/Anxa1/Il1b",3
"GO:0032642","BP","GO:0032642","regulation of chemokine production","3/62","116/28891",0.0020073886559751,0.0203502661573128,0.0134132148179572,"Cd74/Il1b/Havcr2",3
"GO:0032652","BP","GO:0032652","regulation of interleukin-1 production","3/62","116/28891",0.0020073886559751,0.0203502661573128,0.0134132148179572,"Anxa1/Serpinb1a/Havcr2",3
"GO:0001892","BP","GO:0001892","embryonic placenta development","3/62","118/28891",0.00210754485243346,0.0211928419581603,0.0139685712014962,"Krt8/Krt19/Junb",3
"GO:0016072","BP","GO:0016072","rRNA metabolic process","4/62","252/28891",0.00212079905228195,0.0211928419581603,0.0139685712014962,"Rps8/Rps15/Rpl14/Rps21",4
"GO:0007263","BP","GO:0007263","nitric oxide mediated signal transduction","2/62","32/28891",0.002156152617492,0.0213933156870305,0.0141007069273833,"Mt1/Spink1",2
"GO:0000462","BP","GO:0000462","maturation of SSU-rRNA from tricistronic rRNA transcript (SSU-rRNA, 5.8S rRNA, LSU-rRNA)","2/62","33/28891",0.00229209534357443,0.0222683429559766,0.0146774526386784,"Rps8/Rps21",2
"GO:0046597","BP","GO:0046597","negative regulation of viral entry into host cell","2/62","33/28891",0.00229209534357443,0.0222683429559766,0.0146774526386784,"Cd74/Ifitm2",2
"GO:0060706","BP","GO:0060706","cell differentiation involved in embryonic placenta development","2/62","33/28891",0.00229209534357443,0.0222683429559766,0.0146774526386784,"Krt8/Krt19",2
"GO:0002828","BP","GO:0002828","regulation of type 2 immune response","2/62","34/28891",0.00243199480239956,0.0234645567486689,0.0154658979811399,"Cd74/Anxa1",2
"GO:0032602","BP","GO:0032602","chemokine production","3/62","126/28891",0.00253907821659325,0.0241906024946781,0.0159444473761995,"Cd74/Il1b/Havcr2",3
"GO:0022613","BP","GO:0022613","ribonucleoprotein complex biogenesis","5/62","440/28891",0.00254182885397976,0.0241906024946781,0.0159444473761995,"Rps8/Rps15/Rpl14/Rps21/Rps12",5
"GO:0090023","BP","GO:0090023","positive regulation of neutrophil chemotaxis","2/62","35/28891",0.00257583394267094,0.024348592471599,0.0160485813213353,"Cd74/Il1b",2
"GO:0032649","BP","GO:0032649","regulation of type II interferon production","3/62","127/28891",0.00259656210637049,0.0243798012537739,0.0160691515731582,"Pglyrp1/Il1b/Havcr2",3
"GO:0042098","BP","GO:0042098","T cell proliferation","4/62","270/28891",0.00272030662542803,0.0250678320831042,0.0165226446746167,"H2-Aa/Anxa1/Il1b/Havcr2",4
"GO:0001779","BP","GO:0001779","natural killer cell differentiation","2/62","36/28891",0.00272359576599845,0.0250678320831042,0.0165226446746167,"Pglyrp1/Id2",2
"GO:0048710","BP","GO:0048710","regulation of astrocyte differentiation","2/62","36/28891",0.00272359576599845,0.0250678320831042,0.0165226446746167,"Id2/Il1b",2
"GO:0019221","BP","GO:0019221","cytokine-mediated signaling pathway","5/62","450/28891",0.00279955556362824,0.0255985505458556,0.0168724504557161,"Krt8/Cd74/Ifitm2/Il1b/Ifngr1",5
"GO:0035710","BP","GO:0035710","CD4-positive, alpha-beta T cell activation","3/62","131/28891",0.00283453437708145,0.0257500882697204,0.0169723316084986,"H2-Ea/Anxa1/Cd83",3
"GO:0071624","BP","GO:0071624","positive regulation of granulocyte chemotaxis","2/62","37/28891",0.0028752633267557,0.0259515702847176,0.017105131913331,"Cd74/Il1b",2
"GO:1903901","BP","GO:1903901","negative regulation of viral life cycle","2/62","38/28891",0.00303081973193776,0.0271802359293649,0.0179149668365552,"Cd74/Ifitm2",2
"GO:0071621","BP","GO:0071621","granulocyte chemotaxis","3/62","135/28891",0.00308554136329286,0.0274411389120979,0.0180869325360203,"Cd74/Anxa1/Il1b",3
"GO:0002274","BP","GO:0002274","myeloid leukocyte activation","4/62","280/28891",0.0030991422073706,0.0274411389120979,0.0180869325360203,"Anxa1/Pla2g2a/Ifngr1/Havcr2",4
"GO:0006935","BP","GO:0006935","chemotaxis","5/62","462/28891",0.00313327617458307,0.0275617921801282,0.0181664572061189,"Agr2/Cd74/Cxcl16/Anxa1/Il1b",5
"GO:0014002","BP","GO:0014002","astrocyte development","2/62","39/28891",0.00319024814101927,0.0275617921801282,0.0181664572061189,"Il1b/Ifngr1",2
"GO:0042330","BP","GO:0042330","taxis","5/62","464/28891",0.0031915727899791,0.0275617921801282,0.0181664572061189,"Agr2/Cd74/Cxcl16/Anxa1/Il1b",5
"GO:1901652","BP","GO:1901652","response to peptide","5/62","464/28891",0.0031915727899791,0.0275617921801282,0.0181664572061189,"Reg3b/Anxa1/Nr4a2/H2az1/Il1b",5
"GO:0046632","BP","GO:0046632","alpha-beta T cell differentiation","3/62","138/28891",0.00328248793622407,0.0280933589243846,0.0185168221043308,"H2-Ea/Anxa1/Cd83",3
"GO:0001906","BP","GO:0001906","cell killing","4/62","286/28891",0.00334296111265311,0.0280933589243846,0.0185168221043308,"H2-Ea/Lyz2/Pglyrp1/Havcr2",4
"GO:0002526","BP","GO:0002526","acute inflammatory response","3/62","139/28891",0.0033498107792949,0.0280933589243846,0.0185168221043308,"Saa1/Reg3b/Il1b",3
"GO:0021782","BP","GO:0021782","glial cell development","3/62","139/28891",0.0033498107792949,0.0280933589243846,0.0185168221043308,"Id2/Il1b/Ifngr1",3
"GO:0045622","BP","GO:0045622","regulation of T-helper cell differentiation","2/62","40/28891",0.00335353176581289,0.0280933589243846,0.0185168221043308,"H2-Ea/Anxa1",2
"GO:0019731","BP","GO:0019731","antibacterial humoral response","3/62","140/28891",0.00341797627225359,0.0281279341463693,0.0185396112352579,"Lgals4/Dmbt1/Wfdc2",3
"GO:0030101","BP","GO:0030101","natural killer cell activation","3/62","140/28891",0.00341797627225359,0.0281279341463693,0.0185396112352579,"Pglyrp1/Id2/Havcr2",3
"GO:0042102","BP","GO:0042102","positive regulation of T cell proliferation","3/62","140/28891",0.00341797627225359,0.0281279341463693,0.0185396112352579,"Anxa1/Il1b/Havcr2",3
"GO:0032689","BP","GO:0032689","negative regulation of type II interferon production","2/62","41/28891",0.00352065387032804,0.0288034781554908,0.0189848740560626,"Pglyrp1/Havcr2",2
"GO:0042119","BP","GO:0042119","neutrophil activation","2/62","42/28891",0.00369159777063018,0.0300264260529746,0.0197909403125584,"Anxa1/Pla2g2a",2
"GO:0090022","BP","GO:0090022","regulation of neutrophil chemotaxis","2/62","43/28891",0.00386634683470013,0.0312660070621126,0.0206079697426061,"Cd74/Il1b",2
"GO:0002449","BP","GO:0002449","lymphocyte mediated immunity","5/62","489/28891",0.00398807564147574,0.032065044956463,0.0211346295337734,"H2-Ea/Cd74/H2-Ab1/Il1b/Havcr2",5
"GO:0030490","BP","GO:0030490","maturation of SSU-rRNA","2/62","47/28891",0.00460306389747722,0.0363571650985632,0.0239636406653936,"Rps8/Rps21",2
"GO:0071542","BP","GO:0071542","dopaminergic neuron differentiation","2/62","47/28891",0.00460306389747722,0.0363571650985632,0.0239636406653936,"Nr4a2/Id2",2
"GO:0140236","BP","GO:0140236","translation at presynapse","2/62","47/28891",0.00460306389747722,0.0363571650985632,0.0239636406653936,"Rpl14/Rps12",2
"GO:0141060","BP","GO:0141060","disruption of anatomical structure in another organism","3/62","156/28891",0.00462585803255486,0.0363571650985632,0.0239636406653936,"Reg3b/Lyz2/Pglyrp1",3
"GO:0062197","BP","GO:0062197","cellular response to chemical stress","4/62","316/28891",0.00476003391241085,0.0370742041943684,0.0244362536204557,"Reg3b/Anxa1/Nr4a2/Cst3",4
"GO:0140241","BP","GO:0140241","translation at synapse","2/62","48/28891",0.00479659110734859,0.0370742041943684,0.0244362536204557,"Rpl14/Rps12",2
"GO:0140242","BP","GO:0140242","translation at postsynapse","2/62","48/28891",0.00479659110734859,0.0370742041943684,0.0244362536204557,"Rpl14/Rps12",2
"GO:0051701","BP","GO:0051701","biological process involved in interaction with host","3/62","159/28891",0.00487748540151138,0.0374923191028265,0.024711840437964,"Cd74/Pglyrp1/Ifitm2",3
"GO:1902624","BP","GO:1902624","positive regulation of neutrophil migration","2/62","49/28891",0.00499382477127303,0.038176835273284,0.0251630169665526,"Cd74/Il1b",2
"GO:0046394","BP","GO:0046394","carboxylic acid biosynthetic process","4/62","321/28891",0.00502999995896206,0.0382444018618909,0.0252075512817549,"Cd74/Anxa1/Il1b/Pla2g2a",4
"GO:0042092","BP","GO:0042092","type 2 immune response","2/62","50/28891",0.00519474861673465,0.03887891765303,0.0256257716895935,"Cd74/Anxa1",2
"GO:0045214","BP","GO:0045214","sarcomere organization","2/62","50/28891",0.00519474861673465,0.03887891765303,0.0256257716895935,"Krt8/Krt19",2
"GO:0016053","BP","GO:0016053","organic acid biosynthetic process","4/62","324/28891",0.00519682458979029,0.03887891765303,0.0256257716895935,"Cd74/Anxa1/Il1b/Pla2g2a",4
"GO:0002699","BP","GO:0002699","positive regulation of immune effector process","4/62","326/28891",0.00531008233122447,0.0395149211775694,0.0260449726884246,"H2-Ea/Cd74/Anxa1/Il1b",4
"GO:0036230","BP","GO:0036230","granulocyte activation","2/62","51/28891",0.00539934642202146,0.0397562402337264,0.0262040302808354,"Anxa1/Pla2g2a",2
"GO:0060135","BP","GO:0060135","maternal process involved in female pregnancy","2/62","51/28891",0.00539934642202146,0.0397562402337264,0.0262040302808354,"Junb/Havcr2",2
"GO:0140546","BP","GO:0140546","defense response to symbiont","4/62","329/28891",0.00548305776249243,0.0400490608608075,0.0263970334555264,"Zg16/Ifitm2/Il1b/Ifngr1",4
"GO:0002824","BP","GO:0002824","positive regulation of adaptive immune response based on somatic recombination of immune receptors built from immunoglobulin superfamily domains","3/62","166/28891",0.00549636860991782,0.0400490608608075,0.0263970334555264,"H2-Ea/H2-Ab1/Il1b",3
"GO:0097530","BP","GO:0097530","granulocyte migration","3/62","167/28891",0.00558844838265358,0.0402309498487539,0.0265169196550231,"Cd74/Anxa1/Il1b",3
"GO:0010934","BP","GO:0010934","macrophage cytokine production","2/62","52/28891",0.00560760201608792,0.0402309498487539,0.0265169196550231,"Cd74/Il1b",2
"GO:0032309","BP","GO:0032309","icosanoid secretion","2/62","52/28891",0.00560760201608792,0.0402309498487539,0.0265169196550231,"Anxa1/Il1b",2
"GO:0046596","BP","GO:0046596","regulation of viral entry into host cell","2/62","53/28891",0.00581949927841803,0.0415381606658511,0.0273785250692491,"Cd74/Ifitm2",2
"GO:0002698","BP","GO:0002698","negative regulation of immune effector process","3/62","170/28891",0.00587024582809501,0.0416876848401265,0.0274770790564319,"Anxa1/Pglyrp1/Havcr2",3
"GO:0032355","BP","GO:0032355","response to estradiol","2/62","54/28891",0.00603502213888845,0.0421980664709772,0.0278134804774659,"Anxa1/H2az1",2
"GO:0045581","BP","GO:0045581","negative regulation of T cell differentiation","2/62","54/28891",0.00603502213888845,0.0421980664709772,0.0278134804774659,"Cd74/Anxa1",2
"GO:0048546","BP","GO:0048546","digestive tract morphogenesis","2/62","54/28891",0.00603502213888845,0.0421980664709772,0.0278134804774659,"Agr2/Id2",2
"GO:0010565","BP","GO:0010565","regulation of cellular ketone metabolic process","3/62","172/28891",0.00606276723421474,0.0421980664709772,0.0278134804774659,"Cd74/Anxa1/Il1b",3
"GO:0030856","BP","GO:0030856","regulation of epithelial cell differentiation","3/62","173/28891",0.00616043212421327,0.0424553918314008,0.0279830881037637,"Reg3b/Dmbt1/Il1b",3
"GO:0032675","BP","GO:0032675","regulation of interleukin-6 production","3/62","173/28891",0.00616043212421327,0.0424553918314008,0.0279830881037637,"Cd74/Il1b/Havcr2",3
"GO:0015718","BP","GO:0015718","monocarboxylic acid transport","3/62","180/28891",0.00687051516143331,0.046631427078075,0.0307355856592255,"Anxa1/Il1b/Stard10",3
"GO:0032757","BP","GO:0032757","positive regulation of interleukin-8 production","2/62","58/28891",0.0069330499158253,0.046631427078075,0.0307355856592255,"Cd74/Il1b",2
"GO:0045687","BP","GO:0045687","positive regulation of glial cell differentiation","2/62","58/28891",0.0069330499158253,0.046631427078075,0.0307355856592255,"Id2/Il1b",2
"GO:0052372","BP","GO:0052372","modulation by symbiont of entry into host","2/62","58/28891",0.0069330499158253,0.046631427078075,0.0307355856592255,"Cd74/Ifitm2",2
"GO:0061900","BP","GO:0061900","glial cell activation","2/62","58/28891",0.0069330499158253,0.046631427078075,0.0307355856592255,"Il1b/Ifngr1",2
"GO:0032673","BP","GO:0032673","regulation of interleukin-4 production","2/62","59/28891",0.00716646146936607,0.0479707157686274,0.0316183341584723,"Cd83/Havcr2",2
"GO:0001890","BP","GO:0001890","placenta development","3/62","184/28891",0.0072972389258118,0.0486135107486224,0.0320420115238653,"Krt8/Krt19/Junb",3
"GO:1902622","BP","GO:1902622","regulation of neutrophil migration","2/62","60/28891",0.00740340325094139,0.0488747472071093,0.0322141970230072,"Cd74/Il1b",2
"GO:0045834","BP","GO:0045834","positive regulation of lipid metabolic process","3/62","185/28891",0.00740632337949048,0.0488747472071093,0.0322141970230072,"Cd74/Anxa1/Il1b",3
"GO:0052548","BP","GO:0052548","regulation of endopeptidase activity","4/62","360/28891",0.00749575496340312,0.0491374127553033,0.0323873244600622,"Bcl2a1d/Serpinb1a/Cst3/Spink1",4
"GO:0062013","BP","GO:0062013","positive regulation of small molecule metabolic process","3/62","186/28891",0.00751637335928156,0.0491374127553033,0.0323873244600622,"Cd74/Anxa1/Il1b",3
"GO:0071248","BP","GO:0071248","cellular response to metal ion","3/62","187/28891",0.00762739088011262,0.0496312550757096,0.0327128245335552,"Mt1/Junb/Id2",3
"GO:0042613","CC","GO:0042613","MHC class II protein complex","5/64","13/28573",6.10042919004729e-11,7.56453219565864e-09,4.4308380432975e-09,"H2-Aa/H2-Eb1/H2-Ea/Cd74/H2-Ab1",5
"GO:0042611","CC","GO:0042611","MHC protein complex","5/64","42/28573",3.83580830437647e-08,2.37820114871341e-06,1.39300406843145e-06,"H2-Aa/H2-Eb1/H2-Ea/Cd74/H2-Ab1",5
"GO:0022626","CC","GO:0022626","cytosolic ribosome","6/64","142/28573",8.01352076768498e-07,3.31225525064313e-05,1.94011555428163e-05,"Rps8/Rps15/Rplp1/Rpl14/Rps21/Rps12",6
"GO:0005770","CC","GO:0005770","late endosome","7/64","255/28573",1.67228497406444e-06,5.18408341959977e-05,3.03651745290649e-05,"H2-Aa/H2-Eb1/H2-Ea/Cd74/H2-Ab1/Cst3/Ifitm2",7
"GO:0031902","CC","GO:0031902","late endosome membrane","5/64","94/28573",2.26332294189204e-06,5.61304089589225e-05,3.28777437874843e-05,"H2-Aa/H2-Eb1/H2-Ea/H2-Ab1/Ifitm2",5
"GO:0022627","CC","GO:0022627","cytosolic small ribosomal subunit","4/64","45/28573",3.18247125672444e-06,6.57710726389718e-05,3.85246520550854e-05,"Rps8/Rps15/Rps21/Rps12",4
"GO:0044391","CC","GO:0044391","ribosomal subunit","6/64","215/28573",8.8204290022605e-06,0.000156247599468615,9.15202407753345e-05,"Rps8/Rps15/Rplp1/Rpl14/Rps21/Rps12",6
"GO:0005765","CC","GO:0005765","lysosomal membrane","6/64","230/28573",1.29391814719728e-05,0.000178273166947181,0.000104421464510658,"H2-Aa/H2-Eb1/H2-Ea/H2-Ab1/Ifitm2/Tm6sf1",6
"GO:0098852","CC","GO:0098852","lytic vacuole membrane","6/64","230/28573",1.29391814719728e-05,0.000178273166947181,0.000104421464510658,"H2-Aa/H2-Eb1/H2-Ea/H2-Ab1/Ifitm2/Tm6sf1",6
"GO:0030141","CC","GO:0030141","secretory granule","8/64","498/28573",1.5142039233278e-05,0.000187761286492648,0.000109979021799598,"Reg3b/Zg16/Dmbt1/Lyz2/Il1b/Tff3/Sprr2a3/Pla2g2a",8
"GO:0042588","CC","GO:0042588","zymogen granule","3/64","26/28573",2.68577402209133e-05,0.00026719043578704,0.000156503735732647,"Reg3b/Zg16/Dmbt1",3
"GO:0062023","CC","GO:0062023","collagen-containing extracellular matrix","7/64","396/28573",2.93259966991442e-05,0.00026719043578704,0.000156503735732647,"Reg3b/Zg16/Lgals4/Dmbt1/Anxa1/Serpinb1a/Cst3",7
"GO:0005840","CC","GO:0005840","ribosome","6/64","267/28573",2.99678118757765e-05,0.00026719043578704,0.000156503735732647,"Rps8/Rps15/Rplp1/Rpl14/Rps21/Rps12",6
"GO:0016327","CC","GO:0016327","apicolateral plasma membrane","3/64","27/28573",3.01666621049884e-05,0.00026719043578704,0.000156503735732647,"Krt8/Krt19/Cldn7",3
"GO:0015935","CC","GO:0015935","small ribosomal subunit","4/64","83/28573",3.68270459856242e-05,0.00030443691348116,0.000178320433193549,"Rps8/Rps15/Rps21/Rps12",4
"GO:0005774","CC","GO:0005774","vacuolar membrane","6/64","283/28573",4.14597539032661e-05,0.000321313092750312,0.000188205461797721,"H2-Aa/H2-Eb1/H2-Ea/H2-Ab1/Ifitm2/Tm6sf1",6
"GO:0010008","CC","GO:0010008","endosome membrane","6/64","316/28573",7.63064151049281e-05,0.000556587969000652,0.000326015024287309,"H2-Aa/H2-Eb1/H2-Ea/H2-Ab1/Ifitm2/Pigr",6
"GO:0001772","CC","GO:0001772","immunological synapse","3/64","50/28573",0.000194847164439408,0.00134228046613814,0.00078622540036954,"H2-Eb1/H2-Ea/Havcr2",3
"GO:0005771","CC","GO:0005771","multivesicular body","3/64","59/28573",0.000318568789528529,0.00207908052113356,0.00121779758877942,"Cd74/H2-Ab1/Cst3",3
"GO:0042589","CC","GO:0042589","zymogen granule membrane","2/64","16/28573",0.000580780142997143,0.00351940671258101,0.00206145214913489,"Zg16/Dmbt1",2
"GO:0016328","CC","GO:0016328","lateral plasma membrane","3/64","73/28573",0.000596028556162913,0.00351940671258101,0.00206145214913489,"Epcam/Anxa1/Cldn7",3
"GO:0022625","CC","GO:0022625","cytosolic large ribosomal subunit","3/64","79/28573",0.000750609787996484,0.004230709714162,0.0024780897307061,"Rplp1/Rpl14/Rps12",3
"GO:0016010","CC","GO:0016010","dystrophin-associated glycoprotein complex","2/64","20/28573",0.000914271541691342,0.0047237362987386,0.00276687440248695,"Krt8/Krt19",2
"GO:0043034","CC","GO:0043034","costamere","2/64","20/28573",0.000914271541691342,0.0047237362987386,0.00276687440248695,"Krt8/Krt19",2
"GO:0005751","CC","GO:0005751","mitochondrial respiratory chain complex IV","2/64","25/28573",0.00143320701602277,0.00683529499949321,0.00400369571277616,"Cox6c/Cox7a2",2
"GO:0090665","CC","GO:0090665","glycoprotein complex","2/64","25/28573",0.00143320701602277,0.00683529499949321,0.00400369571277616,"Krt8/Krt19",2
"GO:0045277","CC","GO:0045277","respiratory chain complex IV","2/64","28/28573",0.0017980439113066,0.00825768314822292,0.00483684327018151,"Cox6c/Cox7a2",2
"GO:0015934","CC","GO:0015934","large ribosomal subunit","3/64","137/28573",0.00362887137183771,0.0160707160752813,0.00941323776905271,"Rplp1/Rpl14/Rps12",3
"GO:0070069","CC","GO:0070069","cytochrome complex","2/64","41/28573",0.00382815502378872,0.016368662860338,0.00958775668389916,"Cox6c/Cox7a2",2
"GO:0042383","CC","GO:0042383","sarcolemma","3/64","170/28573",0.0066090740677668,0.0273175061467694,0.016000916164067,"Krt8/Krt19/Anxa1",3
"GO:0005769","CC","GO:0005769","early endosome","4/64","353/28573",0.00813052875867227,0.0325221150346891,0.0190494561748179,"H2-Ab1/Neurl3/Ifitm2/Havcr2",4
"GO:0000791","CC","GO:0000791","euchromatin","2/64","69/28573",0.0105206816069908,0.0407676412270892,0.0238791786474461,"Id2/H2az1",2
"GO:0032040","CC","GO:0032040","small-subunit processome","2/64","75/28573",0.0123380829901805,0.04636128153886,0.0271555893563781,"Rps8/Rps12",2
"GO:0023026","MF","GO:0023026","MHC class II protein complex binding","5/61","14/28407",7.61551002999261e-11,1.07378691422896e-08,6.01224476052048e-09,"H2-Aa/H2-Eb1/H2-Ea/Cd74/H2-Ab1",5
"GO:0023023","MF","GO:0023023","MHC protein complex binding","5/61","23/28407",1.26119142508482e-09,8.89139954684795e-08,4.97838720428217e-08,"H2-Aa/H2-Eb1/H2-Ea/Cd74/H2-Ab1",5
"GO:0003735","MF","GO:0003735","structural constituent of ribosome","6/61","178/28407",2.32093047380224e-06,0.000109083732268705,6.10771177316379e-05,"Rps8/Rps15/Rplp1/Rpl14/Rps21/Rps12",6
"GO:0042834","MF","GO:0042834","peptidoglycan binding","3/61","19/28407",8.90804979936623e-06,0.00031400875542766,0.000175816772355912,"Reg3b/Zg16/Pglyrp1",3
"GO:0042605","MF","GO:0042605","peptide antigen binding","4/61","78/28407",2.43688614419885e-05,0.000649621998586806,0.000363730122389029,"H2-Aa/H2-Eb1/H2-Ea/H2-Ab1",4
"GO:0004857","MF","GO:0004857","enzyme inhibitor activity","7/61","410/28407",2.76434893015662e-05,0.000649621998586806,0.000363730122389029,"Rps15/Wfdc2/Anxa1/Serpinb1a/Cst3/Spink4/Spink1",7
"GO:0004866","MF","GO:0004866","endopeptidase inhibitor activity","5/61","198/28407",6.77816037902908e-05,0.00136531516206157,0.000764454178085987,"Wfdc2/Serpinb1a/Cst3/Spink4/Spink1",5
"GO:0030414","MF","GO:0030414","peptidase inhibitor activity","5/61","205/28407",7.98610365880232e-05,0.00140755076986391,0.000788102334750229,"Wfdc2/Serpinb1a/Cst3/Spink4/Spink1",5
"GO:0061135","MF","GO:0061135","endopeptidase regulator activity","5/61","217/28407",0.00010435575371683,0.00163490680823034,0.000915401348393249,"Wfdc2/Serpinb1a/Cst3/Spink4/Spink1",5
"GO:0042277","MF","GO:0042277","peptide binding","6/61","370/28407",0.000142342274803773,0.00200702607473321,0.00112375480108242,"H2-Aa/H2-Eb1/H2-Ea/Cd74/H2-Ab1/Cst3",6
"GO:0004867","MF","GO:0004867","serine-type endopeptidase inhibitor activity","4/61","129/28407",0.000173340253958404,0.00207954790799263,0.00116436053079095,"Wfdc2/Serpinb1a/Spink4/Spink1",4
"GO:0005539","MF","GO:0005539","glycosaminoglycan binding","5/61","243/28407",0.000176982800680224,0.00207954790799263,0.00116436053079095,"Saa1/Reg3b/Zg16/Dmbt1/Pglyrp1",5
"GO:0140375","MF","GO:0140375","immune receptor activity","4/61","138/28407",0.000224465590493643,0.00243458832766182,0.00136315135927313,"H2-Eb1/Cd74/Pigr/Ifngr1",4
"GO:0042609","MF","GO:0042609","CD4 receptor binding","2/61","11/28407",0.000246374254509359,0.00248134070612998,0.00138932850287233,"H2-Eb1/Cd74",2
"GO:0061134","MF","GO:0061134","peptidase regulator activity","5/61","268/28407",0.000278287717094656,0.00261590454068977,0.00146467219523503,"Wfdc2/Serpinb1a/Cst3/Spink4/Spink1",5
"GO:0030246","MF","GO:0030246","carbohydrate binding","5/61","283/28407",0.000357244441049867,0.00314821663675196,0.00176271928149606,"Reg3b/Zg16/H2-Eb1/Lgals4/H2-Ea",5
"GO:0033218","MF","GO:0033218","amide binding","6/61","457/28407",0.0004409732215944,0.0036574837791065,0.00204786325817833,"H2-Aa/H2-Eb1/H2-Ea/Cd74/H2-Ab1/Cst3",6
"GO:0061783","MF","GO:0061783","peptidoglycan muralytic activity","2/61","15/28407",0.000467755026988715,0.00366408104474493,0.00205155713591542,"Lyz2/Pglyrp1",2
"GO:0003823","MF","GO:0003823","antigen binding","4/61","233/28407",0.00159609119975132,0.0116602712435779,0.00652870730323509,"H2-Aa/H2-Eb1/H2-Ea/H2-Ab1",4
"GO:0030247","MF","GO:0030247","polysaccharide binding","2/61","28/28407",0.00165393918348622,0.0116602712435779,0.00652870730323509,"H2-Eb1/H2-Ea",2
"GO:0042608","MF","GO:0042608","T cell receptor binding","2/61","37/28407",0.00287812620637801,0.0193245616713952,0.0108200233322482,"H2-Eb1/H2-Ea",2
"GO:0005154","MF","GO:0005154","epidermal growth factor receptor binding","2/61","39/28407",0.00319342373601127,0.020466943035345,0.0114596545550644,"Agr2/Pigr",2
"GO:0038187","MF","GO:0038187","pattern recognition receptor activity","2/61","40/28407",0.00335686941188183,0.0205790690032756,0.011522435052226,"Dmbt1/Pglyrp1",2
"GO:0005044","MF","GO:0005044","scavenger receptor activity","2/61","43/28407",0.00387019318463707,0.0227373849597428,0.0127308986336746,"Dmbt1/Cxcl16",2
"GO:0070851","MF","GO:0070851","growth factor receptor binding","3/61","151/28407",0.00422910126010544,0.0237935682735421,0.0133222666705163,"Agr2/Il1b/Pigr",3
"GO:0004869","MF","GO:0004869","cysteine-type endopeptidase inhibitor activity","2/61","46/28407",0.0044176479570567,0.0237935682735421,0.0133222666705163,"Wfdc2/Cst3",2
"GO:0046982","MF","GO:0046982","protein heterodimerization activity","4/61","312/28407",0.00455621520131658,0.0237935682735421,0.0133222666705163,"Bcl2a1d/Atf3/Nr4a2/H2az1",4
"GO:0001540","MF","GO:0001540","amyloid-beta binding","2/61","71/28407",0.0102484380524745,0.049828612599962,0.0278995591265185,"Cd74/Cst3",2
"GO:0005507","MF","GO:0005507","copper ion binding","2/61","71/28407",0.0102484380524745,0.049828612599962,0.0278995591265185,"Mt1/Atox1",2
