"","ONTOLOGY","ID","Description","GeneRatio","BgRatio","pvalue","p.adjust","qvalue","geneID","Count"
"GO:0042742","BP","GO:0042742","defense response to bacterium","15/103","430/28891",3.78413800655812e-11,5.85027735813885e-08,4.4254498160906e-08,"Reg3b/Reg3g/Lypd8/Rpl39/Lgals4/Dmbt1/Rpl30/Plac8/Isg15/Romo1/Pla2g2a/Pglyrp1/Acp5/Lgals9/Gm12250",15
"GO:0140236","BP","GO:0140236","translation at presynapse","7/103","47/28891",3.32953181921102e-10,1.50219397538019e-07,1.13633656066412e-07,"Rpl37/Uba52/Rpl36/Rpl27/Rpl9/Rpl36a/Rps27",7
"GO:0140241","BP","GO:0140241","translation at synapse","7/103","48/28891",3.88665970344162e-10,1.50219397538019e-07,1.13633656066412e-07,"Rpl37/Uba52/Rpl36/Rpl27/Rpl9/Rpl36a/Rps27",7
"GO:0140242","BP","GO:0140242","translation at postsynapse","7/103","48/28891",3.88665970344162e-10,1.50219397538019e-07,1.13633656066412e-07,"Rpl37/Uba52/Rpl36/Rpl27/Rpl9/Rpl36a/Rps27",7
"GO:0002181","BP","GO:0002181","cytoplasmic translation","8/103","148/28891",6.18053576461718e-08,1.86073427011599e-05,1.40755482678482e-05,"Uba52/Rpl36/Rpl39/Rpl27/Rpl30/Rpl9/Rpl31/Rpl36a",8
"GO:0061844","BP","GO:0061844","antimicrobial humoral immune response mediated by antimicrobial peptide","8/103","151/28891",7.22147840924705e-08,1.86073427011599e-05,1.40755482678482e-05,"Reg3b/Reg3g/Rpl39/Lgals4/Dmbt1/Rpl30/Romo1/Pglyrp1",8
"GO:0006979","BP","GO:0006979","response to oxidative stress","11/103","389/28891",1.50923372790381e-07,3.24672117042943e-05,2.45598639636896e-05,"Reg3b/Gstp1/Fos/Jun/Ndufa12/Arl6ip5/Romo1/Gpx2/Mgst1/Ndufb4b/Rhob",11
"GO:0032102","BP","GO:0032102","negative regulation of response to external stimulus","12/103","485/28891",1.68006270138651e-07,3.24672117042943e-05,2.45598639636896e-05,"Reg3b/Reg3g/Gstp1/Dusp1/Isg15/Trim30a/Gpx2/Ceacam1/Tspan8/Pglyrp1/Acp5/Lgals9",12
"GO:0015986","BP","GO:0015986","proton motive force-driven ATP synthesis","6/103","70/28891",1.93144791644179e-07,3.3177983097989e-05,2.50975278966881e-05,"Atp5f1e/Ndufa3/Atp5me/Atp5mg/Ndufa12/Atp5mc1",6
"GO:0031348","BP","GO:0031348","negative regulation of defense response","10/103","330/28891",3.04322095220794e-07,4.70481959211347e-05,3.55896681884528e-05,"Reg3b/Reg3g/Gstp1/Isg15/Trim30a/Gpx2/Ceacam1/Pglyrp1/Acp5/Lgals9",10
"GO:0009060","BP","GO:0009060","aerobic respiration","8/103","196/28891",5.33036041240241e-07,7.49157927052193e-05,5.66701475423835e-05,"Atp5f1e/Ndufa3/Cox7c/Atp5me/Uqcr10/Ndufa12/Mdh2/Nupr1",8
"GO:0050830","BP","GO:0050830","defense response to Gram-positive bacterium","8/103","203/28891",6.94996630591874e-07,8.95387325745865e-05,6.77316891743485e-05,"Reg3b/Reg3g/Rpl39/Dmbt1/Romo1/Pla2g2a/Pglyrp1/Acp5",8
"GO:0006119","BP","GO:0006119","oxidative phosphorylation","7/103","147/28891",1.00765658958977e-06,0.000119833622115829,9.06482972497352e-05,"Atp5f1e/Ndufa3/Cox7c/Atp5me/Uqcr10/Ndufa12/Nupr1",7
"GO:0019730","BP","GO:0019730","antimicrobial humoral response","8/103","221/28891",1.3161261455527e-06,0.000145337930073177,0.000109941063737523,"Reg3b/Reg3g/Rpl39/Lgals4/Dmbt1/Rpl30/Romo1/Pglyrp1",8
"GO:0006754","BP","GO:0006754","ATP biosynthetic process","6/103","101/28891",1.70768914625561e-06,0.000176005828007412,0.000133139834490525,"Atp5f1e/Ndufa3/Atp5me/Atp5mg/Ndufa12/Atp5mc1",6
"GO:0050728","BP","GO:0050728","negative regulation of inflammatory response","7/103","172/28891",2.8742653928609e-06,0.000277725893585184,0.000210086108649241,"Reg3b/Reg3g/Gstp1/Gpx2/Pglyrp1/Acp5/Lgals9",7
"GO:0009206","BP","GO:0009206","purine ribonucleoside triphosphate biosynthetic process","6/103","113/28891",3.28905594143801e-06,0.000297332072153278,0.000224917227590585,"Atp5f1e/Ndufa3/Atp5me/Atp5mg/Ndufa12/Atp5mc1",6
"GO:0009145","BP","GO:0009145","purine nucleoside triphosphate biosynthetic process","6/103","114/28891",3.46182231485059e-06,0.000297332072153278,0.000224917227590585,"Atp5f1e/Ndufa3/Atp5me/Atp5mg/Ndufa12/Atp5mc1",6
"GO:0045333","BP","GO:0045333","cellular respiration","8/103","254/28891",3.70039301281127e-06,0.000301095136726643,0.000227763802616804,"Atp5f1e/Ndufa3/Cox7c/Atp5me/Uqcr10/Ndufa12/Mdh2/Nupr1",8
"GO:0009201","BP","GO:0009201","ribonucleoside triphosphate biosynthetic process","6/103","118/28891",4.22842260377417e-06,0.000326857067271743,0.000247251448041742,"Atp5f1e/Ndufa3/Atp5me/Atp5mg/Ndufa12/Atp5mc1",6
"GO:0009142","BP","GO:0009142","nucleoside triphosphate biosynthetic process","6/103","124/28891",5.63232935789043e-06,0.000414646723204696,0.000313660045945678,"Atp5f1e/Ndufa3/Atp5me/Atp5mg/Ndufa12/Atp5mc1",6
"GO:0050829","BP","GO:0050829","defense response to Gram-negative bacterium","6/103","134/28891",8.79738229189151e-06,0.000592030328762235,0.000447842102032303,"Reg3b/Reg3g/Lypd8/Dmbt1/Rpl30/Romo1",6
"GO:0046034","BP","GO:0046034","ATP metabolic process","6/103","135/28891",9.18017276244787e-06,0.000592030328762235,0.000447842102032303,"Atp5f1e/Ndufa3/Atp5me/Atp5mg/Ndufa12/Atp5mc1",6
"GO:0043618","BP","GO:0043618","regulation of transcription from RNA polymerase II promoter in response to stress","4/103","37/28891",9.19063899760261e-06,0.000592030328762235,0.000447842102032303,"Tmbim6/Jun/Egr1/Klf2",4
"GO:0043620","BP","GO:0043620","regulation of DNA-templated transcription in response to stress","4/103","42/28891",1.53641569031038e-05,0.000950119462887936,0.000718719087130454,"Tmbim6/Jun/Egr1/Klf2",4
"GO:0050727","BP","GO:0050727","regulation of inflammatory response","9/103","411/28891",1.68842982692633e-05,0.000990972664353139,0.000749622543811764,"Reg3b/Reg3g/Gstp1/Ifi35/Gpx2/Nupr1/Pglyrp1/Acp5/Lgals9",9
"GO:0001818","BP","GO:0001818","negative regulation of cytokine production","8/103","314/28891",1.73067671006046e-05,0.000990972664353139,0.000749622543811764,"Gstp1/Klf2/Trim30a/Ceacam1/Xaf1/Pglyrp1/Acp5/Lgals9",8
"GO:0141060","BP","GO:0141060","disruption of anatomical structure in another organism","6/103","156/28891",2.08973535419154e-05,0.00115383244913576,0.000872818037032632,"Reg3b/Reg3g/Rpl30/Romo1/Pglyrp1/Gm12250",6
"GO:0009205","BP","GO:0009205","purine ribonucleoside triphosphate metabolic process","6/103","160/28891",2.41073782664028e-05,0.00128517264827099,0.000972170499236788,"Atp5f1e/Ndufa3/Atp5me/Atp5mg/Ndufa12/Atp5mc1",6
"GO:0034599","BP","GO:0034599","cellular response to oxidative stress","7/103","243/28891",2.72543600206422e-05,0.00140450801973043,0.00106244189413802,"Reg3b/Fos/Jun/Arl6ip5/Romo1/Mgst1/Rhob",7
"GO:0006959","BP","GO:0006959","humoral immune response","8/103","337/28891",2.86642542784186e-05,0.00142951410046565,0.00108135777600418,"Reg3b/Reg3g/Rpl39/Lgals4/Dmbt1/Rpl30/Romo1/Pglyrp1",8
"GO:0009199","BP","GO:0009199","ribonucleoside triphosphate metabolic process","6/103","167/28891",3.06730700760444e-05,0.0014818926980489,0.00112097963337123,"Atp5f1e/Ndufa3/Atp5me/Atp5mg/Ndufa12/Atp5mc1",6
"GO:1902074","BP","GO:1902074","response to salt","8/103","343/28891",3.24854652291641e-05,0.00149104539827586,0.00112790320520493,"Ly6a/Tmbim6/Fos/Jun/Krt8/Ly6g/Egr1/Junb",8
"GO:0009144","BP","GO:0009144","purine nucleoside triphosphate metabolic process","6/103","169/28891",3.27914253178392e-05,0.00149104539827586,0.00112790320520493,"Atp5f1e/Ndufa3/Atp5me/Atp5mg/Ndufa12/Atp5mc1",6
"GO:0015980","BP","GO:0015980","energy derivation by oxidation of organic compounds","8/103","350/28891",3.74737462540725e-05,0.0016552689059656,0.00125213028836916,"Atp5f1e/Ndufa3/Cox7c/Atp5me/Uqcr10/Ndufa12/Mdh2/Nupr1",8
"GO:0045088","BP","GO:0045088","regulation of innate immune response","9/103","474/28891",5.12677770426991e-05,0.00220166620300035,0.00166545322498359,"Reg3g/Isg15/Irf7/Trim30a/Ifi35/Ceacam1/Lamp1/Lgals9/Gm12250",9
"GO:0009141","BP","GO:0009141","nucleoside triphosphate metabolic process","6/103","184/28891",5.27090108495371e-05,0.00220238191279417,0.0016659946245757,"Atp5f1e/Ndufa3/Atp5me/Atp5mg/Ndufa12/Atp5mc1",6
"GO:0032652","BP","GO:0032652","regulation of interleukin-1 production","5/103","116/28891",6.1210487452116e-05,0.0024903003579203,0.00188379090191969,"Gstp1/Egr1/Ceacam1/Acp5/Lgals9",5
"GO:0001906","BP","GO:0001906","cell killing","7/103","286/28891",7.62739295598964e-05,0.00291114987957952,0.00220214306271727,"Rpl30/Romo1/Ceacam1/Pglyrp1/Lamp1/Lgals9/Gm12250",7
"GO:0032612","BP","GO:0032612","interleukin-1 production","5/103","122/28891",7.77843866946199e-05,0.00291114987957952,0.00220214306271727,"Gstp1/Egr1/Ceacam1/Acp5/Lgals9",5
"GO:0009615","BP","GO:0009615","response to virus","8/103","389/28891",7.8504137682113e-05,0.00291114987957952,0.00220214306271727,"Ifi27l2a/Ifitm3/Isg15/Irf7/Trim30a/Lgals9/Ifi27l2b/Gm12250",8
"GO:0009152","BP","GO:0009152","purine ribonucleotide biosynthetic process","6/103","198/28891",7.90868660687839e-05,0.00291114987957952,0.00220214306271727,"Atp5f1e/Ndufa3/Atp5me/Atp5mg/Ndufa12/Atp5mc1",6
"GO:0042776","BP","GO:0042776","proton motive force-driven mitochondrial ATP synthesis","4/103","65/28891",8.72711391877902e-05,0.00310218229617809,0.00234664977943342,"Atp5f1e/Ndufa3/Atp5me/Ndufa12",4
"GO:1902075","BP","GO:1902075","cellular response to salt","6/103","202/28891",8.82897936816534e-05,0.00310218229617809,0.00234664977943342,"Ly6a/Fos/Jun/Ly6g/Egr1/Junb",6
"GO:0009260","BP","GO:0009260","ribonucleotide biosynthetic process","6/103","210/28891",0.000109250126340346,0.00375334878493721,0.00283922550559355,"Atp5f1e/Ndufa3/Atp5me/Atp5mg/Ndufa12/Atp5mc1",6
"GO:0046390","BP","GO:0046390","ribose phosphate biosynthetic process","6/103","218/28891",0.000133986034196808,0.00450309584496228,0.00340637263141084,"Atp5f1e/Ndufa3/Atp5me/Atp5mg/Ndufa12/Atp5mc1",6
"GO:0062197","BP","GO:0062197","cellular response to chemical stress","7/103","316/28891",0.000141570794142274,0.00463269146789894,0.00350440540671051,"Reg3b/Fos/Jun/Arl6ip5/Romo1/Mgst1/Rhob",7
"GO:0002526","BP","GO:0002526","acute inflammatory response","5/103","139/28891",0.00014383518140954,0.00463269146789894,0.00350440540671051,"Reg3b/Reg3g/Gstp1/Saa1/Nupr1",5
"GO:0006164","BP","GO:0006164","purine nucleotide biosynthetic process","6/103","233/28891",0.000192209752861894,0.00606441383519364,0.00458743362899172,"Atp5f1e/Ndufa3/Atp5me/Atp5mg/Ndufa12/Atp5mc1",6
"GO:0072522","BP","GO:0072522","purine-containing compound biosynthetic process","6/103","241/28891",0.00023054198683649,0.00712835823298426,0.00539225573421768,"Atp5f1e/Ndufa3/Atp5me/Atp5mg/Ndufa12/Atp5mc1",6
"GO:0006091","BP","GO:0006091","generation of precursor metabolites and energy","8/103","484/28891",0.000346747082163319,0.0105111958632253,0.00795120760130955,"Atp5f1e/Ndufa3/Cox7c/Atp5me/Uqcr10/Ndufa12/Mdh2/Nupr1",8
"GO:1903035","BP","GO:1903035","negative regulation of response to wounding","4/103","94/28891",0.00036319325021791,0.0106654923317707,0.00806792536297215,"Reg3b/Reg3g/Ceacam1/Tspan8",4
"GO:0002698","BP","GO:0002698","negative regulation of immune effector process","5/103","170/28891",0.000365634601283211,0.0106654923317707,0.00806792536297215,"Tmbim6/Ceacam1/Pglyrp1/Acp5/Lgals9",5
"GO:0044403","BP","GO:0044403","biological process involved in symbiotic interaction","6/103","264/28891",0.000375073578127453,0.0107382176256489,0.0081229385048655,"Jun/Ifitm3/Trim30a/Romo1/Gpx2/Pglyrp1",6
"GO:0009165","BP","GO:0009165","nucleotide biosynthetic process","6/103","267/28891",0.000398217554527972,0.0111935334418226,0.00846736273838424,"Atp5f1e/Ndufa3/Atp5me/Atp5mg/Ndufa12/Atp5mc1",6
"GO:1903034","BP","GO:1903034","regulation of response to wounding","5/103","174/28891",0.000406700241874645,0.0112278316774679,0.0084933076827581,"Reg3b/Reg3g/Actg1/Ceacam1/Tspan8",5
"GO:1901293","BP","GO:1901293","nucleoside phosphate biosynthetic process","6/103","269/28891",0.000414257021307757,0.0112358132445929,0.00849934534945371,"Atp5f1e/Ndufa3/Atp5me/Atp5mg/Ndufa12/Atp5mc1",6
"GO:0032692","BP","GO:0032692","negative regulation of interleukin-1 production","3/103","41/28891",0.000425097534759743,0.0113310480816994,0.00857138586421189,"Gstp1/Ceacam1/Acp5",3
"GO:0002323","BP","GO:0002323","natural killer cell activation involved in immune response","3/103","42/28891",0.000456615486902562,0.0119648736059553,0.00905084399551734,"Pglyrp1/Lamp1/Lgals9",3
"GO:0045089","BP","GO:0045089","positive regulation of innate immune response","7/103","385/28891",0.000467713257963985,0.0120514116135387,0.00911630578242084,"Reg3g/Irf7/Trim30a/Ifi35/Lamp1/Lgals9/Gm12250",7
"GO:0006953","BP","GO:0006953","acute-phase response","3/103","44/28891",0.000524062599719078,0.0132819799863229,0.0100471708073839,"Reg3b/Reg3g/Saa1",3
"GO:0033108","BP","GO:0033108","mitochondrial respiratory chain complex assembly","4/103","104/28891",0.000532926768210132,0.0132887868331107,0.0100523198553728,"Ndufa3/Ndufa12/Pet100/Ndufb4b",4
"GO:0140975","BP","GO:0140975","disruption of cellular anatomical structure in another organism","3/103","47/28891",0.000636671039168305,0.0155086939570146,0.0117315714483851,"Reg3b/Reg3g/Gm12250",3
"GO:0031640","BP","GO:0031640","killing of cells of another organism","4/103","110/28891",0.000658285268094803,0.0155086939570146,0.0117315714483851,"Rpl30/Romo1/Pglyrp1/Gm12250",4
"GO:0141061","BP","GO:0141061","disruption of cell in another organism","4/103","110/28891",0.000658285268094803,0.0155086939570146,0.0117315714483851,"Rpl30/Romo1/Pglyrp1/Gm12250",4
"GO:0032815","BP","GO:0032815","negative regulation of natural killer cell activation","2/103","11/28891",0.000677920775466935,0.0155086939570146,0.0117315714483851,"Pglyrp1/Lgals9",2
"GO:0043320","BP","GO:0043320","natural killer cell degranulation","2/103","11/28891",0.000677920775466935,0.0155086939570146,0.0117315714483851,"Lamp1/Lgals9",2
"GO:0000302","BP","GO:0000302","response to reactive oxygen species","5/103","195/28891",0.000682141778186931,0.0155086939570146,0.0117315714483851,"Gstp1/Fos/Jun/Romo1/Rhob",5
"GO:0002833","BP","GO:0002833","positive regulation of response to biotic stimulus","7/103","413/28891",0.000707806525439965,0.0158589693960897,0.0119965377538337,"Reg3g/Irf7/Trim30a/Ifi35/Lamp1/Lgals9/Gm12250",7
"GO:0045617","BP","GO:0045617","negative regulation of keratinocyte differentiation","2/103","12/28891",0.000811613398077055,0.0176725959637624,0.013368457898645,"Reg3b/Reg3g",2
"GO:0106015","BP","GO:0106015","negative regulation of inflammatory response to wounding","2/103","12/28891",0.000811613398077055,0.0176725959637624,0.013368457898645,"Reg3b/Reg3g",2
"GO:1902600","BP","GO:1902600","proton transmembrane transport","4/103","117/28891",0.000829410952049183,0.017809296275945,0.0134718650252433,"Atp5f1e/Atp5me/Atp5mg/Atp5mc1",4
"GO:1902895","BP","GO:1902895","positive regulation of miRNA transcription","3/103","53/28891",0.000905668355178041,0.0191803188644555,0.0145089768219582,"Fos/Jun/Egr1",3
"GO:0007162","BP","GO:0007162","negative regulation of cell adhesion","6/103","315/28891",0.000944510199513612,0.0197259256038461,0.0149217017402281,"Gstp1/Dusp1/Cldn7/Ceacam1/Acp5/Lgals9",6
"GO:0035726","BP","GO:0035726","common myeloid progenitor cell proliferation","2/103","13/28891",0.000956949819074035,0.0197259256038461,0.0149217017402281,"Gstp1/Ceacam1",2
"GO:0065002","BP","GO:0065002","intracellular protein transmembrane transport","3/103","56/28891",0.0010634156634505,0.0216321133644009,0.0163636399181925,"Sec61g/Tomm7/Romo1",3
"GO:0006163","BP","GO:0006163","purine nucleotide metabolic process","7/103","444/28891",0.00107810231335921,0.0216460542396538,0.01637418551117,"Atp5f1e/Ndufa3/Atp5me/Atp5mg/Ndufa12/Atp5mc1/Mdh2",7
"GO:0002755","BP","GO:0002755","MyD88-dependent toll-like receptor signaling pathway","2/103","14/28891",0.00111384693923295,0.0217975616209385,0.0164887934641947,"Reg3g/Irf7",2
"GO:0106014","BP","GO:0106014","regulation of inflammatory response to wounding","2/103","14/28891",0.00111384693923295,0.0217975616209385,0.0164887934641947,"Reg3b/Reg3g",2
"GO:0061041","BP","GO:0061041","regulation of wound healing","4/103","128/28891",0.0011583562602271,0.0221846957632641,0.0167816415830234,"Reg3g/Actg1/Ceacam1/Tspan8",4
"GO:0051607","BP","GO:0051607","defense response to virus","6/103","328/28891",0.00116232882071436,0.0221846957632641,0.0167816415830234,"Ifitm3/Isg15/Irf7/Trim30a/Ifi27l2b/Gm12250",6
"GO:0140546","BP","GO:0140546","defense response to symbiont","6/103","329/28891",0.0011805526039383,0.0222577356791294,0.0168368927211226,"Ifitm3/Isg15/Irf7/Trim30a/Ifi27l2b/Gm12250",6
"GO:2000630","BP","GO:2000630","positive regulation of miRNA metabolic process","3/103","59/28891",0.00123752436788188,0.0230507550933178,0.0174367732747846,"Fos/Jun/Egr1",3
"GO:0071806","BP","GO:0071806","protein transmembrane transport","3/103","61/28891",0.00136299126514258,0.0250855297132195,0.0189759811475365,"Sec61g/Tomm7/Romo1",3
"GO:0009150","BP","GO:0009150","purine ribonucleotide metabolic process","6/103","345/28891",0.001503030863782,0.0270840584993668,0.0204877708128253,"Atp5f1e/Ndufa3/Atp5me/Atp5mg/Ndufa12/Atp5mc1",6
"GO:0002221","BP","GO:0002221","pattern recognition receptor signaling pathway","5/103","233/28891",0.00150661644951199,0.0270840584993668,0.0204877708128253,"Reg3g/Irf7/Trim30a/Ifi35/Gm12250",5
"GO:0031400","BP","GO:0031400","negative regulation of protein modification process","7/103","473/28891",0.00154872827879162,0.0275069170886527,0.0208076427354076,"Gstp1/Jun/Dusp1/Isg15/Spink1/Cops9/Ceacam1",7
"GO:0006749","BP","GO:0006749","glutathione metabolic process","3/103","64/28891",0.00156572361177324,0.0275069170886527,0.0208076427354076,"Gstp1/Arl6ip5/Mgst1",3
"GO:0010257","BP","GO:0010257","NADH dehydrogenase complex assembly","3/103","65/28891",0.00163726163464028,0.0275512443481348,0.0208411741477345,"Ndufa3/Ndufa12/Ndufb4b",3
"GO:0032981","BP","GO:0032981","mitochondrial respiratory chain complex I assembly","3/103","65/28891",0.00163726163464028,0.0275512443481348,0.0208411741477345,"Ndufa3/Ndufa12/Ndufb4b",3
"GO:0062207","BP","GO:0062207","regulation of pattern recognition receptor signaling pathway","4/103","141/28891",0.00165375967378085,0.0275512443481348,0.0208411741477345,"Irf7/Trim30a/Ifi35/Gm12250",4
"GO:0072521","BP","GO:0072521","purine-containing compound metabolic process","7/103","479/28891",0.00166353778568447,0.0275512443481348,0.0208411741477345,"Atp5f1e/Ndufa3/Atp5me/Atp5mg/Ndufa12/Atp5mc1/Mdh2",7
"GO:0050777","BP","GO:0050777","negative regulation of immune response","5/103","239/28891",0.00168425625866453,0.0275512443481348,0.0208411741477345,"Isg15/Gpx2/Ceacam1/Pglyrp1/Lgals9",5
"GO:0098781","BP","GO:0098781","ncRNA transcription","4/103","142/28891",0.00169708764251586,0.0275512443481348,0.0208411741477345,"Fos/Jun/Egr1/Polr2l",4
"GO:0060337","BP","GO:0060337","type I interferon-mediated signaling pathway","3/103","66/28891",0.0017108146555116,0.0275512443481348,0.0208411741477345,"Ifitm3/Isg15/Irf7",3
"GO:0071357","BP","GO:0071357","cellular response to type I interferon","3/103","66/28891",0.0017108146555116,0.0275512443481348,0.0208411741477345,"Ifitm3/Isg15/Irf7",3
"GO:0034614","BP","GO:0034614","cellular response to reactive oxygen species","4/103","145/28891",0.00183179723598815,0.0282531038928197,0.0213720967011117,"Fos/Jun/Romo1/Rhob",4
"GO:0002758","BP","GO:0002758","innate immune response-activating signaling pathway","5/103","244/28891",0.00184366383374513,0.0282531038928197,0.0213720967011117,"Reg3g/Irf7/Trim30a/Ifi35/Gm12250",5
"GO:0045605","BP","GO:0045605","negative regulation of epidermal cell differentiation","2/103","18/28891",0.00185539559318757,0.0282531038928197,0.0213720967011117,"Reg3b/Reg3g",2
"GO:0045683","BP","GO:0045683","negative regulation of epidermis development","2/103","18/28891",0.00185539559318757,0.0282531038928197,0.0213720967011117,"Reg3b/Reg3g",2
"GO:0002224","BP","GO:0002224","toll-like receptor signaling pathway","3/103","68/28891",0.00186404695799975,0.0282531038928197,0.0213720967011117,"Reg3g/Irf7/Trim30a",3
"GO:0032720","BP","GO:0032720","negative regulation of tumor necrosis factor production","3/103","68/28891",0.00186404695799975,0.0282531038928197,0.0213720967011117,"Gstp1/Trim30a/Acp5",3
"GO:1903556","BP","GO:1903556","negative regulation of tumor necrosis factor superfamily cytokine production","3/103","69/28891",0.00194376615322398,0.0291753638144104,0.0220697414024715,"Gstp1/Trim30a/Acp5",3
"GO:0009259","BP","GO:0009259","ribonucleotide metabolic process","6/103","364/28891",0.00196870940912351,0.0292656225625476,0.0221380177483423,"Atp5f1e/Ndufa3/Atp5me/Atp5mg/Ndufa12/Atp5mc1",6
"GO:0009117","BP","GO:0009117","nucleotide metabolic process","7/103","497/28891",0.00204815356639854,0.0298921969375897,0.0226119907385186,"Atp5f1e/Ndufa3/Atp5me/Atp5mg/Ndufa12/Atp5mc1/Mdh2",7
"GO:0015701","BP","GO:0015701","bicarbonate transport","2/103","19/28891",0.00206886485919929,0.0298921969375897,0.0226119907385186,"Car4/Slc26a3",2
"GO:0032823","BP","GO:0032823","regulation of natural killer cell differentiation","2/103","19/28891",0.00206886485919929,0.0298921969375897,0.0226119907385186,"Pglyrp1/Lgals9",2
"GO:0019693","BP","GO:0019693","ribose phosphate metabolic process","6/103","373/28891",0.0022240754780842,0.031837228602946,0.0240833124381242,"Atp5f1e/Ndufa3/Atp5me/Atp5mg/Ndufa12/Atp5mc1",6
"GO:0034340","BP","GO:0034340","response to type I interferon","3/103","73/28891",0.00228378229782403,0.0319423835101412,0.0241628570026329,"Ifitm3/Isg15/Irf7",3
"GO:1902893","BP","GO:1902893","regulation of miRNA transcription","3/103","73/28891",0.00228378229782403,0.0319423835101412,0.0241628570026329,"Fos/Jun/Egr1",3
"GO:0030150","BP","GO:0030150","protein import into mitochondrial matrix","2/103","20/28891",0.00229340528436331,0.0319423835101412,0.0241628570026329,"Tomm7/Romo1",2
"GO:0061614","BP","GO:0061614","miRNA transcription","3/103","75/28891",0.00246673661755242,0.0340497750958575,0.0257569960723753,"Fos/Jun/Egr1",3
"GO:0035994","BP","GO:0035994","response to muscle stretch","2/103","21/28891",0.00252893676949842,0.0345994358021642,0.026172787619122,"Fos/Jun",2
"GO:0032814","BP","GO:0032814","regulation of natural killer cell activation","3/103","80/28891",0.00296303329396228,0.0398334736736147,0.0301320822845958,"Pglyrp1/Lamp1/Lgals9",3
"GO:0042775","BP","GO:0042775","mitochondrial ATP synthesis coupled electron transport","3/103","80/28891",0.00296303329396228,0.0398334736736147,0.0301320822845958,"Cox7c/Uqcr10/Ndufa12",3
"GO:2000377","BP","GO:2000377","regulation of reactive oxygen species metabolic process","4/103","168/28891",0.0031196143975952,0.0415769298162257,0.0314509219213092,"Gstp1/Trim30a/Romo1/Acp5",4
"GO:0042773","BP","GO:0042773","ATP synthesis coupled electron transport","3/103","82/28891",0.0031774747020745,0.0419861187128819,0.0317604533873574,"Cox7c/Uqcr10/Ndufa12",3
"GO:0002218","BP","GO:0002218","activation of innate immune response","5/103","281/28891",0.00338712917705442,0.0441871609027691,0.0334254345768206,"Reg3g/Irf7/Trim30a/Ifi35/Gm12250",5
"GO:0140888","BP","GO:0140888","interferon-mediated signaling pathway","3/103","84/28891",0.00340121096211482,0.0441871609027691,0.0334254345768206,"Ifitm3/Isg15/Irf7",3
"GO:0030856","BP","GO:0030856","regulation of epithelial cell differentiation","4/103","173/28891",0.00346443866702198,0.0446335181601332,0.03376308209703,"Reg3b/Reg3g/Dmbt1/Ceacam1",4
"GO:0071478","BP","GO:0071478","cellular response to radiation","4/103","178/28891",0.00383433837571398,0.0489908027178001,0.0370591555930251,"Egr1/Cops9/Crip1/Rhob",4
"GO:2000628","BP","GO:2000628","regulation of miRNA metabolic process","3/103","88/28891",0.00387706445890074,0.0491306692906602,0.0371649578415766,"Fos/Jun/Egr1",3
"GO:0022625","CC","GO:0022625","cytosolic large ribosomal subunit","10/109","79/28573",4.95024113871295e-13,9.45459326827253e-11,7.37200254836065e-11,"Rpl37/Uba52/Rpl36/Rpl39/Rpl27/Rpl30/Rpl9/Rpl31/Rpl36a/Rpl17-ps8",10
"GO:0098800","CC","GO:0098800","inner mitochondrial membrane protein complex","12/109","154/28573",7.78155824549179e-13,9.45459326827253e-11,7.37200254836065e-11,"Atp5f1e/Atp5mk/Ndufa3/Cox6b1/Cox7c/Atp5me/Uqcr10/Atp5mg/Ndufa12/Atp5mc1/Romo1/Ndufb4b",12
"GO:0015934","CC","GO:0015934","large ribosomal subunit","11/109","137/28573",5.26960890675027e-12,4.26838321446771e-10,3.32817404636859e-10,"Rpl37/Uba52/Rpl36/Rpl39/Rpl27/Rpl30/Rpl9/Rpl31/Rpl36a/Mrpl52/Rpl17-ps8",11
"GO:0022626","CC","GO:0022626","cytosolic ribosome","11/109","142/28573",7.80981720113407e-12,4.74446394968895e-10,3.69938709527403e-10,"Rpl37/Uba52/Rpl36/Rpl39/Rpl27/Rpl30/Rpl9/Rpl31/Rpl36a/Rpl17-ps8/Rps27",11
"GO:0098798","CC","GO:0098798","mitochondrial protein-containing complex","14/109","303/28573",1.09518774210944e-11,5.32261242665186e-10,4.15018512799365e-10,"Atp5f1e/Tomm7/Atp5mk/Ndufa3/Cox6b1/Cox7c/Atp5me/Uqcr10/Atp5mg/Ndufa12/Mrpl52/Atp5mc1/Romo1/Ndufb4b",14
"GO:0044391","CC","GO:0044391","ribosomal subunit","12/109","215/28573",3.99843010000351e-11,1.61936419050142e-09,1.26266213684321e-09,"Rpl37/Uba52/Rpl36/Rpl39/Rpl27/Rpl30/Rpl9/Rpl31/Rpl36a/Mrpl52/Rpl17-ps8/Rps27",12
"GO:0005840","CC","GO:0005840","ribosome","12/109","267/28573",4.85823220913533e-10,1.68650060974269e-08,1.31501022202159e-08,"Rpl37/Uba52/Rpl36/Rpl39/Rpl27/Rpl30/Rpl9/Rpl31/Rpl36a/Mrpl52/Rpl17-ps8/Rps27",12
"GO:0005753","CC","GO:0005753","mitochondrial proton-transporting ATP synthase complex","5/109","20/28573",1.09083957516156e-08,3.31342520955324e-07,2.58356741485632e-07,"Atp5f1e/Atp5mk/Atp5me/Atp5mg/Atp5mc1",5
"GO:0045259","CC","GO:0045259","proton-transporting ATP synthase complex","5/109","21/28573",1.42738725640632e-08,3.85394559229707e-07,3.00502580296068e-07,"Atp5f1e/Atp5mk/Atp5me/Atp5mg/Atp5mc1",5
"GO:0070469","CC","GO:0070469","respirasome","7/109","103/28573",1.41855671376764e-07,3.44709281445536e-06,2.68779166819131e-06,"Ndufa3/Cox6b1/Cox7c/Uqcr10/Ndufa12/Higd1a/Ndufb4b",7
"GO:0042788","CC","GO:0042788","polysomal ribosome","5/109","37/28573",2.91272157823846e-07,6.43446675919952e-06,5.01712807734855e-06,"Rpl36/Rpl39/Rpl30/Rpl31/Rpl36a",5
"GO:0016469","CC","GO:0016469","proton-transporting two-sector ATPase complex","5/109","50/28573",1.36107190429333e-06,2.756170606194e-05,2.14906090151579e-05,"Atp5f1e/Atp5mk/Atp5me/Atp5mg/Atp5mc1",5
"GO:0005746","CC","GO:0005746","mitochondrial respirasome","6/109","95/28573",1.76960576042754e-06,3.26620579575632e-05,2.54674915848446e-05,"Ndufa3/Cox6b1/Cox7c/Uqcr10/Ndufa12/Ndufb4b",6
"GO:0098803","CC","GO:0098803","respiratory chain complex","6/109","96/28573",1.8817646559913e-06,3.26620579575632e-05,2.54674915848446e-05,"Ndufa3/Cox6b1/Cox7c/Uqcr10/Ndufa12/Ndufb4b",6
"GO:0000276","CC","GO:0000276","mitochondrial proton-transporting ATP synthase complex, coupling factor F(o)","3/109","12/28573",1.15864441769376e-05,0.00018770039566639,0.000146355084340265,"Atp5me/Atp5mg/Atp5mc1",3
"GO:0005844","CC","GO:0005844","polysome","5/109","78/28573",1.24592194163701e-05,0.00018922439488612,0.000147543387825435,"Rpl36/Rpl39/Rpl30/Rpl31/Rpl36a",5
"GO:0045263","CC","GO:0045263","proton-transporting ATP synthase complex, coupling factor F(o)","3/109","13/28573",1.50205240995446e-05,0.000214705138599373,0.000167411414112572,"Atp5me/Atp5mg/Atp5mc1",3
"GO:0033177","CC","GO:0033177","proton-transporting two-sector ATPase complex, proton-transporting domain","3/109","22/28573",7.88810217178568e-05,0.00106489379319107,0.000830326544398493,"Atp5me/Atp5mg/Atp5mc1",3
"GO:1904949","CC","GO:1904949","ATPase complex","5/109","148/28573",0.000264057000255845,0.0033771500559037,0.00263325540421341,"Atp5f1e/Atp5mk/Atp5me/Atp5mg/Atp5mc1",5
"GO:0070069","CC","GO:0070069","cytochrome complex","3/109","41/28573",0.000517987113999362,0.00629354343509225,0.00490724634315185,"Cox6b1/Cox7c/Uqcr10",3
"GO:0005747","CC","GO:0005747","mitochondrial respiratory chain complex I","3/109","55/28573",0.00122637162681088,0.0129568828397845,0.0101028326236137,"Ndufa3/Ndufa12/Ndufb4b",3
"GO:0030964","CC","GO:0030964","NADH dehydrogenase complex","3/109","55/28573",0.00122637162681088,0.0129568828397845,0.0101028326236137,"Ndufa3/Ndufa12/Ndufb4b",3
"GO:0045271","CC","GO:0045271","respiratory chain complex I","3/109","55/28573",0.00122637162681088,0.0129568828397845,0.0101028326236137,"Ndufa3/Ndufa12/Ndufb4b",3
"GO:1990204","CC","GO:1990204","oxidoreductase complex","4/109","127/28573",0.00144459430421904,0.0146265173302178,0.0114046918754135,"Ndufa3/Uqcr10/Ndufa12/Ndufb4b",4
"GO:0043034","CC","GO:0043034","costamere","2/109","20/28573",0.00261946937416437,0.0254612423168777,0.0198528205199826,"Actg1/Krt8",2
"GO:0031526","CC","GO:0031526","brush border membrane","3/109","82/28573",0.00384281866113646,0.0359155744098523,0.0280043465184034,"Car4/Muc17/Slc26a3",3
"GO:0005751","CC","GO:0005751","mitochondrial respiratory chain complex IV","2/109","25/28573",0.00408492451463336,0.036213603976115,0.0282367282464834,"Cox6b1/Cox7c",2
"GO:0062023","CC","GO:0062023","collagen-containing extracellular matrix","6/109","396/28573",0.00417276095198033,0.036213603976115,0.0282367282464834,"Reg3b/Reg3g/Lgals4/Dmbt1/S100a6/Lgals9",6
"GO:0042588","CC","GO:0042588","zymogen granule","2/109","26/28573",0.00441435952331344,0.0369892884194885,0.0288415504245524,"Reg3b/Dmbt1",2
"GO:0016327","CC","GO:0016327","apicolateral plasma membrane","2/109","27/28573",0.00475568775089376,0.0385210707822395,0.0300359226372237,"Krt8/Cldn7",2
"GO:0030670","CC","GO:0030670","phagocytic vesicle membrane","2/109","28/28573",0.00510881536614935,0.0387950666866966,0.0302495646679896,"Dmbt1/Lamp1",2
"GO:0045277","CC","GO:0045277","respiratory chain complex IV","2/109","28/28573",0.00510881536614935,0.0387950666866966,0.0302495646679896,"Cox6b1/Cox7c",2
"GO:0003735","MF","GO:0003735","structural constituent of ribosome","12/103","178/28407",2.34927742163326e-12,5.16841032759317e-10,3.78357311063041e-10,"Rpl37/Uba52/Rpl36/Rpl39/Rpl27/Rpl30/Rpl9/Rpl31/Rpl36a/Mrpl52/Rpl17-ps8/Rps27",12
"GO:0046933","MF","GO:0046933","proton-transporting ATP synthase activity, rotational mechanism","3/103","16/28407",2.50496995931467e-05,0.00236517558388554,0.00173144432695927,"Atp5f1e/Atp5me/Atp5mg",3
"GO:0042834","MF","GO:0042834","peptidoglycan binding","3/103","19/28407",4.30031924342825e-05,0.00236517558388554,0.00173144432695927,"Reg3b/Reg3g/Pglyrp1",3
"GO:0070492","MF","GO:0070492","oligosaccharide binding","3/103","19/28407",4.30031924342825e-05,0.00236517558388554,0.00173144432695927,"Reg3b/Reg3g/Lgals9",3
"GO:0015252","MF","GO:0015252","proton channel activity","3/103","23/28407",7.77704243231828e-05,0.00342189867022004,0.00250502629925199,"Atp5f1e/Atp5me/Atp5mg",3
"GO:0004602","MF","GO:0004602","glutathione peroxidase activity","3/103","27/28407",0.000127099411079047,0.00466031173956506,0.00341161577106916,"Gstp1/Gpx2/Mgst1",3
"GO:0038187","MF","GO:0038187","pattern recognition receptor activity","3/103","40/28407",0.000414872456785769,0.0130388486418385,0.00954518584785303,"Dmbt1/Trim30a/Pglyrp1",3
"GO:0031386","MF","GO:0031386","protein tag activity","2/103","13/28407",0.000989405152382468,0.0226931586642631,0.0166126950987189,"Uba52/Isg15",2
"GO:0141047","MF","GO:0141047","molecular tag activity","2/103","13/28407",0.000989405152382468,0.0226931586642631,0.0166126950987189,"Uba52/Isg15",2
"GO:0015078","MF","GO:0015078","proton transmembrane transporter activity","4/103","122/28407",0.00103150721201196,0.0226931586642631,0.0166126950987189,"Atp5f1e/Atp5me/Atp5mg/Atp5mc1",4
"GO:0030550","MF","GO:0030550","acetylcholine receptor inhibitor activity","2/103","14/28407",0.0011515779304549,0.0230315586090979,0.0168604232879999,"Ly6a/Ly6g",2
"GO:0004089","MF","GO:0004089","carbonate dehydratase activity","2/103","15/28407",0.00132560427855573,0.0242034414732123,0.0177183088296721,"Car4/Car1",2
"GO:0004601","MF","GO:0004601","peroxidase activity","3/103","61/28407",0.00143020335978072,0.0242034414732123,0.0177183088296721,"Gstp1/Gpx2/Mgst1",3
"GO:0016684","MF","GO:0016684","oxidoreductase activity, acting on peroxide as acceptor","3/103","63/28407",0.00156982305194496,0.0246686479591351,0.0180588666877879,"Gstp1/Gpx2/Mgst1",3
"GO:0005539","MF","GO:0005539","glycosaminoglycan binding","5/103","243/28407",0.00194834918760426,0.0285757880848625,0.0209191175932247,"Reg3b/Reg3g/Dmbt1/Saa1/Pglyrp1",5
"GO:0033130","MF","GO:0033130","acetylcholine receptor binding","2/103","22/28407",0.00286848821214212,0.0394417129169541,0.0288735984511674,"Ly6a/Ly6g",2
"GO:0000979","MF","GO:0000979","RNA polymerase II core promoter sequence-specific DNA binding","2/103","23/28407",0.00313427085860106,0.0405611522877784,0.0296930923446416,"Fos/Egr1",2
"GO:0015125","MF","GO:0015125","bile acid transmembrane transporter activity","2/103","24/28407",0.00341114580025411,0.0416917820031058,0.0305207782127999,"Slc51b/Ceacam1",2
"GO:0070412","MF","GO:0070412","R-SMAD binding","2/103","26/28407",0.00399784364277386,0.0430750318130943,0.0315333964947533,"Fos/Jun",2
"GO:0016209","MF","GO:0016209","antioxidant activity","3/103","89/28407",0.00419427924698409,0.0430750318130943,0.0315333964947533,"Gstp1/Gpx2/Mgst1",3
"GO:0030548","MF","GO:0030548","acetylcholine receptor regulator activity","2/103","27/28407",0.00430750318130943,0.0430750318130943,0.0315333964947533,"Ly6a/Ly6g",2
"GO:0099602","MF","GO:0099602","neurotransmitter receptor regulator activity","2/103","27/28407",0.00430750318130943,0.0430750318130943,0.0315333964947533,"Ly6a/Ly6g",2
