"","ONTOLOGY","ID","Description","GeneRatio","BgRatio","pvalue","p.adjust","qvalue","geneID","Count"
"GO:0002181","BP","GO:0002181","cytoplasmic translation","14/73","148/28891",1.30449461409189e-18,1.60583286994711e-15,1.24407591617605e-15,"Rplp1/Rps15/Rps8/Rps21/Rps14/Rpl23a/Rplp2/Rpl14/Rpl22/Rpl39/Rps26/Rps25/Rps12/Eif2s2",14
"GO:0140236","BP","GO:0140236","translation at presynapse","7/73","47/28891",2.8395367933472e-11,1.02101894592667e-08,7.91007024677897e-09,"Rps14/Rpl23a/Rplp2/Rpl14/Rpl22/Rps26/Rps12",7
"GO:0140241","BP","GO:0140241","translation at synapse","7/73","48/28891",3.31768950747904e-11,1.02101894592667e-08,7.91007024677897e-09,"Rps14/Rpl23a/Rplp2/Rpl14/Rpl22/Rps26/Rps12",7
"GO:0140242","BP","GO:0140242","translation at postsynapse","7/73","48/28891",3.31768950747904e-11,1.02101894592667e-08,7.91007024677897e-09,"Rps14/Rpl23a/Rplp2/Rpl14/Rpl22/Rps26/Rps12",7
"GO:0050830","BP","GO:0050830","defense response to Gram-positive bacterium","9/73","203/28891",2.30035314262159e-09,5.66346943713436e-07,4.38762094150561e-07,"Reg3b/Dmbt1/Zg16/Pla2g2a/Gpr15lg/Rpl39/Pglyrp1/Sprr2a3/Lyz2",9
"GO:0042742","BP","GO:0042742","defense response to bacterium","11/73","430/28891",1.08662515986878e-08,2.22939261966411e-06,1.72716209621248e-06,"Reg3b/Dmbt1/Lypd8/Zg16/Pla2g2a/Gpr15lg/Plac8/Rpl39/Pglyrp1/Sprr2a3/Lyz2",11
"GO:0006119","BP","GO:0006119","oxidative phosphorylation","7/73","147/28891",9.40944565584807e-08,1.654718228907e-05,1.28194853596968e-05,"Cox7b/Cox4i1/Uqcrh/Cox6a1/Atp5me/Cox5a/Chchd10",7
"GO:0006123","BP","GO:0006123","mitochondrial electron transport, cytochrome c to oxygen","4/73","19/28891",1.41247121412702e-07,2.17344008073796e-05,1.68381436841985e-05,"Cox7b/Cox4i1/Cox6a1/Cox5a",4
"GO:0042274","BP","GO:0042274","ribosomal small subunit biogenesis","6/73","104/28891",2.63305882869397e-07,3.6014393534692e-05,2.79011847812484e-05,"Rps15/Rps8/Rps21/Rps14/Rps25/Rps12",6
"GO:0019646","BP","GO:0019646","aerobic electron transport chain","5/73","64/28891",6.08322988459495e-07,7.41905582802505e-05,5.74771437871708e-05,"Cox7b/Cox4i1/Uqcrh/Cox6a1/Cox5a",5
"GO:0009060","BP","GO:0009060","aerobic respiration","7/73","196/28891",6.62953810790216e-07,7.41905582802505e-05,5.74771437871708e-05,"Cox7b/Cox4i1/Uqcrh/Cox6a1/Atp5me/Cox5a/Chchd10",7
"GO:0042254","BP","GO:0042254","ribosome biogenesis","8/73","322/28891",1.56421030937333e-06,0.000157744328995895,0.000122208185104349,"Rps15/Rps8/Rps21/Rps14/Rpl23a/Rpl14/Rps25/Rps12",8
"GO:0022613","BP","GO:0022613","ribonucleoprotein complex biogenesis","9/73","440/28891",1.66586212587054e-06,0.000157744328995895,0.000122208185104349,"Rps15/Rps8/Rps21/Rps14/Rpl23a/Rpl14/Rps25/Rps12/Eif2s2",9
"GO:0042775","BP","GO:0042775","mitochondrial ATP synthesis coupled electron transport","5/73","80/28891",1.85881837079228e-06,0.00016344324388895,0.000126623266461489,"Cox7b/Cox4i1/Uqcrh/Cox6a1/Cox5a",5
"GO:0042773","BP","GO:0042773","ATP synthesis coupled electron transport","5/73","82/28891",2.10150027797662e-06,0.000172463122812615,0.000133611175568198,"Cox7b/Cox4i1/Uqcrh/Cox6a1/Cox5a",5
"GO:0045333","BP","GO:0045333","cellular respiration","7/73","254/28891",3.71519095833864e-06,0.000285837504357179,0.000221444934753606,"Cox7b/Cox4i1/Uqcrh/Cox6a1/Atp5me/Cox5a/Chchd10",7
"GO:0022904","BP","GO:0022904","respiratory electron transport chain","5/73","106/28891",7.44676790740962e-06,0.000539233605530661,0.000417756763102979,"Cox7b/Cox4i1/Uqcrh/Cox6a1/Cox5a",5
"GO:0022900","BP","GO:0022900","electron transport chain","5/73","116/28891",1.15572962653929e-05,0.000790390650149924,0.000612333942482219,"Cox7b/Cox4i1/Uqcrh/Cox6a1/Cox5a",5
"GO:0000028","BP","GO:0000028","ribosomal small subunit assembly","3/73","21/28891",1.99211449513635e-05,0.00129068049658571,0.000999920073459023,"Rps15/Rps14/Rps25",3
"GO:0042255","BP","GO:0042255","ribosome assembly","4/73","66/28891",2.40102793135941e-05,0.00147783269175172,0.00114491121358507,"Rps15/Rps14/Rpl23a/Rps25",4
"GO:0015980","BP","GO:0015980","energy derivation by oxidation of organic compounds","7/73","350/28891",2.95975566129744e-05,0.00164741430840205,0.00127629001959234,"Cox7b/Cox4i1/Uqcrh/Cox6a1/Atp5me/Cox5a/Chchd10",7
"GO:0006091","BP","GO:0006091","generation of precursor metabolites and energy","8/73","484/28891",3.03333454301892e-05,0.00164741430840205,0.00127629001959234,"Cox7b/Cox4i1/Uqcrh/Cox6a1/Atp5me/Cox5a/Chchd10/Hk2",8
"GO:0032102","BP","GO:0032102","negative regulation of response to external stimulus","8/73","485/28891",3.07802835850912e-05,0.00164741430840205,0.00127629001959234,"Reg3b/Pglyrp1/Gpx2/Ceacam1/Pyy/Tspan8/Apoe/Gcg",8
"GO:0061844","BP","GO:0061844","antimicrobial humoral immune response mediated by antimicrobial peptide","5/73","151/28891",4.1171145244319e-05,0.00211173665815653,0.00163601129786636,"Reg3b/Dmbt1/Rpl39/Pglyrp1/Lgals3",5
"GO:0022618","BP","GO:0022618","protein-RNA complex assembly","5/73","175/28891",8.28978069756543e-05,0.00408188801548122,0.00316233318399759,"Rps15/Rps14/Rpl23a/Rps25/Eif2s2",5
"GO:0090279","BP","GO:0090279","regulation of calcium ion import","3/73","35/28891",9.55736302601495e-05,0.00439123761617651,0.0034019934843353,"Spink1/Lgals3/Gcg",3
"GO:1903035","BP","GO:1903035","negative regulation of response to wounding","4/73","94/28891",9.63147161955855e-05,0.00439123761617651,0.0034019934843353,"Reg3b/Ceacam1/Tspan8/Apoe",4
"GO:0071826","BP","GO:0071826","protein-RNA complex organization","5/73","183/28891",0.000102311314000143,0.00443674952646567,0.0034372526153131,"Rps15/Rps14/Rpl23a/Rps25/Eif2s2",5
"GO:0006414","BP","GO:0006414","translational elongation","4/73","96/28891",0.000104521312971165,0.00443674952646567,0.0034372526153131,"Rplp1/Rack1/Rplp2/Eef1b2",4
"GO:0006953","BP","GO:0006953","acute-phase response","3/73","44/28891",0.000190266354774892,0.00780726275759641,0.0060484672781071,"Saa1/Reg3b/Saa3",3
"GO:0006364","BP","GO:0006364","rRNA processing","5/73","215/28891",0.000216926561148355,0.00835889613668632,0.00647583043297089,"Rps15/Rps8/Rps21/Rpl14/Rps25",5
"GO:0030195","BP","GO:0030195","negative regulation of blood coagulation","3/73","46/28891",0.000217290557574299,0.00835889613668632,0.00647583043297089,"Ceacam1/Tspan8/Apoe",3
"GO:1900047","BP","GO:1900047","negative regulation of hemostasis","3/73","47/28891",0.000231685726323099,0.00864257966981014,0.00669560663632305,"Ceacam1/Tspan8/Apoe",3
"GO:0019730","BP","GO:0019730","antimicrobial humoral response","5/73","221/28891",0.000246350433444179,0.008919334810876,0.00691001525388316,"Reg3b/Dmbt1/Rpl39/Pglyrp1/Lgals3",5
"GO:0050819","BP","GO:0050819","negative regulation of coagulation","3/73","49/28891",0.000262296783643723,0.00922535259044065,0.00714709431522445,"Ceacam1/Tspan8/Apoe",3
"GO:0050829","BP","GO:0050829","defense response to Gram-negative bacterium","4/73","134/28891",0.000375855668029342,0.0128521757595589,0.00995687822323344,"Reg3b/Dmbt1/Lypd8/Lyz2",4
"GO:0070509","BP","GO:0070509","calcium ion import","3/73","57/28891",0.000410575735994593,0.0136599657029553,0.0105826918011693,"Spink1/Lgals3/Gcg",3
"GO:0016072","BP","GO:0016072","rRNA metabolic process","5/73","252/28891",0.000449561912148566,0.0145634398382864,0.011282634138687,"Rps15/Rps8/Rps21/Rpl14/Rps25",5
"GO:1903078","BP","GO:1903078","positive regulation of protein localization to plasma membrane","3/73","63/28891",0.000551207914220248,0.0172920813793492,0.0133965759371417,"Agr2/Rack1/Lgals3",3
"GO:2001140","BP","GO:2001140","positive regulation of phospholipid transport","2/73","14/28891",0.000561887290961793,0.0172920813793492,0.0133965759371417,"Dbi/Apoe",2
"GO:0030193","BP","GO:0030193","regulation of blood coagulation","3/73","66/28891",0.0006317343738716,0.0173187482789104,0.0134172354018494,"Ceacam1/Tspan8/Apoe",3
"GO:0010544","BP","GO:0010544","negative regulation of platelet activation","2/73","15/28891",0.000647271518158126,0.0173187482789104,0.0134172354018494,"Ceacam1/Apoe",2
"GO:0032096","BP","GO:0032096","negative regulation of response to food","2/73","15/28891",0.000647271518158126,0.0173187482789104,0.0134172354018494,"Pyy/Gcg",2
"GO:0032105","BP","GO:0032105","negative regulation of response to extracellular stimulus","2/73","15/28891",0.000647271518158126,0.0173187482789104,0.0134172354018494,"Pyy/Gcg",2
"GO:0032108","BP","GO:0032108","negative regulation of response to nutrient levels","2/73","15/28891",0.000647271518158126,0.0173187482789104,0.0134172354018494,"Pyy/Gcg",2
"GO:2001138","BP","GO:2001138","regulation of phospholipid transport","2/73","15/28891",0.000647271518158126,0.0173187482789104,0.0134172354018494,"Dbi/Apoe",2
"GO:0141060","BP","GO:0141060","disruption of anatomical structure in another organism","4/73","156/28891",0.000666425461923415,0.0173187482789104,0.0134172354018494,"Reg3b/Pglyrp1/Lgals3/Lyz2",4
"GO:0061045","BP","GO:0061045","negative regulation of wound healing","3/73","68/28891",0.000689373408340057,0.0173187482789104,0.0134172354018494,"Ceacam1/Tspan8/Apoe",3
"GO:1900046","BP","GO:1900046","regulation of hemostasis","3/73","68/28891",0.000689373408340057,0.0173187482789104,0.0134172354018494,"Ceacam1/Tspan8/Apoe",3
"GO:0050818","BP","GO:0050818","regulation of coagulation","3/73","71/28891",0.000781947124428907,0.0192515382034397,0.0149146125206861,"Ceacam1/Tspan8/Apoe",3
"GO:1904377","BP","GO:1904377","positive regulation of protein localization to cell periphery","3/73","75/28891",0.000917167966499462,0.0221379169953106,0.0171507570206091,"Agr2/Rack1/Lgals3",3
"GO:0050728","BP","GO:0050728","negative regulation of inflammatory response","4/73","172/28891",0.000958887850809724,0.0226998258528225,0.0175860808265913,"Reg3b/Pglyrp1/Gpx2/Apoe",4
"GO:1903034","BP","GO:1903034","regulation of response to wounding","4/73","174/28891",0.00100087876197282,0.0232468255846895,0.0180098541876341,"Reg3b/Ceacam1/Tspan8/Apoe",4
"GO:0090280","BP","GO:0090280","positive regulation of calcium ion import","2/73","19/28891",0.00104725422121449,0.0238735175243525,0.0184953669477646,"Lgals3/Gcg",2
"GO:0043116","BP","GO:0043116","negative regulation of vascular permeability","2/73","20/28891",0.00116171510071772,0.0260012961633366,0.0201438063397178,"Ceacam1/Apoe",2
"GO:0031400","BP","GO:0031400","negative regulation of protein modification process","6/73","473/28891",0.0012582357527017,0.0276587180638535,0.0214278494727019,"Rack1/Spink1/Ceacam1/Dbi/Apoe/Ppp1r14d",6
"GO:0031348","BP","GO:0031348","negative regulation of defense response","5/73","330/28891",0.00150155343738299,0.0321176264668602,0.0248822690828812,"Reg3b/Pglyrp1/Gpx2/Ceacam1/Apoe",5
"GO:0060326","BP","GO:0060326","cell chemotaxis","5/73","331/28891",0.0015216231463248,0.0321176264668602,0.0248822690828812,"Agr2/Gpr15lg/Saa3/S100a8/Lgals3",5
"GO:0032095","BP","GO:0032095","regulation of response to food","2/73","23/28891",0.00153935009061312,0.0321176264668602,0.0248822690828812,"Pyy/Gcg",2
"GO:0006959","BP","GO:0006959","humoral immune response","5/73","337/28891",0.00164622253000002,0.033774998907167,0.026166273897895,"Reg3b/Dmbt1/Rpl39/Pglyrp1/Lgals3",5
"GO:0050878","BP","GO:0050878","regulation of body fluid levels","5/73","348/28891",0.00189393681756342,0.0382202659413209,0.0296101252236835,"Agr2/Ceacam1/Hsd11b2/Tspan8/Apoe",5
"GO:0022626","CC","GO:0022626","cytosolic ribosome","13/74","142/28573",5.20009160070349e-17,6.91612182893564e-15,4.87166476276432e-15,"Rplp1/Rps15/Rps8/Rps21/Rps14/Rpl23a/Rplp2/Rpl14/Rpl22/Rpl39/Rps26/Rps25/Rps12",13
"GO:0044391","CC","GO:0044391","ribosomal subunit","14/74","215/28573",3.72879807562071e-16,2.47965072028777e-14,1.74664751963286e-14,"Rplp1/Rps15/Rps8/Rps21/Rps14/Rpl23a/Rack1/Rplp2/Rpl14/Rpl22/Rpl39/Rps26/Rps25/Rps12",14
"GO:0005840","CC","GO:0005840","ribosome","14/74","267/28573",7.60737353891826e-15,3.37260226892043e-13,2.37563594724114e-13,"Rplp1/Rps15/Rps8/Rps21/Rps14/Rpl23a/Rack1/Rplp2/Rpl14/Rpl22/Rpl39/Rps26/Rps25/Rps12",14
"GO:0098800","CC","GO:0098800","inner mitochondrial membrane protein complex","10/74","154/28573",8.23100351977991e-12,2.73680867032682e-10,1.92778766647477e-10,"Cox7b/Cox4i1/Cox6c/Uqcrh/AA467197/Cox6a1/Atp5mj/Atp5me/Cox5a/Chchd10",10
"GO:0070069","CC","GO:0070069","cytochrome complex","7/74","41/28573",1.22385373935335e-11,3.25545094667991e-10,2.29311542741996e-10,"Cox7b/Cox4i1/Cox6c/Uqcrh/AA467197/Cox6a1/Cox5a",7
"GO:0022627","CC","GO:0022627","cytosolic small ribosomal subunit","7/74","45/28573",2.45012366213407e-11,5.43110745106386e-10,3.82563168298127e-10,"Rps15/Rps8/Rps21/Rps14/Rps26/Rps25/Rps12",7
"GO:0005751","CC","GO:0005751","mitochondrial respiratory chain complex IV","6/74","25/28573",4.17785006907114e-11,7.69503151915308e-10,5.42032295373664e-10,"Cox7b/Cox4i1/Cox6c/AA467197/Cox6a1/Cox5a",6
"GO:0015935","CC","GO:0015935","small ribosomal subunit","8/74","83/28573",4.6285903874605e-11,7.69503151915308e-10,5.42032295373664e-10,"Rps15/Rps8/Rps21/Rps14/Rack1/Rps26/Rps25/Rps12",8
"GO:0045277","CC","GO:0045277","respiratory chain complex IV","6/74","28/28573",8.8331511377281e-11,1.30534344590871e-09,9.19474211997428e-10,"Cox7b/Cox4i1/Cox6c/AA467197/Cox6a1/Cox5a",6
"GO:0022625","CC","GO:0022625","cytosolic large ribosomal subunit","7/74","79/28573",1.45950905350498e-09,1.94114704116163e-08,1.36732953433625e-08,"Rplp1/Rpl23a/Rplp2/Rpl14/Rpl22/Rpl39/Rps12",7
"GO:0005746","CC","GO:0005746","mitochondrial respirasome","7/74","95/28573",5.38379179466943e-09,6.26083914703536e-08,4.41008851670872e-08,"Cox7b/Cox4i1/Cox6c/Uqcrh/AA467197/Cox6a1/Cox5a",7
"GO:0098803","CC","GO:0098803","respiratory chain complex","7/74","96/28573",5.79532041187686e-09,6.26083914703536e-08,4.41008851670872e-08,"Cox7b/Cox4i1/Cox6c/Uqcrh/AA467197/Cox6a1/Cox5a",7
"GO:0098798","CC","GO:0098798","mitochondrial protein-containing complex","10/74","303/28573",6.11961721138795e-09,6.26083914703536e-08,4.41008851670872e-08,"Cox7b/Cox4i1/Cox6c/Uqcrh/AA467197/Cox6a1/Atp5mj/Atp5me/Cox5a/Chchd10",10
"GO:0070469","CC","GO:0070469","respirasome","7/74","103/28573",9.49615331965936e-09,9.02134565367639e-08,6.35456876277957e-08,"Cox7b/Cox4i1/Cox6c/Uqcrh/AA467197/Cox6a1/Cox5a",7
"GO:0015934","CC","GO:0015934","large ribosomal subunit","7/74","137/28573",6.87423116787274e-08,6.09515163551383e-07,4.29337946625034e-07,"Rplp1/Rpl23a/Rplp2/Rpl14/Rpl22/Rpl39/Rps12",7
"GO:0030141","CC","GO:0030141","secretory granule","10/74","498/28573",6.26132370924653e-07,5.20472533331118e-06,3.66616980344041e-06,"Reg3b/Dmbt1/Zg16/Pla2g2a/Tff3/Sprr2a3/Klk1/Sycn/Gcg/Lyz2",10
"GO:0032994","CC","GO:0032994","protein-lipid complex","4/74","46/28573",6.22792503951208e-06,4.87243547208886e-05,3.43210729731626e-05,"Saa1/Saa3/Dbi/Apoe",4
"GO:0042588","CC","GO:0042588","zymogen granule","3/74","26/28573",4.15358898475364e-05,0.000306904074984575,0.000216180947159693,"Reg3b/Dmbt1/Zg16",3
"GO:0034364","CC","GO:0034364","high-density lipoprotein particle","3/74","35/28573",0.000102822250494257,0.000719755753459796,0.000506990598004922,"Saa1/Saa3/Apoe",3
"GO:0042788","CC","GO:0042788","polysomal ribosome","3/74","37/28573",0.000121613893269149,0.000808732390239839,0.000569665078997591,"Rps21/Rpl39/Rps26",3
"GO:0034358","CC","GO:0034358","plasma lipoprotein particle","3/74","43/28573",0.000191015498202982,0.00115477551186348,0.000813415279428967,"Saa1/Saa3/Apoe",3
"GO:1990777","CC","GO:1990777","lipoprotein particle","3/74","43/28573",0.000191015498202982,0.00115477551186348,0.000813415279428967,"Saa1/Saa3/Apoe",3
"GO:0042589","CC","GO:0042589","zymogen granule membrane","2/74","16/28573",0.000775582970999564,0.00448489283230183,0.00315912514503255,"Dmbt1/Zg16",2
"GO:0032040","CC","GO:0032040","small-subunit processome","3/74","75/28573",0.000984912801219717,0.0054580584400926,0.00384461575914714,"Rps8/Rps14/Rps12",3
"GO:0005844","CC","GO:0005844","polysome","3/74","78/28573",0.00110348845863552,0.00587055859994098,0.0041351778028868,"Rps21/Rpl39/Rps26",3
"GO:0005753","CC","GO:0005753","mitochondrial proton-transporting ATP synthase complex","2/74","20/28573",0.00121979833930148,0.00623973765873447,0.0043952247853373,"Atp5mj/Atp5me",2
"GO:0045259","CC","GO:0045259","proton-transporting ATP synthase complex","2/74","21/28573",0.00134594069760322,0.00663000417708251,0.00467012561741467,"Atp5mj/Atp5me",2
"GO:0030667","CC","GO:0030667","secretory granule membrane","3/74","89/28573",0.00161405844861234,0.00766677763090864,0.00540042112505634,"Dmbt1/Zg16/Sycn",3
"GO:0030684","CC","GO:0030684","preribosome","3/74","112/28573",0.00310460718490831,0.0142383708825105,0.0100294025211194,"Rps8/Rps14/Rps12",3
"GO:0062023","CC","GO:0062023","collagen-containing extracellular matrix","5/74","396/28573",0.00367196200099965,0.0162790315377651,0.0114668287048761,"Reg3b/Dmbt1/Zg16/Lgals3/Insl5",5
"GO:0016469","CC","GO:0016469","proton-transporting two-sector ATPase complex","2/74","50/28573",0.00747989844159599,0.0320911771849118,0.022604786461869,"Atp5mj/Atp5me",2
"GO:0003735","MF","GO:0003735","structural constituent of ribosome","13/70","178/28407",5.12414092173752e-16,9.37717788677966e-14,7.0119823139566e-14,"Rplp1/Rps15/Rps8/Rps21/Rps14/Rpl23a/Rplp2/Rpl14/Rpl22/Rpl39/Rps26/Rps25/Rps12",13
"GO:0005539","MF","GO:0005539","glycosaminoglycan binding","7/70","243/28407",2.32988491309757e-06,0.000213184469548428,0.000159413178264571,"Saa1/Reg3b/Dmbt1/Zg16/Rpl22/Pglyrp1/Apoe",7
"GO:0042834","MF","GO:0042834","peptidoglycan binding","3/70","19/28407",1.34975187998768e-05,0.000823348646792485,0.000615676296134732,"Reg3b/Zg16/Pglyrp1",3
"GO:0016209","MF","GO:0016209","antioxidant activity","4/70","89/28407",7.04783207751215e-05,0.00322438317546181,0.00241110044756995,"Gpx2/S100a8/Mgst1/Apoe",4
"GO:0035325","MF","GO:0035325","Toll-like receptor binding","2/70","12/28407",0.000388798267347114,0.0117093199265281,0.00875589065544236,"Saa3/Ceacam1",2
"GO:0005179","MF","GO:0005179","hormone activity","4/70","139/28407",0.000391866479933276,0.0117093199265281,0.00875589065544236,"Reg3b/Pyy/Gcg/Insl5",4
"GO:0045182","MF","GO:0045182","translation regulator activity","4/70","144/28407",0.000447897483528397,0.0117093199265281,0.00875589065544236,"Rps14/Rack1/Eef1b2/Eif2s2",4
"GO:0061783","MF","GO:0061783","peptidoglycan muralytic activity","2/70","15/28407",0.000615591554029743,0.0140816567984304,0.0105298555294561,"Pglyrp1/Lyz2",2
"GO:1901681","MF","GO:1901681","sulfur compound binding","5/70","301/28407",0.000890919509564531,0.0181153633611455,0.0135461445898701,"Saa1/Dmbt1/Rpl22/Dbi/Apoe",5
"GO:0070492","MF","GO:0070492","oligosaccharide binding","2/70","19/28407",0.000996166159604205,0.018229840720757,0.0136317474472154,"Reg3b/Lgals3",2
"GO:0001664","MF","GO:0001664","G protein-coupled receptor binding","5/70","335/28407",0.00143144931455585,0.0238141113239746,0.017807503434666,"Saa1/Gpr15lg/Pyy/Gcg/Insl5",5
"GO:0004602","MF","GO:0004602","glutathione peroxidase activity","2/70","27/28407",0.00201889280815414,0.0307881153243506,0.0230224618473718,"Gpx2/Mgst1",2
"GO:0015453","MF","GO:0015453","oxidoreduction-driven active transmembrane transporter activity","2/70","34/28407",0.00319107538321845,0.0418552014248721,0.0312981086294701,"Uqcrh/Cox5a",2
"GO:0004857","MF","GO:0004857","enzyme inhibitor activity","5/70","410/28407",0.00343055420109799,0.0418552014248721,0.0312981086294701,"Rps15/Rack1/Spink4/Spink1/Ppp1r14d",5
"GO:0015078","MF","GO:0015078","proton transmembrane transporter activity","3/70","122/28407",0.00343075421515345,0.0418552014248721,0.0312981086294701,"Uqcrh/Atp5me/Cox5a",3
