"","ONTOLOGY","ID","Description","GeneRatio","BgRatio","pvalue","p.adjust","qvalue","geneID","Count"
"GO:0042742","BP","GO:0042742","defense response to bacterium","17/128","430/28891",8.56094563162204e-12,1.82947408147763e-08,1.39858817055552e-08,"Dmbt1/Igha/Lypd8/Gpr15lg/Plac8/Il18/Sprr2a3/Lyz2/Jchain/Lcn2/Mmp7/Cxcl13/Nos2/Fcer1g/Nlrp6/Lbp/Evpl",17
"GO:0015711","BP","GO:0015711","organic anion transport","15/128","436/28891",1.05522560917862e-09,1.12750856340736e-06,8.61952708129062e-07,"Car4/Slc26a3/Apoe/Slc51b/Mgst1/Slc6a14/Slc13a2/Abcg2/Slc10a2/Nos2/Fabp6/Slc37a2/Aqp8/Slc1a1/Slc5a8",15
"GO:0006631","BP","GO:0006631","fatty acid metabolic process","13/128","463/28891",1.54809614585236e-07,0.00011027604878955,8.43033409951882e-05,"Ces2c/Ces2e/Cyp4f14/Hao2/Mgll/Hpgd/C3/Adtrp/Pam/Acsm3/Ces2a/Acot1/Fa2h",13
"GO:0006959","BP","GO:0006959","humoral immune response","11/128","337/28891",3.34080448195662e-07,0.000178482479448533,0.000136445488315702,"Dmbt1/Igha/S100a9/Jchain/Mmp7/Cxcl13/C3/C1qa/Ccl8/C1qb/Evpl",11
"GO:0030593","BP","GO:0030593","neutrophil chemotaxis","7/128","110/28891",6.18955439950926e-07,0.000217989958592225,0.000166647989426955,"S100a9/S100a8/Cxcl13/Fcer1g/Lbp/Ccl8/Ccl4",7
"GO:0046942","BP","GO:0046942","carboxylic acid transport","11/128","362/28891",6.76510214277512e-07,0.000217989958592225,0.000166647989426955,"Apoe/Slc51b/Slc6a14/Slc13a2/Abcg2/Slc10a2/Nos2/Fabp6/Aqp8/Slc1a1/Slc5a8",11
"GO:0015849","BP","GO:0015849","organic acid transport","11/128","364/28891",7.14052274284312e-07,0.000217989958592225,0.000166647989426955,"Apoe/Slc51b/Slc6a14/Slc13a2/Abcg2/Slc10a2/Nos2/Fabp6/Aqp8/Slc1a1/Slc5a8",11
"GO:0030595","BP","GO:0030595","leukocyte chemotaxis","9/128","240/28891",1.31063539408198e-06,0.000348996774335621,0.000266799494504783,"S100a9/S100a8/Gpr15lg/Cxcl13/Lgmn/Fcer1g/Lbp/Ccl8/Ccl4",9
"GO:0015718","BP","GO:0015718","monocarboxylic acid transport","8/128","180/28891",1.46980391624735e-06,0.000348996774335621,0.000266799494504783,"Apoe/Slc51b/Abcg2/Slc10a2/Nos2/Fabp6/Aqp8/Slc5a8",8
"GO:0043117","BP","GO:0043117","positive regulation of vascular permeability","4/128","21/28891",2.07503004130974e-06,0.000434195946614196,0.000331932177004277,"Apoe/Il18/Pde3a/Ccl4",4
"GO:0060326","BP","GO:0060326","cell chemotaxis","10/128","331/28891",2.3377915447334e-06,0.000434195946614196,0.000331932177004277,"Saa3/S100a9/S100a8/Gpr15lg/Cxcl13/Lgmn/Fcer1g/Lbp/Ccl8/Ccl4",10
"GO:0071621","BP","GO:0071621","granulocyte chemotaxis","7/128","135/28891",2.45720098769773e-06,0.000434195946614196,0.000331932177004277,"S100a9/S100a8/Cxcl13/Fcer1g/Lbp/Ccl8/Ccl4",7
"GO:0006814","BP","GO:0006814","sodium ion transport","9/128","262/28891",2.69447578316304e-06,0.000434195946614196,0.000331932177004277,"Fxyd4/Slc6a14/Slc13a2/Slc10a2/Slc9a2/Prss30/Slc9a3/Atp12a/Slc5a8",9
"GO:1990266","BP","GO:1990266","neutrophil migration","7/128","138/28891",2.8445218776784e-06,0.000434195946614196,0.000331932177004277,"S100a9/S100a8/Cxcl13/Fcer1g/Lbp/Ccl8/Ccl4",7
"GO:0098661","BP","GO:0098661","inorganic anion transmembrane transport","6/128","90/28891",3.08631299594462e-06,0.000439696724822243,0.000336137387347793,"Slc26a3/Slc37a2/Slc12a6/Clcn2/Slc1a1/Slc5a8",6
"GO:0009410","BP","GO:0009410","response to xenobiotic stimulus","10/128","346/28891",3.4647859425e-06,0.000452304827778947,0.000345775973555119,"Sult1b1/Mgst1/Lcn2/Sult1a1/Mmp7/Nos2/Pde3a/Pam/Slc1a1/Ccl4",10
"GO:0050830","BP","GO:0050830","defense response to Gram-positive bacterium","8/128","203/28891",3.59811982790926e-06,0.000452304827778947,0.000345775973555119,"Dmbt1/Gpr15lg/Il18/Sprr2a3/Lyz2/Mmp7/Nlrp6/Lbp",8
"GO:0044282","BP","GO:0044282","small molecule catabolic process","10/128","353/28891",4.13525112076264e-06,0.00046741619276089,0.000357328242329336,"Apoe/Upp1/Gda/Sult1b1/Cyp4f14/Hao2/Nos2/Adtrp/Eno3/Aldob",10
"GO:0098739","BP","GO:0098739","import across plasma membrane","8/128","207/28891",4.15578271523486e-06,0.00046741619276089,0.000357328242329336,"Slc6a14/Lcn2/Slc9a2/Slc12a6/Slc9a3/Atp12a/Aqp8/Slc1a1",8
"GO:0008202","BP","GO:0008202","steroid metabolic process","10/128","358/28891",4.68058695868078e-06,0.000500120716535041,0.000382330050519609,"Saa1/Apoe/Hmgcs2/Sult1a1/Fabp6/Rdh16/Clcn2/Aqp8/Hsd3b3/Lrp1",10
"GO:0006869","BP","GO:0006869","lipid transport","11/128","445/28891",4.95130779359567e-06,0.00050385451213876,0.000385184445897769,"Apoe/Slc51b/Abcg2/Slc10a2/Nos2/Fabp6/Lbp/Aqp8/Lrp1/Slc5a8/Plscr2",11
"GO:0015698","BP","GO:0015698","inorganic anion transport","7/128","155/28891",6.13271268278204e-06,0.000595709409232056,0.000455405267161614,"Slc26a3/Prkg2/Slc37a2/Slc12a6/Clcn2/Slc1a1/Slc5a8",7
"GO:0019730","BP","GO:0019730","antimicrobial humoral response","8/128","221/28891",6.7209435088394e-06,0.00062446331645173,0.000477386925662185,"Dmbt1/Igha/S100a9/Jchain/Mmp7/Cxcl13/Ccl8/Evpl",8
"GO:0006935","BP","GO:0006935","chemotaxis","11/128","462/28891",7.0523411075908e-06,0.000627806191261899,0.000479942471658975,"Saa3/S100a9/S100a8/Gpr15lg/Cxcl13/Lgmn/Fcer1g/Lbp/Ccl8/Lrp1/Ccl4",11
"GO:0042330","BP","GO:0042330","taxis","11/128","464/28891",7.34448047802877e-06,0.000627806191261899,0.000479942471658975,"Saa3/S100a9/S100a8/Gpr15lg/Cxcl13/Lgmn/Fcer1g/Lbp/Ccl8/Lrp1/Ccl4",11
"GO:0006821","BP","GO:0006821","chloride transport","6/128","110/28891",9.87757564826449e-06,0.000762591099079098,0.000582982235682467,"Slc26a3/Prkg2/Slc12a6/Clcn2/Slc1a1/Slc5a8",6
"GO:0050729","BP","GO:0050729","positive regulation of inflammatory response","7/128","167/28891",9.99183470950619e-06,0.000762591099079098,0.000582982235682467,"S100a9/S100a8/Il18/C3/Fcer1g/Nlrp6/Lbp",7
"GO:0097530","BP","GO:0097530","granulocyte migration","7/128","167/28891",9.99183470950619e-06,0.000762591099079098,0.000582982235682467,"S100a9/S100a8/Cxcl13/Fcer1g/Lbp/Ccl8/Ccl4",7
"GO:0050900","BP","GO:0050900","leukocyte migration","10/128","398/28891",1.17846166915769e-05,0.000868404340341373,0.000663873869521863,"S100a9/S100a8/Gpr15lg/Cxcl13/Adtrp/Lgmn/Fcer1g/Lbp/Ccl8/Ccl4",10
"GO:0097529","BP","GO:0097529","myeloid leukocyte migration","8/128","253/28891",1.79132380624291e-05,0.00127601965798037,0.000975485806066315,"S100a9/S100a8/Cxcl13/Lgmn/Fcer1g/Lbp/Ccl8/Ccl4",8
"GO:0098659","BP","GO:0098659","inorganic cation import across plasma membrane","6/128","125/28891",2.04924311462889e-05,0.00136851016748811,0.00104619253746843,"Lcn2/Slc9a2/Slc12a6/Slc9a3/Atp12a/Aqp8",6
"GO:0099587","BP","GO:0099587","inorganic ion import across plasma membrane","6/128","125/28891",2.04924311462889e-05,0.00136851016748811,0.00104619253746843,"Lcn2/Slc9a2/Slc12a6/Slc9a3/Atp12a/Aqp8",6
"GO:0014002","BP","GO:0014002","astrocyte development","4/128","39/28891",2.68095788153016e-05,0.00173612333116059,0.00132722380610361,"S100a9/S100a8/C1qa/Lrp1",4
"GO:0006066","BP","GO:0006066","alcohol metabolic process","9/128","354/28891",2.98275231298586e-05,0.00182165233967831,0.00139260864033728,"Saa1/Apoe/Hmgcs2/Sult1b1/Slc37a2/Rdh16/Clcn2/Aqp8/Lrp1",9
"GO:0098883","BP","GO:0098883","synapse pruning","3/128","14/28891",2.98352044402156e-05,0.00182165233967831,0.00139260864033728,"C3/C1qa/C1qb",3
"GO:0006958","BP","GO:0006958","complement activation, classical pathway","4/128","42/28891",3.61104016709462e-05,0.00209762740425976,0.00160358482447659,"Igha/C3/C1qa/C1qb",4
"GO:0097202","BP","GO:0097202","activation of cysteine-type endopeptidase activity","3/128","15/28891",3.71732289851635e-05,0.00209762740425976,0.00160358482447659,"Lgmn/Nlrp6/Cideb",3
"GO:0002526","BP","GO:0002526","acute inflammatory response","6/128","139/28891",3.72998789713949e-05,0.00209762740425976,0.00160358482447659,"Saa1/Saa3/C3/Fcer1g/Nlrp6/Lbp",6
"GO:0033559","BP","GO:0033559","unsaturated fatty acid metabolic process","6/128","140/28891",3.88298718085875e-05,0.00211979270370377,0.0016205296535469,"Ces2c/Ces2e/Cyp4f14/Mgll/Hpgd/Ces2a",6
"GO:0019755","BP","GO:0019755","one-carbon compound transport","4/128","43/28891",3.96779167749886e-05,0.00211979270370377,0.0016205296535469,"Car4/Slc26a3/Aqp4/Aqp8",4
"GO:1901568","BP","GO:1901568","fatty acid derivative metabolic process","4/128","45/28891",4.75768987965657e-05,0.00247980079825026,0.00189574703292092,"Hmgcs2/Cyp4f14/Hpgd/Pam",4
"GO:0006690","BP","GO:0006690","icosanoid metabolic process","6/128","147/28891",5.10064769633654e-05,0.00259525812549314,0.00198401133451486,"Ces2c/Ces2e/Cyp4f14/Mgll/Hpgd/Ces2a",6
"GO:2001056","BP","GO:2001056","positive regulation of cysteine-type endopeptidase activity","6/128","148/28891",5.29705741687742e-05,0.00263251434880629,0.00201249280562883,"S100a9/S100a8/Lgmn/Nlrp6/Slc1a1/Cideb",6
"GO:0018119","BP","GO:0018119","peptidyl-cysteine S-nitrosylation","3/128","17/28891",5.51964474934115e-05,0.00268079109757774,0.00204939919879844,"S100a9/S100a8/Nos2",3
"GO:0072521","BP","GO:0072521","purine-containing compound metabolic process","10/128","479/28891",5.67007488929599e-05,0.00269265556409456,0.00205846929314325,"Hmgcs2/Gda/Sult1b1/Nme7/Abcg2/Nos2/Acsm3/Acot1/Aldob/Pde9a",10
"GO:0061844","BP","GO:0061844","antimicrobial humoral immune response mediated by antimicrobial peptide","6/128","151/28891",5.92285479666686e-05,0.00275155232619067,0.00210349442664233,"Dmbt1/S100a9/Mmp7/Cxcl13/Ccl8/Evpl",6
"GO:0043114","BP","GO:0043114","regulation of vascular permeability","4/128","48/28891",6.14982657053538e-05,0.00279620837898598,0.00213763288633167,"Apoe/Il18/Pde3a/Ccl4",4
"GO:0017014","BP","GO:0017014","protein nitrosylation","3/128","18/28891",6.60213562537861e-05,0.00293932579821543,0.00224704265144465,"S100a9/S100a8/Nos2",3
"GO:0006820","BP","GO:0006820","monoatomic anion transport","6/128","157/28891",7.35149480270422e-05,0.0032061519170161,0.00245102469039677,"Slc26a3/Prkg2/Slc12a6/Clcn2/Slc1a1/Slc5a8",6
"GO:0009117","BP","GO:0009117","nucleotide metabolic process","10/128","497/28891",7.69607705022405e-05,0.00328930333126576,0.002514591911989,"Hmgcs2/Upp1/Gda/Sult1b1/Nme7/Nos2/Acsm3/Acot1/Aldob/Pde9a",10
"GO:0010038","BP","GO:0010038","response to metal ion","8/128","320/28891",9.38861816379274e-05,0.00386017947750488,0.00295101275722857,"Slc40a1/Slc13a2/Lgmn/Pam/Atp12a/Slc1a1/Aldob/Plscr2",8
"GO:0050727","BP","GO:0050727","regulation of inflammatory response","9/128","411/28891",9.3930431834466e-05,0.00386017947750488,0.00295101275722857,"S100a9/S100a8/Apoe/Il18/Mgll/C3/Fcer1g/Nlrp6/Lbp",9
"GO:0048247","BP","GO:0048247","lymphocyte chemotaxis","4/128","54/28891",9.79223681216754e-05,0.00394830378634001,0.00301838163505145,"Gpr15lg/Cxcl13/Ccl8/Ccl4",4
"GO:0150104","BP","GO:0150104","transport across blood-brain barrier","3/128","21/28891",0.000106567250223486,0.00421730025421463,0.00322402285276512,"Apoe/Abcg2/Lrp1",3
"GO:0010950","BP","GO:0010950","positive regulation of endopeptidase activity","6/128","169/28891",0.000110296124690218,0.00426693450367215,0.00326196702199305,"S100a9/S100a8/Lgmn/Nlrp6/Slc1a1/Cideb",6
"GO:0006885","BP","GO:0006885","regulation of pH","5/128","106/28891",0.000111814848949762,0.00426693450367215,0.00326196702199305,"Car4/Slc26a3/Slc9a2/Slc9a3/Atp12a",5
"GO:0003018","BP","GO:0003018","vascular process in circulatory system","7/128","247/28891",0.000120456312770039,0.00445490560552226,0.00340566632996111,"Apoe/Il18/Mgll/Abcg2/Pde3a/Lrp1/Ccl4",7
"GO:0006693","BP","GO:0006693","prostaglandin metabolic process","4/128","57/28891",0.000121060704766135,0.00445490560552226,0.00340566632996111,"Ces2c/Ces2e/Hpgd/Ces2a",4
"GO:0010232","BP","GO:0010232","vascular transport","3/128","22/28891",0.00012299458620768,0.00445490560552226,0.00340566632996111,"Apoe/Abcg2/Lrp1",3
"GO:0002455","BP","GO:0002455","humoral immune response mediated by circulating immunoglobulin","4/128","58/28891",0.000129584432287686,0.00451651525446683,0.0034527653990752,"Igha/C3/C1qa/C1qb",4
"GO:0006692","BP","GO:0006692","prostanoid metabolic process","4/128","58/28891",0.000129584432287686,0.00451651525446683,0.0034527653990752,"Ces2c/Ces2e/Hpgd/Ces2a",4
"GO:0031640","BP","GO:0031640","killing of cells of another organism","5/128","110/28891",0.000133149490421811,0.00451651525446683,0.0034527653990752,"Lyz2/Cxcl13/Nos2/Nlrp6/Ccl8",5
"GO:0141061","BP","GO:0141061","disruption of cell in another organism","5/128","110/28891",0.000133149490421811,0.00451651525446683,0.0034527653990752,"Lyz2/Cxcl13/Nos2/Nlrp6/Ccl8",5
"GO:0042886","BP","GO:0042886","amide transport","9/128","432/28891",0.000136691979739466,0.00455458591463068,0.00348186948723336,"S100a9/S100a8/Gcg/Mmp7/Abcg2/Nos2/Aqp8/Lrp1/Slc1a1",9
"GO:1901616","BP","GO:1901616","organic hydroxy compound catabolic process","4/128","59/28891",0.000138534433528776,0.00455458591463068,0.00348186948723336,"Apoe/Sult1b1/Cyp4f14/Maoa",4
"GO:0072676","BP","GO:0072676","lymphocyte migration","5/128","112/28891",0.000144919989928796,0.00469233361330055,0.00358717423236827,"Gpr15lg/Cxcl13/Adtrp/Ccl8/Ccl4",5
"GO:0016042","BP","GO:0016042","lipid catabolic process","8/128","345/28891",0.000157345404451552,0.00501861387034279,0.00383660750524445,"Apoe/Cyp4f14/Hao2/Mgll/Hpgd/Adtrp/Smpdl3a/Lrp1",8
"GO:0006163","BP","GO:0006163","purine nucleotide metabolic process","9/128","444/28891",0.000167713213730353,0.00527063437855535,0.00402927101717504,"Hmgcs2/Gda/Sult1b1/Nme7/Nos2/Acsm3/Acot1/Aldob/Pde9a",9
"GO:0006584","BP","GO:0006584","catecholamine metabolic process","4/128","64/28891",0.00019012425748412,0.00580422197490806,0.00443718567842637,"Sult1d1/Sult1a1/Maoa/Slc1a1",4
"GO:0009712","BP","GO:0009712","catechol-containing compound metabolic process","4/128","64/28891",0.00019012425748412,0.00580422197490806,0.00443718567842637,"Sult1d1/Sult1a1/Maoa/Slc1a1",4
"GO:0150146","BP","GO:0150146","cell junction disassembly","3/128","26/28891",0.000204981173578364,0.00616964461883048,0.00471654234831166,"C3/C1qa/C1qb",3
"GO:0009259","BP","GO:0009259","ribonucleotide metabolic process","8/128","364/28891",0.000226295605593357,0.00646326479477291,0.00494100778833464,"Hmgcs2/Upp1/Gda/Sult1b1/Nme7/Acsm3/Acot1/Pde9a",8
"GO:0010952","BP","GO:0010952","positive regulation of peptidase activity","6/128","193/28891",0.000226992417038481,0.00646326479477291,0.00494100778833464,"S100a9/S100a8/Lgmn/Nlrp6/Slc1a1/Cideb",6
"GO:0006956","BP","GO:0006956","complement activation","4/128","67/28891",0.000227016868705275,0.00646326479477291,0.00494100778833464,"Igha/C3/C1qa/C1qb",4
"GO:1902476","BP","GO:1902476","chloride transmembrane transport","4/128","67/28891",0.000227016868705275,0.00646326479477291,0.00494100778833464,"Slc26a3/Slc12a6/Clcn2/Slc1a1",4
"GO:0002523","BP","GO:0002523","leukocyte migration involved in inflammatory response","3/128","27/28891",0.000229858738606805,0.00646326479477291,0.00494100778833464,"S100a9/S100a8/Lbp",3
"GO:0050764","BP","GO:0050764","regulation of phagocytosis","5/128","127/28891",0.000260496753666865,0.00721593351290921,0.00551640460657345,"C3/Fcer1g/Lbp/Lrp1/Plscr2",5
"GO:0019693","BP","GO:0019693","ribose phosphate metabolic process","8/128","373/28891",0.00026668888701293,0.00721593351290921,0.00551640460657345,"Hmgcs2/Upp1/Gda/Sult1b1/Nme7/Acsm3/Acot1/Pde9a",8
"GO:0071674","BP","GO:0071674","mononuclear cell migration","6/128","199/28891",0.000267586869133054,0.00721593351290921,0.00551640460657345,"Gpr15lg/Cxcl13/Adtrp/Lgmn/Ccl8/Ccl4",6
"GO:0001676","BP","GO:0001676","long-chain fatty acid metabolic process","5/128","128/28891",0.000270133215270349,0.00721593351290921,0.00551640460657345,"Cyp4f14/Mgll/Adtrp/Pam/Acot1",5
"GO:1902075","BP","GO:1902075","cellular response to salt","6/128","202/28891",0.000289915807812856,0.00764876643575399,0.00584729478525734,"Ly6g/Ly6c1/Ly6a/Slc13a2/Lgmn/Slc1a1",6
"GO:0001906","BP","GO:0001906","cell killing","7/128","286/28891",0.000295106820588424,0.00769077165362759,0.00587940674651135,"Il18/Lyz2/Cxcl13/Nos2/C3/Nlrp6/Ccl8",7
"GO:0018958","BP","GO:0018958","phenol-containing compound metabolic process","5/128","132/28891",0.000311411650785739,0.00801791202083282,0.00612949755256141,"Sult1b1/Sult1d1/Sult1a1/Maoa/Slc1a1",5
"GO:0050829","BP","GO:0050829","defense response to Gram-negative bacterium","5/128","134/28891",0.0003337602885385,0.00840759145196983,0.00642739794274176,"Dmbt1/Lypd8/Lyz2/Mmp7/Lbp",5
"GO:0010001","BP","GO:0010001","glial cell differentiation","7/128","292/28891",0.000334415195796648,0.00840759145196983,0.00642739794274176,"S100a9/S100a8/C1qa/Clcn2/Lrp1/Fa2h/Aspa",7
"GO:0015721","BP","GO:0015721","bile acid and bile salt transport","3/128","31/28891",0.000348694960925936,0.00856507047699685,0.00654778680407808,"Slc51b/Slc10a2/Aqp8",3
"GO:0051923","BP","GO:0051923","sulfation","3/128","31/28891",0.000348694960925936,0.00856507047699685,0.00654778680407808,"Sult1b1/Sult1d1/Sult1a1",3
"GO:0062012","BP","GO:0062012","regulation of small molecule metabolic process","8/128","389/28891",0.000353013917007392,0.00857262205278178,0.0065535597989889,"Apoe/Gcg/Isx/Nos2/Rdh16/Clcn2/Aqp8/Aldob",8
"GO:0009636","BP","GO:0009636","response to toxic substance","5/128","136/28891",0.000357302664562186,0.00857927858617294,0.00655864855589016,"Slc6a14/Lcn2/Abcg2/Trpm6/Aqp8",5
"GO:0007263","BP","GO:0007263","nitric oxide mediated signal transduction","3/128","32/28891",0.000383524881985642,0.00910658525337019,0.00696176160048791,"Apoe/Spink1/Nos2",3
"GO:0021782","BP","GO:0021782","glial cell development","5/128","139/28891",0.000394945033889779,0.00927469821343361,0.00709027984496168,"S100a9/S100a8/C1qa/Lrp1/Fa2h",5
"GO:0006721","BP","GO:0006721","terpenoid metabolic process","4/128","78/28891",0.000406917033813752,0.00933931516595295,0.00713967792407407,"Hmgcs2/Isx/Dhrs3/Rdh16",4
"GO:0019731","BP","GO:0019731","antibacterial humoral response","5/128","140/28891",0.000408134484337232,0.00933931516595295,0.00713967792407407,"Dmbt1/Igha/Jchain/Mmp7/Evpl",5
"GO:0019216","BP","GO:0019216","regulation of lipid metabolic process","8/128","398/28891",0.000410807499110705,0.00933931516595295,0.00713967792407407,"Apoe/Isx/Hpgd/C3/Rdh16/Clcn2/Aqp8/Cideb",8
"GO:1901292","BP","GO:1901292","nucleoside phosphate catabolic process","4/128","80/28891",0.000448112228403372,0.0100801666536632,0.0077060407588037,"Upp1/Gda/Smpdl3a/Pde9a",4
"GO:0008361","BP","GO:0008361","regulation of cell size","6/128","222/28891",0.000478711094948098,0.0106563084365009,0.00814648705437991,"Apoe/Aqp4/Mgll/Prkg2/Slc12a6/Lrp1",6
"GO:0055094","BP","GO:0055094","response to lipoprotein particle","3/128","36/28891",0.000544999880874179,0.0120068530456507,0.00917894536209143,"Apoe/Adtrp/Fcer1g",3
"GO:0015850","BP","GO:0015850","organic hydroxy compound transport","7/128","318/28891",0.000556097571354897,0.0120678946680813,0.0092256101888344,"Apoe/Slc51b/Slc10a2/Fcer1g/Aqp8/Lrp1/Slc5a8",7
"GO:0008203","BP","GO:0008203","cholesterol metabolic process","5/128","150/28891",0.00055906484423961,0.0120678946680813,0.0092256101888344,"Saa1/Apoe/Hmgcs2/Aqp8/Lrp1",5
"GO:0043542","BP","GO:0043542","endothelial cell migration","6/128","231/28891",0.000589899159120806,0.0123857079817949,0.00946857069071039,"S100a9/Apoe/Lcn2/Cxcl13/Adtrp/Lgmn",6
"GO:0019934","BP","GO:0019934","cGMP-mediated signaling","3/128","37/28891",0.000591175579851699,0.0123857079817949,0.00946857069071039,"Apoe/Nos2/Pde3a",3
"GO:0097242","BP","GO:0097242","amyloid-beta clearance","3/128","37/28891",0.000591175579851699,0.0123857079817949,0.00946857069071039,"Apoe/C3/Lrp1",3
"GO:0044242","BP","GO:0044242","cellular lipid catabolic process","6/128","234/28891",0.000631101889743341,0.0130938324114711,0.0100099144903594,"Cyp4f14/Hao2/Mgll/Adtrp/Smpdl3a/Lrp1",6
"GO:0010631","BP","GO:0010631","epithelial cell migration","7/128","328/28891",0.000667411764222714,0.0135256089595989,0.0103399970964202,"S100a9/Apoe/Lrg1/Lcn2/Cxcl13/Adtrp/Lgmn",7
"GO:0141060","BP","GO:0141060","disruption of anatomical structure in another organism","5/128","156/28891",0.000667743419423505,0.0135256089595989,0.0103399970964202,"Lyz2/Cxcl13/Nos2/Nlrp6/Ccl8",5
"GO:0034308","BP","GO:0034308","primary alcohol metabolic process","4/128","89/28891",0.000670900584799944,0.0135256089595989,0.0103399970964202,"Sult1b1/Slc37a2/Rdh16/Clcn2",4
"GO:0006884","BP","GO:0006884","cell volume homeostasis","3/128","39/28891",0.000690859155726848,0.0135603239281655,0.0103665358404615,"Aqp4/Prkg2/Slc12a6",3
"GO:0071402","BP","GO:0071402","cellular response to lipoprotein particle stimulus","3/128","39/28891",0.000690859155726848,0.0135603239281655,0.0103665358404615,"Apoe/Adtrp/Fcer1g",3
"GO:0090132","BP","GO:0090132","epithelium migration","7/128","330/28891",0.000691659011778213,0.0135603239281655,0.0103665358404615,"S100a9/Apoe/Lrg1/Lcn2/Cxcl13/Adtrp/Lgmn",7
"GO:0070374","BP","GO:0070374","positive regulation of ERK1 and ERK2 cascade","6/128","239/28891",0.000704699127588122,0.0136903821423256,0.0104659621628399,"Apoe/Gcg/C3/Ccl8/Lrp1/Ccl4",6
"GO:0090130","BP","GO:0090130","tissue migration","7/128","332/28891",0.000716599937771405,0.0137413684201215,0.0105049399246502,"S100a9/Apoe/Lrg1/Lcn2/Cxcl13/Adtrp/Lgmn",7
"GO:2000116","BP","GO:2000116","regulation of cysteine-type endopeptidase activity","6/128","240/28891",0.000720184025762102,0.0137413684201215,0.0105049399246502,"S100a9/S100a8/Lgmn/Nlrp6/Slc1a1/Cideb",6
"GO:0098656","BP","GO:0098656","monoatomic anion transmembrane transport","4/128","92/28891",0.000759965770162201,0.0143720960251029,0.0109871157456147,"Slc26a3/Slc12a6/Clcn2/Slc1a1",4
"GO:0050766","BP","GO:0050766","positive regulation of phagocytosis","4/128","93/28891",0.000791423337945448,0.0146388037259761,0.0111910072569588,"C3/Fcer1g/Lbp/Lrp1",4
"GO:1902652","BP","GO:1902652","secondary alcohol metabolic process","5/128","162/28891",0.000791520691717459,0.0146388037259761,0.0111910072569588,"Saa1/Apoe/Hmgcs2/Aqp8/Lrp1",5
"GO:0016125","BP","GO:0016125","sterol metabolic process","5/128","163/28891",0.000813707260726891,0.0146388037259761,0.0111910072569588,"Saa1/Apoe/Hmgcs2/Aqp8/Lrp1",5
"GO:0042445","BP","GO:0042445","hormone metabolic process","6/128","246/28891",0.000818704349367616,0.0146388037259761,0.0111910072569588,"Sult1b1/Mep1a/Sult1a1/Rdh16/Clcn2/Hsd3b3",6
"GO:0048708","BP","GO:0048708","astrocyte differentiation","4/128","94/28891",0.000823789524552298,0.0146388037259761,0.0111910072569588,"S100a9/S100a8/C1qa/Lrp1",4
"GO:0006971","BP","GO:0006971","hypotonic response","2/128","10/28891",0.000856270690569496,0.0146388037259761,0.0111910072569588,"Prkg2/Slc12a6",2
"GO:0042758","BP","GO:0042758","long-chain fatty acid catabolic process","2/128","10/28891",0.000856270690569496,0.0146388037259761,0.0111910072569588,"Cyp4f14/Adtrp",2
"GO:0060312","BP","GO:0060312","regulation of blood vessel remodeling","2/128","10/28891",0.000856270690569496,0.0146388037259761,0.0111910072569588,"Il18/Lrp1",2
"GO:0071351","BP","GO:0071351","cellular response to interleukin-18","2/128","10/28891",0.000856270690569496,0.0146388037259761,0.0111910072569588,"Il18/Nlrp6",2
"GO:0072488","BP","GO:0072488","ammonium transmembrane transport","2/128","10/28891",0.000856270690569496,0.0146388037259761,0.0111910072569588,"Slc12a6/Aqp8",2
"GO:1901523","BP","GO:1901523","icosanoid catabolic process","2/128","10/28891",0.000856270690569496,0.0146388037259761,0.0111910072569588,"Cyp4f14/Hpgd",2
"GO:2001225","BP","GO:2001225","regulation of chloride transport","2/128","10/28891",0.000856270690569496,0.0146388037259761,0.0111910072569588,"Prkg2/Clcn2",2
"GO:0070372","BP","GO:0070372","regulation of ERK1 and ERK2 cascade","7/128","343/28891",0.000866812470253186,0.014701414674056,0.0112388717947614,"Apoe/Gcg/C3/Nlrp6/Ccl8/Lrp1/Ccl4",7
"GO:0030100","BP","GO:0030100","regulation of endocytosis","7/128","344/28891",0.000881613212763228,0.0148347042179135,0.0113407683896273,"Apoe/C3/Fcer1g/Rab17/Lbp/Lrp1/Plscr2",7
"GO:0009150","BP","GO:0009150","purine ribonucleotide metabolic process","7/128","345/28891",0.000896612841929447,0.0149692315875252,0.0114436112719943,"Hmgcs2/Gda/Sult1b1/Nme7/Acsm3/Acot1/Pde9a",7
"GO:0072348","BP","GO:0072348","sulfur compound transport","3/128","43/28891",0.000920948329872175,0.0151389736995141,0.011573374963252,"Slc26a3/Abcg2/Slc1a1",3
"GO:0095500","BP","GO:0095500","acetylcholine receptor signaling pathway","3/128","43/28891",0.000920948329872175,0.0151389736995141,0.011573374963252,"Ly6g/Ly6c1/Ly6a",3
"GO:0035725","BP","GO:0035725","sodium ion transmembrane transport","5/128","169/28891",0.000956714376091351,0.0156068597076887,0.0119310623679693,"Fxyd4/Slc6a14/Slc9a2/Slc9a3/Atp12a",5
"GO:0006953","BP","GO:0006953","acute-phase response","3/128","44/28891",0.000985152121508548,0.0159490157853316,0.012192632317235,"Saa1/Saa3/Lbp",3
"GO:1905145","BP","GO:1905145","cellular response to acetylcholine","3/128","45/28891",0.00105212178027369,0.0169051446950742,0.0129235694735636,"Ly6g/Ly6c1/Ly6a",3
"GO:0052548","BP","GO:0052548","regulation of endopeptidase activity","7/128","360/28891",0.00114677894798096,0.0182885568047411,0.0139811541811976,"S100a9/S100a8/Spink1/Lgmn/Nlrp6/Slc1a1/Cideb",7
"GO:0000041","BP","GO:0000041","transition metal ion transport","4/128","103/28891",0.0011583562602271,0.0183363505785578,0.014017691351832,"Slc40a1/Lcn2/Hsd3b3/Slc1a1",4
"GO:0006694","BP","GO:0006694","steroid biosynthetic process","5/128","179/28891",0.00123550445088324,0.019413772143658,0.0148413537753157,"Apoe/Hmgcs2/Clcn2/Aqp8/Hsd3b3",5
"GO:0002778","BP","GO:0002778","antibacterial peptide production","2/128","12/28891",0.00124859201295955,0.0194762126401062,0.0148890880070166,"Mmp7/Evpl",2
"GO:1905144","BP","GO:1905144","response to acetylcholine","3/128","48/28891",0.00127007520447477,0.0196651863042362,0.0150335537493163,"Ly6g/Ly6c1/Ly6a",3
"GO:0070371","BP","GO:0070371","ERK1 and ERK2 cascade","7/128","367/28891",0.00128083930974679,0.0196651863042362,0.0150335537493163,"Apoe/Gcg/C3/Nlrp6/Ccl8/Lrp1/Ccl4",7
"GO:0006720","BP","GO:0006720","isoprenoid metabolic process","4/128","106/28891",0.00128831356228033,0.0196651863042362,0.0150335537493163,"Hmgcs2/Isx/Dhrs3/Rdh16",4
"GO:0032635","BP","GO:0032635","interleukin-6 production","5/128","182/28891",0.00132976927313044,0.020154020827516,0.0154072557812501,"Il18/Aqp4/Nos2/Fcer1g/Lbp",5
"GO:0042060","BP","GO:0042060","wound healing","7/128","370/28891",0.00134192057938552,0.0201949597052596,0.0154385525515666,"S100a9/Apoe/Lrg1/Adtrp/Fcer1g/Nlrp6/Evpl",7
"GO:0006898","BP","GO:0006898","receptor-mediated endocytosis","6/128","272/28891",0.00137119970991711,0.0204912851754745,0.015665086122866,"Dmbt1/Apoe/C3/Fcer1g/Slc9a3/Lrp1",6
"GO:0045862","BP","GO:0045862","positive regulation of proteolysis","7/128","372/28891",0.00138389207057776,0.0205373427418381,0.0157002960053852,"S100a9/S100a8/Apoe/Lgmn/Nlrp6/Slc1a1/Cideb",7
"GO:0006576","BP","GO:0006576","biogenic amine metabolic process","4/128","109/28891",0.00142813722267265,0.0210477878955272,0.0160905188354842,"Sult1d1/Sult1a1/Maoa/Slc1a1",4
"GO:0034756","BP","GO:0034756","regulation of iron ion transport","2/128","13/28891",0.00147133271998076,0.0213893743033937,0.0163516532861449,"Lcn2/Hsd3b3",2
"GO:0070673","BP","GO:0070673","response to interleukin-18","2/128","13/28891",0.00147133271998076,0.0213893743033937,0.0163516532861449,"Il18/Nlrp6",2
"GO:0009261","BP","GO:0009261","ribonucleotide catabolic process","3/128","51/28891",0.00151450750739668,0.0217214935792396,0.0166055503460236,"Upp1/Gda/Pde9a",3
"GO:0018198","BP","GO:0018198","peptidyl-cysteine modification","3/128","51/28891",0.00151450750739668,0.0217214935792396,0.0166055503460236,"S100a9/S100a8/Nos2",3
"GO:0002274","BP","GO:0002274","myeloid leukocyte activation","6/128","280/28891",0.00158822737539104,0.022626946008071,0.0172977465726799,"Gpr15lg/Il18/Fcer1g/C1qa/Lbp/Plscr2",6
"GO:0015908","BP","GO:0015908","fatty acid transport","4/128","113/28891",0.0016305862733019,0.0230765752718288,0.0176414771430083,"Apoe/Nos2/Fabp6/Slc5a8",4
"GO:0090207","BP","GO:0090207","regulation of triglyceride metabolic process","3/128","53/28891",0.00169273016218786,0.0235977508884983,0.018039903149496,"Apoe/C3/Cideb",3
"GO:1902930","BP","GO:1902930","regulation of alcohol biosynthetic process","3/128","53/28891",0.00169273016218786,0.0235977508884983,0.018039903149496,"Apoe/Clcn2/Aqp8",3
"GO:0002775","BP","GO:0002775","antimicrobial peptide production","2/128","14/28891",0.00171158230590418,0.0235977508884983,0.018039903149496,"Mmp7/Evpl",2
"GO:0019747","BP","GO:0019747","regulation of isoprenoid metabolic process","2/128","14/28891",0.00171158230590418,0.0235977508884983,0.018039903149496,"Isx/Rdh16",2
"GO:0033865","BP","GO:0033865","nucleoside bisphosphate metabolic process","4/128","116/28891",0.00179493615597261,0.0242770795273005,0.0185592332716156,"Hmgcs2/Sult1b1/Acsm3/Acot1",4
"GO:0033875","BP","GO:0033875","ribonucleoside bisphosphate metabolic process","4/128","116/28891",0.00179493615597261,0.0242770795273005,0.0185592332716156,"Hmgcs2/Sult1b1/Acsm3/Acot1",4
"GO:0034032","BP","GO:0034032","purine nucleoside bisphosphate metabolic process","4/128","116/28891",0.00179493615597261,0.0242770795273005,0.0185592332716156,"Hmgcs2/Sult1b1/Acsm3/Acot1",4
"GO:0015670","BP","GO:0015670","carbon dioxide transport","2/128","15/28891",0.00196918370235326,0.0259762072341291,0.0198581748281498,"Car4/Aqp4",2
"GO:0032096","BP","GO:0032096","negative regulation of response to food","2/128","15/28891",0.00196918370235326,0.0259762072341291,0.0198581748281498,"Pyy/Gcg",2
"GO:0032105","BP","GO:0032105","negative regulation of response to extracellular stimulus","2/128","15/28891",0.00196918370235326,0.0259762072341291,0.0198581748281498,"Pyy/Gcg",2
"GO:0032108","BP","GO:0032108","negative regulation of response to nutrient levels","2/128","15/28891",0.00196918370235326,0.0259762072341291,0.0198581748281498,"Pyy/Gcg",2
"GO:0042063","BP","GO:0042063","gliogenesis","7/128","397/28891",0.00200023997512346,0.0262240050726309,0.0200476102124095,"S100a9/S100a8/C1qa/Clcn2/Lrp1/Fa2h/Aspa",7
"GO:0032496","BP","GO:0032496","response to lipopolysaccharide","7/128","401/28891",0.00211594761744241,0.027571829624844,0.021077989103149,"S100a9/S100a8/Mgst1/Cxcl13/Nos2/Lbp/Plscr2",7
"GO:0071346","BP","GO:0071346","cellular response to type II interferon","4/128","122/28891",0.00215747102723856,0.027908552423619,0.0213354054436651,"Aqp4/Nos2/Ccl8/Ccl4",4
"GO:0006790","BP","GO:0006790","sulfur compound metabolic process","6/128","298/28891",0.00217156348909658,0.027908552423619,0.0213354054436651,"Hmgcs2/Sult1b1/Sult1d1/Sult1a1/Acsm3/Acot1",6
"GO:0045807","BP","GO:0045807","positive regulation of endocytosis","5/128","204/28891",0.00219146499195703,0.027908552423619,0.0213354054436651,"Apoe/C3/Fcer1g/Lbp/Lrp1",5
"GO:0032757","BP","GO:0032757","positive regulation of interleukin-8 production","3/128","58/28891",0.00219402751856247,0.027908552423619,0.0213354054436651,"Il18/Nos2/Lbp",3
"GO:0006695","BP","GO:0006695","cholesterol biosynthetic process","3/128","59/28891",0.00230414321954641,0.0287950529834543,0.0220131134302003,"Apoe/Hmgcs2/Aqp8",3
"GO:1900271","BP","GO:1900271","regulation of long-term synaptic potentiation","3/128","59/28891",0.00230414321954641,0.0287950529834543,0.0220131134302003,"Apoe/Lgmn/Pde9a",3
"GO:1902653","BP","GO:1902653","secondary alcohol biosynthetic process","3/128","59/28891",0.00230414321954641,0.0287950529834543,0.0220131134302003,"Apoe/Hmgcs2/Aqp8",3
"GO:0006826","BP","GO:0006826","iron ion transport","3/128","60/28891",0.00241762847609654,0.0297749712135455,0.0227622369398432,"Slc40a1/Lcn2/Hsd3b3",3
"GO:0043524","BP","GO:0043524","negative regulation of neuron apoptotic process","5/128","210/28891",0.00248419899962111,0.0297749712135455,0.0227622369398432,"Apoe/Lcn2/Lgmn/Lrp1/Slc1a1",5
"GO:0001974","BP","GO:0001974","blood vessel remodeling","3/128","61/28891",0.00253451802295144,0.0297749712135455,0.0227622369398432,"Il18/Nos2/Lrp1",3
"GO:0002438","BP","GO:0002438","acute inflammatory response to antigenic stimulus","3/128","61/28891",0.00253451802295144,0.0297749712135455,0.0227622369398432,"C3/Fcer1g/Nlrp6",3
"GO:0098926","BP","GO:0098926","postsynaptic signal transduction","3/128","61/28891",0.00253451802295144,0.0297749712135455,0.0227622369398432,"Ly6g/Ly6c1/Ly6a",3
"GO:0002431","BP","GO:0002431","Fc receptor mediated stimulatory signaling pathway","2/128","17/28891",0.00253581879310495,0.0297749712135455,0.0227622369398432,"Fcer1g/Plscr2",2
"GO:0040015","BP","GO:0040015","negative regulation of multicellular organism growth","2/128","17/28891",0.00253581879310495,0.0297749712135455,0.0227622369398432,"Plac8/Lgmn",2
"GO:0060100","BP","GO:0060100","positive regulation of phagocytosis, engulfment","2/128","17/28891",0.00253581879310495,0.0297749712135455,0.0227622369398432,"C3/Lbp",2
"GO:0060263","BP","GO:0060263","regulation of respiratory burst","2/128","17/28891",0.00253581879310495,0.0297749712135455,0.0227622369398432,"Jchain/Lbp",2
"GO:1904478","BP","GO:1904478","regulation of intestinal absorption","2/128","17/28891",0.00253581879310495,0.0297749712135455,0.0227622369398432,"Isx/Abcg2",2
"GO:1905155","BP","GO:1905155","positive regulation of membrane invagination","2/128","17/28891",0.00253581879310495,0.0297749712135455,0.0227622369398432,"C3/Lbp",2
"GO:0003014","BP","GO:0003014","renal system process","4/128","128/28891",0.00256764214616576,0.0299838867014002,0.0229219477184312,"Jchain/Aqp4/Abcg2/Lgmn",4
"GO:0071805","BP","GO:0071805","potassium ion transmembrane transport","5/128","212/28891",0.0025878032587182,0.0300550845863086,0.0229763767593286,"Fxyd4/Slc9a2/Slc12a6/Slc9a3/Atp12a",5
"GO:0009308","BP","GO:0009308","amine metabolic process","4/128","129/28891",0.0026408454790831,0.0303531068188135,0.0232042074638813,"Sult1d1/Sult1a1/Maoa/Slc1a1",4
"GO:0043523","BP","GO:0043523","regulation of neuron apoptotic process","6/128","310/28891",0.00264187078535297,0.0303531068188135,0.0232042074638813,"Apoe/Il18/Lcn2/Lgmn/Lrp1/Slc1a1",6
"GO:0071675","BP","GO:0071675","regulation of mononuclear cell migration","4/128","130/28891",0.00271546863684393,0.0310318528178368,0.0237230921721463,"Gpr15lg/Cxcl13/Adtrp/Lgmn",4
"GO:0002237","BP","GO:0002237","response to molecule of bacterial origin","7/128","421/28891",0.00277427791735323,0.0315352761137439,0.0241079469637862,"S100a9/S100a8/Mgst1/Cxcl13/Nos2/Lbp/Plscr2",7
"GO:1900221","BP","GO:1900221","regulation of amyloid-beta clearance","2/128","18/28891",0.00284454347271135,0.0321629068845722,0.024587755330816,"Apoe/Lrp1",2
"GO:0002548","BP","GO:0002548","monocyte chemotaxis","3/128","65/28891",0.0030367910992104,0.0333835244319302,0.0255208875789255,"Lgmn/Ccl8/Ccl4",3
"GO:0006911","BP","GO:0006911","phagocytosis, engulfment","3/128","65/28891",0.0030367910992104,0.0333835244319302,0.0255208875789255,"C3/Fcer1g/Lbp",3
"GO:0016126","BP","GO:0016126","sterol biosynthetic process","3/128","65/28891",0.0030367910992104,0.0333835244319302,0.0255208875789255,"Apoe/Hmgcs2/Aqp8",3
"GO:0050873","BP","GO:0050873","brown fat cell differentiation","3/128","65/28891",0.0030367910992104,0.0333835244319302,0.0255208875789255,"Plac8/Selenbp1/Lrg1",3
"GO:0046890","BP","GO:0046890","regulation of lipid biosynthetic process","5/128","222/28891",0.00315341891596602,0.0333835244319302,0.0255208875789255,"Apoe/C3/Rdh16/Clcn2/Aqp8",5
"GO:0009220","BP","GO:0009220","pyrimidine ribonucleotide biosynthetic process","2/128","19/28891",0.00317000192170728,0.0333835244319302,0.0255208875789255,"Upp1/Nme7",2
"GO:0015669","BP","GO:0015669","gas transport","2/128","19/28891",0.00317000192170728,0.0333835244319302,0.0255208875789255,"Car4/Aqp4",2
"GO:0015701","BP","GO:0015701","bicarbonate transport","2/128","19/28891",0.00317000192170728,0.0333835244319302,0.0255208875789255,"Car4/Slc26a3",2
"GO:0016322","BP","GO:0016322","neuron remodeling","2/128","19/28891",0.00317000192170728,0.0333835244319302,0.0255208875789255,"C3/C1qa",2
"GO:0070486","BP","GO:0070486","leukocyte aggregation","2/128","19/28891",0.00317000192170728,0.0333835244319302,0.0255208875789255,"S100a9/S100a8",2
"GO:1901569","BP","GO:1901569","fatty acid derivative catabolic process","2/128","19/28891",0.00317000192170728,0.0333835244319302,0.0255208875789255,"Cyp4f14/Hpgd",2
"GO:1901570","BP","GO:1901570","fatty acid derivative biosynthetic process","2/128","19/28891",0.00317000192170728,0.0333835244319302,0.0255208875789255,"Hmgcs2/Pam",2
"GO:0030193","BP","GO:0030193","regulation of blood coagulation","3/128","66/28891",0.00317120049587357,0.0333835244319302,0.0255208875789255,"S100a9/Apoe/Adtrp",3
"GO:2000401","BP","GO:2000401","regulation of lymphocyte migration","3/128","66/28891",0.00317120049587357,0.0333835244319302,0.0255208875789255,"Gpr15lg/Cxcl13/Adtrp",3
"GO:0002861","BP","GO:0002861","regulation of inflammatory response to antigenic stimulus","3/128","67/28891",0.00330920910339709,0.0346655875194097,0.0265009934389694,"C3/Fcer1g/Nlrp6",3
"GO:1900046","BP","GO:1900046","regulation of hemostasis","3/128","68/28891",0.00345084721737809,0.0359102109703523,0.0274524776129777,"S100a9/Apoe/Adtrp",3
"GO:0009159","BP","GO:0009159","deoxyribonucleoside monophosphate catabolic process","2/128","20/28891",0.0035120421585417,0.0359102109703523,0.0274524776129777,"Upp1/Gda",2
"GO:0043116","BP","GO:0043116","negative regulation of vascular permeability","2/128","20/28891",0.0035120421585417,0.0359102109703523,0.0274524776129777,"Apoe/Pde3a",2
"GO:0060099","BP","GO:0060099","regulation of phagocytosis, engulfment","2/128","20/28891",0.0035120421585417,0.0359102109703523,0.0274524776129777,"C3/Lbp",2
"GO:0060457","BP","GO:0060457","negative regulation of digestive system process","2/128","20/28891",0.0035120421585417,0.0359102109703523,0.0274524776129777,"Isx/Abcg2",2
"GO:0002790","BP","GO:0002790","peptide secretion","6/128","329/28891",0.00353786376105845,0.0360019755113424,0.0275226293592116,"S100a9/S100a8/Gcg/Mmp7/Nos2/Lrp1",6
"GO:0001523","BP","GO:0001523","retinoid metabolic process","3/128","69/28891",0.00359614452332896,0.0363921151032714,0.0278208815310579,"Isx/Dhrs3/Rdh16",3
"GO:0001776","BP","GO:0001776","leukocyte homeostasis","4/128","141/28891",0.00363388337726038,0.0363921151032714,0.0278208815310579,"Gpr15lg/Il18/Slc40a1/Fcer1g",4
"GO:0050708","BP","GO:0050708","regulation of protein secretion","6/128","331/28891",0.00364386102939278,0.0363921151032714,0.0278208815310579,"Apoe/Krt20/Gcg/Nos2/Adtrp/Lrp1",6
"GO:0006801","BP","GO:0006801","superoxide metabolic process","3/128","70/28891",0.00374513010256215,0.0363921151032714,0.0278208815310579,"Il18/Nos2/Slc1a1",3
"GO:0070098","BP","GO:0070098","chemokine-mediated signaling pathway","3/128","70/28891",0.00374513010256215,0.0363921151032714,0.0278208815310579,"Cxcl13/Ccl8/Ccl4",3
"GO:0032760","BP","GO:0032760","positive regulation of tumor necrosis factor production","4/128","143/28891",0.00382088879649989,0.0363921151032714,0.0278208815310579,"Il18/Fcer1g/Lbp/Ccl4",4
"GO:0046434","BP","GO:0046434","organophosphate catabolic process","4/128","143/28891",0.00382088879649989,0.0363921151032714,0.0278208815310579,"Upp1/Gda/Smpdl3a/Pde9a",4
"GO:0006700","BP","GO:0006700","C21-steroid hormone biosynthetic process","2/128","21/28891",0.00387051320152257,0.0363921151032714,0.0278208815310579,"Clcn2/Hsd3b3",2
"GO:0006833","BP","GO:0006833","water transport","2/128","21/28891",0.00387051320152257,0.0363921151032714,0.0278208815310579,"Aqp4/Aqp8",2
"GO:0034377","BP","GO:0034377","plasma lipoprotein particle assembly","2/128","21/28891",0.00387051320152257,0.0363921151032714,0.0278208815310579,"Apoe/Cideb",2
"GO:0035821","BP","GO:0035821","modulation of process of another organism","2/128","21/28891",0.00387051320152257,0.0363921151032714,0.0278208815310579,"S100a9/Nos2",2
"GO:0045540","BP","GO:0045540","regulation of cholesterol biosynthetic process","2/128","21/28891",0.00387051320152257,0.0363921151032714,0.0278208815310579,"Apoe/Aqp8",2
"GO:0048143","BP","GO:0048143","astrocyte activation","2/128","21/28891",0.00387051320152257,0.0363921151032714,0.0278208815310579,"C1qa/Lrp1",2
"GO:0106118","BP","GO:0106118","regulation of sterol biosynthetic process","2/128","21/28891",0.00387051320152257,0.0363921151032714,0.0278208815310579,"Apoe/Aqp8",2
"GO:1905153","BP","GO:1905153","regulation of membrane invagination","2/128","21/28891",0.00387051320152257,0.0363921151032714,0.0278208815310579,"C3/Lbp",2
"GO:0016101","BP","GO:0016101","diterpenoid metabolic process","3/128","71/28891",0.00389783243803104,0.0363921151032714,0.0278208815310579,"Isx/Dhrs3/Rdh16",3
"GO:0050818","BP","GO:0050818","regulation of coagulation","3/128","71/28891",0.00389783243803104,0.0363921151032714,0.0278208815310579,"S100a9/Apoe/Adtrp",3
"GO:0140115","BP","GO:0140115","export across plasma membrane","3/128","71/28891",0.00389783243803104,0.0363921151032714,0.0278208815310579,"Slc40a1/Abcg2/Atp12a",3
"GO:0046165","BP","GO:0046165","alcohol biosynthetic process","4/128","144/28891",0.00391679292173722,0.0363921151032714,0.0278208815310579,"Apoe/Hmgcs2/Clcn2/Aqp8",4
"GO:1905039","BP","GO:1905039","carboxylic acid transmembrane transport","4/128","144/28891",0.00391679292173722,0.0363921151032714,0.0278208815310579,"Slc6a14/Slc13a2/Slc1a1/Slc5a8",4
"GO:0019221","BP","GO:0019221","cytokine-mediated signaling pathway","7/128","450/28891",0.00399561330752832,0.0366725071603266,0.0280352343978656,"Il18/Cxcl13/Fcer1g/Nlrp6/Ccl8/Slc1a1/Ccl4",7
"GO:1903557","BP","GO:1903557","positive regulation of tumor necrosis factor superfamily cytokine production","4/128","145/28891",0.00401431507670775,0.0366725071603266,0.0280352343978656,"Il18/Fcer1g/Lbp/Ccl4",4
"GO:1903825","BP","GO:1903825","organic acid transmembrane transport","4/128","145/28891",0.00401431507670775,0.0366725071603266,0.0280352343978656,"Slc6a14/Slc13a2/Slc1a1/Slc5a8",4
"GO:0048469","BP","GO:0048469","cell maturation","5/128","235/28891",0.00401561379294171,0.0366725071603266,0.0280352343978656,"Slc26a3/Spink1/C3/Pde3a/C1qa",5
"GO:0009166","BP","GO:0009166","nucleotide catabolic process","3/128","72/28891",0.00405427942012673,0.0367118437322493,0.0280653062445883,"Upp1/Gda/Pde9a",3
"GO:0031638","BP","GO:0031638","zymogen activation","3/128","72/28891",0.00405427942012673,0.0367118437322493,0.0280653062445883,"Lgmn/Nlrp6/Cideb",3
"GO:0009158","BP","GO:0009158","ribonucleoside monophosphate catabolic process","2/128","22/28891",0.00424526506305406,0.0376436989201101,0.0287776867344831,"Upp1/Gda",2
"GO:0009164","BP","GO:0009164","nucleoside catabolic process","2/128","22/28891",0.00424526506305406,0.0376436989201101,0.0287776867344831,"Upp1/Gda",2
"GO:0045056","BP","GO:0045056","transcytosis","2/128","22/28891",0.00424526506305406,0.0376436989201101,0.0287776867344831,"Rab17/Lrp1",2
"GO:0048245","BP","GO:0048245","eosinophil chemotaxis","2/128","22/28891",0.00424526506305406,0.0376436989201101,0.0287776867344831,"Ccl8/Ccl4",2
"GO:0098719","BP","GO:0098719","sodium ion import across plasma membrane","2/128","22/28891",0.00424526506305406,0.0376436989201101,0.0287776867344831,"Slc9a2/Slc9a3",2
"GO:0015833","BP","GO:0015833","peptide transport","6/128","343/28891",0.00433018621760296,0.0380423534333693,0.0290824483553378,"S100a9/S100a8/Gcg/Mmp7/Nos2/Lrp1",6
"GO:1902074","BP","GO:1902074","response to salt","6/128","343/28891",0.00433018621760296,0.0380423534333693,0.0290824483553378,"Ly6g/Ly6c1/Ly6a/Slc13a2/Lgmn/Slc1a1",6
"GO:0052547","BP","GO:0052547","regulation of peptidase activity","7/128","457/28891",0.00434362856235007,0.0380423534333693,0.0290824483553378,"S100a9/S100a8/Spink1/Lgmn/Nlrp6/Slc1a1/Cideb",7
"GO:0099024","BP","GO:0099024","plasma membrane invagination","3/128","74/28891",0.00437851595742852,0.0381913820449989,0.029196377082402,"C3/Fcer1g/Lbp",3
"GO:0006639","BP","GO:0006639","acylglycerol metabolic process","4/128","150/28891",0.0045266396871419,0.0388622714507842,0.0297092556173766,"Apoe/Mgll/C3/Cideb",4
"GO:0034341","BP","GO:0034341","response to type II interferon","4/128","150/28891",0.0045266396871419,0.0388622714507842,0.0297092556173766,"Aqp4/Nos2/Ccl8/Ccl4",4
"GO:0006909","BP","GO:0006909","phagocytosis","5/128","242/28891",0.00454394251239086,0.0388622714507842,0.0297092556173766,"C3/Fcer1g/Lbp/Lrp1/Plscr2",5
"GO:0032677","BP","GO:0032677","regulation of interleukin-8 production","3/128","75/28891",0.00454635838216942,0.0388622714507842,0.0297092556173766,"Il18/Nos2/Lbp",3
"GO:0097194","BP","GO:0097194","execution phase of apoptosis","3/128","75/28891",0.00454635838216942,0.0388622714507842,0.0297092556173766,"Gcg/Cideb/Plscr2",3
"GO:0030656","BP","GO:0030656","regulation of vitamin metabolic process","2/128","23/28891",0.00463614874390465,0.039060712303978,0.0298609587940664,"Isx/Rdh16",2
"GO:0032095","BP","GO:0032095","regulation of response to food","2/128","23/28891",0.00463614874390465,0.039060712303978,0.0298609587940664,"Pyy/Gcg",2
"GO:2001026","BP","GO:2001026","regulation of endothelial cell chemotaxis","2/128","23/28891",0.00463614874390465,0.039060712303978,0.0298609587940664,"Cxcl13/Lgmn",2
"GO:0050878","BP","GO:0050878","regulation of body fluid levels","6/128","348/28891",0.00464268644137127,0.039060712303978,0.0298609587940664,"S100a9/Apoe/Aqp4/Adtrp/Fcer1g/Nlrp6",6
"GO:0032637","BP","GO:0032637","interleukin-8 production","3/128","76/28891",0.00471805120389807,0.0393846696200398,0.0301086162354022,"Il18/Nos2/Lbp",3
"GO:1901657","BP","GO:1901657","glycosyl compound metabolic process","3/128","76/28891",0.00471805120389807,0.0393846696200398,0.0301086162354022,"Upp1/Gda/Abcg2",3
"GO:0006638","BP","GO:0006638","neutral lipid metabolic process","4/128","152/28891",0.00474333631953291,0.0394416720421861,0.0301521931923616,"Apoe/Mgll/C3/Cideb",4
"GO:0002793","BP","GO:0002793","positive regulation of peptide secretion","4/128","153/28891",0.00485425554439011,0.0402075352649677,0.0307376768865502,"S100a9/S100a8/Gcg/Lrp1",4
"GO:0016114","BP","GO:0016114","terpenoid biosynthetic process","2/128","24/28891",0.00504301622750584,0.0414451029623329,0.0316837671095932,"Hmgcs2/Rdh16",2
"GO:0033033","BP","GO:0033033","negative regulation of myeloid cell apoptotic process","2/128","24/28891",0.00504301622750584,0.0414451029623329,0.0316837671095932,"Il18/Fcer1g",2
"GO:0006919","BP","GO:0006919","activation of cysteine-type endopeptidase activity involved in apoptotic process","3/128","78/28891",0.00507308753170544,0.0414451029623329,0.0316837671095932,"S100a9/S100a8/Slc1a1",3
"GO:0001667","BP","GO:0001667","ameboidal-type cell migration","7/128","471/28891",0.0051080669892224,0.0414451029623329,0.0316837671095932,"S100a9/Apoe/Lrg1/Lcn2/Cxcl13/Adtrp/Lgmn",7
"GO:0002685","BP","GO:0002685","regulation of leukocyte migration","5/128","249/28891",0.0051200314375554,0.0414451029623329,0.0316837671095932,"Gpr15lg/Cxcl13/Adtrp/Lgmn/Lbp",5
"GO:0006813","BP","GO:0006813","potassium ion transport","5/128","249/28891",0.0051200314375554,0.0414451029623329,0.0316837671095932,"Fxyd4/Slc9a2/Slc12a6/Slc9a3/Atp12a",5
"GO:0002444","BP","GO:0002444","myeloid leukocyte mediated immunity","4/128","158/28891",0.00543504609572149,0.0434083577037939,0.0331846273212758,"Gpr15lg/C3/Fcer1g/Nlrp6",4
"GO:0071333","BP","GO:0071333","cellular response to glucose stimulus","4/128","158/28891",0.00543504609572149,0.0434083577037939,0.0331846273212758,"Gcg/Aqp4/Slc12a6/Lrp1",4
"GO:1990868","BP","GO:1990868","response to chemokine","3/128","80/28891",0.0054438183737093,0.0434083577037939,0.0331846273212758,"Cxcl13/Ccl8/Ccl4",3
"GO:1990869","BP","GO:1990869","cellular response to chemokine","3/128","80/28891",0.0054438183737093,0.0434083577037939,0.0331846273212758,"Cxcl13/Ccl8/Ccl4",3
"GO:0009125","BP","GO:0009125","nucleoside monophosphate catabolic process","2/128","25/28891",0.00546572047428132,0.043420983842153,0.033194279695107,"Upp1/Gda",2
"GO:0051453","BP","GO:0051453","regulation of intracellular pH","3/128","81/28891",0.00563512728414714,0.044436409617057,0.0339705478539381,"Slc26a3/Slc9a2/Slc9a3",3
"GO:0071347","BP","GO:0071347","cellular response to interleukin-1","3/128","81/28891",0.00563512728414714,0.044436409617057,0.0339705478539381,"Saa3/Ccl8/Ccl4",3
"GO:0071331","BP","GO:0071331","cellular response to hexose stimulus","4/128","160/28891",0.00567980946739604,0.0446240912934755,0.0341140259032456,"Gcg/Aqp4/Slc12a6/Lrp1",4
"GO:0071326","BP","GO:0071326","cellular response to monosaccharide stimulus","4/128","161/28891",0.00580490553288437,0.0450610523000215,0.0344480719009104,"Gcg/Aqp4/Slc12a6/Lrp1",4
"GO:0010324","BP","GO:0010324","membrane invagination","3/128","82/28891",0.00583042839872528,0.0450610523000215,0.0344480719009104,"C3/Fcer1g/Lbp",3
"GO:0051851","BP","GO:0051851","modulation by host of symbiont process","3/128","82/28891",0.00583042839872528,0.0450610523000215,0.0344480719009104,"Apoe/Nlrp6/Ccl8",3
"GO:0006221","BP","GO:0006221","pyrimidine nucleotide biosynthetic process","2/128","26/28891",0.00590411541600656,0.0450610523000215,0.0344480719009104,"Upp1/Nme7",2
"GO:0046386","BP","GO:0046386","deoxyribose phosphate catabolic process","2/128","26/28891",0.00590411541600656,0.0450610523000215,0.0344480719009104,"Upp1/Gda",2
"GO:0061615","BP","GO:0061615","glycolytic process through fructose-6-phosphate","2/128","26/28891",0.00590411541600656,0.0450610523000215,0.0344480719009104,"Eno3/Aldob",2
"GO:0065005","BP","GO:0065005","protein-lipid complex assembly","2/128","26/28891",0.00590411541600656,0.0450610523000215,0.0344480719009104,"Apoe/Cideb",2
"GO:0072677","BP","GO:0072677","eosinophil migration","2/128","26/28891",0.00590411541600656,0.0450610523000215,0.0344480719009104,"Ccl8/Ccl4",2
"GO:0048844","BP","GO:0048844","artery morphogenesis","3/128","83/28891",0.00602974345998471,0.0458560917223748,0.0350558600857699,"Apoe/Hpgd/Lrp1",3
"GO:0051402","BP","GO:0051402","neuron apoptotic process","6/128","369/28891",0.00613929714014401,0.0465236808102403,0.0355662156084491,"Apoe/Il18/Lcn2/Lgmn/Lrp1/Slc1a1",6
"GO:0007613","BP","GO:0007613","memory","4/128","164/28891",0.00619119013376908,0.0467511424588853,0.035740104473162,"Apoe/Lcn2/Lgmn/Slc1a1",4
"GO:0009264","BP","GO:0009264","deoxyribonucleotide catabolic process","2/128","27/28891",0.00635805595019854,0.0475075719076024,0.03631837627791,"Upp1/Gda",2
"GO:0034656","BP","GO:0034656","nucleobase-containing small molecule catabolic process","2/128","27/28891",0.00635805595019854,0.0475075719076024,0.03631837627791,"Upp1/Gda",2
"GO:0044070","BP","GO:0044070","regulation of monoatomic anion transport","2/128","27/28891",0.00635805595019854,0.0475075719076024,0.03631837627791,"Prkg2/Clcn2",2
"GO:0032722","BP","GO:0032722","positive regulation of chemokine production","3/128","86/28891",0.0066519818859655,0.0495306107676247,0.0378649399853969,"Il18/Lbp/Lrp1",3
"GO:0016324","CC","GO:0016324","apical plasma membrane","19/133","427/28573",1.40083239493093e-13,2.82968143776049e-11,2.21184062357516e-11,"Car4/Slc26a3/Muc17/Il18/Ceacam20/Slc6a14/Cyp4f14/Slc13a2/Abcg2/Slc10a2/Slc9a2/Trpm6/S100g/Rab17/Slc9a3/Atp12a/Aqp8/Slc1a1/Slc5a8",19
"GO:0005903","CC","GO:0005903","brush border","11/133","149/28573",1.16859125184077e-10,1.15497625445569e-08,9.02795404733474e-09,"Car4/Slc26a3/Muc17/Coro2a/Slc6a14/Abcg2/Slc9a2/Trpm6/Slc9a3/Aqp8/Slc5a8",11
"GO:0031526","CC","GO:0031526","brush border membrane","9/133","82/28573",1.7153112689936e-10,1.15497625445569e-08,9.02795404733474e-09,"Car4/Slc26a3/Muc17/Slc6a14/Abcg2/Trpm6/Slc9a3/Aqp8/Slc5a8",9
"GO:0098862","CC","GO:0098862","cluster of actin-based cell projections","11/133","211/28573",4.71095862891402e-09,2.37903410760158e-07,1.85958893246606e-07,"Car4/Slc26a3/Muc17/Coro2a/Slc6a14/Abcg2/Slc9a2/Trpm6/Slc9a3/Aqp8/Slc5a8",11
"GO:0016323","CC","GO:0016323","basolateral plasma membrane","11/133","267/28573",5.32875858111675e-08,2.15281846677117e-06,1.68276586772108e-06,"Slc51b/Cldn8/Slc40a1/Aqp4/Hpgd/S100g/Rab17/Slc12a6/Atp12a/Aqp8/Lrp1",11
"GO:0009925","CC","GO:0009925","basal plasma membrane","11/133","301/28573",1.78496553363962e-07,6.00938396325338e-06,4.69727772010426e-06,"Slc51b/Cldn8/Slc40a1/Aqp4/Hpgd/S100g/Rab17/Slc12a6/Atp12a/Aqp8/Lrp1",11
"GO:0045178","CC","GO:0045178","basal part of cell","11/133","325/28573",3.82995418559017e-07,1.02757377330089e-05,8.03210349114821e-06,"Slc51b/Cldn8/Slc40a1/Aqp4/Hpgd/S100g/Rab17/Slc12a6/Atp12a/Aqp8/Lrp1",11
"GO:0031253","CC","GO:0031253","cell projection membrane","11/133","327/28573",4.06959910218176e-07,1.02757377330089e-05,8.03210349114821e-06,"Car4/Slc26a3/Muc17/Ceacam20/Slc6a14/Aqp4/Abcg2/Trpm6/Slc9a3/Aqp8/Slc5a8",11
"GO:0034364","CC","GO:0034364","high-density lipoprotein particle","3/133","35/28573",0.000578662612832328,0.0129877608657923,0.0101519756637251,"Saa1/Saa3/Apoe",3
"GO:0034358","CC","GO:0034358","plasma lipoprotein particle","3/133","43/28573",0.0010618792055195,0.0163812208702227,0.0128044978141397,"Saa1/Saa3/Apoe",3
"GO:1990777","CC","GO:1990777","lipoprotein particle","3/133","43/28573",0.0010618792055195,0.0163812208702227,0.0128044978141397,"Saa1/Saa3/Apoe",3
"GO:0019814","CC","GO:0019814","immunoglobulin complex","3/133","45/28573",0.0012127254699439,0.0163812208702227,0.0128044978141397,"Igkc/Igha/Jchain",3
"GO:0005791","CC","GO:0005791","rough endoplasmic reticulum","3/133","46/28573",0.00129294487813449,0.0163812208702227,0.0128044978141397,"Car4/Lyz2/Aldob",3
"GO:0032994","CC","GO:0032994","protein-lipid complex","3/133","46/28573",0.00129294487813449,0.0163812208702227,0.0128044978141397,"Saa1/Saa3/Apoe",3
"GO:0071748","CC","GO:0071748","monomeric IgA immunoglobulin complex","2/133","12/28573",0.00137657221787163,0.0163812208702227,0.0128044978141397,"Igha/Jchain",2
"GO:0005902","CC","GO:0005902","microvillus","4/133","107/28573",0.00159873696736854,0.0163812208702227,0.0128044978141397,"Muc17/Lyz2/Ceacam20/Slc10a2",4
"GO:0071745","CC","GO:0071745","IgA immunoglobulin complex","2/133","13/28573",0.00162190305645769,0.0163812208702227,0.0128044978141397,"Igha/Jchain",2
"GO:0071746","CC","GO:0071746","IgA immunoglobulin complex, circulating","2/133","13/28573",0.00162190305645769,0.0163812208702227,0.0128044978141397,"Igha/Jchain",2
"GO:0071749","CC","GO:0071749","polymeric IgA immunoglobulin complex","2/133","13/28573",0.00162190305645769,0.0163812208702227,0.0128044978141397,"Igha/Jchain",2
"GO:0071751","CC","GO:0071751","secretory IgA immunoglobulin complex","2/133","13/28573",0.00162190305645769,0.0163812208702227,0.0128044978141397,"Igha/Jchain",2
"GO:0045121","CC","GO:0045121","membrane raft","6/133","301/28573",0.00291830927744497,0.0268006866967373,0.0209489473919259,"Abcg2/Mall/Adtrp/Fcer1g/Slc1a1/Plscr2",6
"GO:0098857","CC","GO:0098857","membrane microdomain","6/133","302/28573",0.00296631864401257,0.0268006866967373,0.0209489473919259,"Abcg2/Mall/Adtrp/Fcer1g/Slc1a1/Plscr2",6
"GO:0055038","CC","GO:0055038","recycling endosome membrane","3/133","62/28573",0.00305156333675721,0.0268006866967373,0.0209489473919259,"Rab17/Slc9a3/Slc1a1",3
"GO:0001533","CC","GO:0001533","cornified envelope","3/133","64/28573",0.00333909718605736,0.0281040679826495,0.0219677446451142,"S100a9/Tgm3/Evpl",3
"GO:0042571","CC","GO:0042571","immunoglobulin complex, circulating","2/133","23/28573",0.00510304588328131,0.041232610736913,0.0322297634733557,"Igha/Jchain",2
"GO:0043204","CC","GO:0043204","perikaryon","4/133","153/28573",0.00577246776332691,0.0433895413925231,0.033915743662733,"Pam/Clcn2/Slc1a1/Pde9a",4
"GO:0005751","CC","GO:0005751","mitochondrial respiratory chain complex IV","2/133","25/28573",0.00601439187619132,0.0433895413925231,0.033915743662733,"AA467197/Cox7a1",2
"GO:0043083","CC","GO:0043083","synaptic cleft","2/133","25/28573",0.00601439187619132,0.0433895413925231,0.033915743662733,"Apoe/Slc1a1",2
"GO:0022853","MF","GO:0022853","active monoatomic ion transmembrane transporter activity","11/131","234/28407",1.24809495346726e-08,2.96696874918045e-06,2.0368206516113e-06,"Slc26a3/Slc6a14/Slc13a2/Slc10a2/Slc9a2/Slc12a6/Slc9a3/Cox7a1/Atp12a/Slc1a1/Slc5a8",11
"GO:0046873","MF","GO:0046873","metal ion transmembrane transporter activity","14/131","437/28407",1.61248301585894e-08,2.96696874918045e-06,2.0368206516113e-06,"Fxyd4/Lrg1/Slc6a14/Slc40a1/Slc13a2/Slc10a2/Slc9a2/Trpm6/Tmem37/Slc12a6/Slc9a3/Atp12a/Slc1a1/Slc5a8",14
"GO:0022804","MF","GO:0022804","active transmembrane transporter activity","13/131","435/28407",1.20530634212787e-07,1.47850911301018e-05,1.01499481442347e-05,"Slc26a3/Slc6a14/Slc13a2/Abcg2/Slc10a2/Slc9a2/Slc37a2/Slc12a6/Slc9a3/Cox7a1/Atp12a/Slc1a1/Slc5a8",13
"GO:0015081","MF","GO:0015081","sodium ion transmembrane transporter activity","8/131","160/28407",8.17504902551237e-07,6.28319897692701e-05,4.31340890864555e-05,"Slc6a14/Slc13a2/Slc10a2/Slc9a2/Slc9a3/Atp12a/Slc1a1/Slc5a8",8
"GO:0005343","MF","GO:0005343","organic acid:sodium symporter activity","5/131","38/28407",8.57988688587901e-07,6.28319897692701e-05,4.31340890864555e-05,"Slc6a14/Slc13a2/Slc10a2/Slc1a1/Slc5a8",5
"GO:0015291","MF","GO:0015291","secondary active transmembrane transporter activity","10/131","290/28407",1.02443461580332e-06,6.28319897692701e-05,4.31340890864555e-05,"Slc26a3/Slc6a14/Slc13a2/Slc10a2/Slc9a2/Slc37a2/Slc12a6/Slc9a3/Slc1a1/Slc5a8",10
"GO:0046943","MF","GO:0046943","carboxylic acid transmembrane transporter activity","8/131","174/28407",1.53762109178112e-06,7.38344462575274e-05,5.06872628770211e-05,"Slc26a3/Slc51b/Slc6a14/Slc13a2/Abcg2/Slc10a2/Slc1a1/Slc5a8",8
"GO:0005342","MF","GO:0005342","organic acid transmembrane transporter activity","8/131","175/28407",1.60509665777233e-06,7.38344462575274e-05,5.06872628770211e-05,"Slc26a3/Slc51b/Slc6a14/Slc13a2/Abcg2/Slc10a2/Slc1a1/Slc5a8",8
"GO:0008514","MF","GO:0008514","organic anion transmembrane transporter activity","9/131","250/28407",2.5502348211864e-06,0.000104276268244066,7.158553884032e-05,"Slc26a3/Slc51b/Slc6a14/Slc13a2/Abcg2/Slc10a2/Slc37a2/Slc1a1/Slc5a8",9
"GO:0015294","MF","GO:0015294","solute:monoatomic cation symporter activity","6/131","113/28407",1.4462003646951e-05,0.000532201734207797,0.000365355881607184,"Slc6a14/Slc13a2/Slc10a2/Slc12a6/Slc1a1/Slc5a8",6
"GO:0050253","MF","GO:0050253","retinyl-palmitate esterase activity","3/131","12/28407",2.04538213520161e-05,0.000684273296140175,0.000469752834878839,"Ces2c/Ces2e/Ces2a",3
"GO:0001664","MF","GO:0001664","G protein-coupled receptor binding","9/131","335/28407",2.65563670193094e-05,0.000814395255258822,0.00055908141093283,"Saa1/Pyy/Gpr15lg/Gcg/Insl5/Cxcl13/C3/Ccl8/Ccl4",9
"GO:0030550","MF","GO:0030550","acetylcholine receptor inhibitor activity","3/131","14/28407",3.36138370460051e-05,0.000951530156379222,0.000653224363647063,"Ly6g/Ly6c1/Ly6a",3
"GO:0015370","MF","GO:0015370","solute:sodium symporter activity","5/131","81/28407",3.73732853351551e-05,0.000982383500238363,0.000674405148905055,"Slc6a14/Slc13a2/Slc10a2/Slc1a1/Slc5a8",5
"GO:0008009","MF","GO:0008009","chemokine activity","4/131","47/28407",6.60640973289859e-05,0.001541722909444,0.00105839101334828,"Gpr15lg/Cxcl13/Ccl8/Ccl4",4
"GO:0015103","MF","GO:0015103","inorganic anion transmembrane transporter activity","6/131","150/28407",7.12208952732282e-05,0.001541722909444,0.00105839101334828,"Clca4b/Slc26a3/Slc37a2/Slc12a6/Clcn2/Slc1a1",6
"GO:0015293","MF","GO:0015293","symporter activity","6/131","150/28407",7.12208952732282e-05,0.001541722909444,0.00105839101334828,"Slc6a14/Slc13a2/Slc10a2/Slc12a6/Slc1a1/Slc5a8",6
"GO:0015079","MF","GO:0015079","potassium ion transmembrane transporter activity","6/131","160/28407",0.000101689311620337,0.00207898148201578,0.00142721840870648,"Fxyd4/Lrg1/Slc9a2/Slc12a6/Slc9a3/Atp12a",6
"GO:0052689","MF","GO:0052689","carboxylic ester hydrolase activity","6/131","167/28407",0.000128589797603868,0.00233367966928116,0.00160206842284748,"Car1/Ces2c/Ces2e/Mgll/Ces2a/Acot1",6
"GO:0033130","MF","GO:0033130","acetylcholine receptor binding","3/131","22/28407",0.000138423219959756,0.00233367966928116,0.00160206842284748,"Ly6g/Ly6c1/Ly6a",3
"GO:0106435","MF","GO:0106435","carboxylesterase activity","3/131","22/28407",0.000138423219959756,0.00233367966928116,0.00160206842284748,"Ces2c/Ces2e/Ces2a",3
"GO:0005539","MF","GO:0005539","glycosaminoglycan binding","7/131","243/28407",0.000139513458489635,0.00233367966928116,0.00160206842284748,"Saa1/Dmbt1/Apoe/Jchain/Mmp7/Cxcl13/Ccl8",7
"GO:0005319","MF","GO:0005319","lipid transporter activity","6/131","181/28407",0.000199199736102399,0.00318719577763839,0.00218800625467166,"Apoe/Slc51b/Slc10a2/Slc5a8/Cideb/Plscr2",6
"GO:0030548","MF","GO:0030548","acetylcholine receptor regulator activity","3/131","27/28407",0.000258519576226674,0.00380540816205665,0.00261240834923797,"Ly6g/Ly6c1/Ly6a",3
"GO:0099602","MF","GO:0099602","neurotransmitter receptor regulator activity","3/131","27/28407",0.000258519576226674,0.00380540816205665,0.00261240834923797,"Ly6g/Ly6c1/Ly6a",3
"GO:0008028","MF","GO:0008028","monocarboxylic acid transmembrane transporter activity","4/131","69/28407",0.000296080831204984,0.00419068253397823,0.00287689876474478,"Slc51b/Abcg2/Slc10a2/Slc5a8",4
"GO:0015108","MF","GO:0015108","chloride transmembrane transporter activity","5/131","128/28407",0.000324708559401982,0.00442565740221961,0.00303820874294252,"Clca4b/Slc26a3/Slc12a6/Clcn2/Slc1a1",5
"GO:0005310","MF","GO:0005310","dicarboxylic acid transmembrane transporter activity","3/131","31/28407",0.000391963926921168,0.00515152589667821,0.0035365166338752,"Slc26a3/Slc13a2/Slc1a1",3
"GO:1901681","MF","GO:1901681","sulfur compound binding","7/131","301/28407",0.000509569586064137,0.00646626233350354,0.00443908169348069,"Saa1/Dmbt1/Apoe/Sult1a1/Mmp7/Cxcl13/Ccl8",7
"GO:0031406","MF","GO:0031406","carboxylic acid binding","6/131","218/28407",0.000537143085811735,0.00657802523694196,0.00451580679881599,"Dmbt1/Cyp4f14/Nos2/Fabp6/Pam/Slc1a1",6
"GO:0030547","MF","GO:0030547","signaling receptor inhibitor activity","3/131","35/28407",0.000563092426710788,0.00657802523694196,0.00451580679881599,"Ly6g/Ly6c1/Ly6a",3
"GO:0016782","MF","GO:0016782","transferase activity, transferring sulphur-containing groups","4/131","82/28407",0.000572002194516692,0.00657802523694196,0.00451580679881599,"Sult1b1/Sult1d1/Sult1a1/Acsm3",4
"GO:0008509","MF","GO:0008509","monoatomic anion transmembrane transporter activity","5/131","148/28407",0.000630406705228114,0.00702998992496806,0.00482608004002384,"Clca4b/Slc26a3/Slc12a6/Clcn2/Slc1a1",5
"GO:0042379","MF","GO:0042379","chemokine receptor binding","4/131","85/28407",0.000655163124293405,0.00709117734529332,0.00486808513406864,"Gpr15lg/Cxcl13/Ccl8/Ccl4",4
"GO:0001530","MF","GO:0001530","lipopolysaccharide binding","3/131","39/28407",0.00077575959482,0.007747032168438,0.00531832871975149,"Dmbt1/Nlrp6/Lbp",3
"GO:0043177","MF","GO:0043177","organic acid binding","6/131","234/28407",0.000777646012785132,0.007747032168438,0.00531832871975149,"Dmbt1/Cyp4f14/Nos2/Fabp6/Pam/Slc1a1",6
"GO:0016209","MF","GO:0016209","antioxidant activity","4/131","89/28407",0.000778913560413603,0.007747032168438,0.00531832871975149,"S100a9/S100a8/Apoe/Mgst1",4
"GO:0005125","MF","GO:0005125","cytokine activity","6/131","236/28407",0.000812751422291856,0.00787085587903693,0.00540333355540292,"Gpr15lg/Il18/Cxcl13/Sectm1b/Ccl8/Ccl4",6
"GO:0016614","MF","GO:0016614","oxidoreductase activity, acting on CH-OH group of donors","5/131","158/28407",0.000846455505467472,0.00798706733364179,0.00548311258602411,"Hao2/Dhrs3/Hpgd/Rdh16/Hsd3b3",5
"GO:0008519","MF","GO:0008519","ammonium transmembrane transporter activity","2/131","10/28407",0.00092697865017468,0.00852820358160706,0.00585460200110324,"Slc12a6/Aqp8",2
"GO:0015250","MF","GO:0015250","water channel activity","2/131","11/28407",0.0011295533932485,0.0101384304564744,0.00696002090833482,"Aqp4/Aqp8",2
"GO:0042887","MF","GO:0042887","amide transmembrane transporter activity","3/131","48/28407",0.00142445371506087,0.0124809277891048,0.00856814264698268,"Abcg2/Aqp8/Slc1a1",3
"GO:0008201","MF","GO:0008201","heparin binding","5/131","179/28407",0.00147417958606508,0.0126162345970221,0.00866103061580465,"Saa1/Apoe/Mmp7/Cxcl13/Ccl8",5
"GO:0015386","MF","GO:0015386","potassium:proton antiporter activity","2/131","13/28407",0.00159225931636219,0.0133170779186656,0.00914215875423268,"Slc9a2/Slc9a3",2
"GO:0005372","MF","GO:0005372","water transmembrane transporter activity","2/131","14/28407",0.00185203356291489,0.0148162685033191,0.0101713513752763,"Aqp4/Aqp8",2
"GO:0015385","MF","GO:0015385","sodium:proton antiporter activity","2/131","14/28407",0.00185203356291489,0.0148162685033191,0.0101713513752763,"Slc9a2/Slc9a3",2
"GO:1901618","MF","GO:1901618","organic hydroxy compound transmembrane transporter activity","3/131","53/28407",0.00189722715843489,0.0148548849851923,0.0101978615458986,"Slc51b/Slc10a2/Slc5a8",3
"GO:1901682","MF","GO:1901682","sulfur compound transmembrane transporter activity","3/131","55/28407",0.0021105313821442,0.0148837900420416,0.0102177048343535,"Slc26a3/Abcg2/Slc1a1",3
"GO:0004089","MF","GO:0004089","carbonate dehydratase activity","2/131","15/28407",0.00213051940385596,0.0148837900420416,0.0102177048343535,"Car4/Car1",2
"GO:0010181","MF","GO:0010181","FMN binding","2/131","15/28407",0.00213051940385596,0.0148837900420416,0.0102177048343535,"Hao2/Nos2",2
"GO:0015556","MF","GO:0015556","C4-dicarboxylate transmembrane transporter activity","2/131","15/28407",0.00213051940385596,0.0148837900420416,0.0102177048343535,"Slc13a2/Slc1a1",2
"GO:0140161","MF","GO:0140161","monocarboxylate:sodium symporter activity","2/131","15/28407",0.00213051940385596,0.0148837900420416,0.0102177048343535,"Slc10a2/Slc5a8",2
"GO:0016829","MF","GO:0016829","lyase activity","5/131","195/28407",0.00214358932670708,0.0148837900420416,0.0102177048343535,"Car4/Car1/Pam/Eno3/Aldob",5
"GO:0047555","MF","GO:0047555","3',5'-cyclic-GMP phosphodiesterase activity","2/131","16/28407",0.00242754140159616,0.0165432451071739,0.0113569188378768,"Pde3a/Pde9a",2
"GO:0015078","MF","GO:0015078","proton transmembrane transporter activity","4/131","122/28407",0.00249330757620386,0.0166824943280549,0.0114525132686876,"Slc9a2/Slc9a3/Cox7a1/Atp12a",4
"GO:0016836","MF","GO:0016836","hydro-lyase activity","3/131","59/28407",0.00258046006338117,0.0169573089879334,0.0116411732182609,"Car4/Car1/Eno3",3
"GO:0015297","MF","GO:0015297","antiporter activity","4/131","125/28407",0.00272208517206559,0.0175741639178971,0.0120646434218973,"Slc26a3/Slc9a2/Slc37a2/Slc9a3",4
"GO:0008146","MF","GO:0008146","sulfotransferase activity","3/131","62/28407",0.00297204497414536,0.0184607013313386,0.0126732503418801,"Sult1b1/Sult1d1/Sult1a1",3
"GO:0015355","MF","GO:0015355","secondary active monocarboxylate transmembrane transporter activity","2/131","18/28407",0.00307649810300657,0.0184607013313386,0.0126732503418801,"Slc10a2/Slc5a8",2
"GO:0022821","MF","GO:0022821","solute:potassium antiporter activity","2/131","18/28407",0.00307649810300657,0.0184607013313386,0.0126732503418801,"Slc9a2/Slc9a3",2
"GO:0034987","MF","GO:0034987","immunoglobulin receptor binding","2/131","18/28407",0.00307649810300657,0.0184607013313386,0.0126732503418801,"Igha/Jchain",2
"GO:0048020","MF","GO:0048020","CCR chemokine receptor binding","3/131","63/28407",0.0031102268547364,0.0184607013313386,0.0126732503418801,"Cxcl13/Ccl8/Ccl4",3
"GO:0005126","MF","GO:0005126","cytokine receptor binding","6/131","323/28407",0.00393270642880097,0.0229719994571231,0.0157702513435628,"Gpr15lg/Il18/Lrg1/Cxcl13/Ccl8/Ccl4",6
"GO:0005216","MF","GO:0005216","monoatomic ion channel activity","7/131","437/28407",0.00423933425874586,0.0243761719877887,0.01673421417926,"Clca4b/Fxyd4/Lrg1/Trpm6/Tmem37/Clcn2/Slc1a1",7
"GO:0016616","MF","GO:0016616","oxidoreductase activity, acting on the CH-OH group of donors, NAD or NADP as acceptor","4/131","149/28407",0.00508995576946433,0.0287436165232128,0.0197324598557525,"Dhrs3/Hpgd/Rdh16/Hsd3b3",4
"GO:0004114","MF","GO:0004114","3',5'-cyclic-nucleotide phosphodiesterase activity","2/131","24/28407",0.00545035875922233,0.0287436165232128,0.0197324598557525,"Pde3a/Pde9a",2
"GO:0005283","MF","GO:0005283","amino acid:sodium symporter activity","2/131","24/28407",0.00545035875922233,0.0287436165232128,0.0197324598557525,"Slc6a14/Slc1a1",2
"GO:0015125","MF","GO:0015125","bile acid transmembrane transporter activity","2/131","24/28407",0.00545035875922233,0.0287436165232128,0.0197324598557525,"Slc51b/Slc10a2",2
"GO:0051139","MF","GO:0051139","metal cation:proton antiporter activity","2/131","24/28407",0.00545035875922233,0.0287436165232128,0.0197324598557525,"Slc9a2/Slc9a3",2
"GO:0016835","MF","GO:0016835","carbon-oxygen lyase activity","3/131","77/28407",0.00546753575169809,0.0287436165232128,0.0197324598557525,"Car4/Car1/Eno3",3
"GO:0004112","MF","GO:0004112","cyclic-nucleotide phosphodiesterase activity","2/131","26/28407",0.00637950156353374,0.0321596791148002,0.0220775829163388,"Pde3a/Pde9a",2
"GO:0004745","MF","GO:0004745","NAD-retinol dehydrogenase activity","2/131","26/28407",0.00637950156353374,0.0321596791148002,0.0220775829163388,"Dhrs3/Rdh16",2
"GO:0019865","MF","GO:0019865","immunoglobulin binding","2/131","26/28407",0.00637950156353374,0.0321596791148002,0.0220775829163388,"Jchain/Fcer1g",2
"GO:0005452","MF","GO:0005452","solute:inorganic anion antiporter activity","2/131","27/28407",0.00686918012251829,0.0341602470957666,0.0234509705462929,"Slc26a3/Slc37a2",2
"GO:0031210","MF","GO:0031210","phosphatidylcholine binding","2/131","28/28407",0.00737538105246161,0.0359448582077578,0.0246761040327857,"Jchain/Aldob",2
"GO:0008081","MF","GO:0008081","phosphoric diester hydrolase activity","3/131","86/28407",0.00742339462986303,0.0359448582077578,0.0246761040327857,"Pde3a/Smpdl3a/Pde9a",3
"GO:0005416","MF","GO:0005416","amino acid:monoatomic cation symporter activity","2/131","29/28407",0.0078979439485848,0.0377460178321975,0.0259125980541401,"Slc6a14/Slc1a1",2
"GO:0048306","MF","GO:0048306","calcium-dependent protein binding","3/131","92/28407",0.00892918267479537,0.0421274259528807,0.0289204297159364,"S100a9/S100a8/S100g",3
