"","ONTOLOGY","ID","Description","GeneRatio","BgRatio","pvalue","p.adjust","qvalue","geneID","Count"
"GO:0141060","BP","GO:0141060","disruption of anatomical structure in another organism","14/142","156/28891",4.38127591195031e-14,9.88853973327184e-11,7.89090851089155e-11,"Reg3b/Reg3g/Tac1/Gm12250/Ltf/Igtp/Gbp7/Cxcl10/Gbp2b/Fgl2/Nos2/Cxcl13/Cxcl9/Cxcl11",14
"GO:0031640","BP","GO:0031640","killing of cells of another organism","12/142","110/28891",2.88867661318692e-13,2.17324770532096e-10,1.73421953865362e-10,"Tac1/Gm12250/Ltf/Igtp/Gbp7/Cxcl10/Gbp2b/Fgl2/Nos2/Cxcl13/Cxcl9/Cxcl11",12
"GO:0141061","BP","GO:0141061","disruption of cell in another organism","12/142","110/28891",2.88867661318692e-13,2.17324770532096e-10,1.73421953865362e-10,"Tac1/Gm12250/Ltf/Igtp/Gbp7/Cxcl10/Gbp2b/Fgl2/Nos2/Cxcl13/Cxcl9/Cxcl11",12
"GO:0140546","BP","GO:0140546","defense response to symbiont","16/142","329/28891",8.2730399184108e-12,4.66806277396329e-09,3.72504507905286e-09,"Zg16/Trim15/Gm12250/Rtp4/Isg15/Ifit1/Ifit1bl1/Rsad2/Igtp/Ripk3/Gbp7/Cxcl10/Gbp2b/Ifit2/Fgl2/Cxcl9",16
"GO:0001906","BP","GO:0001906","cell killing","15/142","286/28891",1.32215003013511e-11,5.96818523602989e-09,4.76252358223405e-09,"Il18/Tac1/Gm12250/Ltf/Igtp/Ripk3/Gbp7/Cxcl10/Gbp2b/Fgl2/Nos2/Cxcl13/Cfh/Cxcl9/Cxcl11",15
"GO:0051607","BP","GO:0051607","defense response to virus","15/142","328/28891",9.10514573298629e-11,3.42505231989168e-08,2.73314111388413e-08,"Trim15/Gm12250/Rtp4/Isg15/Ifit1/Ifit1bl1/Rsad2/Igtp/Ripk3/Gbp7/Cxcl10/Gbp2b/Ifit2/Fgl2/Cxcl9",15
"GO:0042742","BP","GO:0042742","defense response to bacterium","16/142","430/28891",4.31179380906404e-10,1.39024551815108e-07,1.10939536952009e-07,"Reg3b/Reg3g/Il18/Zg16/Tac1/Gm12250/Ltf/Lbp/Isg15/Igtp/Gbp7/Wfdc18/Slpi/Gbp2b/Nos2/Cxcl13",16
"GO:0009615","BP","GO:0009615","response to virus","15/142","389/28891",9.61208788525391e-10,2.71181029462726e-07,2.16398452258808e-07,"Trim15/Gm12250/Rtp4/Isg15/Ifit1/Ifit1bl1/Rsad2/Igtp/Ripk3/Gbp7/Cxcl10/Gbp2b/Ifit2/Fgl2/Cxcl9",15
"GO:0006953","BP","GO:0006953","acute-phase response","7/142","44/28891",1.96512178514163e-09,4.92808874340516e-07,3.93254195833605e-07,"Reg3b/Reg3g/Saa1/Lbp/Saa3/Saa4/Saa2",7
"GO:0032496","BP","GO:0032496","response to lipopolysaccharide","14/142","401/28891",1.26072107001233e-08,2.84544745501782e-06,2.27062500083273e-06,"Ltf/Lbp/S100a8/Igtp/Cxcl10/Slpi/Gbp2b/Nos2/Cxcl13/Cfh/Cxcl9/Ace/Cd274/Cxcl11",14
"GO:0015718","BP","GO:0015718","monocarboxylic acid transport","10/142","180/28891",2.24011568606154e-08,4.36021165344713e-06,3.47938443627919e-06,"Slc51b/Abcg2/Slc10a2/Aqp8/Mfsd2a/Slc51a/Slco2a1/Apoe/Nos2/Ace",10
"GO:0002237","BP","GO:0002237","response to molecule of bacterial origin","14/142","421/28891",2.31823393182833e-08,4.36021165344713e-06,3.47938443627919e-06,"Ltf/Lbp/S100a8/Igtp/Cxcl10/Slpi/Gbp2b/Nos2/Cxcl13/Cfh/Cxcl9/Ace/Cd274/Cxcl11",14
"GO:0030593","BP","GO:0030593","neutrophil chemotaxis","8/142","110/28891",7.49997184841134e-08,1.30211049706649e-05,1.03906492571917e-05,"Lbp/S100a8/Ccl7/Cxcl10/Ccl6/Cxcl13/Cxcl9/Cxcl11",8
"GO:0045088","BP","GO:0045088","regulation of innate immune response","14/142","474/28891",1.00211402916968e-07,1.61555097416855e-05,1.28918579241303e-05,"Reg3g/Trim15/Gm12250/Appl1/Ltf/Lbp/Isg15/Rsad2/Igtp/Gbp7/Gbp2b/Apoe/Tifa/Cfh",14
"GO:0019730","BP","GO:0019730","antimicrobial humoral response","10/142","221/28891",1.54247075881809e-07,2.20997926277397e-05,1.76353077844659e-05,"Reg3b/Reg3g/Tac1/Ltf/Cxcl10/Wfdc18/Slpi/Cxcl13/Cxcl9/Cxcl11",10
"GO:0002218","BP","GO:0002218","activation of innate immune response","11/142","281/28891",1.56666673479767e-07,2.20997926277397e-05,1.76353077844659e-05,"Reg3g/Trim15/Gm12250/Appl1/Ltf/Lbp/Rsad2/Igtp/Gbp7/Gbp2b/Tifa",11
"GO:0071621","BP","GO:0071621","granulocyte chemotaxis","8/142","135/28891",3.657599946019e-07,4.85600181068522e-05,3.87501765178855e-05,"Lbp/S100a8/Ccl7/Cxcl10/Ccl6/Cxcl13/Cxcl9/Cxcl11",8
"GO:1990266","BP","GO:1990266","neutrophil migration","8/142","138/28891",4.32736713113893e-07,5.16035493892303e-05,4.11788694843985e-05,"Lbp/S100a8/Ccl7/Cxcl10/Ccl6/Cxcl13/Cxcl9/Cxcl11",8
"GO:0071222","BP","GO:0071222","cellular response to lipopolysaccharide","11/142","312/28891",4.44084251726051e-07,5.16035493892303e-05,4.11788694843985e-05,"Ltf/Lbp/Igtp/Cxcl10/Gbp2b/Nos2/Cxcl13/Cfh/Cxcl9/Cd274/Cxcl11",11
"GO:0002526","BP","GO:0002526","acute inflammatory response","8/142","139/28891",4.57275581650247e-07,5.16035493892303e-05,4.11788694843985e-05,"Reg3b/Reg3g/Saa1/Tac1/Lbp/Saa3/Saa4/Saa2",8
"GO:0071219","BP","GO:0071219","cellular response to molecule of bacterial origin","11/142","322/28891",6.06062596334164e-07,6.51372990441051e-05,5.19786016204388e-05,"Ltf/Lbp/Igtp/Cxcl10/Gbp2b/Nos2/Cxcl13/Cfh/Cxcl9/Cd274/Cxcl11",11
"GO:0050830","BP","GO:0050830","defense response to Gram-positive bacterium","9/142","203/28891",7.79849824844081e-07,8.00055024851405e-05,6.38432081487188e-05,"Reg3b/Reg3g/Il18/Zg16/Tac1/Ltf/Lbp/Gbp7/Gbp2b",9
"GO:0061844","BP","GO:0061844","antimicrobial humoral immune response mediated by antimicrobial peptide","8/142","151/28891",8.58242985287409e-07,8.42197572953775e-05,6.72061211820026e-05,"Reg3b/Reg3g/Tac1/Ltf/Cxcl10/Cxcl13/Cxcl9/Cxcl11",8
"GO:0006959","BP","GO:0006959","humoral immune response","11/142","337/28891",9.46818667256347e-07,8.9040405499899e-05,7.10529271787548e-05,"Reg3b/Reg3g/Tac1/Ltf/Cxcl10/Wfdc18/Slpi/Cxcl13/Cfh/Cxcl9/Cxcl11",11
"GO:0002833","BP","GO:0002833","positive regulation of response to biotic stimulus","12/142","413/28891",1.01595098823384e-06,9.17200552177514e-05,7.31912480365519e-05,"Reg3g/Trim15/Gm12250/Appl1/Ltf/Lbp/Rsad2/Igtp/Gbp7/Gbp2b/Tifa/Cd274",12
"GO:0070098","BP","GO:0070098","chemokine-mediated signaling pathway","6/142","70/28891",1.28337763068397e-06,0.000111266320439152,8.87888787031638e-05,"Ccl7/Cxcl10/Ccl6/Cxcl13/Cxcl9/Cxcl11",6
"GO:0071216","BP","GO:0071216","cellular response to biotic stimulus","11/142","349/28891",1.3310547859358e-06,0.000111266320439152,8.87888787031638e-05,"Ltf/Lbp/Igtp/Cxcl10/Gbp2b/Nos2/Cxcl13/Cfh/Cxcl9/Cd274/Cxcl11",11
"GO:0015711","BP","GO:0015711","organic anion transport","12/142","436/28891",1.78394215517833e-06,0.000137813740074661,0.000109973327084274,"Slc51b/Car4/Abcg2/Slc7a9/Slc10a2/Aqp8/Mfsd2a/Slc51a/Slco2a1/Apoe/Nos2/Ace",12
"GO:0035456","BP","GO:0035456","response to interferon-beta","6/142","74/28891",1.78426787803543e-06,0.000137813740074661,0.000109973327084274,"Ifit1/Igtp/Gbp7/Xaf1/Gbp2b/Ifi47",6
"GO:0097530","BP","GO:0097530","granulocyte migration","8/142","167/28891",1.83181754640666e-06,0.000137813740074661,0.000109973327084274,"Lbp/S100a8/Ccl7/Cxcl10/Ccl6/Cxcl13/Cxcl9/Cxcl11",8
"GO:0046942","BP","GO:0046942","carboxylic acid transport","11/142","362/28891",1.89627111529149e-06,0.000138060771200416,0.000110170454270415,"Slc51b/Abcg2/Slc7a9/Slc10a2/Aqp8/Mfsd2a/Slc51a/Slco2a1/Apoe/Nos2/Ace",11
"GO:0015849","BP","GO:0015849","organic acid transport","11/142","364/28891",1.99973816280758e-06,0.000141044032295522,0.000112551052518545,"Slc51b/Abcg2/Slc7a9/Slc10a2/Aqp8/Mfsd2a/Slc51a/Slco2a1/Apoe/Nos2/Ace",11
"GO:0006869","BP","GO:0006869","lipid transport","12/142","445/28891",2.20249726722029e-06,0.000146930619354696,0.000117248461962029,"Slc51b/Tac1/Abcg2/Lbp/Slc10a2/Aqp8/Mfsd2a/Slc51a/Slco2a1/Apoe/Nos2/Ace",12
"GO:0042832","BP","GO:0042832","defense response to protozoan","5/142","43/28891",2.21339878513942e-06,0.000146930619354696,0.000117248461962029,"Gm12250/Batf2/Igtp/Gbp7/Gbp2b",5
"GO:0002221","BP","GO:0002221","pattern recognition receptor signaling pathway","9/142","233/28891",2.4377111096012e-06,0.000154898303624503,0.000123606556211797,"Reg3g/Trim15/Gm12250/Appl1/Ltf/Lbp/Rsad2/Igtp/Tifa",9
"GO:0019221","BP","GO:0019221","cytokine-mediated signaling pathway","12/142","450/28891",2.47068627845907e-06,0.000154898303624503,0.000123606556211797,"Il18/Appl1/Isg15/Socs1/Ccl7/Igtp/Cxcl10/Card14/Ccl6/Cxcl13/Cxcl9/Cxcl11",12
"GO:1990868","BP","GO:1990868","response to chemokine","6/142","80/28891",2.82520300385349e-06,0.000167802188939403,0.000133903665916713,"Ccl7/Cxcl10/Ccl6/Cxcl13/Cxcl9/Cxcl11",6
"GO:1990869","BP","GO:1990869","cellular response to chemokine","6/142","80/28891",2.82520300385349e-06,0.000167802188939403,0.000133903665916713,"Ccl7/Cxcl10/Ccl6/Cxcl13/Cxcl9/Cxcl11",6
"GO:0030595","BP","GO:0030595","leukocyte chemotaxis","9/142","240/28891",3.10528233952391e-06,0.000179708262571935,0.000143404536651158,"Lbp/S100a8/Ccl7/Lgmn/Cxcl10/Ccl6/Cxcl13/Cxcl9/Cxcl11",9
"GO:0045089","BP","GO:0045089","positive regulation of innate immune response","11/142","385/28891",3.42442497459181e-06,0.000193223179191343,0.000154189240303331,"Reg3g/Trim15/Gm12250/Appl1/Ltf/Lbp/Rsad2/Igtp/Gbp7/Gbp2b/Tifa",11
"GO:0002758","BP","GO:0002758","innate immune response-activating signaling pathway","9/142","244/28891",3.55313454933642e-06,0.000195595723850056,0.000156082495864303,"Reg3g/Trim15/Gm12250/Appl1/Ltf/Lbp/Rsad2/Igtp/Tifa",9
"GO:0001562","BP","GO:0001562","response to protozoan","5/142","48/28891",3.86034218151911e-06,0.00020744743580211,0.000165539986781434,"Gm12250/Batf2/Igtp/Gbp7/Gbp2b",5
"GO:0050900","BP","GO:0050900","leukocyte migration","11/142","398/28891",4.69660427610147e-06,0.000244581328980416,0.000195172284534894,"Lbp/S100a8/Chst4/Ccl7/Ripk3/Lgmn/Cxcl10/Ccl6/Cxcl13/Cxcl9/Cxcl11",11
"GO:0097529","BP","GO:0097529","myeloid leukocyte migration","9/142","253/28891",4.76808970985304e-06,0.000244581328980416,0.000195172284534894,"Lbp/S100a8/Ccl7/Lgmn/Cxcl10/Ccl6/Cxcl13/Cxcl9/Cxcl11",9
"GO:0035634","BP","GO:0035634","response to stilbenoid","4/142","24/28891",5.50608040257744e-06,0.000276160521524828,0.000220372013305497,"Saa3/Saa2/Usp18/Ly6d",4
"GO:0060326","BP","GO:0060326","cell chemotaxis","10/142","331/28891",5.94462211287232e-06,0.000291674176277236,0.000232751680437633,"Lbp/S100a8/Saa3/Ccl7/Lgmn/Cxcl10/Ccl6/Cxcl13/Cxcl9/Cxcl11",10
"GO:0062207","BP","GO:0062207","regulation of pattern recognition receptor signaling pathway","7/142","141/28891",6.52034619995866e-06,0.000313115348368228,0.000249861418771092,"Trim15/Gm12250/Appl1/Ltf/Lbp/Rsad2/Igtp",7
"GO:0048247","BP","GO:0048247","lymphocyte chemotaxis","5/142","54/28891",6.96302767370273e-06,0.000327407363740564,0.000261266235739153,"Ccl7/Cxcl10/Ccl6/Cxcl13/Cxcl11",5
"GO:0035458","BP","GO:0035458","cellular response to interferon-beta","5/142","63/28891",1.49362846276746e-05,0.000687983559278807,0.000549000708871133,"Ifit1/Igtp/Gbp7/Gbp2b/Ifi47",5
"GO:0015721","BP","GO:0015721","bile acid and bile salt transport","4/142","31/28891",1.58743280403169e-05,0.000716567167739905,0.000571810005831204,"Slc51b/Slc10a2/Aqp8/Slc51a",4
"GO:0072676","BP","GO:0072676","lymphocyte migration","6/142","112/28891",1.97756588894218e-05,0.000875169845361273,0.000698372597725503,"Ccl7/Ripk3/Cxcl10/Ccl6/Cxcl13/Cxcl11",6
"GO:0062208","BP","GO:0062208","positive regulation of pattern recognition receptor signaling pathway","5/142","69/28891",2.33239708635231e-05,0.00101235004305715,0.000807840367358057,"Trim15/Gm12250/Ltf/Lbp/Rsad2",5
"GO:0071346","BP","GO:0071346","cellular response to type II interferon","6/142","122/28891",3.20963576264326e-05,0.00136682036156337,0.00109070244089029,"Ccl7/Igtp/Gbp7/Gbp2b/Nos2/Ccl6",6
"GO:0019058","BP","GO:0019058","viral life cycle","8/142","250/28891",3.47739081377691e-05,0.00145342056790639,0.00115980812521877,"Stom/Trim15/Ltf/Isg15/Rsad2/Gbp7/Slpi/Apoe",8
"GO:0019079","BP","GO:0019079","viral genome replication","6/142","125/28891",3.67997832774711e-05,0.00151012928831368,0.00120506084569862,"Stom/Ltf/Isg15/Rsad2/Gbp7/Slpi",6
"GO:0050727","BP","GO:0050727","regulation of inflammatory response","10/142","411/28891",3.81690398726803e-05,0.00153834862486856,0.00122757945906308,"Reg3b/Reg3g/Il18/Tac1/Socs3/Duoxa2/Lbp/S100a8/Igtp/Apoe",10
"GO:0050792","BP","GO:0050792","regulation of viral process","7/142","187/28891",4.05147230676365e-05,0.00160424087655536,0.00128016050173086,"Stom/Trim15/Ltf/Isg15/Rsad2/Gbp7/Slpi",7
"GO:0044406","BP","GO:0044406","adhesion of symbiont to host","3/142","15/28891",5.06506846451422e-05,0.00197101026282907,0.00157283704950705,"Ltf/Gbp7/Gbp2b",3
"GO:0050829","BP","GO:0050829","defense response to Gram-negative bacterium","6/142","134/28891",5.43156992741649e-05,0.00207780564850492,0.00165805818836924,"Reg3b/Reg3g/Tac1/Ltf/Lbp/Igtp",6
"GO:0071674","BP","GO:0071674","mononuclear cell migration","7/142","199/28891",6.00485940008549e-05,0.00225882794433216,0.00180251130413093,"Ccl7/Ripk3/Lgmn/Cxcl10/Ccl6/Cxcl13/Cxcl11",7
"GO:0033559","BP","GO:0033559","unsaturated fatty acid metabolic process","6/142","140/28891",6.93026731575491e-05,0.00256419890682932,0.00204619281747311,"Ces2e/Ces2c/Cyp2d26/Cyp2d12/Cyp2d9/Cyp2d10",6
"GO:0018119","BP","GO:0018119","peptidyl-cysteine S-nitrosylation","3/142","17/28891",7.51538254188331e-05,0.00273584167694042,0.0021831612103841,"S100a8/Nos2/Ace",3
"GO:0017014","BP","GO:0017014","protein nitrosylation","3/142","18/28891",8.98601163435486e-05,0.00320123969449885,0.00255454194775903,"S100a8/Nos2/Ace",3
"GO:0006690","BP","GO:0006690","icosanoid metabolic process","6/142","147/28891",9.07750733043538e-05,0.00320123969449885,0.00255454194775903,"Ces2e/Ces2c/Cyp2d26/Cyp2d12/Cyp2d9/Cyp2d10",6
"GO:0045069","BP","GO:0045069","regulation of viral genome replication","5/142","92/28891",9.32310558559992e-05,0.00323726912410754,0.00258329289991279,"Ltf/Isg15/Rsad2/Gbp7/Slpi",5
"GO:0006935","BP","GO:0006935","chemotaxis","10/142","462/28891",0.000100732380594334,0.00341784028171531,0.00272738601404514,"Lbp/S100a8/Saa3/Ccl7/Lgmn/Cxcl10/Ccl6/Cxcl13/Cxcl9/Cxcl11",10
"GO:0034341","BP","GO:0034341","response to type II interferon","6/142","150/28891",0.000101460034946799,0.00341784028171531,0.00272738601404514,"Ccl7/Igtp/Gbp7/Gbp2b/Nos2/Ccl6",6
"GO:0042330","BP","GO:0042330","taxis","10/142","464/28891",0.000104354882132749,0.00346366130843551,0.00276395051593086,"Lbp/S100a8/Saa3/Ccl7/Lgmn/Cxcl10/Ccl6/Cxcl13/Cxcl9/Cxcl11",10
"GO:1903900","BP","GO:1903900","regulation of viral life cycle","6/142","156/28891",0.000125823492487591,0.00411570467455788,0.00328427148201783,"Trim15/Ltf/Isg15/Rsad2/Gbp7/Slpi",6
"GO:0034377","BP","GO:0034377","plasma lipoprotein particle assembly","3/142","21/28891",0.00014488866955007,0.00454185732186816,0.00362433499415453,"Cideb/Mfsd2a/Apoe",3
"GO:0150104","BP","GO:0150104","transport across blood-brain barrier","3/142","21/28891",0.00014488866955007,0.00454185732186816,0.00362433499415453,"Abcg2/Mfsd2a/Apoe",3
"GO:1901623","BP","GO:1901623","regulation of lymphocyte chemotaxis","3/142","21/28891",0.00014488866955007,0.00454185732186816,0.00362433499415453,"Ccl7/Cxcl10/Cxcl13",3
"GO:0032102","BP","GO:0032102","negative regulation of response to external stimulus","10/142","485/28891",0.000149552285386311,0.00462382887831377,0.00368974708429674,"Reg3b/Reg3g/Socs3/Plat/Ltf/Isg15/Igtp/Apoe/Fgl2/Cxcl13",10
"GO:0010232","BP","GO:0010232","vascular transport","3/142","22/28891",0.000167162751292001,0.00506979941574874,0.00404562497975706,"Abcg2/Mfsd2a/Apoe",3
"GO:0045071","BP","GO:0045071","negative regulation of viral genome replication","4/142","56/28891",0.000168469187497189,0.00506979941574874,0.00404562497975706,"Ltf/Isg15/Rsad2/Slpi",4
"GO:0048525","BP","GO:0048525","negative regulation of viral process","5/142","105/28891",0.000173949872486882,0.00516585345003806,0.00412227467901738,"Trim15/Ltf/Isg15/Rsad2/Slpi",5
"GO:0050732","BP","GO:0050732","negative regulation of peptidyl-tyrosine phosphorylation","4/142","57/28891",0.000180496257200846,0.00529065003249752,0.00422186050677576,"Spink1/Il18/Socs3/Socs1",4
"GO:0015850","BP","GO:0015850","organic hydroxy compound transport","8/142","318/28891",0.00018475805729202,0.00534614019625756,0.00426614083706675,"Slc51b/Tac1/Slc10a2/Aqp8/Tgm2/Maob/Slc51a/Apoe",8
"GO:0010818","BP","GO:0010818","T cell chemotaxis","3/142","23/28891",0.000191546270128476,0.00547240419848064,0.00436689764410157,"Cxcl10/Cxcl13/Cxcl11",3
"GO:0002690","BP","GO:0002690","positive regulation of leukocyte chemotaxis","5/142","111/28891",0.00022551101039819,0.00636222938085895,0.0050769649840961,"Lbp/Ccl7/Lgmn/Cxcl10/Cxcl13",5
"GO:0016032","BP","GO:0016032","viral process","8/142","329/28891",0.00023253221759391,0.0064793236433266,0.00517040447437531,"Stom/Trim15/Ltf/Isg15/Rsad2/Gbp7/Slpi/Apoe",8
"GO:0002685","BP","GO:0002685","regulation of leukocyte migration","7/142","249/28891",0.000240499030347236,0.00661958916455747,0.00528233428657409,"Lbp/Chst4/Ccl7/Ripk3/Lgmn/Cxcl10/Cxcl13",7
"GO:0015908","BP","GO:0015908","fatty acid transport","5/142","113/28891",0.000245047219348246,0.00666351294059027,0.005317384810461,"Mfsd2a/Slco2a1/Apoe/Nos2/Ace",5
"GO:0034143","BP","GO:0034143","regulation of toll-like receptor 4 signaling pathway","3/142","26/28891",0.000278188768864461,0.00738673001561281,0.00589450134398877,"Appl1/Ltf/Lbp",3
"GO:0065005","BP","GO:0065005","protein-lipid complex assembly","3/142","26/28891",0.000278188768864461,0.00738673001561281,0.00589450134398877,"Cideb/Mfsd2a/Apoe",3
"GO:0007249","BP","GO:0007249","canonical NF-kappaB signal transduction","7/142","258/28891",0.000298196500073677,0.00773540117818194,0.00617273577682032,"Ltf/Saa3/Igtp/Ripk3/Gbp7/Tgm2/Tifa",7
"GO:0002548","BP","GO:0002548","monocyte chemotaxis","4/142","65/28891",0.000300104613928729,0.00773540117818194,0.00617273577682032,"Ccl7/Lgmn/Cxcl10/Ccl6",4
"GO:0001933","BP","GO:0001933","negative regulation of protein phosphorylation","8/142","342/28891",0.000301601818201157,0.00773540117818194,0.00617273577682032,"Spink1/Il18/Socs3/Socs1/Apoe/Prr5l/Gadd45b/Cdkn1c",8
"GO:0046426","BP","GO:0046426","negative regulation of receptor signaling pathway via JAK-STAT","3/142","27/28891",0.000311838575646512,0.00790808612622672,0.0063105358123144,"Socs3/Socs1/Gbp7",3
"GO:2000401","BP","GO:2000401","regulation of lymphocyte migration","4/142","66/28891",0.000318255375400556,0.00798113758087839,0.00636882979310353,"Ccl7/Ripk3/Cxcl10/Cxcl13",4
"GO:0002757","BP","GO:0002757","immune response-activating signaling pathway","9/142","440/28891",0.000340936631192474,0.00845597776485069,0.00674774523967984,"Reg3g/Trim15/Gm12250/Appl1/Ltf/Lbp/Rsad2/Igtp/Tifa",9
"GO:0072678","BP","GO:0072678","T cell migration","4/142","69/28891",0.000377423178308835,0.00925917514612,0.00738868487513062,"Ripk3/Cxcl10/Cxcl13/Cxcl11",4
"GO:0002764","BP","GO:0002764","immune response-regulating signaling pathway","9/142","450/28891",0.000401254263355012,0.00973796636980926,0.00777075319298727,"Reg3g/Trim15/Gm12250/Appl1/Ltf/Lbp/Rsad2/Igtp/Tifa",9
"GO:1904893","BP","GO:1904893","negative regulation of receptor signaling pathway via STAT","3/142","30/28891",0.000428198595943798,0.0102813216068633,0.00820434263896795,"Socs3/Socs1/Gbp7",3
"GO:0031638","BP","GO:0031638","zymogen activation","4/142","72/28891",0.000444064249312761,0.0105446060997939,0.00841443977181976,"Klk1/Cideb/Plat/Lgmn",4
"GO:0052547","BP","GO:0052547","regulation of peptidase activity","9/142","457/28891",0.00044850783587958,0.0105446060997939,0.00841443977181976,"Spink1/Cideb/Ltf/Spink4/S100a8/Lgmn/Wfdc18/Ctsl/Slpi",9
"GO:0071675","BP","GO:0071675","regulation of mononuclear cell migration","5/142","130/28891",0.000467516027524493,0.0108781822074513,0.00868062857400333,"Ccl7/Ripk3/Lgmn/Cxcl10/Cxcl13",5
"GO:0010959","BP","GO:0010959","regulation of metal ion transport","9/142","461/28891",0.000477506130766722,0.0109972585422499,0.00877564972869884,"Spink1/Stom/Slc9a3/Fxyd4/Chp2/Cxcl10/Cxcl9/Ace/Cxcl11",9
"GO:0035710","BP","GO:0035710","CD4-positive, alpha-beta T cell activation","5/142","131/28891",0.000484168887109813,0.0110380725071399,0.0088082186692705,"Il18/Socs1/Rsad2/Ctsl/Cd274",5
"GO:1902075","BP","GO:1902075","cellular response to salt","6/142","202/28891",0.000504544201539321,0.0113875626287425,0.00908710661930294,"Ly6g/Ly6a/Ly6c1/Lgmn/Tgm2/Chp2",6
"GO:0007263","BP","GO:0007263","nitric oxide mediated signal transduction","3/142","32/28891",0.000519373078117542,0.0116061884882306,0.00926156682291938,"Spink1/Apoe/Nos2",3
"GO:0042326","BP","GO:0042326","negative regulation of phosphorylation","8/142","372/28891",0.000526226181907309,0.0116440440447529,0.00929177499735197,"Spink1/Il18/Socs3/Socs1/Apoe/Prr5l/Gadd45b/Cdkn1c",8
"GO:0001667","BP","GO:0001667","ameboidal-type cell migration","9/142","471/28891",0.000556808458836938,0.0122011329281065,0.00973632369003577,"Tac1/Appl1/Lrg1/Tmigd1/Lgmn/Apoe/Ptprr/Prr5l/Cxcl13",9
"GO:0090594","BP","GO:0090594","inflammatory response to wounding","3/142","33/28891",0.000569261633358738,0.0122266706835379,0.00975670244130931,"Reg3b/Reg3g/Cfh",3
"GO:0031400","BP","GO:0031400","negative regulation of protein modification process","9/142","473/28891",0.000573897356702203,0.0122266706835379,0.00975670244130931,"Spink1/Il18/Socs3/Isg15/Socs1/Apoe/Prr5l/Gadd45b/Cdkn1c",9
"GO:0032479","BP","GO:0032479","regulation of type I interferon production","5/142","136/28891",0.000574225561566246,0.0122266706835379,0.00975670244130931,"Trim15/Isg15/Igtp/Gbp7/Xaf1",5
"GO:0002688","BP","GO:0002688","regulation of leukocyte chemotaxis","5/142","137/28891",0.000593649071498067,0.0125221117230947,0.0099924600229532,"Lbp/Ccl7/Lgmn/Cxcl10/Cxcl13",5
"GO:0046632","BP","GO:0046632","alpha-beta T cell differentiation","5/142","138/28891",0.000613561419481164,0.0128222974423054,0.0102320037888136,"Il18/Socs1/Rsad2/Igtp/Ctsl",5
"GO:0032606","BP","GO:0032606","type I interferon production","5/142","141/28891",0.000676310221267057,0.0138766560854522,0.0110733663979707,"Trim15/Isg15/Igtp/Gbp7/Xaf1",5
"GO:0032609","BP","GO:0032609","type II interferon production","5/142","141/28891",0.000676310221267057,0.0138766560854522,0.0110733663979707,"Il18/Zg16/Isg15/Ripk3/Cd274",5
"GO:0019369","BP","GO:0019369","arachidonic acid metabolic process","4/142","81/28891",0.000694041311648605,0.0140210719946096,0.0111886081583737,"Cyp2d26/Cyp2d12/Cyp2d9/Cyp2d10",4
"GO:0030098","BP","GO:0030098","lymphocyte differentiation","9/142","486/28891",0.000695773178288114,0.0140210719946096,0.0111886081583737,"Il18/Socs1/Aqp8/Rsad2/Igtp/Ripk3/Ctsl/Ly6d/Fgl2",9
"GO:0071677","BP","GO:0071677","positive regulation of mononuclear cell migration","4/142","82/28891",0.000726874075664692,0.014518183971462,0.011585296166393,"Ccl7/Lgmn/Cxcl10/Cxcl13",4
"GO:0043122","BP","GO:0043122","regulation of canonical NF-kappaB signal transduction","6/142","217/28891",0.000734189675895446,0.0145356675306669,0.0115992477881543,"Ltf/Igtp/Ripk3/Gbp7/Tgm2/Tifa",6
"GO:0046631","BP","GO:0046631","alpha-beta T cell activation","6/142","221/28891",0.000807281193939563,0.0158437709106226,0.0126430949458178,"Il18/Socs1/Rsad2/Igtp/Ctsl/Cd274",6
"GO:0002753","BP","GO:0002753","cytosolic pattern recognition receptor signaling pathway","5/142","150/28891",0.000893538561464066,0.0173854873553827,0.0138733618753631,"Trim15/Gm12250/Rsad2/Igtp/Tifa",5
"GO:0034379","BP","GO:0034379","very-low-density lipoprotein particle assembly","2/142","10/28891",0.00105191792575511,0.0202921261404213,0.0161928166528745,"Cideb/Mfsd2a",2
"GO:0051092","BP","GO:0051092","positive regulation of NF-kappaB transcription factor activity","5/142","156/28891",0.00106472302903716,0.0203650836994651,0.0162510357063567,"Il18/Trim15/Ltf/Ripk3/Card14",5
"GO:0039531","BP","GO:0039531","regulation of viral-induced cytoplasmic pattern recognition receptor signaling pathway","4/142","92/28891",0.00111805767658015,0.0212055140843815,0.0169216867282498,"Trim15/Gm12250/Rsad2/Igtp",4
"GO:0071827","BP","GO:0071827","plasma lipoprotein particle organization","3/142","42/28891",0.0011597202479513,0.0218124049968839,0.0174059767039006,"Cideb/Mfsd2a/Apoe",3
"GO:0009205","BP","GO:0009205","purine ribonucleoside triphosphate metabolic process","5/142","160/28891",0.00119162703955083,0.0220607628681799,0.0176041626133693,"Ndufa12/Nme7/Ak4/Atp5mc1/Cfh",5
"GO:0006664","BP","GO:0006664","glycolipid metabolic process","4/142","94/28891",0.00121103648506569,0.0220607628681799,0.0176041626133693,"Fut2/Neu1/St8sia5/Crem",4
"GO:1903035","BP","GO:1903035","negative regulation of response to wounding","4/142","94/28891",0.00121103648506569,0.0220607628681799,0.0176041626133693,"Reg3b/Reg3g/Plat/Apoe",4
"GO:0010631","BP","GO:0010631","epithelial cell migration","7/142","328/28891",0.00122712782965623,0.0220607628681799,0.0176041626133693,"Tac1/Lrg1/Tmigd1/Lgmn/Apoe/Ptprr/Cxcl13",7
"GO:0051281","BP","GO:0051281","positive regulation of release of sequestered calcium ion into cytosol","3/142","43/28891",0.00124223849034986,0.0220607628681799,0.0176041626133693,"Cxcl10/Cxcl9/Cxcl11",3
"GO:0095500","BP","GO:0095500","acetylcholine receptor signaling pathway","3/142","43/28891",0.00124223849034986,0.0220607628681799,0.0176041626133693,"Ly6g/Ly6a/Ly6c1",3
"GO:2000403","BP","GO:2000403","positive regulation of lymphocyte migration","3/142","43/28891",0.00124223849034986,0.0220607628681799,0.0176041626133693,"Ccl7/Cxcl10/Cxcl13",3
"GO:1903509","BP","GO:1903509","liposaccharide metabolic process","4/142","95/28891",0.00125949709312899,0.0220607628681799,0.0176041626133693,"Fut2/Neu1/St8sia5/Crem",4
"GO:0031348","BP","GO:0031348","negative regulation of defense response","7/142","330/28891",0.0012706686632093,0.0220607628681799,0.0176041626133693,"Reg3b/Reg3g/Socs3/Isg15/Igtp/Apoe/Fgl2",7
"GO:0090132","BP","GO:0090132","epithelium migration","7/142","330/28891",0.0012706686632093,0.0220607628681799,0.0176041626133693,"Tac1/Lrg1/Tmigd1/Lgmn/Apoe/Ptprr/Cxcl13",7
"GO:0090130","BP","GO:0090130","tissue migration","7/142","332/28891",0.00131541105448828,0.0225211594584767,0.0179715522857326,"Tac1/Lrg1/Tmigd1/Lgmn/Apoe/Ptprr/Cxcl13",7
"GO:0046006","BP","GO:0046006","regulation of activated T cell proliferation","3/142","44/28891",0.00132836501516613,0.0225211594584767,0.0179715522857326,"Il18/Ripk3/Cd274",3
"GO:0010563","BP","GO:0010563","negative regulation of phosphorus metabolic process","8/142","430/28891",0.00133710029571815,0.0225211594584767,0.0179715522857326,"Spink1/Il18/Socs3/Socs1/Apoe/Prr5l/Gadd45b/Cdkn1c",8
"GO:0045936","BP","GO:0045936","negative regulation of phosphate metabolic process","8/142","430/28891",0.00133710029571815,0.0225211594584767,0.0179715522857326,"Spink1/Il18/Socs3/Socs1/Apoe/Prr5l/Gadd45b/Cdkn1c",8
"GO:0050921","BP","GO:0050921","positive regulation of chemotaxis","5/142","165/28891",0.00136560068946135,0.0228308204156612,0.0182186571514102,"Lbp/Ccl7/Lgmn/Cxcl10/Cxcl13",5
"GO:0032480","BP","GO:0032480","negative regulation of type I interferon production","3/142","45/28891",0.00141815803818801,0.023363377315258,0.0186436296837472,"Igtp/Gbp7/Xaf1",3
"GO:1905145","BP","GO:1905145","cellular response to acetylcholine","3/142","45/28891",0.00141815803818801,0.023363377315258,0.0186436296837472,"Ly6g/Ly6a/Ly6c1",3
"GO:0009199","BP","GO:0009199","ribonucleoside triphosphate metabolic process","5/142","167/28891",0.00144018682850398,0.0233766073303246,0.0186541870401723,"Ndufa12/Nme7/Ak4/Atp5mc1/Cfh",5
"GO:0043367","BP","GO:0043367","CD4-positive, alpha-beta T cell differentiation","4/142","99/28891",0.00146694054107654,0.0233766073303246,0.0186541870401723,"Il18/Socs1/Rsad2/Ctsl",4
"GO:0043254","BP","GO:0043254","regulation of protein-containing complex assembly","8/142","437/28891",0.00148022044185493,0.0233766073303246,0.0186541870401723,"Rhoc/Gm12250/Scin/Isg15/Igtp/Xaf1/Apoe/Cxcl13",8
"GO:0030217","BP","GO:0030217","T cell differentiation","7/142","339/28891",0.00148180367695059,0.0233766073303246,0.0186541870401723,"Il18/Socs1/Rsad2/Igtp/Ripk3/Ctsl/Fgl2",7
"GO:0044788","BP","GO:0044788","modulation by host of viral process","3/142","46/28891",0.00151167467104913,0.0233766073303246,0.0186541870401723,"Stom/Ltf/Apoe",3
"GO:0071825","BP","GO:0071825","protein-lipid complex organization","3/142","46/28891",0.00151167467104913,0.0233766073303246,0.0186541870401723,"Cideb/Mfsd2a/Apoe",3
"GO:0009144","BP","GO:0009144","purine nucleoside triphosphate metabolic process","5/142","169/28891",0.00151773346263267,0.0233766073303246,0.0186541870401723,"Ndufa12/Nme7/Ak4/Atp5mc1/Cfh",5
"GO:0051651","BP","GO:0051651","maintenance of location in cell","6/142","250/28891",0.00151912704448863,0.0233766073303246,0.0186541870401723,"Scin/Cxcl10/Apoe/Cxcl9/Gpsm2/Cxcl11",6
"GO:0002176","BP","GO:0002176","male germ cell proliferation","2/142","12/28891",0.00153289228395571,0.0233766073303246,0.0186541870401723,"Eif2s2/Il18",2
"GO:0045617","BP","GO:0045617","negative regulation of keratinocyte differentiation","2/142","12/28891",0.00153289228395571,0.0233766073303246,0.0186541870401723,"Reg3b/Reg3g",2
"GO:0106015","BP","GO:0106015","negative regulation of inflammatory response to wounding","2/142","12/28891",0.00153289228395571,0.0233766073303246,0.0186541870401723,"Reg3b/Reg3g",2
"GO:0140975","BP","GO:0140975","disruption of cellular anatomical structure in another organism","3/142","47/28891",0.00160897093264633,0.0243721301676696,0.0194485995461524,"Reg3b/Reg3g/Gm12250",3
"GO:0002028","BP","GO:0002028","regulation of sodium ion transport","4/142","102/28891",0.00163735393804623,0.0245095099575049,0.0195582265873614,"Stom/Slc9a3/Fxyd4/Chp2",4
"GO:0050728","BP","GO:0050728","negative regulation of inflammatory response","5/142","172/28891",0.00163975897367445,0.0245095099575049,0.0195582265873614,"Reg3b/Reg3g/Socs3/Igtp/Apoe",5
"GO:0007159","BP","GO:0007159","leukocyte cell-cell adhesion","8/142","447/28891",0.00170552175206758,0.0252267952507566,0.0201306096467339,"Il18/S100a8/Chst4/Socs1/Lrg1/Fgl2/Cfh/Cd274",8
"GO:1905144","BP","GO:1905144","response to acetylcholine","3/142","48/28891",0.00171010176046334,0.0252267952507566,0.0201306096467339,"Ly6g/Ly6a/Ly6c1",3
"GO:0042532","BP","GO:0042532","negative regulation of tyrosine phosphorylation of STAT protein","2/142","13/28891",0.0018057694105575,0.026406658081112,0.0210721227417777,"Socs3/Socs1",2
"GO:0002687","BP","GO:0002687","positive regulation of leukocyte migration","5/142","176/28891",0.00181348338616409,0.026406658081112,0.0210721227417777,"Lbp/Ccl7/Lgmn/Cxcl10/Cxcl13",5
"GO:0010837","BP","GO:0010837","regulation of keratinocyte proliferation","3/142","50/28891",0.00192408152491763,0.0276610023195337,0.0220730708992944,"Reg3g/Lrg1/Ctsl",3
"GO:0006814","BP","GO:0006814","sodium ion transport","6/142","262/28891",0.00192413706874913,0.0276610023195337,0.0220730708992944,"Stom/Slc9a3/Fxyd4/Slc10a2/Chp2/Slc5a9",6
"GO:0018198","BP","GO:0018198","peptidyl-cysteine modification","3/142","51/28891",0.0020370350300709,0.0289156481941511,0.0230742597580358,"S100a8/Nos2/Ace",3
"GO:2000404","BP","GO:2000404","regulation of T cell migration","3/142","51/28891",0.0020370350300709,0.0289156481941511,0.0230742597580358,"Ripk3/Cxcl10/Cxcl13",3
"GO:0034145","BP","GO:0034145","positive regulation of toll-like receptor 4 signaling pathway","2/142","14/28891",0.00209995315260931,0.0292567547249334,0.0233464577265402,"Ltf/Lbp",2
"GO:0036093","BP","GO:0036093","germ cell proliferation","2/142","14/28891",0.00209995315260931,0.0292567547249334,0.0233464577265402,"Eif2s2/Il18",2
"GO:0106014","BP","GO:0106014","regulation of inflammatory response to wounding","2/142","14/28891",0.00209995315260931,0.0292567547249334,0.0233464577265402,"Reg3b/Reg3g",2
"GO:0009311","BP","GO:0009311","oligosaccharide metabolic process","3/142","52/28891",0.00215403226047765,0.029644212267671,0.0236556431173123,"Fut2/Neu1/St8sia5",3
"GO:0050798","BP","GO:0050798","activated T cell proliferation","3/142","52/28891",0.00215403226047765,0.029644212267671,0.0236556431173123,"Il18/Ripk3/Cd274",3
"GO:0009141","BP","GO:0009141","nucleoside triphosphate metabolic process","5/142","184/28891",0.00220087818825211,0.0301053458841516,0.0240236209256737,"Ndufa12/Nme7/Ak4/Atp5mc1/Cfh",5
"GO:0006687","BP","GO:0006687","glycosphingolipid metabolic process","3/142","53/28891",0.00227512291317645,0.0307482180541273,0.0245366234128264,"Neu1/St8sia5/Crem",3
"GO:0090207","BP","GO:0090207","regulation of triglyceride metabolic process","3/142","53/28891",0.00227512291317645,0.0307482180541273,0.0245366234128264,"Cideb/Mfsd2a/Apoe",3
"GO:0010819","BP","GO:0010819","regulation of T cell chemotaxis","2/142","15/28891",0.00241523045537303,0.0318782171799821,0.0254383460088843,"Cxcl10/Cxcl13",2
"GO:0010838","BP","GO:0010838","positive regulation of keratinocyte proliferation","2/142","15/28891",0.00241523045537303,0.0318782171799821,0.0254383460088843,"Reg3g/Lrg1",2
"GO:0035729","BP","GO:0035729","cellular response to hepatocyte growth factor stimulus","2/142","15/28891",0.00241523045537303,0.0318782171799821,0.0254383460088843,"Appl1/Lgmn",2
"GO:0097202","BP","GO:0097202","activation of cysteine-type endopeptidase activity","2/142","15/28891",0.00241523045537303,0.0318782171799821,0.0254383460088843,"Cideb/Lgmn",2
"GO:0006641","BP","GO:0006641","triglyceride metabolic process","4/142","114/28891",0.00245721051022825,0.032243744892937,0.0257300317197095,"Cideb/Mfsd2a/Apoe/Gpat3",4
"GO:0051235","BP","GO:0051235","maintenance of location","7/142","373/28891",0.00253674531223897,0.0330949952007131,0.0264093168800784,"Cideb/Scin/Cxcl10/Apoe/Cxcl9/Gpsm2/Cxcl11",7
"GO:0071466","BP","GO:0071466","cellular response to xenobiotic stimulus","5/142","191/28891",0.00258654248311155,0.0335507263470275,0.0267729835971196,"Cyp2d26/Cyp2d12/Cyp2d9/Cyp2d10/Nos2",5
"GO:0072521","BP","GO:0072521","purine-containing compound metabolic process","8/142","479/28891",0.00261400510535663,0.0337131972730853,0.0269026329940764,"Ndufa12/Abcg2/Nme7/Ak4/Hmgcs2/Atp5mc1/Nos2/Cfh",8
"GO:0019732","BP","GO:0019732","antifungal humoral response","2/142","16/28891",0.00275138981802534,0.0350841063236339,0.027996598148328,"Tac1/Ltf",2
"GO:0032782","BP","GO:0032782","bile acid secretion","2/142","16/28891",0.00275138981802534,0.0350841063236339,0.027996598148328,"Slc51b/Slc51a",2
"GO:0032757","BP","GO:0032757","positive regulation of interleukin-8 production","3/142","58/28891",0.00294364642514429,0.0369100554530593,0.0294536785580227,"Il18/Lbp/Nos2",3
"GO:0034142","BP","GO:0034142","toll-like receptor 4 signaling pathway","3/142","58/28891",0.00294364642514429,0.0369100554530593,0.0294536785580227,"Appl1/Ltf/Lbp",3
"GO:0036037","BP","GO:0036037","CD8-positive, alpha-beta T cell activation","3/142","58/28891",0.00294364642514429,0.0369100554530593,0.0294536785580227,"Socs1/Igtp/Cd274",3
"GO:0006695","BP","GO:0006695","cholesterol biosynthetic process","3/142","59/28891",0.00309028512992499,0.0379202996612158,0.0302598385002636,"Aqp8/Hmgcs2/Apoe",3
"GO:1902653","BP","GO:1902653","secondary alcohol biosynthetic process","3/142","59/28891",0.00309028512992499,0.0379202996612158,0.0302598385002636,"Aqp8/Hmgcs2/Apoe",3
"GO:2000649","BP","GO:2000649","regulation of sodium ion transmembrane transporter activity","3/142","59/28891",0.00309028512992499,0.0379202996612158,0.0302598385002636,"Stom/Fxyd4/Chp2",3
"GO:0035728","BP","GO:0035728","response to hepatocyte growth factor","2/142","17/28891",0.00310822128370621,0.0379202996612158,0.0302598385002636,"Appl1/Lgmn",2
"GO:0061000","BP","GO:0061000","negative regulation of dendritic spine development","2/142","17/28891",0.00310822128370621,0.0379202996612158,0.0302598385002636,"Apoe/Asap1",2
"GO:0006979","BP","GO:0006979","response to oxidative stress","7/142","389/28891",0.0031988373788018,0.0388159998062133,0.0309745939735704,"Reg3b/Ndufa12/Tmigd1/Ripk3/Ndufb4b/Apoe/Prr5l",7
"GO:0009142","BP","GO:0009142","nucleoside triphosphate biosynthetic process","4/142","124/28891",0.00332680562393781,0.0401529427445328,0.0320414546724322,"Ndufa12/Nme7/Ak4/Atp5mc1",4
"GO:0001974","BP","GO:0001974","blood vessel remodeling","3/142","61/28891",0.00339684479520464,0.04056443758083,0.0323698214680876,"Il18/Tgm2/Nos2",3
"GO:0098926","BP","GO:0098926","postsynaptic signal transduction","3/142","61/28891",0.00339684479520464,0.04056443758083,0.0323698214680876,"Ly6g/Ly6a/Ly6c1",3
"GO:0002830","BP","GO:0002830","positive regulation of type 2 immune response","2/142","18/28891",0.00348551642962654,0.0407606765889487,0.0325264172952878,"Il18/Rsad2",2
"GO:0045605","BP","GO:0045605","negative regulation of epidermal cell differentiation","2/142","18/28891",0.00348551642962654,0.0407606765889487,0.0325264172952878,"Reg3b/Reg3g",2
"GO:0045683","BP","GO:0045683","negative regulation of epidermis development","2/142","18/28891",0.00348551642962654,0.0407606765889487,0.0325264172952878,"Reg3b/Reg3g",2
"GO:0140131","BP","GO:0140131","positive regulation of lymphocyte chemotaxis","2/142","18/28891",0.00348551642962654,0.0407606765889487,0.0325264172952878,"Ccl7/Cxcl13",2
"GO:0006612","BP","GO:0006612","protein targeting to membrane","4/142","126/28891",0.0035228426511147,0.0409848240389993,0.0327052836465396,"Slc51b/Stom/Sec61g/Rtp4",4
"GO:0032649","BP","GO:0032649","regulation of type II interferon production","4/142","127/28891",0.00362374360107406,0.0419425092698674,0.033469502301958,"Il18/Isg15/Ripk3/Cd274",4
"GO:0001676","BP","GO:0001676","long-chain fatty acid metabolic process","4/142","128/28891",0.00372658990239245,0.0429128235188763,0.0342437987271401,"Cyp2d26/Cyp2d12/Cyp2d9/Cyp2d10",4
"GO:0006805","BP","GO:0006805","xenobiotic metabolic process","4/142","129/28891",0.00383139923327743,0.0438957770025744,0.0350281810747405,"Cyp2d26/Cyp2d12/Cyp2d9/Cyp2d10",4
"GO:0070486","BP","GO:0070486","leukocyte aggregation","2/142","19/28891",0.00388306835723471,0.0439043379627921,0.0350350125944254,"S100a8/Cfh",2
"GO:0043616","BP","GO:0043616","keratinocyte proliferation","3/142","64/28891",0.00389050402860364,0.0439043379627921,0.0350350125944254,"Reg3g/Lrg1/Ctsl",3
"GO:0050832","BP","GO:0050832","defense response to fungus","3/142","64/28891",0.00389050402860364,0.0439043379627921,0.0350350125944254,"Tac1/Gm12250/Ltf",3
"GO:0016126","BP","GO:0016126","sterol biosynthetic process","3/142","65/28891",0.00406423303253953,0.045636686340506,0.0364174009880866,"Aqp8/Hmgcs2/Apoe",3
"GO:0018958","BP","GO:0018958","phenol-containing compound metabolic process","4/142","132/28891",0.00415778074180034,0.0464559957140761,0.037071197755187,"Duoxa2/Appl1/Maob/Ctsl",4
"GO:0071715","BP","GO:0071715","icosanoid transport","3/142","66/28891",0.00424261292097472,0.0471703318356647,0.0376412274191742,"Slco2a1/Nos2/Ace",3
"GO:0035457","BP","GO:0035457","cellular response to interferon-alpha","2/142","20/28891",0.00430067168244159,0.0475814509179935,0.0379692943687181,"Ifit1/Ifit2",2
"GO:0015909","BP","GO:0015909","long-chain fatty acid transport","3/142","67/28891",0.00442568011614873,0.0484891263211053,0.0386936059209529,"Mfsd2a/Apoe/Ace",3
"GO:0140895","BP","GO:0140895","cell surface toll-like receptor signaling pathway","3/142","67/28891",0.00442568011614873,0.0484891263211053,0.0386936059209529,"Appl1/Ltf/Lbp",3
"GO:0046034","BP","GO:0046034","ATP metabolic process","4/142","135/28891",0.00450245657754095,0.0490920023937678,0.0391746921137685,"Ndufa12/Ak4/Atp5mc1/Cfh",4
"GO:0034364","CC","GO:0034364","high-density lipoprotein particle","6/147","35/28573",2.40174613111825e-08,4.80349226223649e-06,4.12089073023447e-06,"Saa1/Saa3/Saa4/Saa2/Apoe/Apol9a",6
"GO:0034358","CC","GO:0034358","plasma lipoprotein particle","6/147","43/28573",8.72050215490388e-08,5.81366810326925e-06,4.98751526754152e-06,"Saa1/Saa3/Saa4/Saa2/Apoe/Apol9a",6
"GO:1990777","CC","GO:1990777","lipoprotein particle","6/147","43/28573",8.72050215490388e-08,5.81366810326925e-06,4.98751526754152e-06,"Saa1/Saa3/Saa4/Saa2/Apoe/Apol9a",6
"GO:0032994","CC","GO:0032994","protein-lipid complex","6/147","46/28573",1.32295502425677e-07,6.61477512128383e-06,5.6747807619435e-06,"Saa1/Saa3/Saa4/Saa2/Apoe/Apol9a",6
"GO:0043230","CC","GO:0043230","extracellular organelle","8/147","127/28573",3.24091126758403e-07,1.08030375586135e-05,9.26786906344207e-06,"Car4/Slc9a3/Gbp7/Gbp2b/Prom1/Apoe/Ace/Cd274",8
"GO:0065010","CC","GO:0065010","extracellular membrane-bounded organelle","8/147","127/28573",3.24091126758403e-07,1.08030375586135e-05,9.26786906344207e-06,"Car4/Slc9a3/Gbp7/Gbp2b/Prom1/Apoe/Ace/Cd274",8
"GO:0005903","CC","GO:0005903","brush border","8/147","149/28573",1.09427053545615e-06,3.12648724416042e-05,2.6821969515692e-05,"Car4/Slc9a3/Abcg2/Scin/Slc7a9/Aqp8/Prom1/Ace",8
"GO:0098862","CC","GO:0098862","cluster of actin-based cell projections","9/147","211/28573",1.57137936809663e-06,3.92844842024158e-05,3.37019522368093e-05,"Car4/Slc9a3/Rhoc/Abcg2/Scin/Slc7a9/Aqp8/Prom1/Ace",9
"GO:0031526","CC","GO:0031526","brush border membrane","6/147","82/28573",4.24783161566608e-06,9.43962581259129e-05,8.09820530238095e-05,"Car4/Slc9a3/Abcg2/Slc7a9/Aqp8/Ace",6
"GO:0070062","CC","GO:0070062","extracellular exosome","6/147","104/28573",1.67765212640365e-05,0.000335530425280731,0.000287849785898732,"Car4/Slc9a3/Prom1/Apoe/Ace/Cd274",6
"GO:1903561","CC","GO:1903561","extracellular vesicle","6/147","118/28573",3.43456943177289e-05,0.000624467169413253,0.000535727097970317,"Car4/Slc9a3/Prom1/Apoe/Ace/Cd274",6
"GO:0016324","CC","GO:0016324","apical plasma membrane","10/147","427/28573",7.70543886387974e-05,0.00128423981064662,0.00110174257439684,"Car4/Il18/Slc9a3/S100g/Abcg2/Slc7a9/Slc10a2/Aqp8/Prom1/Mal",10
"GO:0031253","CC","GO:0031253","cell projection membrane","8/147","327/28573",0.00030385533044249,0.00467469739142292,0.00401039828843124,"Car4/Eps8l3/Slc9a3/Abcg2/Slc7a9/Aqp8/Prom1/Ace",8
"GO:0030141","CC","GO:0030141","secretory granule","9/147","498/28573",0.00113979632591676,0.0162828046559537,0.0139689324153708,"Reg3b/Reg3g/Car4/Klk1/Zg16/Sycn/Plat/Ltf/Ctsl",9
"GO:0005881","CC","GO:0005881","cytoplasmic microtubule","4/147","114/28573",0.00289609863101861,0.0386146484135815,0.0331273036390199,"Saa1/Nme7/Saa2/Mtus2",4
"GO:0005539","MF","GO:0005539","glycosaminoglycan binding","11/141","243/28407",3.96069440564401e-08,1.4218892916262e-05,1.05896460950903e-05,"Reg3b/Reg3g/Saa1/Zg16/Ltf/Ccl7/Cxcl10/Apoe/Cxcl13/Cfh/Cxcl11",11
"GO:0008009","MF","GO:0008009","chemokine activity","6/141","47/28407",1.22030668637282e-07,2.19045050203921e-05,1.63135735967735e-05,"Ccl7/Cxcl10/Ccl6/Cxcl13/Cxcl9/Cxcl11",6
"GO:0062187","MF","GO:0062187","anandamide 8,9 epoxidase activity","4/141","13/28407",4.01636966677609e-07,3.35141220936323e-05,2.49599384599988e-05,"Cyp2d26/Cyp2d12/Cyp2d9/Cyp2d10",4
"GO:0062188","MF","GO:0062188","anandamide 11,12 epoxidase activity","4/141","13/28407",4.01636966677609e-07,3.35141220936323e-05,2.49599384599988e-05,"Cyp2d26/Cyp2d12/Cyp2d9/Cyp2d10",4
"GO:0062186","MF","GO:0062186","anandamide epoxidase activity","4/141","14/28407",5.60124603236194e-07,3.35141220936323e-05,2.49599384599988e-05,"Cyp2d26/Cyp2d12/Cyp2d9/Cyp2d10",4
"GO:0062189","MF","GO:0062189","anandamide 14,15 epoxidase activity","4/141","14/28407",5.60124603236194e-07,3.35141220936323e-05,2.49599384599988e-05,"Cyp2d26/Cyp2d12/Cyp2d9/Cyp2d10",4
"GO:0045236","MF","GO:0045236","CXCR chemokine receptor binding","4/141","15/28407",7.60862855687639e-07,3.90213950274089e-05,2.90615286232572e-05,"Cxcl10/Cxcl13/Cxcl9/Cxcl11",4
"GO:0001664","MF","GO:0001664","G protein-coupled receptor binding","11/141","335/28407",9.8004949269125e-07,4.39797209845198e-05,3.27542856767865e-05,"Saa1/Tac1/Rtp4/Ccl7/Cxcl10/Saa2/Ccl6/Cxcl13/Cxcl9/Ace/Cxcl11",11
"GO:0008201","MF","GO:0008201","heparin binding","8/141","179/28407",3.297399798648e-06,0.000131529614190515,9.79578419715313e-05,"Saa1/Ltf/Ccl7/Cxcl10/Apoe/Cxcl13/Cfh/Cxcl11",8
"GO:0042379","MF","GO:0042379","chemokine receptor binding","6/141","85/28407",4.25840880302125e-06,0.000152876876028463,0.000113856403786042,"Ccl7/Cxcl10/Ccl6/Cxcl13/Cxcl9/Cxcl11",6
"GO:0016709","MF","GO:0016709","oxidoreductase activity, acting on paired donors, with incorporation or reduction of molecular oxygen, NAD(P)H as one donor, and incorporation of one atom of oxygen","5/141","55/28407",7.99417045695411e-06,0.00026090065400423,0.00019430806660922,"Cyp2d26/Cyp2d12/Cyp2d9/Cyp2d10/Nos2",5
"GO:0008028","MF","GO:0008028","monocarboxylic acid transmembrane transporter activity","5/141","69/28407",2.4426861905714e-05,0.000730770285345944,0.000544247624916786,"Slc51b/Abcg2/Slc10a2/Mfsd2a/Slc51a",5
"GO:0005319","MF","GO:0005319","lipid transporter activity","7/141","181/28407",3.49860084817128e-05,0.000966152080379608,0.000719550295899195,"Slc51b/Cideb/Slc10a2/Mfsd2a/Slc51a/Slco2a1/Apoe",7
"GO:0030550","MF","GO:0030550","acetylcholine receptor inhibitor activity","3/141","14/28407",4.18612927326117e-05,0.00107344314935769,0.000799456267224314,"Ly6g/Ly6a/Ly6c1",3
"GO:0042834","MF","GO:0042834","peptidoglycan binding","3/141","19/28407",0.000109428504270134,0.00261898886886521,0.00195051509365713,"Reg3b/Reg3g/Zg16",3
"GO:1901681","MF","GO:1901681","sulfur compound binding","8/141","301/28407",0.000135626110421257,0.00304311085257695,0.00226638368730258,"Saa1/Ltf/Ccl7/Cxcl10/Apoe/Cxcl13/Cfh/Cxcl11",8
"GO:0033130","MF","GO:0033130","acetylcholine receptor binding","3/141","22/28407",0.000172023920413771,0.00363274043697317,0.00270551552848903,"Ly6g/Ly6a/Ly6c1",3
"GO:0005125","MF","GO:0005125","cytokine activity","7/141","236/28407",0.000183870960462917,0.00366720415589929,0.00273118268757783,"Il18/Ccl7/Cxcl10/Ccl6/Cxcl13/Cxcl9/Cxcl11",7
"GO:0004857","MF","GO:0004857","enzyme inhibitor activity","9/141","410/28407",0.000218039945178075,0.00383704138557921,0.00285767046455687,"Spink1/Socs3/Ltf/Spink4/Socs1/Wfdc18/Slpi/Gbp2b/Cdkn1c",9
"GO:0005126","MF","GO:0005126","cytokine receptor binding","8/141","323/28407",0.000219131241215589,0.00383704138557921,0.00285767046455687,"Il18/Lrg1/Ccl7/Cxcl10/Ccl6/Cxcl13/Cxcl9/Cxcl11",8
"GO:0015125","MF","GO:0015125","bile acid transmembrane transporter activity","3/141","24/28407",0.000224450888850037,0.00383704138557921,0.00285767046455687,"Slc51b/Slc10a2/Slc51a",3
"GO:0046943","MF","GO:0046943","carboxylic acid transmembrane transporter activity","6/141","174/28407",0.00023982403727654,0.00386060936467907,0.00287522292516781,"Slc51b/Abcg2/Slc7a9/Slc10a2/Mfsd2a/Slc51a",6
"GO:0005342","MF","GO:0005342","organic acid transmembrane transporter activity","6/141","175/28407",0.000247337090216208,0.00386060936467907,0.00287522292516781,"Slc51b/Abcg2/Slc7a9/Slc10a2/Mfsd2a/Slc51a",6
"GO:0008514","MF","GO:0008514","organic anion transmembrane transporter activity","7/141","250/28407",0.00026121947741679,0.00390740801635949,0.00291007663438003,"Slc51b/Abcg2/Slc7a9/Slc10a2/Mfsd2a/Slc51a/Slco2a1",7
"GO:0030548","MF","GO:0030548","acetylcholine receptor regulator activity","3/141","27/28407",0.000320850979102815,0.00443021159607348,0.00329943921830425,"Ly6g/Ly6a/Ly6c1",3
"GO:0099602","MF","GO:0099602","neurotransmitter receptor regulator activity","3/141","27/28407",0.000320850979102815,0.00443021159607348,0.00329943921830425,"Ly6g/Ly6a/Ly6c1",3
"GO:0061134","MF","GO:0061134","peptidase regulator activity","7/141","268/28407",0.000397066619943472,0.00527951542813728,0.00393196574914783,"Spink1/Ltf/Spink4/Wfdc18/Ctsl/Slpi/Gbp2b",7
"GO:0004866","MF","GO:0004866","endopeptidase inhibitor activity","6/141","198/28407",0.000477679678260602,0.00612453587484129,0.0045613021909095,"Spink1/Ltf/Spink4/Wfdc18/Slpi/Gbp2b",6
"GO:0030414","MF","GO:0030414","peptidase inhibitor activity","6/141","205/28407",0.000573525583921805,0.00709985119406648,0.00528767688987799,"Spink1/Ltf/Spink4/Wfdc18/Slpi/Gbp2b",6
"GO:0016712","MF","GO:0016712","oxidoreductase activity, acting on paired donors, with incorporation or reduction of molecular oxygen, reduced flavin or flavoprotein as one donor, and incorporation of one atom of oxygen","4/141","80/28407",0.000686696519721978,0.00807631372293155,0.00601490598335908,"Cyp2d26/Cyp2d12/Cyp2d9/Cyp2d10",4
"GO:0030547","MF","GO:0030547","signaling receptor inhibitor activity","3/141","35/28407",0.000697397563818601,0.00807631372293155,0.00601490598335908,"Ly6g/Ly6a/Ly6c1",3
"GO:0061135","MF","GO:0061135","endopeptidase regulator activity","6/141","217/28407",0.000771921620488249,0.00865999567985254,0.00644960827644787,"Spink1/Ltf/Spink4/Wfdc18/Slpi/Gbp2b",6
"GO:0070330","MF","GO:0070330","aromatase activity","3/141","38/28407",0.000889171747174546,0.00967311082532309,0.00720413472989903,"Cyp2d26/Cyp2d9/Cyp2d10",3
"GO:0004497","MF","GO:0004497","monooxygenase activity","5/141","153/28407",0.00101929568583116,0.010762563270982,0.00801551406195405,"Cyp2d26/Cyp2d12/Cyp2d9/Cyp2d10/Nos2",5
"GO:0042056","MF","GO:0042056","chemoattractant activity","3/141","43/28407",0.00127742983936818,0.0127388142314771,0.00948734442103852,"Saa3/Cxcl10/Ccl6",3
"GO:0043394","MF","GO:0043394","proteoglycan binding","3/141","43/28407",0.00127742983936818,0.0127388142314771,0.00948734442103852,"Ctsl/Apoe/Cfh",3
"GO:0020037","MF","GO:0020037","heme binding","5/141","164/28407",0.00138731168835529,0.0134606728680959,0.010024955016849,"Cyp2d26/Cyp2d12/Cyp2d9/Cyp2d10/Nos2",5
"GO:0050253","MF","GO:0050253","retinyl-palmitate esterase activity","2/141","12/28407",0.00156274766743147,0.0147638529633657,0.0109955099038115,"Ces2e/Ces2c",2
"GO:0046906","MF","GO:0046906","tetrapyrrole binding","5/141","173/28407",0.00175468238734885,0.0161520763348265,0.0120294015219057,"Cyp2d26/Cyp2d12/Cyp2d9/Cyp2d10/Nos2",5
"GO:0050700","MF","GO:0050700","CARD domain binding","2/141","14/28407",0.0021407183170051,0.0190749148665034,0.0142062113358506,"Igtp/Card14",2
"GO:0019207","MF","GO:0019207","kinase regulator activity","6/141","266/28407",0.00217847217138339,0.0190749148665034,0.0142062113358506,"Socs3/Ltf/Socs1/Igtp/Nos2/Cdkn1c",6
"GO:1901618","MF","GO:1901618","organic hydroxy compound transmembrane transporter activity","3/141","53/28407",0.00233876667951932,0.0199908866177961,0.0148883893884187,"Slc51b/Slc10a2/Slc51a",3
"GO:0046935","MF","GO:0046935","1-phosphatidylinositol-3-kinase regulator activity","2/141","15/28407",0.00246203861189791,0.0205551595737523,0.015308636656599,"Socs3/Socs1",2
"GO:0003925","MF","GO:0003925","G protein activity","3/141","55/28407",0.00260036644686201,0.0212166262368969,0.0158012697967213,"Gm12250/Igtp/Gbp2b",3
"GO:0015291","MF","GO:0015291","secondary active transmembrane transporter activity","6/141","290/28407",0.00333818879163488,0.0266313283599316,0.0198339170310002,"Slc9a3/Slc7a9/Slc10a2/Mfsd2a/Slco2a1/Slc5a9",6
"GO:0048020","MF","GO:0048020","CCR chemokine receptor binding","3/141","63/28407",0.00382417445787111,0.0290546427245209,0.0216387018092019,"Ccl7/Ccl6/Cxcl13",3
"GO:0004550","MF","GO:0004550","nucleoside diphosphate kinase activity","2/141","19/28407",0.00395782767640729,0.0290546427245209,0.0216387018092019,"Nme7/Ak4",2
"GO:0070492","MF","GO:0070492","oligosaccharide binding","2/141","19/28407",0.00395782767640729,0.0290546427245209,0.0216387018092019,"Reg3b/Reg3g",2
"GO:0004867","MF","GO:0004867","serine-type endopeptidase inhibitor activity","4/141","129/28407",0.00396567546936358,0.0290546427245209,0.0216387018092019,"Spink1/Spink4/Wfdc18/Slpi",4
"GO:0008236","MF","GO:0008236","serine-type peptidase activity","5/141","211/28407",0.00412248317264454,0.0295994291795878,0.0220444363337203,"Klk1/Plat/Ltf/Prss27/Ace",5
"GO:0003924","MF","GO:0003924","GTPase activity","6/141","305/28407",0.00426540840788736,0.0300251297731679,0.0223614806110091,"Rhoc/Gm12250/Igtp/Gbp7/Gbp2b/Ifi47",6
"GO:0017171","MF","GO:0017171","serine hydrolase activity","5/141","216/28407",0.00454977925941651,0.0314109760409717,0.0233936018601578,"Klk1/Plat/Ltf/Prss27/Ace",5
"GO:0106435","MF","GO:0106435","carboxylesterase activity","2/141","22/28407",0.00529474372888622,0.0358643962013236,0.02671032586171,"Ces2e/Ces2c",2
"GO:0019210","MF","GO:0019210","kinase inhibitor activity","3/141","73/28407",0.00577781818444484,0.037730860348057,0.0281003915214968,"Socs3/Socs1/Cdkn1c",3
"GO:0016705","MF","GO:0016705","oxidoreductase activity, acting on paired donors, with incorporation or reduction of molecular oxygen","5/141","229/28407",0.00580706508356762,0.037730860348057,0.0281003915214968,"Cyp2d26/Cyp2d12/Cyp2d9/Cyp2d10/Nos2",5
"GO:0019887","MF","GO:0019887","protein kinase regulator activity","5/141","230/28407",0.0059129390687574,0.037730860348057,0.0281003915214968,"Socs3/Ltf/Igtp/Nos2/Cdkn1c",5
"GO:0022804","MF","GO:0022804","active transmembrane transporter activity","7/141","435/28407",0.00615503429768538,0.037730860348057,0.0281003915214968,"Slc9a3/Abcg2/Slc7a9/Slc10a2/Mfsd2a/Slco2a1/Slc5a9",7
"GO:0004175","MF","GO:0004175","endopeptidase activity","7/141","436/28407",0.00623017210982987,0.037730860348057,0.0281003915214968,"Klk1/Plat/Ltf/Lgmn/Ctsl/Prss27/Ace",7
"GO:0043395","MF","GO:0043395","heparan sulfate proteoglycan binding","2/141","24/28407",0.00628530376289535,0.037730860348057,0.0281003915214968,"Apoe/Cfh",2
"GO:0046873","MF","GO:0046873","metal ion transmembrane transporter activity","7/141","437/28407",0.00630599337293431,0.037730860348057,0.0281003915214968,"Slc9a3/Fxyd4/Tmem37/Slc10a2/Lrg1/Mfsd2a/Slc5a9",7
"GO:0140102","MF","GO:0140102","catalytic activity, acting on a rRNA","2/141","25/28407",0.00680975342144643,0.0400770734147421,0.0298477544270474,"Slfn4/Slfn2",2
"GO:0015370","MF","GO:0015370","solute:sodium symporter activity","3/141","81/28407",0.00770155420854352,0.0445944832397923,0.0332121352966053,"Slc10a2/Mfsd2a/Slc5a9",3
"GO:0015081","MF","GO:0015081","sodium ion transmembrane transporter activity","4/141","160/28407",0.00842194249793379,0.0479917040755275,0.035742245521724,"Slc9a3/Slc10a2/Mfsd2a/Slc5a9",4
