"","ONTOLOGY","ID","Description","GeneRatio","BgRatio","pvalue","p.adjust","qvalue","geneID","Count"
"GO:0019886","BP","GO:0019886","antigen processing and presentation of exogenous peptide antigen via MHC class II","8/152","21/28891",9.35812921981242e-14,2.65677288550475e-10,2.00165458680619e-10,"Cd74/H2-Eb1/H2-Aa/H2-Ea/Ifi30/Fcer1g/Ctss/H2-Ab1",8
"GO:0002495","BP","GO:0002495","antigen processing and presentation of peptide antigen via MHC class II","8/152","25/28891",4.88640743037579e-13,6.93625534741843e-10,5.22588415711768e-10,"Cd74/H2-Eb1/H2-Aa/H2-Ea/Ifi30/Fcer1g/Ctss/H2-Ab1",8
"GO:0002504","BP","GO:0002504","antigen processing and presentation of peptide or polysaccharide antigen via MHC class II","8/152","27/28891",9.94133043162713e-13,9.40781236512981e-10,7.08799418844433e-10,"Cd74/H2-Eb1/H2-Aa/H2-Ea/Ifi30/Fcer1g/Ctss/H2-Ab1",8
"GO:0042742","BP","GO:0042742","defense response to bacterium","18/152","430/28891",1.49467508910164e-11,1.06084564448989e-08,7.99257837119613e-09,"Reg3b/Pla2g2a/Jchain/Lypd8/Igha/Lcn2/Reg3g/Cxcl13/Hp/Lyz2/Wfdc17/Lgals4/Pglyrp1/Sprr2a3/Anxa3/Fcer1g/Dmbt1/Acp5",18
"GO:0050727","BP","GO:0050727","regulation of inflammatory response","17/152","411/28891",6.84803434472014e-11,3.88831390093209e-08,2.92951700809923e-08,"Reg3b/Fabp4/S100a8/Reg3g/Gpx2/Nfkbia/S100a9/Ffar2/Pglyrp1/Il22/Fcer1g/Ctss/Apoe/Acp5/Cd81/Ier3/Ccl3",17
"GO:0019882","BP","GO:0019882","antigen processing and presentation","11/152","134/28891",1.39997031517232e-10,6.62419287462371e-08,4.99077136917572e-08,"Cd74/H2-Eb1/H2-Aa/H2-Ea/Psap/Ifi30/Fcer1g/Ctss/Ctsl/H2-Ab1/Icam1",11
"GO:0006959","BP","GO:0006959","humoral immune response","15/152","337/28891",3.49637797945354e-10,1.25496614365018e-07,9.45511282288857e-08,"Reg3b/Jchain/Igha/Reg3g/Cxcl13/Cfd/S100a9/C1qa/Wfdc17/Lgals4/Pglyrp1/Gimap5/Cxcl2/Dmbt1/Cd81",15
"GO:0002478","BP","GO:0002478","antigen processing and presentation of exogenous peptide antigen","8/152","53/28891",3.53636109517486e-10,1.25496614365018e-07,9.45511282288857e-08,"Cd74/H2-Eb1/H2-Aa/H2-Ea/Ifi30/Fcer1g/Ctss/H2-Ab1",8
"GO:0048002","BP","GO:0048002","antigen processing and presentation of peptide antigen","9/152","83/28891",5.73823660956621e-10,1.81009485939539e-07,1.363754010601e-07,"Cd74/H2-Eb1/H2-Aa/H2-Ea/Ifi30/Fcer1g/Ctss/Ctsl/H2-Ab1",9
"GO:0019884","BP","GO:0019884","antigen processing and presentation of exogenous antigen","8/152","60/28891",9.89657234060287e-10,2.80963688749716e-07,2.11682473643211e-07,"Cd74/H2-Eb1/H2-Aa/H2-Ea/Ifi30/Fcer1g/Ctss/H2-Ab1",8
"GO:0007159","BP","GO:0007159","leukocyte cell-cell adhesion","16/152","447/28891",2.069255291597e-09,5.27092187415807e-07,3.97119565758484e-07,"Cd74/S100a8/H2-Eb1/Lrg1/H2-Aa/S100a9/H2-Ea/Socs1/Gimap5/Cd3e/Cd81/H2-Ab1/Icam1/Sdc4/Ceacam1/Akt1",16
"GO:0010631","BP","GO:0010631","epithelial cell migration","14/152","328/28891",2.38458044042159e-09,5.27092187415807e-07,3.97119565758484e-07,"Lcn2/Cxcl13/Jun/Lrg1/S100a9/Dcn/Anxa3/Lgmn/Ctsh/Cd63/Apoe/Hbegf/Ceacam1/Akt1",14
"GO:0090132","BP","GO:0090132","epithelium migration","14/152","330/28891",2.57767700325322e-09,5.27092187415807e-07,3.97119565758484e-07,"Lcn2/Cxcl13/Jun/Lrg1/S100a9/Dcn/Anxa3/Lgmn/Ctsh/Cd63/Apoe/Hbegf/Ceacam1/Akt1",14
"GO:0060326","BP","GO:0060326","cell chemotaxis","14/152","331/28891",2.67947286523937e-09,5.27092187415807e-07,3.97119565758484e-07,"Saa3/Cd74/S100a8/Cxcl13/S100a9/Ffar2/Dusp1/Agr2/Lgmn/Fcer1g/Cxcl2/Ccl4/Hbegf/Ccl3",14
"GO:0090130","BP","GO:0090130","tissue migration","14/152","332/28891",2.78491821459567e-09,5.27092187415807e-07,3.97119565758484e-07,"Lcn2/Cxcl13/Jun/Lrg1/S100a9/Dcn/Anxa3/Lgmn/Ctsh/Cd63/Apoe/Hbegf/Ceacam1/Akt1",14
"GO:0050900","BP","GO:0050900","leukocyte migration","15/152","398/28891",3.389007196425e-09,6.01336964415662e-07,4.53056751522079e-07,"Cd74/S100a8/Cxcl13/S100a9/Ffar2/Dusp1/Lgmn/Fcer1g/Cxcl2/Cd81/Ccl4/Icam1/Ccl3/Ecm1/Akt1",15
"GO:0010632","BP","GO:0010632","regulation of epithelial cell migration","12/152","250/28891",9.44375878502952e-09,1.57710771709993e-06,1.18821782360248e-06,"Lcn2/Cxcl13/Jun/Dcn/Anxa3/Lgmn/Ctsh/Cd63/Apoe/Hbegf/Ceacam1/Akt1",12
"GO:0019730","BP","GO:0019730","antimicrobial humoral response","11/152","221/28891",2.75493239023935e-08,4.34514058660529e-06,3.27369743682243e-06,"Reg3b/Jchain/Igha/Reg3g/Cxcl13/S100a9/Wfdc17/Lgals4/Pglyrp1/Cxcl2/Dmbt1",11
"GO:0001667","BP","GO:0001667","ameboidal-type cell migration","15/152","471/28891",3.18576620208715e-08,4.76020539353969e-06,3.58641380755738e-06,"Lcn2/Cxcl13/Jun/Lrg1/S100a9/Dcn/Anxa3/Lgmn/Ctsh/Cd63/Apoe/Hbegf/Sdc4/Ceacam1/Akt1",15
"GO:0030595","BP","GO:0030595","leukocyte chemotaxis","11/152","240/28891",6.39661228251553e-08,9.0799911350308e-06,6.84100850424819e-06,"Cd74/S100a8/Cxcl13/S100a9/Ffar2/Dusp1/Lgmn/Fcer1g/Cxcl2/Ccl4/Ccl3",11
"GO:0034341","BP","GO:0034341","response to type II interferon","9/152","150/28891",1.07413141939996e-07,1.40814751926341e-05,1.06092054620539e-05,"Cd74/H2-Eb1/H2-Aa/Ifitm3/Ifitm2/Capg/Ccl4/H2-Ab1/Ccl3",9
"GO:0097529","BP","GO:0097529","myeloid leukocyte migration","11/152","253/28891",1.09120272715023e-07,1.40814751926341e-05,1.06092054620539e-05,"Cd74/S100a8/Cxcl13/S100a9/Dusp1/Lgmn/Fcer1g/Cxcl2/Cd81/Ccl4/Ccl3",11
"GO:0007162","BP","GO:0007162","negative regulation of cell adhesion","12/152","315/28891",1.19458957869217e-07,1.47453904952481e-05,1.11094097203775e-05,"Cd74/H2-Aa/Dusp1/Cldn7/Epcam/Socs1/Gimap5/Plet1/Acp5/Sdc4/Ceacam1/Akt1",12
"GO:0030593","BP","GO:0030593","neutrophil chemotaxis","8/152","110/28891",1.26969510896868e-07,1.5019435059842e-05,1.13158792167735e-05,"Cd74/S100a8/Cxcl13/S100a9/Fcer1g/Cxcl2/Ccl4/Ccl3",8
"GO:0006935","BP","GO:0006935","chemotaxis","14/152","462/28891",1.71716847937171e-07,1.95001652517451e-05,1.46917320003508e-05,"Saa3/Cd74/S100a8/Cxcl13/S100a9/Ffar2/Dusp1/Agr2/Lgmn/Fcer1g/Cxcl2/Ccl4/Hbegf/Ccl3",14
"GO:0042330","BP","GO:0042330","taxis","14/152","464/28891",1.80947893810218e-07,1.97581180972003e-05,1.48860777417961e-05,"Saa3/Cd74/S100a8/Cxcl13/S100a9/Ffar2/Dusp1/Agr2/Lgmn/Fcer1g/Cxcl2/Ccl4/Hbegf/Ccl3",14
"GO:1903037","BP","GO:1903037","regulation of leukocyte cell-cell adhesion","13/152","407/28891",2.65910816727552e-07,2.72149266229727e-05,2.05041548721308e-05,"Cd74/H2-Eb1/H2-Aa/H2-Ea/Socs1/Gimap5/Cd3e/Cd81/H2-Ab1/Icam1/Sdc4/Ceacam1/Akt1",13
"GO:0050729","BP","GO:0050729","positive regulation of inflammatory response","9/152","167/28891",2.68410688778878e-07,2.72149266229727e-05,2.05041548721308e-05,"Fabp4/S100a8/Nfkbia/S100a9/Ffar2/Fcer1g/Ctss/Cd81/Ccl3",9
"GO:0032102","BP","GO:0032102","negative regulation of response to external stimulus","14/152","485/28891",3.08672595792534e-07,2.9942390662704e-05,2.25590692892659e-05,"Reg3b/Reg3g/Cxcl13/Gpx2/Dusp1/Pglyrp1/Il22/Cldn3/Apoe/Acp5/Ier3/Tspan8/Ceacam1/Akt1",14
"GO:0030098","BP","GO:0030098","lymphocyte differentiation","14/152","486/28891",3.16404269066967e-07,2.9942390662704e-05,2.25590692892659e-05,"Igkc/Cd74/H2-Aa/Bcl2/H2-Ea/Pglyrp1/Psap/Socs1/Gimap5/Cd3e/Fcer1g/Ctsl/H2-Ab1/Tpd52",14
"GO:0002449","BP","GO:0002449","lymphocyte mediated immunity","14/152","489/28891",3.4065658326356e-07,3.03481388505228e-05,2.28647663722446e-05,"Igha/Cd74/Iglc2/C1qa/H2-Ea/Lamp1/Gimap5/Ctsh/Fcer1g/Cd81/H2-Ab1/Iglc1/Icam1/Ceacam1",14
"GO:0002399","BP","GO:0002399","MHC class II protein complex assembly","4/152","12/28891",3.52761036304069e-07,3.03481388505228e-05,2.28647663722446e-05,"H2-Eb1/H2-Aa/H2-Ea/H2-Ab1",4
"GO:0002503","BP","GO:0002503","peptide antigen assembly with MHC class II protein complex","4/152","12/28891",3.52761036304069e-07,3.03481388505228e-05,2.28647663722446e-05,"H2-Eb1/H2-Aa/H2-Ea/H2-Ab1",4
"GO:0022409","BP","GO:0022409","positive regulation of cell-cell adhesion","12/152","354/28891",4.1665142589151e-07,3.47903940619411e-05,2.62116314988095e-05,"Cd74/Cxcl13/H2-Eb1/H2-Aa/H2-Ea/Socs1/Gimap5/Cd3e/Cd81/H2-Ab1/Icam1/Ceacam1",12
"GO:0002696","BP","GO:0002696","positive regulation of leukocyte activation","13/152","432/28891",5.21741742880492e-07,4.23207088010777e-05,3.18850893694184e-05,"Cd74/H2-Eb1/Jund/H2-Aa/Bcl2/H2-Ea/Lamp1/Socs1/Gimap5/Cd3e/Fcer1g/Cd81/H2-Ab1",13
"GO:1902105","BP","GO:1902105","regulation of leukocyte differentiation","12/152","363/28891",5.43403285498347e-07,4.2853386875828e-05,3.2286417430779e-05,"Cd74/Fos/Jun/H2-Aa/H2-Ea/Pglyrp1/Tmem176b/Tmem176a/Socs1/Gimap5/Ccl3/Ceacam1",12
"GO:0071621","BP","GO:0071621","granulocyte chemotaxis","8/152","135/28891",6.14486632490662e-07,4.71493932335403e-05,3.55230963647518e-05,"Cd74/S100a8/Cxcl13/S100a9/Fcer1g/Cxcl2/Ccl4/Ccl3",8
"GO:1990266","BP","GO:1990266","neutrophil migration","8/152","138/28891",7.2634286258959e-07,5.42654575497855e-05,4.08844514344058e-05,"Cd74/S100a8/Cxcl13/S100a9/Fcer1g/Cxcl2/Ccl4/Ccl3",8
"GO:0002526","BP","GO:0002526","acute inflammatory response","8/152","139/28891",7.67296467264556e-07,5.58552479631814e-05,4.20822246013921e-05,"Reg3b/Saa3/Reg3g/Saa1/Hp/Ffar2/Fcer1g/Icam1",8
"GO:0019221","BP","GO:0019221","cytokine-mediated signaling pathway","13/152","450/28891",8.24176899270374e-07,5.84959554257148e-05,4.40717752451947e-05,"Cd74/Cxcl13/Nfkbia/Ifitm3/Socs1/Fcer1g/Ifitm2/Cxcl2/Ccl4/Ccl3/Ceacam1/Ecm1/Akt1",13
"GO:1903706","BP","GO:1903706","regulation of hemopoiesis","13/152","452/28891",8.65956370277574e-07,5.9962198419952e-05,4.51764658383577e-05,"Cd74/Fos/Nfkbia/Jun/H2-Aa/H2-Ea/Pglyrp1/Tmem176b/Tmem176a/Socs1/Gimap5/Ccl3/Ceacam1",13
"GO:0050867","BP","GO:0050867","positive regulation of cell activation","13/152","454/28891",9.09615839506314e-07,6.14856992466292e-05,4.63242953853842e-05,"Cd74/H2-Eb1/Jund/H2-Aa/Bcl2/H2-Ea/Lamp1/Socs1/Gimap5/Cd3e/Fcer1g/Cd81/H2-Ab1",13
"GO:0031647","BP","GO:0031647","regulation of protein stability","11/152","316/28891",9.92682107140048e-07,6.55401047016417e-05,4.93789483894388e-05,"Cd74/Bcl2/Lamp1/Id1/Ifi30/Ctsh/Ddost/Glmp/Tspan1/Atp1b1/Cd81",11
"GO:0002396","BP","GO:0002396","MHC protein complex assembly","4/152","16/28891",1.27591483066989e-06,8.04960489838184e-05,6.0646992653128e-05,"H2-Eb1/H2-Aa/H2-Ea/H2-Ab1",4
"GO:0002501","BP","GO:0002501","peptide antigen assembly with MHC protein complex","4/152","16/28891",1.27591483066989e-06,8.04960489838184e-05,6.0646992653128e-05,"H2-Eb1/H2-Aa/H2-Ea/H2-Ab1",4
"GO:1902075","BP","GO:1902075","cellular response to salt","9/152","202/28891",1.32304425545546e-06,8.16548400269142e-05,6.15200440980663e-05,"Ly6a/Fabp4/Ly6g/Fos/Jun/Jund/Lgmn/Ly6e/Ly6c1",9
"GO:0061844","BP","GO:0061844","antimicrobial humoral immune response mediated by antimicrobial peptide","8/152","151/28891",1.43484015896331e-06,8.66704513041882e-05,6.52988847259452e-05,"Reg3b/Reg3g/Cxcl13/S100a9/Lgals4/Pglyrp1/Cxcl2/Dmbt1",8
"GO:0046631","BP","GO:0046631","alpha-beta T cell activation","9/152","221/28891",2.77370567154408e-06,0.000164053133364867,0.000123600217644245,"Bcl2/H2-Ea/Psap/Socs1/Gimap5/Cd3e/Ctsl/Cd81/H2-Ab1",9
"GO:0097530","BP","GO:0097530","granulocyte migration","8/152","167/28891",3.04758484478763e-06,0.000176573334170451,0.000133033134363233,"Cd74/S100a8/Cxcl13/S100a9/Fcer1g/Cxcl2/Ccl4/Ccl3",8
"GO:0006953","BP","GO:0006953","acute-phase response","5/152","44/28891",3.47277848850933e-06,0.00019718436257756,0.000148561808182126,"Reg3b/Saa3/Reg3g/Saa1/Hp",5
"GO:2001233","BP","GO:2001233","regulation of apoptotic signaling pathway","12/152","437/28891",3.7276157302901e-06,0.000207106926271822,0.000156037624139093,"Cd74/S100a8/S100a9/Bcl2/Eno1/Ctsh/Mtch2/Ctss/Ctsl/Ier3/Icam1/Akt1",12
"GO:0050728","BP","GO:0050728","negative regulation of inflammatory response","8/152","172/28891",3.79343436637362e-06,0.000207106926271822,0.000156037624139093,"Reg3b/Reg3g/Gpx2/Pglyrp1/Il22/Apoe/Acp5/Ier3",8
"GO:2000516","BP","GO:2000516","positive regulation of CD4-positive, alpha-beta T cell activation","5/152","45/28891",3.89036845331398e-06,0.000208391623376573,0.000157005535196306,"H2-Ea/Socs1/Gimap5/Cd3e/Cd81",5
"GO:0043542","BP","GO:0043542","endothelial cell migration","9/152","231/28891",3.97977865239419e-06,0.000209233177669391,0.000157639575471052,"Lcn2/Cxcl13/S100a9/Dcn/Anxa3/Lgmn/Apoe/Ceacam1/Akt1",9
"GO:1903034","BP","GO:1903034","regulation of response to wounding","8/152","174/28891",4.13234134080318e-06,0.000212837602211376,0.000160355205759447,"Reg3b/Reg3g/S100a9/Cldn3/Apoe/Hbegf/Tspan8/Ceacam1",8
"GO:0051251","BP","GO:0051251","positive regulation of lymphocyte activation","11/152","367/28891",4.19827605630047e-06,0.000212837602211376,0.000160355205759447,"Cd74/H2-Eb1/H2-Aa/Bcl2/H2-Ea/Lamp1/Socs1/Gimap5/Cd3e/Cd81/H2-Ab1",11
"GO:0042060","BP","GO:0042060","wound healing","11/152","370/28891",4.53591823083718e-06,0.00022592055890082,0.000170212111635478,"Reg3g/Lrg1/S100a9/Cldn3/Plet1/Fcer1g/Apoe/Hbegf/Tspan8/Sdc4/Ceacam1",11
"GO:0010594","BP","GO:0010594","regulation of endothelial cell migration","8/152","177/28891",4.68865882608684e-06,0.000229501765642423,0.000172910249266941,"Lcn2/Cxcl13/Dcn/Anxa3/Lgmn/Apoe/Ceacam1/Akt1",8
"GO:0045862","BP","GO:0045862","positive regulation of proteolysis","11/152","372/28891",4.77399310379283e-06,0.000229718074943523,0.000173073220105389,"S100a8/S100a9/Eno1/Lgmn/Cldn3/Ctsh/Mtch2/Ctss/Apoe/Ctsl/Akt1",11
"GO:0016064","BP","GO:0016064","immunoglobulin mediated immune response","10/152","303/28891",5.01532333527058e-06,0.000233418081128413,0.000175860863110782,"Igha/Cd74/Iglc2/C1qa/H2-Ea/Gimap5/Fcer1g/Cd81/H2-Ab1/Iglc1",10
"GO:1903039","BP","GO:1903039","positive regulation of leukocyte cell-cell adhesion","10/152","303/28891",5.01532333527058e-06,0.000233418081128413,0.000175860863110782,"Cd74/H2-Eb1/H2-Aa/H2-Ea/Socs1/Gimap5/Cd3e/Cd81/H2-Ab1/Icam1",10
"GO:0061041","BP","GO:0061041","regulation of wound healing","7/152","128/28891",5.39266574283781e-06,0.000246455448251629,0.000185683421088712,"Reg3g/S100a9/Cldn3/Apoe/Hbegf/Tspan8/Ceacam1",7
"GO:0019724","BP","GO:0019724","B cell mediated immunity","10/152","306/28891",5.46907123629891e-06,0.000246455448251629,0.000185683421088712,"Igha/Cd74/Iglc2/C1qa/H2-Ea/Gimap5/Fcer1g/Cd81/H2-Ab1/Iglc1",10
"GO:0052547","BP","GO:0052547","regulation of peptidase activity","12/152","457/28891",5.8694213901378e-06,0.000260363864478144,0.000196162241196711,"S100a8/S100a9/Serpinb1a/Lgmn/Cldn3/Ctsh/Mtch2/Ctss/Serpina3g/Ctsl/Ecm1/Akt1",12
"GO:0006979","BP","GO:0006979","response to oxidative stress","11/152","389/28891",7.28025907806475e-06,0.000317979315732705,0.000239570630714616,"Reg3b/Lcn2/Gpx2/Fos/Jun/Bcl2/Psap/Apoe/Idh1/Mgst1/Akt1",11
"GO:0010952","BP","GO:0010952","positive regulation of peptidase activity","8/152","193/28891",8.84851124329404e-06,0.000380620051813815,0.000286765149064968,"S100a8/S100a9/Lgmn/Cldn3/Ctsh/Mtch2/Ctss/Ctsl",8
"GO:0031348","BP","GO:0031348","negative regulation of defense response","10/152","330/28891",1.0569023533214e-05,0.000445904290056365,0.000335951323629348,"Reg3b/Reg3g/Gpx2/Pglyrp1/Il22/Apoe/Acp5/Ier3/Ceacam1/Akt1",10
"GO:1903035","BP","GO:1903035","negative regulation of response to wounding","6/152","94/28891",1.06803422767992e-05,0.000445904290056365,0.000335951323629348,"Reg3b/Reg3g/Cldn3/Apoe/Tspan8/Ceacam1",6
"GO:0071674","BP","GO:0071674","mononuclear cell migration","8/152","199/28891",1.10579786975862e-05,0.000454979732209382,0.000342788904858814,"Cxcl13/Dusp1/Lgmn/Ccl4/Icam1/Ccl3/Ecm1/Akt1",8
"GO:0044403","BP","GO:0044403","biological process involved in symbiotic interaction","9/152","264/28891",1.16605935608289e-05,0.000472920358845617,0.000356305655873749,"Cd74/Gpx2/Jun/Pglyrp1/Ifitm3/Ifitm2/Ly6e/Apoe/Icam1",9
"GO:0002460","BP","GO:0002460","adaptive immune response based on somatic recombination of immune receptors built from immunoglobulin superfamily domains","12/152","491/28891",1.20433105753368e-05,0.000480125641766919,0.000361734229647348,"Igha/Cd74/Iglc2/C1qa/H2-Ea/Gimap5/Ctsh/Fcer1g/Cd81/H2-Ab1/Iglc1/Icam1",12
"GO:0050863","BP","GO:0050863","regulation of T cell activation","11/152","411/28891",1.21764868641135e-05,0.000480125641766919,0.000361734229647348,"Cd74/H2-Eb1/H2-Aa/H2-Ea/Socs1/Gimap5/Cd3e/Cd81/H2-Ab1/Sdc4/Ceacam1",11
"GO:0050830","BP","GO:0050830","defense response to Gram-positive bacterium","8/152","203/28891",1.27756260934549e-05,0.000496849349031759,0.000374334134418173,"Reg3b/Pla2g2a/Reg3g/Lyz2/Pglyrp1/Sprr2a3/Dmbt1/Acp5",8
"GO:0030217","BP","GO:0030217","T cell differentiation","10/152","339/28891",1.33366241804133e-05,0.000511657784435047,0.000385491043166429,"Cd74/H2-Aa/Bcl2/H2-Ea/Psap/Socs1/Gimap5/Cd3e/Fcer1g/Ctsl",10
"GO:1902074","BP","GO:1902074","response to salt","10/152","343/28891",1.47543744231661e-05,0.000545027650546886,0.000410632426507211,"Ly6a/Fabp4/Ly6g/Fos/Jun/Jund/Hnrnpd/Lgmn/Ly6e/Ly6c1",10
"GO:0002573","BP","GO:0002573","myeloid leukocyte differentiation","9/152","272/28891",1.47823631884855e-05,0.000545027650546886,0.000410632426507211,"Cd74/Fos/Jun/Socs1/Gimap5/Fcer1g/Cd81/Ccl3/Ceacam1",9
"GO:0006898","BP","GO:0006898","receptor-mediated endocytosis","9/152","272/28891",1.47823631884855e-05,0.000545027650546886,0.000410632426507211,"Ifitm3/Fcer1g/Cd63/Dmbt1/Cltb/Apoe/Cd81/Cd2ap/Ceacam1",9
"GO:0022408","BP","GO:0022408","negative regulation of cell-cell adhesion","8/152","209/28891",1.57703229269945e-05,0.000573999317817148,0.000432460137485195,"Cd74/H2-Aa/Epcam/Socs1/Gimap5/Sdc4/Ceacam1/Akt1",8
"GO:0050870","BP","GO:0050870","positive regulation of T cell activation","9/152","277/28891",1.70746556872552e-05,0.000613606930330603,0.000462301137328483,"Cd74/H2-Eb1/H2-Aa/H2-Ea/Socs1/Gimap5/Cd3e/Cd81/H2-Ab1",9
"GO:1903038","BP","GO:1903038","negative regulation of leukocyte cell-cell adhesion","7/152","153/28891",1.73249576430829e-05,0.000614819434358906,0.000463214656983481,"Cd74/H2-Aa/Socs1/Gimap5/Sdc4/Ceacam1/Akt1",7
"GO:0046635","BP","GO:0046635","positive regulation of alpha-beta T cell activation","6/152","103/28891",1.8041083291122e-05,0.000618364013139195,0.0004658851985313,"H2-Ea/Socs1/Gimap5/Cd3e/Cd81/H2-Ab1",6
"GO:1902107","BP","GO:1902107","positive regulation of leukocyte differentiation","8/152","213/28891",1.80782716063942e-05,0.000618364013139195,0.0004658851985313,"Cd74/Fos/Jun/H2-Aa/H2-Ea/Socs1/Gimap5/Ccl3",8
"GO:1903708","BP","GO:1903708","positive regulation of hemopoiesis","8/152","213/28891",1.80782716063942e-05,0.000618364013139195,0.0004658851985313,"Cd74/Fos/Jun/H2-Aa/H2-Ea/Socs1/Gimap5/Ccl3",8
"GO:0010634","BP","GO:0010634","positive regulation of epithelial cell migration","7/152","162/28891",2.50466930829616e-05,0.00084651859122057,0.000637780455445838,"Lcn2/Jun/Anxa3/Lgmn/Ctsh/Hbegf/Akt1",7
"GO:0070371","BP","GO:0070371","ERK1 and ERK2 cascade","10/152","367/28891",2.62977666927429e-05,0.00087365655746651,0.000658226627156319,"Pla2g2a/Cd74/Jun/Dusp1/Ctsh/Apoe/Ccl4/Icam1/Ccl3/Ceacam1",10
"GO:0046597","BP","GO:0046597","negative regulation of viral entry into host cell","4/152","33/28891",2.67578100837142e-05,0.00087365655746651,0.000658226627156319,"Cd74/Ifitm3/Ifitm2/Ly6e",4
"GO:0050866","BP","GO:0050866","negative regulation of cell activation","8/152","225/28891",2.67728497709005e-05,0.00087365655746651,0.000658226627156319,"Cd74/H2-Aa/Pglyrp1/Socs1/Gimap5/Apoe/Sdc4/Ceacam1",8
"GO:0072676","BP","GO:0072676","lymphocyte migration","6/152","112/28891",2.90369359696064e-05,0.000936771150201281,0.000705778156581822,"Cxcl13/Ccl4/Icam1/Ccl3/Ecm1/Akt1",6
"GO:1901652","BP","GO:1901652","response to peptide","11/152","464/28891",3.70402911996993e-05,0.00118154367096569,0.000890193633563443,"Reg3b/Reg3g/Nfkbia/Lgmn/Socs1/Serpina3g/Socs2/Icam1/Ceacam1/Akt1/Cyc1",11
"GO:0055094","BP","GO:0055094","response to lipoprotein particle","4/152","36/28891",3.80486560654525e-05,0.00120022371744244,0.000904267475146192,"Fcer1g/Apoe/Cd81/Akt1",4
"GO:0051250","BP","GO:0051250","negative regulation of lymphocyte activation","7/152","174/28891",3.95546710085982e-05,0.00123401880212539,0.000929729224863754,"Cd74/H2-Aa/Pglyrp1/Socs1/Gimap5/Sdc4/Ceacam1",7
"GO:0090559","BP","GO:0090559","regulation of membrane permeability","5/152","73/28891",4.24883596626869e-05,0.00131113535959096,0.000987830055315557,"Bcl2/Cldn3/Gimap5/Mtch2/Ier3",5
"GO:0030336","BP","GO:0030336","negative regulation of cell migration","9/152","313/28891",4.43725866672084e-05,0.0013545567048194,0.00102054438152538,"Cd74/Cxcl13/Bcl2/Dcn/Dusp1/Cldn3/Cd63/Apoe/Akt1",9
"GO:0062014","BP","GO:0062014","negative regulation of small molecule metabolic process","6/152","121/28891",4.48718208484053e-05,0.00135522446158109,0.00102104747999955,"Mtch2/Apoe/Ier3/Ddit4/Ceacam1/Akt1",6
"GO:1903901","BP","GO:1903901","negative regulation of viral life cycle","4/152","38/28891",4.72913002311313e-05,0.00141326317217034,0.00106477475977461,"Cd74/Ifitm3/Ifitm2/Ly6e",4
"GO:1902106","BP","GO:1902106","negative regulation of leukocyte differentiation","6/152","123/28891",4.91871963372881e-05,0.00145460885834959,0.00109592525172554,"Cd74/Pglyrp1/Tmem176b/Tmem176a/Socs1/Ceacam1",6
"GO:0071402","BP","GO:0071402","cellular response to lipoprotein particle stimulus","4/152","39/28891",5.24811025194891e-05,0.00153601907270958,0.00115726099098863,"Fcer1g/Apoe/Cd81/Akt1",4
"GO:0002685","BP","GO:0002685","regulation of leukocyte migration","8/152","249/28891",5.485012936798e-05,0.00158897466607852,0.00119715857009383,"Cd74/Cxcl13/Dusp1/Lgmn/Cd81/Icam1/Ecm1/Akt1",8
"GO:0019058","BP","GO:0019058","viral life cycle","8/152","250/28891",5.64140938494308e-05,0.00161777386301549,0.00121885633920301,"Cd74/Bcl2/Ifitm3/Spcs1/Ifitm2/Ly6e/Apoe/Icam1",8
"GO:2000146","BP","GO:2000146","negative regulation of cell motility","9/152","326/28891",6.06936523942725e-05,0.0017230927914734,0.00129820528068591,"Cd74/Cxcl13/Bcl2/Dcn/Dusp1/Cldn3/Cd63/Apoe/Akt1",9
"GO:0097193","BP","GO:0097193","intrinsic apoptotic signaling pathway","9/152","327/28891",6.2135052454951e-05,0.00174654865266937,0.00131587729638833,"Cd74/S100a8/S100a9/Bcl2/Eno1/Mtch2/Ier3/Ddit4/Akt1",9
"GO:0043368","BP","GO:0043368","positive T cell selection","4/152","41/28891",6.40904965333409e-05,0.00175176391078678,0.00131980655409382,"Cd74/Bcl2/Cd3e/Ctsl",4
"GO:1903707","BP","GO:1903707","negative regulation of hemopoiesis","6/152","129/28891",6.41611676492736e-05,0.00175176391078678,0.00131980655409382,"Cd74/Pglyrp1/Tmem176b/Tmem176a/Socs1/Ceacam1",6
"GO:0016032","BP","GO:0016032","viral process","9/152","329/28891",6.51045638924337e-05,0.00175176391078678,0.00131980655409382,"Cd74/Jun/Bcl2/Ifitm3/Spcs1/Ifitm2/Ly6e/Apoe/Icam1",9
"GO:1990868","BP","GO:1990868","response to chemokine","5/152","80/28891",6.60228032596637e-05,0.00175176391078678,0.00131980655409382,"Cxcl13/Dusp1/Cxcl2/Ccl4/Ccl3",5
"GO:1990869","BP","GO:1990869","cellular response to chemokine","5/152","80/28891",6.60228032596637e-05,0.00175176391078678,0.00131980655409382,"Cxcl13/Dusp1/Cxcl2/Ccl4/Ccl3",5
"GO:2000514","BP","GO:2000514","regulation of CD4-positive, alpha-beta T cell activation","5/152","80/28891",6.60228032596637e-05,0.00175176391078678,0.00131980655409382,"H2-Ea/Socs1/Gimap5/Cd3e/Cd81",5
"GO:0035710","BP","GO:0035710","CD4-positive, alpha-beta T cell activation","6/152","131/28891",6.98899363261882e-05,0.00183719934472267,0.0013841749572594,"H2-Ea/Socs1/Gimap5/Cd3e/Ctsl/Cd81",6
"GO:0095500","BP","GO:0095500","acetylcholine receptor signaling pathway","4/152","43/28891",7.74667447951406e-05,0.0020176888850771,0.00152015862311662,"Ly6a/Ly6g/Ly6e/Ly6c1",4
"GO:2001242","BP","GO:2001242","regulation of intrinsic apoptotic signaling pathway","7/152","194/28891",7.8626230828209e-05,0.00202927153928441,0.00152888517744422,"Cd74/S100a8/S100a9/Bcl2/Eno1/Mtch2/Akt1",7
"GO:0070372","BP","GO:0070372","regulation of ERK1 and ERK2 cascade","9/152","343/28891",8.94322532391359e-05,0.00228737087338655,0.00172334128574608,"Pla2g2a/Cd74/Jun/Dusp1/Apoe/Ccl4/Icam1/Ccl3/Ceacam1",9
"GO:0050678","BP","GO:0050678","regulation of epithelial cell proliferation","10/152","426/28891",9.1324052634329e-05,0.00230162556778142,0.00173408099728661,"Pla2g2a/Reg3g/Jun/Lrg1/Id1/Apoe/Ctsl/Ceacam1/Ecm1/Akt1",10
"GO:1905145","BP","GO:1905145","cellular response to acetylcholine","4/152","45/28891",9.2766216837754e-05,0.00230162556778142,0.00173408099728661,"Ly6a/Ly6g/Ly6e/Ly6c1",4
"GO:0046632","BP","GO:0046632","alpha-beta T cell differentiation","6/152","138/28891",9.32324551936822e-05,0.00230162556778142,0.00173408099728661,"Bcl2/H2-Ea/Psap/Socs1/Gimap5/Ctsl",6
"GO:0050868","BP","GO:0050868","negative regulation of T cell activation","6/152","138/28891",9.32324551936822e-05,0.00230162556778142,0.00173408099728661,"Cd74/H2-Aa/Socs1/Gimap5/Sdc4/Ceacam1",6
"GO:0002695","BP","GO:0002695","negative regulation of leukocyte activation","7/152","206/28891",0.00011431017854173,0.00279764307655147,0.00210778841013425,"Cd74/H2-Aa/Pglyrp1/Socs1/Gimap5/Sdc4/Ceacam1",7
"GO:1905144","BP","GO:1905144","response to acetylcholine","4/152","48/28891",0.000119673544218866,0.00290387343621675,0.00218782403826122,"Ly6a/Ly6g/Ly6e/Ly6c1",4
"GO:0040013","BP","GO:0040013","negative regulation of locomotion","9/152","358/28891",0.000123551032266834,0.00297255407292833,0.00223956911299025,"Cd74/Cxcl13/Bcl2/Dcn/Dusp1/Cldn3/Cd63/Apoe/Akt1",9
"GO:0046634","BP","GO:0046634","regulation of alpha-beta T cell activation","6/152","146/28891",0.000127091360457481,0.00303203674234275,0.00228438429411411,"H2-Ea/Socs1/Gimap5/Cd3e/Cd81/H2-Ab1",6
"GO:0001906","BP","GO:0001906","cell killing","8/152","286/28891",0.000143270202403151,0.00338953420518788,0.00255372852002809,"Cxcl13/Lyz2/H2-Ea/Pglyrp1/Lamp1/Gimap5/Ctsh/Ceacam1",8
"GO:0035313","BP","GO:0035313","wound healing, spreading of epidermal cells","3/152","20/28891",0.000152409358675645,0.00357595181223269,0.00269417848481,"Lrg1/Plet1/Hbegf",3
"GO:0001936","BP","GO:0001936","regulation of endothelial cell proliferation","6/152","153/28891",0.000164122120713288,0.00381920246479529,0.00287744736228992,"Pla2g2a/Jun/Lrg1/Apoe/Ecm1/Akt1",6
"GO:0002718","BP","GO:0002718","regulation of cytokine production involved in immune response","6/152","155/28891",0.00017613172417248,0.00402288127847112,0.00303090219234101,"Cd74/Ffar2/Gimap5/Fcer1g/Acp5/Cd81",6
"GO:0046596","BP","GO:0046596","regulation of viral entry into host cell","4/152","53/28891",0.000176461440819396,0.00402288127847112,0.00303090219234101,"Cd74/Ifitm3/Ifitm2/Ly6e",4
"GO:0035994","BP","GO:0035994","response to muscle stretch","3/152","21/28891",0.000177125804793551,0.00402288127847112,0.00303090219234101,"Fos/Nfkbia/Jun",3
"GO:0051701","BP","GO:0051701","biological process involved in interaction with host","6/152","159/28891",0.000202230457671575,0.00455660531213969,0.00343301829564445,"Cd74/Pglyrp1/Ifitm3/Ifitm2/Ly6e/Icam1",6
"GO:0045820","BP","GO:0045820","negative regulation of glycolytic process","3/152","22/28891",0.00020430299114252,0.00456705662876861,0.00344089248240033,"Mtch2/Ier3/Ddit4",3
"GO:0002285","BP","GO:0002285","lymphocyte activation involved in immune response","7/152","227/28891",0.000207785272651225,0.00460861241450647,0.00347220126667179,"Cd74/H2-Ea/Pglyrp1/Lamp1/Fcer1g/Cd81/Icam1",7
"GO:0002697","BP","GO:0002697","regulation of immune effector process","10/152","473/28891",0.00021320391891186,0.00469213895961838,0.00353513148289596,"Cd74/Ffar2/H2-Ea/Pglyrp1/Lamp1/Gimap5/Fcer1g/Acp5/Cd81/Ceacam1",10
"GO:0045088","BP","GO:0045088","regulation of innate immune response","10/152","474/28891",0.000216831244473431,0.00473526079276978,0.00356762015198391,"Cd74/Reg3g/Nfkbia/Ffar2/Lamp1/Serpinb1a/Gimap5/Apoe/Ceacam1/Akt1",10
"GO:0062012","BP","GO:0062012","regulation of small molecule metabolic process","9/152","389/28891",0.000229252980750734,0.00496831459810178,0.00374320656396538,"Cd74/Eno1/Mtch2/Apoe/Ier3/Ddit4/Ceacam1/Bckdk/Akt1",9
"GO:0045765","BP","GO:0045765","regulation of angiogenesis","8/152","307/28891",0.000231823990930602,0.00498597204736347,0.00375650996468088,"Lrg1/Dcn/Id1/Anxa3/Ctsh/Rnh1/Ceacam1/Ecm1",8
"GO:0030099","BP","GO:0030099","myeloid cell differentiation","10/152","480/28891",0.000239702160809798,0.005116649883752,0.00385496470728539,"Cd74/Fos/Nfkbia/Jun/Socs1/Gimap5/Fcer1g/Cd81/Ccl3/Ceacam1",10
"GO:0002455","BP","GO:0002455","humoral immune response mediated by circulating immunoglobulin","4/152","58/28891",0.000250514266567696,0.00522948531460066,0.00393997670019782,"Igha/C1qa/Gimap5/Cd81",4
"GO:0045058","BP","GO:0045058","T cell selection","4/152","58/28891",0.000250514266567696,0.00522948531460066,0.00393997670019782,"Cd74/Bcl2/Cd3e/Ctsl",4
"GO:0052372","BP","GO:0052372","modulation by symbiont of entry into host","4/152","58/28891",0.000250514266567696,0.00522948531460066,0.00393997670019782,"Cd74/Ifitm3/Ifitm2/Ly6e",4
"GO:1901342","BP","GO:1901342","regulation of vasculature development","8/152","311/28891",0.000252936509564132,0.00524150912885089,0.00394903563145845,"Lrg1/Dcn/Id1/Anxa3/Ctsh/Rnh1/Ceacam1/Ecm1",8
"GO:0045591","BP","GO:0045591","positive regulation of regulatory T cell differentiation","3/152","24/28891",0.000266448526935284,0.005481502666444,0.00412985054715864,"H2-Ea/Socs1/Gimap5",3
"GO:0019216","BP","GO:0019216","regulation of lipid metabolic process","9/152","398/28891",0.000271223159286518,0.00553958668499586,0.0041736119626672,"Cd74/Psap/Gimap5/Apoe/Idh1/Pnpla2/Ceacam1/Akt1/Ctdnep1",9
"GO:0070374","BP","GO:0070374","positive regulation of ERK1 and ERK2 cascade","7/152","239/28891",0.000284167917176142,0.00575032747315731,0.00433238739565661,"Pla2g2a/Cd74/Jun/Apoe/Ccl4/Icam1/Ccl3",7
"GO:0046902","BP","GO:0046902","regulation of mitochondrial membrane permeability","4/152","60/28891",0.000285592171086714,0.00575032747315731,0.00433238739565661,"Bcl2/Gimap5/Mtch2/Ier3",4
"GO:0098926","BP","GO:0098926","postsynaptic signal transduction","4/152","61/28891",0.000304391366517377,0.00603755897726472,0.004548792140228,"Ly6a/Ly6g/Ly6e/Ly6c1",4
"GO:1905953","BP","GO:1905953","negative regulation of lipid localization","4/152","61/28891",0.000304391366517377,0.00603755897726472,0.004548792140228,"Nfkbia/Apoe/Pnpla2/Akt1",4
"GO:0010038","BP","GO:0010038","response to metal ion","8/152","320/28891",0.000306237581094089,0.00603755897726472,0.004548792140228,"Fabp4/Fos/Jun/Jund/Hnrnpd/Bcl2/Lgmn/Akt1",8
"GO:0034599","BP","GO:0034599","cellular response to oxidative stress","7/152","243/28891",0.000314130546436392,0.00615045945746839,0.00463385314235026,"Reg3b/Lcn2/Fos/Jun/Psap/Mgst1/Akt1",7
"GO:0002821","BP","GO:0002821","positive regulation of adaptive immune response","6/152","174/28891",0.000328392229018939,0.00638565437112855,0.00481105269910948,"Cd74/H2-Ea/Gimap5/Fcer1g/Cd81/H2-Ab1",6
"GO:0008630","BP","GO:0008630","intrinsic apoptotic signaling pathway in response to DNA damage","5/152","113/28891",0.000335468517520004,0.0064788783757775,0.00488128913426888,"Cd74/Bcl2/Mtch2/Ier3/Ddit4",5
"GO:0001935","BP","GO:0001935","endothelial cell proliferation","6/152","175/28891",0.000338594681562765,0.00649506960105872,0.0048934878587165,"Pla2g2a/Jun/Lrg1/Apoe/Ecm1/Akt1",6
"GO:0090303","BP","GO:0090303","positive regulation of wound healing","4/152","63/28891",0.000344625563205384,0.00656638908684621,0.00494722108395154,"Reg3g/S100a9/Cldn3/Hbegf",4
"GO:0002720","BP","GO:0002720","positive regulation of cytokine production involved in immune response","5/152","114/28891",0.00034938492354414,0.00661269198627875,0.00498210641853819,"Cd74/Ffar2/Gimap5/Fcer1g/Cd81",5
"GO:2001235","BP","GO:2001235","positive regulation of apoptotic signaling pathway","6/152","177/28891",0.000359743784006034,0.00676365962114656,0.00509584781526846,"S100a8/S100a9/Ctsh/Mtch2/Ctss/Ctsl",6
"GO:0002367","BP","GO:0002367","cytokine production involved in immune response","6/152","178/28891",0.000370698818335351,0.00692377595561882,0.00521648198654732,"Cd74/Ffar2/Gimap5/Fcer1g/Acp5/Cd81",6
"GO:0002523","BP","GO:0002523","leukocyte migration involved in inflammatory response","3/152","27/28891",0.000380631646690219,0.00706283166636295,0.00532124875180272,"S100a8/S100a9/Ffar2",3
"GO:0002548","BP","GO:0002548","monocyte chemotaxis","4/152","65/28891",0.000388529279495234,0.00716256249666863,0.00539638753201856,"Dusp1/Lgmn/Ccl4/Ccl3",4
"GO:0002366","BP","GO:0002366","leukocyte activation involved in immune response","8/152","333/28891",0.00039912110284829,0.00731035361926641,0.00550773569431392,"Cd74/H2-Ea/Pglyrp1/Lamp1/Anxa3/Fcer1g/Cd81/Icam1",8
"GO:0030193","BP","GO:0030193","regulation of blood coagulation","4/152","66/28891",0.000411915770050192,0.00749633891777241,0.00564785995102558,"S100a9/Apoe/Tspan8/Ceacam1",4
"GO:0071276","BP","GO:0071276","cellular response to cadmium ion","3/152","28/28891",0.000424667590966266,0.00767918019588043,0.00578561545319109,"Fos/Jun/Akt1",3
"GO:0002263","BP","GO:0002263","cell activation involved in immune response","8/152","337/28891",0.000431914307378168,0.0077607893585229,0.00584710108322743,"Cd74/H2-Ea/Pglyrp1/Lamp1/Anxa3/Fcer1g/Cd81/Icam1",8
"GO:0072593","BP","GO:0072593","reactive oxygen species metabolic process","7/152","257/28891",0.00043956316427569,0.00784756631710055,0.00591248021221272,"Lcn2/Bcl2/Il22/Acp5/Ier3/Ddit4/Akt1",7
"GO:0008637","BP","GO:0008637","apoptotic mitochondrial changes","5/152","120/28891",0.000442272141858432,0.00784756631710055,0.00591248021221272,"Jun/Bcl2/Mtch2/Ier3/Akt1",5
"GO:0071241","BP","GO:0071241","cellular response to inorganic substance","7/152","258/28891",0.000449860917469268,0.00793264065028106,0.00597657655637497,"Fabp4/Fos/Jun/Jund/Hnrnpd/Lgmn/Akt1",7
"GO:0043903","BP","GO:0043903","regulation of biological process involved in symbiotic interaction","4/152","68/28891",0.000461675975313705,0.0079920615482659,0.0060213451979297,"Cd74/Ifitm3/Ifitm2/Ly6e",4
"GO:0061045","BP","GO:0061045","negative regulation of wound healing","4/152","68/28891",0.000461675975313705,0.0079920615482659,0.0060213451979297,"Cldn3/Apoe/Tspan8/Ceacam1",4
"GO:1900046","BP","GO:1900046","regulation of hemostasis","4/152","68/28891",0.000461675975313705,0.0079920615482659,0.0060213451979297,"S100a9/Apoe/Tspan8/Ceacam1",4
"GO:0071248","BP","GO:0071248","cellular response to metal ion","6/152","187/28891",0.000481484245575234,0.00828444711023084,0.00624163309096571,"Fabp4/Fos/Jun/Jund/Lgmn/Akt1",6
"GO:0038127","BP","GO:0038127","ERBB signaling pathway","5/152","123/28891",0.00049515465220812,0.00846833769649911,0.00638017915844578,"Agr2/Lgmn/Hbegf/Ceacam1/Akt1",5
"GO:0070098","BP","GO:0070098","chemokine-mediated signaling pathway","4/152","70/28891",0.000515577407644819,0.00876481592996192,0.00660355053472595,"Cxcl13/Cxcl2/Ccl4/Ccl3",4
"GO:0015711","BP","GO:0015711","organic anion transport","9/152","436/28891",0.000525035769536554,0.00887247946258499,0.00668466593795914,"Fabp4/Car4/Psap/Apoe/Slc25a39/Gabbr1/Mgst1/Ceacam1/Akt1",9
"GO:0045582","BP","GO:0045582","positive regulation of T cell differentiation","5/152","125/28891",0.000532962385417555,0.00895313735029846,0.00674543486246324,"Cd74/H2-Aa/H2-Ea/Socs1/Gimap5",5
"GO:0009895","BP","GO:0009895","negative regulation of catabolic process","8/152","349/28891",0.000543665082980936,0.00898148535159156,0.00676679269365939,"Hnrnpd/Bcl2/Cirbp/Gimap5/Mtch2/Ier3/Ddit4/Akt1",8
"GO:0050818","BP","GO:0050818","regulation of coagulation","4/152","71/28891",0.000544140711685012,0.00898148535159156,0.00676679269365939,"S100a9/Apoe/Tspan8/Ceacam1",4
"GO:0050994","BP","GO:0050994","regulation of lipid catabolic process","4/152","71/28891",0.000544140711685012,0.00898148535159156,0.00676679269365939,"Gimap5/Idh1/Pnpla2/Akt1",4
"GO:0032956","BP","GO:0032956","regulation of actin cytoskeleton organization","8/152","351/28891",0.000564381321653652,0.00926172585072092,0.00697793030483858,"Id1/Rhoc/Rnh1/Capg/Dstn/Icam1/Sdc4/Cd2ap",8
"GO:0000302","BP","GO:0000302","response to reactive oxygen species","6/152","195/28891",0.000600210825976704,0.00979309502843599,0.00737827222253275,"Lcn2/Fos/Jun/Bcl2/Psap/Akt1",6
"GO:0045428","BP","GO:0045428","regulation of nitric oxide biosynthetic process","4/152","74/28891",0.000636568725625773,0.0102166368494402,0.00769737530934258,"Gimap5/Acp5/Icam1/Akt1",4
"GO:0002286","BP","GO:0002286","T cell activation involved in immune response","5/152","130/28891",0.000636965383004899,0.0102166368494402,0.00769737530934258,"Cd74/H2-Ea/Fcer1g/Cd81/Icam1",5
"GO:0071675","BP","GO:0071675","regulation of mononuclear cell migration","5/152","130/28891",0.000636965383004899,0.0102166368494402,0.00769737530934258,"Cxcl13/Dusp1/Lgmn/Ecm1/Akt1",5
"GO:0002763","BP","GO:0002763","positive regulation of myeloid leukocyte differentiation","4/152","75/28891",0.000669704342095918,0.0106217353475436,0.00800258290584479,"Cd74/Fos/Jun/Ccl3",4
"GO:0010633","BP","GO:0010633","negative regulation of epithelial cell migration","4/152","75/28891",0.000669704342095918,0.0106217353475436,0.00800258290584479,"Cxcl13/Dcn/Cd63/Apoe",4
"GO:0043372","BP","GO:0043372","positive regulation of CD4-positive, alpha-beta T cell differentiation","3/152","33/28891",0.000693771751326283,0.0109423222334184,0.00824411812102343,"H2-Ea/Socs1/Gimap5",3
"GO:0019080","BP","GO:0019080","viral gene expression","4/152","76/28891",0.000704043332477639,0.0110429780160443,0.00831995377490295,"Jun/Ifitm3/Spcs1/Ifitm2",4
"GO:0050821","BP","GO:0050821","protein stabilization","6/152","202/28891",0.00072170512688742,0.0112110938776321,0.00844661491605583,"Cd74/Lamp1/Ifi30/Glmp/Tspan1/Atp1b1",6
"GO:0002274","BP","GO:0002274","myeloid leukocyte activation","7/152","280/28891",0.000729691472444385,0.0112110938776321,0.00844661491605583,"Pla2g2a/Jun/Jund/C1qa/Anxa3/Gimap5/Fcer1g",7
"GO:0110053","BP","GO:0110053","regulation of actin filament organization","7/152","280/28891",0.000729691472444385,0.0112110938776321,0.00844661491605583,"Id1/Rhoc/Rnh1/Capg/Dstn/Icam1/Sdc4",7
"GO:0050829","BP","GO:0050829","defense response to Gram-negative bacterium","5/152","134/28891",0.000730557367862604,0.0112110938776321,0.00844661491605583,"Reg3b/Lypd8/Reg3g/Lyz2/Dmbt1",5
"GO:0080164","BP","GO:0080164","regulation of nitric oxide metabolic process","4/152","77/28891",0.000739609893668769,0.0112889918716432,0.00850530449312359,"Gimap5/Acp5/Icam1/Akt1",4
"GO:1904062","BP","GO:1904062","regulation of monoatomic cation transmembrane transport","8/152","367/28891",0.000754185539892439,0.0113259395255251,0.00853314143818879,"Lcn2/Bcl2/Gnb2/Gimap5/Cd63/Ctss/Atp1b1/Akt1",8
"GO:0002828","BP","GO:0002828","regulation of type 2 immune response","3/152","34/28891",0.0007579882035399,0.0113259395255251,0.00853314143818879,"Cd74/Cd81/Ecm1",3
"GO:0044319","BP","GO:0044319","wound healing, spreading of cells","3/152","34/28891",0.0007579882035399,0.0113259395255251,0.00853314143818879,"Lrg1/Plet1/Hbegf",3
"GO:0090505","BP","GO:0090505","epiboly involved in wound healing","3/152","34/28891",0.0007579882035399,0.0113259395255251,0.00853314143818879,"Lrg1/Plet1/Hbegf",3
"GO:0003158","BP","GO:0003158","endothelium development","5/152","137/28891",0.000807224201167263,0.011998479094837,0.00903984335503929,"Lcn2/Id1/Cldn3/Icam1/Ceacam1",5
"GO:0071404","BP","GO:0071404","cellular response to low-density lipoprotein particle stimulus","3/152","35/28891",0.000825865885888476,0.0120874817449621,0.00910689935513359,"Fcer1g/Cd81/Akt1",3
"GO:0090504","BP","GO:0090504","epiboly","3/152","35/28891",0.000825865885888476,0.0120874817449621,0.00910689935513359,"Lrg1/Plet1/Hbegf",3
"GO:0050670","BP","GO:0050670","regulation of lymphocyte proliferation","7/152","286/28891",0.000825985015330276,0.0120874817449621,0.00910689935513359,"Cd74/H2-Aa/Bcl2/Cd3e/Cd81/Sdc4/Ceacam1",7
"GO:0030316","BP","GO:0030316","osteoclast differentiation","5/152","138/28891",0.000834065996128678,0.0121431454513298,0.00914883726927651,"Fos/Fcer1g/Cd81/Ccl3/Ceacam1",5
"GO:1903036","BP","GO:1903036","positive regulation of response to wounding","4/152","80/28891",0.000853917390295295,0.0123687319951446,0.00931879772867906,"Reg3g/S100a9/Cldn3/Hbegf",4
"GO:0019731","BP","GO:0019731","antibacterial humoral response","5/152","140/28891",0.000889739522457509,0.0127765133033178,0.0096260265965932,"Jchain/Igha/Wfdc17/Lgals4/Dmbt1",5
"GO:0071347","BP","GO:0071347","cellular response to interleukin-1","4/152","81/28891",0.000894636726927097,0.0127765133033178,0.0096260265965932,"Saa3/Nfkbia/Ccl4/Ccl3",4
"GO:0032944","BP","GO:0032944","regulation of mononuclear cell proliferation","7/152","290/28891",0.00089557102760135,0.0127765133033178,0.0096260265965932,"Cd74/H2-Aa/Bcl2/Cd3e/Cd81/Sdc4/Ceacam1",7
"GO:0007015","BP","GO:0007015","actin filament organization","9/152","471/28891",0.00090678485128642,0.0128718109640107,0.00969782535691582,"Bcl2/Id1/Rhoc/Rnh1/Capg/Dstn/Icam1/Sdc4/Cd2ap",9
"GO:0001776","BP","GO:0001776","leukocyte homeostasis","5/152","141/28891",0.000918591639059634,0.0129103052638134,0.00972682756940686,"Cd74/Bcl2/Gimap5/Fcer1g/Akt1",5
"GO:0045621","BP","GO:0045621","positive regulation of lymphocyte differentiation","5/152","141/28891",0.000918591639059634,0.0129103052638134,0.00972682756940686,"Cd74/H2-Aa/H2-Ea/Socs1/Gimap5",5
"GO:0034614","BP","GO:0034614","cellular response to reactive oxygen species","5/152","145/28891",0.00104100904822528,0.0145587423049831,0.0109687860305614,"Lcn2/Fos/Jun/Psap/Akt1",5
"GO:0051592","BP","GO:0051592","response to calcium ion","5/152","147/28891",0.00110656841589034,0.0153997437878072,0.0116024098095416,"Fos/Jun/Jund/Hnrnpd/Lgmn",5
"GO:0014002","BP","GO:0014002","astrocyte development","3/152","39/28891",0.00113558239083339,0.0157264312564683,0.0118485412999921,"S100a8/S100a9/C1qa",3
"GO:0006809","BP","GO:0006809","nitric oxide biosynthetic process","4/152","87/28891",0.00116813017574192,0.0160396456382571,0.0120845219543347,"Gimap5/Acp5/Icam1/Akt1",4
"GO:1902903","BP","GO:1902903","regulation of supramolecular fiber organization","8/152","393/28891",0.00116949864287398,0.0160396456382571,0.0120845219543347,"Id1/Rhoc/Rnh1/Apoe/Capg/Dstn/Icam1/Sdc4",8
"GO:0046890","BP","GO:0046890","regulation of lipid biosynthetic process","6/152","222/28891",0.00117531639587402,0.0160419386917612,0.0120862495770041,"Cd74/Apoe/Idh1/Ceacam1/Akt1/Ctdnep1",6
"GO:0045589","BP","GO:0045589","regulation of regulatory T cell differentiation","3/152","40/28891",0.00122294789159536,0.0164781015765282,0.0124148615722754,"H2-Ea/Socs1/Gimap5",3
"GO:0046686","BP","GO:0046686","response to cadmium ion","3/152","40/28891",0.00122294789159536,0.0164781015765282,0.0124148615722754,"Fos/Jun/Akt1",3
"GO:0043434","BP","GO:0043434","response to peptide hormone","8/152","396/28891",0.00122729558852395,0.0164781015765282,0.0124148615722754,"Reg3b/Reg3g/Socs1/Serpina3g/Socs2/Ceacam1/Akt1/Cyc1",8
"GO:0045619","BP","GO:0045619","regulation of lymphocyte differentiation","6/152","224/28891",0.00123048874048044,0.0164781015765282,0.0124148615722754,"Cd74/H2-Aa/H2-Ea/Pglyrp1/Socs1/Gimap5",6
"GO:0032692","BP","GO:0032692","negative regulation of interleukin-1 production","3/152","41/28891",0.00131443663331079,0.0174570777668535,0.0131524376716213,"Serpinb1a/Acp5/Ceacam1",3
"GO:0043523","BP","GO:0043523","regulation of neuron apoptotic process","7/152","310/28891",0.00131589103279558,0.0174570777668535,0.0131524376716213,"Lcn2/Jun/Bcl2/Ube2m/Lgmn/Apoe/Ccl3",7
"GO:0032496","BP","GO:0032496","response to lipopolysaccharide","8/152","401/28891",0.00132866999416194,0.0174633986732674,0.0131571999421885,"S100a8/Cxcl13/Nfkbia/S100a9/Cxcl2/Acp5/Mgst1/Akt1",8
"GO:0048872","BP","GO:0048872","homeostasis of number of cells","8/152","401/28891",0.00132866999416194,0.0174633986732674,0.0131571999421885,"Pla2g2a/Cd74/Bcl2/Gimap5/Fcer1g/Mtch2/Trgc1/Akt1",8
"GO:0032970","BP","GO:0032970","regulation of actin filament-based process","8/152","402/28891",0.00134972275139255,0.0176583543373431,0.0133040826137747,"Id1/Rhoc/Rnh1/Capg/Dstn/Icam1/Sdc4/Cd2ap",8
"GO:0002761","BP","GO:0002761","regulation of myeloid leukocyte differentiation","5/152","154/28891",0.00136030262016181,0.0177151336634834,0.0133468610534466,"Cd74/Fos/Jun/Ccl3/Ceacam1",5
"GO:0071277","BP","GO:0071277","cellular response to calcium ion","4/152","91/28891",0.00138002747381445,0.0178899451970741,0.0134785668194711,"Fos/Jun/Jund/Lgmn",4
"GO:0070663","BP","GO:0070663","regulation of leukocyte proliferation","7/152","313/28891",0.00139038698303425,0.0179423120219739,0.0135180208111273,"Cd74/H2-Aa/Bcl2/Cd3e/Cd81/Sdc4/Ceacam1",7
"GO:0042119","BP","GO:0042119","neutrophil activation","3/152","42/28891",0.00141012036740397,0.0180902801100577,0.0136295023020105,"Pla2g2a/Anxa3/Fcer1g",3
"GO:0001818","BP","GO:0001818","negative regulation of cytokine production","7/152","314/28891",0.00141593820130633,0.0180902801100577,0.0136295023020105,"Pglyrp1/Serpinb1a/Gimap5/Anxa4/Acp5/Cd2ap/Ceacam1",7
"GO:0046209","BP","GO:0046209","nitric oxide metabolic process","4/152","92/28891",0.00143691986751051,0.0180902801100577,0.0136295023020105,"Gimap5/Acp5/Icam1/Akt1",4
"GO:0051881","BP","GO:0051881","regulation of mitochondrial membrane potential","4/152","92/28891",0.00143691986751051,0.0180902801100577,0.0136295023020105,"Bcl2/Dcn/Mtch2/Akt1",4
"GO:0141060","BP","GO:0141060","disruption of anatomical structure in another organism","5/152","156/28891",0.00144008570090632,0.0180902801100577,0.0136295023020105,"Reg3b/Reg3g/Cxcl13/Lyz2/Pglyrp1",5
"GO:1903900","BP","GO:1903900","regulation of viral life cycle","5/152","156/28891",0.00144008570090632,0.0180902801100577,0.0136295023020105,"Cd74/Bcl2/Ifitm3/Ifitm2/Ly6e",5
"GO:1903911","BP","GO:1903911","positive regulation of receptor clustering","2/152","11/28891",0.00146602698044504,0.0182809307986267,0.0137731415371645,"Grip2/Cd81",2
"GO:0062197","BP","GO:0062197","cellular response to chemical stress","7/152","316/28891",0.00146814097290838,0.0182809307986267,0.0137731415371645,"Reg3b/Lcn2/Fos/Jun/Psap/Mgst1/Akt1",7
"GO:0097028","BP","GO:0097028","dendritic cell differentiation","3/152","43/28891",0.00151006938909964,0.0187209039111523,0.0141046242181129,"Tmem176b/Tmem176a/Gimap5",3
"GO:0043525","BP","GO:0043525","positive regulation of neuron apoptotic process","4/152","94/28891",0.00155557519246635,0.0191180864563288,0.0144038678108527,"Lcn2/Jun/Ube2m/Ccl3",4
"GO:2001057","BP","GO:2001057","reactive nitrogen species metabolic process","4/152","94/28891",0.00155557519246635,0.0191180864563288,0.0144038678108527,"Gimap5/Acp5/Icam1/Akt1",4
"GO:0050679","BP","GO:0050679","positive regulation of epithelial cell proliferation","6/152","235/28891",0.00157023702694898,0.0192150987909834,0.0144769584335768,"Reg3g/Jun/Lrg1/Id1/Ecm1/Akt1",6
"GO:0002700","BP","GO:0002700","regulation of production of molecular mediator of immune response","6/152","236/28891",0.00160433258195136,0.0195394017980406,0.0147212934330541,"Cd74/Ffar2/Gimap5/Fcer1g/Acp5/Cd81",6
"GO:0010543","BP","GO:0010543","regulation of platelet activation","3/152","44/28891",0.00161435255356358,0.0195394017980406,0.0147212934330541,"Fcer1g/Apoe/Ceacam1",3
"GO:0002260","BP","GO:0002260","lymphocyte homeostasis","4/152","95/28891",0.0016173862002605,0.0195394017980406,0.0147212934330541,"Cd74/Bcl2/Gimap5/Akt1",4
"GO:0045637","BP","GO:0045637","regulation of myeloid cell differentiation","6/152","237/28891",0.00163898865564865,0.0197164779380784,0.0148547053892866,"Cd74/Fos/Nfkbia/Jun/Ccl3/Ceacam1",6
"GO:0010721","BP","GO:0010721","negative regulation of cell development","7/152","323/28891",0.00166278549063578,0.0199183460249577,0.0150067959892157,"Cd74/Pglyrp1/Tmem176b/Id1/Tmem176a/Socs1/Ceacam1",7
"GO:0070555","BP","GO:0070555","response to interleukin-1","4/152","96/28891",0.00168088474111016,0.0200505536975284,0.0151064033345239,"Saa3/Nfkbia/Ccl4/Ccl3",4
"GO:0045066","BP","GO:0045066","regulatory T cell differentiation","3/152","45/28891",0.00172303729190113,0.0200695000445346,0.0151206778111249,"H2-Ea/Socs1/Gimap5",3
"GO:0002699","BP","GO:0002699","positive regulation of immune effector process","7/152","326/28891",0.00175210868927576,0.0200695000445346,0.0151206778111249,"Cd74/Ffar2/H2-Ea/Lamp1/Gimap5/Fcer1g/Cd81",7
"GO:0002361","BP","GO:0002361","CD4-positive, CD25-positive, alpha-beta regulatory T cell differentiation","2/152","12/28891",0.00175316520290405,0.0200695000445346,0.0151206778111249,"H2-Ea/Gimap5",2
"GO:0002579","BP","GO:0002579","positive regulation of antigen processing and presentation","2/152","12/28891",0.00175316520290405,0.0200695000445346,0.0151206778111249,"Cd74/H2-Ab1",2
"GO:0033632","BP","GO:0033632","regulation of cell-cell adhesion mediated by integrin","2/152","12/28891",0.00175316520290405,0.0200695000445346,0.0151206778111249,"Cxcl13/Cd3e",2
"GO:0045617","BP","GO:0045617","negative regulation of keratinocyte differentiation","2/152","12/28891",0.00175316520290405,0.0200695000445346,0.0151206778111249,"Reg3b/Reg3g",2
"GO:0046166","BP","GO:0046166","glyceraldehyde-3-phosphate biosynthetic process","2/152","12/28891",0.00175316520290405,0.0200695000445346,0.0151206778111249,"Eno1/Tkt",2
"GO:0106015","BP","GO:0106015","negative regulation of inflammatory response to wounding","2/152","12/28891",0.00175316520290405,0.0200695000445346,0.0151206778111249,"Reg3b/Reg3g",2
"GO:1903431","BP","GO:1903431","positive regulation of cell maturation","2/152","12/28891",0.00175316520290405,0.0200695000445346,0.0151206778111249,"Grip2/Bcl2",2
"GO:2000563","BP","GO:2000563","positive regulation of CD4-positive, alpha-beta T cell proliferation","2/152","12/28891",0.00175316520290405,0.0200695000445346,0.0151206778111249,"Cd3e/Cd81",2
"GO:0002706","BP","GO:0002706","regulation of lymphocyte mediated immunity","6/152","241/28891",0.00178333828485724,0.0203329212478301,0.015319143499598,"H2-Ea/Lamp1/Gimap5/Fcer1g/Cd81/Ceacam1",6
"GO:0002237","BP","GO:0002237","response to molecule of bacterial origin","8/152","421/28891",0.00180279698603687,0.0204725625734346,0.0154243514763238,"S100a8/Cxcl13/Nfkbia/S100a9/Cxcl2/Acp5/Mgst1/Akt1",8
"GO:0030195","BP","GO:0030195","negative regulation of blood coagulation","3/152","46/28891",0.00183618962701453,0.0207686946258735,0.0156474620343616,"Apoe/Tspan8/Ceacam1",3
"GO:0043367","BP","GO:0043367","CD4-positive, alpha-beta T cell differentiation","4/152","99/28891",0.00188174437255643,0.0211157006865127,0.0159089018724139,"H2-Ea/Socs1/Gimap5/Ctsl",4
"GO:0046718","BP","GO:0046718","viral entry into host cell","4/152","99/28891",0.00188174437255643,0.0211157006865127,0.0159089018724139,"Cd74/Ifitm3/Ifitm2/Ly6e",4
"GO:0002824","BP","GO:0002824","positive regulation of adaptive immune response based on somatic recombination of immune receptors built from immunoglobulin superfamily domains","5/152","166/28891",0.00189169345617977,0.0211437705594266,0.0159300501573033,"H2-Ea/Gimap5/Fcer1g/Cd81/H2-Ab1",5
"GO:0002440","BP","GO:0002440","production of molecular mediator of immune response","8/152","425/28891",0.00191194297156829,0.0212862984167936,0.0160374328925769,"Cd74/Ffar2/Lgals4/Gimap5/Fcer1g/Acp5/Cd81/H2-Ab1",8
"GO:1900047","BP","GO:1900047","negative regulation of hemostasis","3/152","47/28891",0.00195387418932015,0.0216681594667183,0.0163251330291881,"Apoe/Tspan8/Ceacam1",3
"GO:2000377","BP","GO:2000377","regulation of reactive oxygen species metabolic process","5/152","168/28891",0.00199316650517334,0.0220178976972261,0.0165886313271031,"Lcn2/Bcl2/Acp5/Ier3/Akt1",5
"GO:0003018","BP","GO:0003018","vascular process in circulatory system","6/152","247/28891",0.00201770629688969,0.0221916102373077,0.0167195090940877,"Grip2/Apoe/Ccl4/Icam1/Ceacam1/Akt1",6
"GO:0019915","BP","GO:0019915","lipid storage","4/152","101/28891",0.00202452520305132,0.0221916102373077,0.0167195090940877,"Nfkbia/Ffar2/Apoe/Pnpla2",4
"GO:0002468","BP","GO:0002468","dendritic cell antigen processing and presentation","2/152","13/28891",0.00206477989592193,0.0224594257644535,0.0169212855354441,"Cd74/H2-Ea",2
"GO:0048241","BP","GO:0048241","epinephrine transport","2/152","13/28891",0.00206477989592193,0.0224594257644535,0.0169212855354441,"Ly6e/Gabbr1",2
"GO:0043114","BP","GO:0043114","regulation of vascular permeability","3/152","48/28891",0.0020761542323269,0.0224969536854048,0.0169495596628696,"Apoe/Ccl4/Ceacam1",3
"GO:0002708","BP","GO:0002708","positive regulation of lymphocyte mediated immunity","5/152","170/28891",0.00209856262837801,0.022653305330666,0.0170673574579312,"H2-Ea/Lamp1/Gimap5/Fcer1g/Cd81",5
"GO:0002702","BP","GO:0002702","positive regulation of production of molecular mediator of immune response","5/152","171/28891",0.0021527595833286,0.0231503199131435,0.017441816081833,"Cd74/Ffar2/Gimap5/Fcer1g/Cd81",5
"GO:0044409","BP","GO:0044409","entry into host","4/152","103/28891",0.00217462618305292,0.0232972216365556,0.0175524941567568,"Cd74/Ifitm3/Ifitm2/Ly6e",4
"GO:0030890","BP","GO:0030890","positive regulation of B cell proliferation","3/152","49/28891",0.00220309164807672,0.0234253827299243,0.0176490527454835,"Cd74/Bcl2/Cd81",3
"GO:0050819","BP","GO:0050819","negative regulation of coagulation","3/152","49/28891",0.00220309164807672,0.0234253827299243,0.0176490527454835,"Apoe/Tspan8/Ceacam1",3
"GO:0002819","BP","GO:0002819","regulation of adaptive immune response","6/152","252/28891",0.00223021466920299,0.0235685441109032,0.0177569127874364,"Cd74/H2-Ea/Gimap5/Fcer1g/Cd81/H2-Ab1",6
"GO:0001938","BP","GO:0001938","positive regulation of endothelial cell proliferation","4/152","104/28891",0.00225248045501669,0.0235685441109032,0.0177569127874364,"Jun/Lrg1/Ecm1/Akt1",4
"GO:0006096","BP","GO:0006096","glycolytic process","4/152","104/28891",0.00225248045501669,0.0235685441109032,0.0177569127874364,"Eno1/Mtch2/Ier3/Ddit4",4
"GO:0007173","BP","GO:0007173","epidermal growth factor receptor signaling pathway","4/152","104/28891",0.00225248045501669,0.0235685441109032,0.0177569127874364,"Agr2/Hbegf/Ceacam1/Akt1",4
"GO:0030856","BP","GO:0030856","regulation of epithelial cell differentiation","5/152","173/28891",0.00226420688299817,0.0235685441109032,0.0177569127874364,"Reg3b/Reg3g/Id1/Dmbt1/Ceacam1",5
"GO:0051047","BP","GO:0051047","positive regulation of secretion","8/152","437/28891",0.00227098313758739,0.0235685441109032,0.0177569127874364,"S100a8/S100a9/Ffar2/Lamp1/Fcer1g/Gabbr1/Sdc4/Cd2ap",8
"GO:2001234","BP","GO:2001234","negative regulation of apoptotic signaling pathway","6/152","253/28891",0.00227466751898115,0.0235685441109032,0.0177569127874364,"Cd74/Bcl2/Eno1/Ier3/Icam1/Akt1",6
"GO:0001933","BP","GO:0001933","negative regulation of protein phosphorylation","7/152","342/28891",0.00229331194058865,0.0236753185430224,0.0178373583283297,"Fabp4/Jun/Dusp1/Socs1/Apoe/Ceacam1/Akt1",7
"GO:0048525","BP","GO:0048525","negative regulation of viral process","4/152","105/28891",0.0023322350759165,0.0238429736804698,0.01796367235265,"Cd74/Ifitm3/Ifitm2/Ly6e",4
"GO:0010837","BP","GO:0010837","regulation of keratinocyte proliferation","3/152","50/28891",0.00233474698244826,0.0238429736804698,0.01796367235265,"Reg3g/Lrg1/Ctsl",3
"GO:0042092","BP","GO:0042092","type 2 immune response","3/152","50/28891",0.00233474698244826,0.0238429736804698,0.01796367235265,"Cd74/Cd81/Ecm1",3
"GO:0007596","BP","GO:0007596","blood coagulation","5/152","175/28891",0.00237979964778915,0.0239976370158983,0.0180801981484605,"S100a9/Fcer1g/Apoe/Tspan8/Ceacam1",5
"GO:0045060","BP","GO:0045060","negative thymic T cell selection","2/152","14/28891",0.00240060898644421,0.0239976370158983,0.0180801981484605,"Cd74/Cd3e",2
"GO:0090713","BP","GO:0090713","immunological memory process","2/152","14/28891",0.00240060898644421,0.0239976370158983,0.0180801981484605,"H2-Ea/Cd81",2
"GO:0097113","BP","GO:0097113","AMPA glutamate receptor clustering","2/152","14/28891",0.00240060898644421,0.0239976370158983,0.0180801981484605,"Grip2/Apoe",2
"GO:0097688","BP","GO:0097688","glutamate receptor clustering","2/152","14/28891",0.00240060898644421,0.0239976370158983,0.0180801981484605,"Grip2/Apoe",2
"GO:0106014","BP","GO:0106014","regulation of inflammatory response to wounding","2/152","14/28891",0.00240060898644421,0.0239976370158983,0.0180801981484605,"Reg3b/Reg3g",2
"GO:0009410","BP","GO:0009410","response to xenobiotic stimulus","7/152","346/28891",0.00244686098918932,0.0243741696431877,0.0183638837674338,"Lcn2/Fos/Jun/Bcl2/Cd69/Ccl4/Mgst1",7
"GO:0036230","BP","GO:0036230","granulocyte activation","3/152","51/28891",0.00247117945032487,0.0245303442638892,0.0184815481894006,"Pla2g2a/Anxa3/Fcer1g",3
"GO:0002437","BP","GO:0002437","inflammatory response to antigenic stimulus","4/152","107/28891",0.00249753833847041,0.0247056144352526,0.0186135995003553,"Gpx2/Fcer1g/Cd81/Icam1",4
"GO:0050878","BP","GO:0050878","regulation of body fluid levels","7/152","348/28891",0.00252654739082421,0.0249057918144095,0.0187644162944255,"S100a9/Agr2/Fcer1g/Apoe/Socs2/Tspan8/Ceacam1",7
"GO:0050817","BP","GO:0050817","coagulation","5/152","178/28891",0.00256115687708388,0.0251595999101769,0.018955639316097,"S100a9/Fcer1g/Apoe/Tspan8/Ceacam1",5
"GO:0007599","BP","GO:0007599","hemostasis","5/152","179/28891",0.00262377882303472,0.0256858899261916,0.0193521545132724,"S100a9/Fcer1g/Apoe/Tspan8/Ceacam1",5
"GO:0002764","BP","GO:0002764","immune response-regulating signaling pathway","8/152","450/28891",0.00271766145613146,0.0262978327694332,0.0198132019011469,"Reg3g/Nfkbia/Ffar2/Bcl2/Cd3e/Ctsh/Fcer1g/Cd81",8
"GO:0046638","BP","GO:0046638","positive regulation of alpha-beta T cell differentiation","3/152","53/28891",0.00275860608121643,0.0262978327694332,0.0198132019011469,"H2-Ea/Socs1/Gimap5",3
"GO:0090207","BP","GO:0090207","regulation of triglyceride metabolic process","3/152","53/28891",0.00275860608121643,0.0262978327694332,0.0198132019011469,"Apoe/Pnpla2/Ctdnep1",3
"GO:0010595","BP","GO:0010595","positive regulation of endothelial cell migration","4/152","110/28891",0.00276032456580713,0.0262978327694332,0.0198132019011469,"Lcn2/Anxa3/Lgmn/Akt1",4
"GO:2001243","BP","GO:2001243","negative regulation of intrinsic apoptotic signaling pathway","4/152","110/28891",0.00276032456580713,0.0262978327694332,0.0198132019011469,"Cd74/Bcl2/Eno1/Akt1",4
"GO:0010544","BP","GO:0010544","negative regulation of platelet activation","2/152","15/28891",0.0027603924499088,0.0262978327694332,0.0198132019011469,"Apoe/Ceacam1",2
"GO:0010838","BP","GO:0010838","positive regulation of keratinocyte proliferation","2/152","15/28891",0.0027603924499088,0.0262978327694332,0.0198132019011469,"Reg3g/Lrg1",2
"GO:0043383","BP","GO:0043383","negative T cell selection","2/152","15/28891",0.0027603924499088,0.0262978327694332,0.0198132019011469,"Cd74/Cd3e",2
"GO:0007006","BP","GO:0007006","mitochondrial membrane organization","4/152","111/28891",0.00285196667376936,0.0270793758756897,0.0204020288016171,"Bcl2/Gimap5/Mtch2/Ier3",4
"GO:1902905","BP","GO:1902905","positive regulation of supramolecular fiber organization","5/152","183/28891",0.00288541277624735,0.0273056229058874,0.0205724868818759,"Id1/Rhoc/Dstn/Icam1/Sdc4",5
"GO:0048247","BP","GO:0048247","lymphocyte chemotaxis","3/152","54/28891",0.00290971215365425,0.0274065285920748,0.0206485108170394,"Cxcl13/Ccl4/Ccl3",3
"GO:0050730","BP","GO:0050730","regulation of peptidyl-tyrosine phosphorylation","6/152","266/28891",0.00291538275266171,0.0274065285920748,0.0206485108170394,"Cd74/Il22/Socs1/Cd3e/Icam1/Hbegf",6
"GO:0001909","BP","GO:0001909","leukocyte mediated cytotoxicity","5/152","185/28891",0.00302307428464201,0.0279866904536128,0.0210856139121415,"H2-Ea/Lamp1/Gimap5/Ctsh/Ceacam1",5
"GO:0045834","BP","GO:0045834","positive regulation of lipid metabolic process","5/152","185/28891",0.00302307428464201,0.0279866904536128,0.0210856139121415,"Cd74/Apoe/Pnpla2/Akt1/Ctdnep1",5
"GO:0052548","BP","GO:0052548","regulation of endopeptidase activity","7/152","360/28891",0.00304748406094969,0.0279866904536128,0.0210856139121415,"S100a8/S100a9/Serpinb1a/Lgmn/Mtch2/Serpina3g/Akt1",7
"GO:0001558","BP","GO:0001558","regulation of cell growth","8/152","459/28891",0.00306517826832131,0.0279866904536128,0.0210856139121415,"Bcl2/Eno1/Cirbp/Apoe/Hbegf/Ceacam1/Hdgfl2/Akt1",8
"GO:0043029","BP","GO:0043029","T cell homeostasis","3/152","55/28891",0.00306581920784557,0.0279866904536128,0.0210856139121415,"Bcl2/Gimap5/Akt1",3
"GO:0043370","BP","GO:0043370","regulation of CD4-positive, alpha-beta T cell differentiation","3/152","55/28891",0.00306581920784557,0.0279866904536128,0.0210856139121415,"H2-Ea/Socs1/Gimap5",3
"GO:0050853","BP","GO:0050853","B cell receptor signaling pathway","3/152","55/28891",0.00306581920784557,0.0279866904536128,0.0210856139121415,"Nfkbia/Bcl2/Cd81",3
"GO:0061462","BP","GO:0061462","protein localization to lysosome","3/152","55/28891",0.00306581920784557,0.0279866904536128,0.0210856139121415,"Glmp/Cd81/Akt1",3
"GO:2000378","BP","GO:2000378","negative regulation of reactive oxygen species metabolic process","3/152","55/28891",0.00306581920784557,0.0279866904536128,0.0210856139121415,"Bcl2/Acp5/Akt1",3
"GO:0071356","BP","GO:0071356","cellular response to tumor necrosis factor","5/152","186/28891",0.00309365538903957,0.0280831957690152,0.0211583225385658,"Fabp4/Nfkbia/Ccl4/Ccl3/Akt1",5
"GO:0045444","BP","GO:0045444","fat cell differentiation","6/152","270/28891",0.00313730613228128,0.0280831957690152,0.0211583225385658,"Fabp4/Lrg1/Ffar2/Socs1/Selenbp1/Akt1",6
"GO:0046889","BP","GO:0046889","positive regulation of lipid biosynthetic process","4/152","114/28891",0.00313935079023295,0.0280831957690152,0.0211583225385658,"Cd74/Apoe/Akt1/Ctdnep1",4
"GO:1905477","BP","GO:1905477","positive regulation of protein localization to membrane","4/152","114/28891",0.00313935079023295,0.0280831957690152,0.0211583225385658,"Grip2/Agr2/Cd81/Akt1",4
"GO:0019682","BP","GO:0019682","glyceraldehyde-3-phosphate metabolic process","2/152","16/28891",0.00314387229617821,0.0280831957690152,0.0211583225385658,"Eno1/Tkt",2
"GO:0051014","BP","GO:0051014","actin filament severing","2/152","16/28891",0.00314387229617821,0.0280831957690152,0.0211583225385658,"Capg/Dstn",2
"GO:0010959","BP","GO:0010959","regulation of metal ion transport","8/152","461/28891",0.00314690837839338,0.0280831957690152,0.0211583225385658,"Lcn2/Bcl2/Gnb2/Gimap5/Cd63/Atp1b1/Icam1/Akt1",8
"GO:0007219","BP","GO:0007219","Notch signaling pathway","5/152","187/28891",0.00316541833254134,0.0280831957690152,0.0211583225385658,"Grip2/Cfd/Hp/Nfkbia/Anxa4",5
"GO:0050792","BP","GO:0050792","regulation of viral process","5/152","187/28891",0.00316541833254134,0.0280831957690152,0.0211583225385658,"Cd74/Bcl2/Ifitm3/Ifitm2/Ly6e",5
"GO:0019083","BP","GO:0019083","viral transcription","3/152","56/28891",0.00322698002654001,0.028540175374913,0.0215026181797977,"Jun/Ifitm3/Ifitm2",3
"GO:0032652","BP","GO:0032652","regulation of interleukin-1 production","4/152","116/28891",0.00334154622047032,0.029370432569397,0.0221281470425149,"Serpinb1a/Acp5/Ccl3/Ceacam1",4
"GO:0045639","BP","GO:0045639","positive regulation of myeloid cell differentiation","4/152","116/28891",0.00334154622047032,0.029370432569397,0.0221281470425149,"Cd74/Fos/Jun/Ccl3",4
"GO:0045580","BP","GO:0045580","regulation of T cell differentiation","5/152","190/28891",0.00338791019699368,0.0296413102123735,0.0223322305302248,"Cd74/H2-Aa/H2-Ea/Socs1/Gimap5",5
"GO:0010596","BP","GO:0010596","negative regulation of endothelial cell migration","3/152","57/28891",0.00339324614970813,0.0296413102123735,0.0223322305302248,"Cxcl13/Dcn/Apoe",3
"GO:0051402","BP","GO:0051402","neuron apoptotic process","7/152","369/28891",0.00348935966791724,0.030387399071218,0.0228943456416139,"Lcn2/Jun/Bcl2/Ube2m/Lgmn/Apoe/Ccl3",7
"GO:0018119","BP","GO:0018119","peptidyl-cysteine S-nitrosylation","2/152","17/28891",0.00355079255556158,0.0303906670758876,0.0228968078078655,"S100a8/S100a9",2
"GO:0040015","BP","GO:0040015","negative regulation of multicellular organism growth","2/152","17/28891",0.00355079255556158,0.0303906670758876,0.0228968078078655,"Lgmn/Socs2",2
"GO:0045059","BP","GO:0045059","positive thymic T cell selection","2/152","17/28891",0.00355079255556158,0.0303906670758876,0.0228968078078655,"Cd74/Cd3e",2
"GO:0045446","BP","GO:0045446","endothelial cell differentiation","4/152","118/28891",0.00355243392532492,0.0303906670758876,0.0228968078078655,"Id1/Cldn3/Icam1/Ceacam1",4
"GO:0045833","BP","GO:0045833","negative regulation of lipid metabolic process","4/152","118/28891",0.00355243392532492,0.0303906670758876,0.0228968078078655,"Gimap5/Apoe/Ceacam1/Akt1",4
"GO:0006110","BP","GO:0006110","regulation of glycolytic process","3/152","58/28891",0.00356466788878851,0.0303906670758876,0.0228968078078655,"Mtch2/Ier3/Ddit4",3
"GO:0033059","BP","GO:0033059","cellular pigmentation","3/152","58/28891",0.00356466788878851,0.0303906670758876,0.0228968078078655,"Bcl2/Cd63/Apoe",3
"GO:0042326","BP","GO:0042326","negative regulation of phosphorylation","7/152","372/28891",0.00364700485930439,0.0309995413040874,0.0233555432527782,"Fabp4/Jun/Dusp1/Socs1/Apoe/Ceacam1/Akt1",7
"GO:1900271","BP","GO:1900271","regulation of long-term synaptic potentiation","3/152","59/28891",0.00374129434080737,0.0317060735329914,0.0238878557753985,"Lgmn/Nrgn/Apoe",3
"GO:0001659","BP","GO:0001659","temperature homeostasis","5/152","195/28891",0.00378341137248907,0.0318727147967254,0.0240134059312753,"Lcn2/Fabp4/Gpx2/Id1/Gimap5",5
"GO:0051495","BP","GO:0051495","positive regulation of cytoskeleton organization","5/152","195/28891",0.00378341137248907,0.0318727147967254,0.0240134059312753,"Id1/Rhoc/Dstn/Icam1/Sdc4",5
"GO:0030857","BP","GO:0030857","negative regulation of epithelial cell differentiation","3/152","60/28891",0.00392317340237162,0.0324537205835019,0.02445114485296,"Reg3b/Reg3g/Id1",3
"GO:0001894","BP","GO:0001894","tissue homeostasis","6/152","283/28891",0.003946266586643,0.0324537205835019,0.02445114485296,"Bcl2/Muc13/Ctss/Acp5/Trgc1/Ceacam1",6
"GO:0060249","BP","GO:0060249","anatomical structure homeostasis","6/152","283/28891",0.003946266586643,0.0324537205835019,0.02445114485296,"Bcl2/Muc13/Ctss/Acp5/Trgc1/Ceacam1",6
"GO:0002705","BP","GO:0002705","positive regulation of leukocyte mediated immunity","5/152","197/28891",0.00395051094365968,0.0324537205835019,0.02445114485296,"H2-Ea/Lamp1/Gimap5/Fcer1g/Cd81",5
"GO:0002830","BP","GO:0002830","positive regulation of type 2 immune response","2/152","18/28891",0.00398089926492592,0.0324537205835019,0.02445114485296,"Cd74/Cd81",2
"GO:0014041","BP","GO:0014041","regulation of neuron maturation","2/152","18/28891",0.00398089926492592,0.0324537205835019,0.02445114485296,"Grip2/Bcl2",2
"GO:0017014","BP","GO:0017014","protein nitrosylation","2/152","18/28891",0.00398089926492592,0.0324537205835019,0.02445114485296,"S100a8/S100a9",2
"GO:0033631","BP","GO:0033631","cell-cell adhesion mediated by integrin","2/152","18/28891",0.00398089926492592,0.0324537205835019,0.02445114485296,"Cxcl13/Cd3e",2
"GO:0045605","BP","GO:0045605","negative regulation of epidermal cell differentiation","2/152","18/28891",0.00398089926492592,0.0324537205835019,0.02445114485296,"Reg3b/Reg3g",2
"GO:0045655","BP","GO:0045655","regulation of monocyte differentiation","2/152","18/28891",0.00398089926492592,0.0324537205835019,0.02445114485296,"Cd74/Jun",2
"GO:0045683","BP","GO:0045683","negative regulation of epidermis development","2/152","18/28891",0.00398089926492592,0.0324537205835019,0.02445114485296,"Reg3b/Reg3g",2
"GO:0032612","BP","GO:0032612","interleukin-1 production","4/152","122/28891",0.00400098703917776,0.0324537205835019,0.02445114485296,"Serpinb1a/Acp5/Ccl3/Ceacam1",4
"GO:0071346","BP","GO:0071346","cellular response to type II interferon","4/152","122/28891",0.00400098703917776,0.0324537205835019,0.02445114485296,"Capg/Ccl4/H2-Ab1/Ccl3",4
"GO:0002429","BP","GO:0002429","immune response-activating cell surface receptor signaling pathway","6/152","284/28891",0.00401432628587877,0.0324691519248143,0.0244627710688429,"Nfkbia/Ffar2/Bcl2/Cd3e/Fcer1g/Cd81",6
"GO:0046486","BP","GO:0046486","glycerolipid metabolic process","7/152","380/28891",0.00409395557232647,0.0330191473574853,0.0248771463007398,"Pla2g2a/Socs1/Apoe/Pnpla2/Socs2/Pigx/Ctdnep1",7
"GO:0035924","BP","GO:0035924","cellular response to vascular endothelial growth factor stimulus","3/152","61/28891",0.00411035178353649,0.0330320869507972,0.0248868951943864,"Dcn/Cd63/Akt1",3
"GO:0044000","BP","GO:0044000","movement in host","4/152","123/28891",0.00411883014462212,0.0330320869507972,0.0248868951943864,"Cd74/Ifitm3/Ifitm2/Ly6e",4
"GO:0006091","BP","GO:0006091","generation of precursor metabolites and energy","8/152","484/28891",0.0042141191792701,0.0337010826759093,0.0253909271231337,"Eno1/Mtch2/Idh1/Ier3/Ddit4/Tkt/Akt1/Cyc1",8
"GO:0046651","BP","GO:0046651","lymphocyte proliferation","7/152","383/28891",0.00427185640987885,0.0340668549091182,0.0256665056915252,"Cd74/H2-Aa/Bcl2/Cd3e/Cd81/Sdc4/Ceacam1",7
"GO:0002011","BP","GO:0002011","morphogenesis of an epithelial sheet","3/152","62/28891",0.00430287502154867,0.0342181013618394,0.025780457154023,"Lrg1/Plet1/Hbegf",3
"GO:0007204","BP","GO:0007204","positive regulation of cytosolic calcium ion concentration","5/152","202/28891",0.00439128686176321,0.0344875532838655,0.0259834664810866,"Cxcl13/Bcl2/Gimap5/Cxcl2/Ccl3",5
"GO:0007252","BP","GO:0007252","I-kappaB phosphorylation","2/152","19/28891",0.00443394045389606,0.0344875532838655,0.0259834664810866,"Saa3/Akt1",2
"GO:0032897","BP","GO:0032897","negative regulation of viral transcription","2/152","19/28891",0.00443394045389606,0.0344875532838655,0.0259834664810866,"Ifitm3/Ifitm2",2
"GO:0045019","BP","GO:0045019","negative regulation of nitric oxide biosynthetic process","2/152","19/28891",0.00443394045389606,0.0344875532838655,0.0259834664810866,"Gimap5/Acp5",2
"GO:0051000","BP","GO:0051000","positive regulation of nitric-oxide synthase activity","2/152","19/28891",0.00443394045389606,0.0344875532838655,0.0259834664810866,"Apoe/Akt1",2
"GO:0070486","BP","GO:0070486","leukocyte aggregation","2/152","19/28891",0.00443394045389606,0.0344875532838655,0.0259834664810866,"S100a8/S100a9",2
"GO:0071676","BP","GO:0071676","negative regulation of mononuclear cell migration","2/152","19/28891",0.00443394045389606,0.0344875532838655,0.0259834664810866,"Dusp1/Akt1",2
"GO:1904406","BP","GO:1904406","negative regulation of nitric oxide metabolic process","2/152","19/28891",0.00443394045389606,0.0344875532838655,0.0259834664810866,"Gimap5/Acp5",2
"GO:0048145","BP","GO:0048145","regulation of fibroblast proliferation","4/152","126/28891",0.0044863918586792,0.0347221078717079,0.0261601836062774,"Cd74/Jun/Ifi30/Socs1",4
"GO:0045620","BP","GO:0045620","negative regulation of lymphocyte differentiation","3/152","63/28891",0.00450078749446583,0.0347221078717079,0.0261601836062774,"Cd74/Pglyrp1/Socs1",3
"GO:0045912","BP","GO:0045912","negative regulation of carbohydrate metabolic process","3/152","63/28891",0.00450078749446583,0.0347221078717079,0.0261601836062774,"Mtch2/Ier3/Ddit4",3
"GO:0034765","BP","GO:0034765","regulation of monoatomic ion transmembrane transport","8/152","490/28891",0.00453375788017433,0.0348816764818833,0.0262804051134339,"Lcn2/Bcl2/Gnb2/Gimap5/Cd63/Ctss/Atp1b1/Akt1",8
"GO:0006469","BP","GO:0006469","negative regulation of protein kinase activity","5/152","204/28891",0.00457704084562598,0.0351148117872158,0.0264560529288009,"Fabp4/Dusp1/Apoe/Ceacam1/Akt1",5
"GO:0042391","BP","GO:0042391","regulation of membrane potential","8/152","491/28891",0.00458879717261608,0.0351148117872158,0.0264560529288009,"Grip2/Jun/Bcl2/Dcn/Gimap5/Mtch2/Atp1b1/Akt1",8
"GO:0032943","BP","GO:0032943","mononuclear cell proliferation","7/152","389/28891",0.0046451702485938,0.035450640687521,0.026709071718004,"Cd74/H2-Aa/Bcl2/Cd3e/Cd81/Sdc4/Ceacam1",7
"GO:0043616","BP","GO:0043616","keratinocyte proliferation","3/152","64/28891",0.00470413243465368,0.0358043752868145,0.0269755809431813,"Reg3g/Lrg1/Ctsl",3
"GO:0001952","BP","GO:0001952","regulation of cell-matrix adhesion","4/152","128/28891",0.00474333631953292,0.035817112308511,0.0269851772161785,"Bcl2/Cd3e/Plet1/Sdc4",4
"GO:0003014","BP","GO:0003014","renal system process","4/152","128/28891",0.00474333631953292,0.035817112308511,0.0269851772161785,"Jchain/Bcl2/Psap/Lgmn",4
"GO:0002768","BP","GO:0002768","immune response-regulating cell surface receptor signaling pathway","6/152","294/28891",0.00474365418386761,0.035817112308511,0.0269851772161785,"Nfkbia/Ffar2/Bcl2/Cd3e/Fcer1g/Cd81",6
"GO:0034612","BP","GO:0034612","response to tumor necrosis factor","5/152","206/28891",0.00476832370233209,0.035907880612522,0.0270535634877532,"Fabp4/Nfkbia/Ccl4/Ccl3/Akt1",5
"GO:0043116","BP","GO:0043116","negative regulation of vascular permeability","2/152","20/28891",0.00490966613114277,0.036801769297615,0.0277270333189053,"Apoe/Ceacam1",2
"GO:0050873","BP","GO:0050873","brown fat cell differentiation","3/152","65/28891",0.00491295194216135,0.036801769297615,0.0277270333189053,"Fabp4/Lrg1/Selenbp1",3
"GO:0006109","BP","GO:0006109","regulation of carbohydrate metabolic process","5/152","208/28891",0.00496522338299754,0.0370954452219211,0.027948293391277,"Mtch2/Ier3/Ddit4/Bckdk/Akt1",5
"GO:0042551","BP","GO:0042551","neuron maturation","3/152","66/28891",0.00512728699797617,0.0381056748357444,0.0287094163127241,"Grip2/C1qa/Bcl2",3
"GO:2000401","BP","GO:2000401","regulation of lymphocyte migration","3/152","66/28891",0.00512728699797617,0.0381056748357444,0.0287094163127241,"Cxcl13/Ecm1/Akt1",3
"GO:0030307","BP","GO:0030307","positive regulation of cell growth","5/152","210/28891",0.00516782751559,0.0382069331165626,0.0287857058982426,"Bcl2/Apoe/Hbegf/Hdgfl2/Akt1",5
"GO:0043524","BP","GO:0043524","negative regulation of neuron apoptotic process","5/152","210/28891",0.00516782751559,0.0382069331165626,0.0287857058982426,"Lcn2/Jun/Bcl2/Lgmn/Apoe",5
"GO:0001836","BP","GO:0001836","release of cytochrome c from mitochondria","3/152","67/28891",0.00534717747715874,0.0391253527259115,0.0294776577145593,"Jun/Bcl2/Akt1",3
"GO:0002861","BP","GO:0002861","regulation of inflammatory response to antigenic stimulus","3/152","67/28891",0.00534717747715874,0.0391253527259115,0.0294776577145593,"Gpx2/Fcer1g/Cd81",3
"GO:0006956","BP","GO:0006956","complement activation","3/152","67/28891",0.00534717747715874,0.0391253527259115,0.0294776577145593,"Igha/Cfd/C1qa",3
"GO:0015909","BP","GO:0015909","long-chain fatty acid transport","3/152","67/28891",0.00534717747715874,0.0391253527259115,0.0294776577145593,"Fabp4/Apoe/Akt1",3
"GO:0002577","BP","GO:0002577","regulation of antigen processing and presentation","2/152","21/28891",0.00540782827075848,0.0391653685221514,0.0295078062464587,"Cd74/H2-Ab1",2
"GO:0010522","BP","GO:0010522","regulation of calcium ion transport into cytosol","2/152","21/28891",0.00540782827075848,0.0391653685221514,0.0295078062464587,"Bcl2/Gimap5",2
"GO:0043117","BP","GO:0043117","positive regulation of vascular permeability","2/152","21/28891",0.00540782827075848,0.0391653685221514,0.0295078062464587,"Apoe/Ccl4",2
"GO:0051546","BP","GO:0051546","keratinocyte migration","2/152","21/28891",0.00540782827075848,0.0391653685221514,0.0295078062464587,"Lrg1/Hbegf",2
"GO:0032233","BP","GO:0032233","positive regulation of actin filament bundle assembly","3/152","68/28891",0.00557266216185928,0.0402564577036094,0.030329850041243,"Id1/Rhoc/Sdc4",3
"GO:0061082","BP","GO:0061082","myeloid leukocyte cytokine production","3/152","69/28891",0.00580377875421609,0.041555815524855,0.0313088067134482,"Cd74/Fcer1g/Acp5",3
"GO:0072678","BP","GO:0072678","T cell migration","3/152","69/28891",0.00580377875421609,0.041555815524855,0.0313088067134482,"Cxcl13/Icam1/Ecm1",3
"GO:1901184","BP","GO:1901184","regulation of ERBB signaling pathway","3/152","69/28891",0.00580377875421609,0.041555815524855,0.0313088067134482,"Agr2/Lgmn/Ceacam1",3
"GO:0001910","BP","GO:0001910","regulation of leukocyte mediated cytotoxicity","4/152","136/28891",0.00586988909161026,0.041555815524855,0.0313088067134482,"H2-Ea/Lamp1/Gimap5/Ceacam1",4
"GO:0002283","BP","GO:0002283","neutrophil activation involved in immune response","2/152","22/28891",0.00592818079872007,0.041555815524855,0.0313088067134482,"Anxa3/Fcer1g",2
"GO:0002363","BP","GO:0002363","alpha-beta T cell lineage commitment","2/152","22/28891",0.00592818079872007,0.041555815524855,0.0313088067134482,"Bcl2/Ctsl",2
"GO:0007039","BP","GO:0007039","protein catabolic process in the vacuole","2/152","22/28891",0.00592818079872007,0.041555815524855,0.0313088067134482,"Psap/Cd81",2
"GO:0043374","BP","GO:0043374","CD8-positive, alpha-beta T cell differentiation","2/152","22/28891",0.00592818079872007,0.041555815524855,0.0313088067134482,"Bcl2/Socs1",2
"GO:0044851","BP","GO:0044851","hair cycle phase","2/152","22/28891",0.00592818079872007,0.041555815524855,0.0313088067134482,"Ctsl/Akt1",2
"GO:0048245","BP","GO:0048245","eosinophil chemotaxis","2/152","22/28891",0.00592818079872007,0.041555815524855,0.0313088067134482,"Ccl4/Ccl3",2
"GO:0072578","BP","GO:0072578","neurotransmitter-gated ion channel clustering","2/152","22/28891",0.00592818079872007,0.041555815524855,0.0313088067134482,"Grip2/Apoe",2
"GO:1903909","BP","GO:1903909","regulation of receptor clustering","2/152","22/28891",0.00592818079872007,0.041555815524855,0.0313088067134482,"Grip2/Cd81",2
"GO:0002688","BP","GO:0002688","regulation of leukocyte chemotaxis","4/152","137/28891",0.00602214968981906,0.0420070834628902,0.0316487990940446,"Cd74/Cxcl13/Dusp1/Lgmn",4
"GO:0006090","BP","GO:0006090","pyruvate metabolic process","4/152","137/28891",0.00602214968981906,0.0420070834628902,0.0316487990940446,"Eno1/Mtch2/Ier3/Ddit4",4
"GO:0045017","BP","GO:0045017","glycerolipid biosynthetic process","5/152","219/28891",0.0061524697300598,0.0428109352049995,0.0322544336725529,"Socs1/Pnpla2/Socs2/Pigx/Ctdnep1",5
"GO:0001885","BP","GO:0001885","endothelial cell development","3/152","71/28891",0.00628305314696597,0.0436126843135364,0.0328584840937713,"Id1/Cldn3/Icam1",3
"GO:0021782","BP","GO:0021782","glial cell development","4/152","139/28891",0.00633451267893288,0.0438626377938791,0.0330468029873982,"S100a8/S100a9/C1qa/Akt1",4
"GO:0010447","BP","GO:0010447","response to acidic pH","2/152","23/28891",0.0064704795794383,0.0444659639003936,0.0335013583899445,"Lgmn/Ctss",2
"GO:1900746","BP","GO:1900746","regulation of vascular endothelial growth factor signaling pathway","2/152","23/28891",0.0064704795794383,0.0444659639003936,0.0335013583899445,"Dcn/Cd63",2
"GO:2001026","BP","GO:2001026","regulation of endothelial cell chemotaxis","2/152","23/28891",0.0064704795794383,0.0444659639003936,0.0335013583899445,"Cxcl13/Lgmn",2
"GO:0002703","BP","GO:0002703","regulation of leukocyte mediated immunity","6/152","314/28891",0.00648870734167782,0.0444659639003936,0.0335013583899445,"H2-Ea/Lamp1/Gimap5/Fcer1g/Cd81/Ceacam1",6
"GO:0035265","BP","GO:0035265","organ growth","5/152","222/28891",0.00650810563111755,0.0444659639003936,0.0335013583899445,"Bcl2/Psap/Ly6e/Ecm1/Akt1",5
"GO:0031638","BP","GO:0031638","zymogen activation","3/152","72/28891",0.00653128106603174,0.0444659639003936,0.0335013583899445,"Eno1/Lgmn/Ctsh",3
"GO:0043470","BP","GO:0043470","regulation of carbohydrate catabolic process","3/152","72/28891",0.00653128106603174,0.0444659639003936,0.0335013583899445,"Mtch2/Ier3/Ddit4",3
"GO:0072659","BP","GO:0072659","protein localization to plasma membrane","6/152","315/28891",0.00658670447456791,0.0447360143619577,0.0337048186661345,"Grip2/Agr2/Fcer1g/Atp1b1/Cd81/Akt1",6
"GO:0030888","BP","GO:0030888","regulation of B cell proliferation","3/152","73/28891",0.00678528115508625,0.0458652695221187,0.0345556173111159,"Cd74/Bcl2/Cd81",3
"GO:2001244","BP","GO:2001244","positive regulation of intrinsic apoptotic signaling pathway","3/152","73/28891",0.00678528115508625,0.0458652695221187,0.0345556173111159,"S100a8/S100a9/Mtch2",3
"GO:0033673","BP","GO:0033673","negative regulation of kinase activity","5/152","225/28891",0.00687793129511935,0.0463332420195279,0.0349081951701602,"Fabp4/Dusp1/Apoe/Ceacam1/Akt1",5
"GO:0015850","BP","GO:0015850","organic hydroxy compound transport","6/152","318/28891",0.00688715326954588,0.0463332420195279,0.0349081951701602,"Nfkbia/Fcer1g/Ly6e/Apoe/Gabbr1/Ceacam1",6
"GO:0033033","BP","GO:0033033","negative regulation of myeloid cell apoptotic process","2/152","24/28891",0.00703448240239312,0.0468800364797982,0.0353201587389741,"Bcl2/Fcer1g",2
"GO:0033630","BP","GO:0033630","positive regulation of cell adhesion mediated by integrin","2/152","24/28891",0.00703448240239312,0.0468800364797982,0.0353201587389741,"Cxcl13/Cd3e",2
"GO:0043369","BP","GO:0043369","CD4-positive or CD8-positive, alpha-beta T cell lineage commitment","2/152","24/28891",0.00703448240239312,0.0468800364797982,0.0353201587389741,"Bcl2/Ctsl",2
"GO:2000010","BP","GO:2000010","positive regulation of protein localization to cell surface","2/152","24/28891",0.00703448240239312,0.0468800364797982,0.0353201587389741,"Fcer1g/Akt1",2
"GO:0042113","BP","GO:0042113","B cell activation","6/152","320/28891",0.00709289948249647,0.0471586455054039,0.0355300671722737,"Igkc/Cd74/Bcl2/Cd81/H2-Ab1/Tpd52",6
"GO:0042129","BP","GO:0042129","regulation of T cell proliferation","5/152","227/28891",0.00713250502239273,0.0473111723331144,0.0356449832894787,"H2-Aa/Cd3e/Cd81/Sdc4/Ceacam1",5
"GO:0010810","BP","GO:0010810","regulation of cell-substrate adhesion","5/152","228/28891",0.00726223015806138,0.0479333796694241,0.0361137641082923,"Bcl2/Agr2/Cd3e/Plet1/Sdc4",5
"GO:0018108","BP","GO:0018108","peptidyl-tyrosine phosphorylation","6/152","322/28891",0.00730306463949568,0.0479333796694241,0.0361137641082923,"Cd74/Il22/Socs1/Cd3e/Icam1/Hbegf",6
"GO:0032677","BP","GO:0032677","regulation of interleukin-8 production","3/152","75/28891",0.0073107268041073,0.0479333796694241,0.0361137641082923,"Cd74/Ffar2/Anxa4",3
"GO:0043113","BP","GO:0043113","receptor clustering","3/152","75/28891",0.0073107268041073,0.0479333796694241,0.0361137641082923,"Grip2/Apoe/Cd81",3
"GO:0046637","BP","GO:0046637","regulation of alpha-beta T cell differentiation","3/152","75/28891",0.0073107268041073,0.0479333796694241,0.0361137641082923,"H2-Ea/Socs1/Gimap5",3
"GO:0070661","BP","GO:0070661","leukocyte proliferation","7/152","425/28891",0.00742557881835258,0.0485742356343387,0.0365965950979686,"Cd74/H2-Aa/Bcl2/Cd3e/Cd81/Sdc4/Ceacam1",7
"GO:0018212","BP","GO:0018212","peptidyl-tyrosine modification","6/152","324/28891",0.00751770117108353,0.0489512697814361,0.0368806585698738,"Cd74/Il22/Socs1/Cd3e/Icam1/Hbegf",6
"GO:0045927","BP","GO:0045927","positive regulation of growth","6/152","324/28891",0.00751770117108353,0.0489512697814361,0.0368806585698738,"Bcl2/Agr2/Apoe/Hbegf/Hdgfl2/Akt1",6
"GO:0032637","BP","GO:0032637","interleukin-8 production","3/152","76/28891",0.00758223434403728,0.0491460349377211,0.0370273977098865,"Cd74/Ffar2/Anxa4",3
"GO:0051926","BP","GO:0051926","negative regulation of calcium ion transport","3/152","76/28891",0.00758223434403728,0.0491460349377211,0.0370273977098865,"Bcl2/Icam1/Akt1",3
"GO:1902547","BP","GO:1902547","regulation of cellular response to vascular endothelial growth factor stimulus","2/152","25/28891",0.00761994896885466,0.0492779843338915,0.037126810465682,"Dcn/Cd63",2
"GO:0005770","CC","GO:0005770","late endosome","13/154","255/28573",1.43766393159931e-09,4.38487499137789e-07,3.55632656764039e-07,"Cd74/H2-Eb1/H2-Aa/H2-Ea/Psap/Lamp1/Lgmn/Ifitm2/Cd63/Ctss/Apoe/Ctsl/H2-Ab1",13
"GO:0042613","CC","GO:0042613","MHC class II protein complex","5/154","13/28573",5.29598366373573e-09,8.07637508719698e-07,6.55029558409419e-07,"Cd74/H2-Eb1/H2-Aa/H2-Ea/H2-Ab1",5
"GO:0005771","CC","GO:0005771","multivesicular body","6/154","59/28573",7.91222917064132e-07,6.07245334103699e-05,4.92502686848556e-05,"Cd74/Lamp1/Cd63/Apoe/Ctsl/H2-Ab1",6
"GO:0031902","CC","GO:0031902","late endosome membrane","7/154","94/28573",7.96387323414687e-07,6.07245334103699e-05,4.92502686848556e-05,"H2-Eb1/H2-Aa/H2-Ea/Lamp1/Ifitm2/Cd63/H2-Ab1",7
"GO:0042611","CC","GO:0042611","MHC protein complex","5/154","42/28573",3.08592241484414e-06,0.000188241267305493,0.000152671951050184,"Cd74/H2-Eb1/H2-Aa/H2-Ea/H2-Ab1",5
"GO:0019814","CC","GO:0019814","immunoglobulin complex","5/154","45/28573",4.37478089269972e-06,0.000222384695378903,0.000180363773646392,"Igkc/Jchain/Igha/Iglc2/Iglc1",5
"GO:0001772","CC","GO:0001772","immunological synapse","5/154","50/28573",7.42391058299317e-06,0.00032347038968756,0.000262348719850135,"H2-Eb1/H2-Ea/Cd3e/Cd81/Icam1",5
"GO:0005765","CC","GO:0005765","lysosomal membrane","8/154","230/28573",3.71463333265397e-05,0.00113777754545639,0.000922787655503887,"H2-Eb1/H2-Aa/H2-Ea/Lamp1/Ifitm3/Ifitm2/Cd63/H2-Ab1",8
"GO:0098852","CC","GO:0098852","lytic vacuole membrane","8/154","230/28573",3.71463333265397e-05,0.00113777754545639,0.000922787655503887,"H2-Eb1/H2-Aa/H2-Ea/Lamp1/Ifitm3/Ifitm2/Cd63/H2-Ab1",8
"GO:0034364","CC","GO:0034364","high-density lipoprotein particle","4/154","35/28573",3.73041818182422e-05,0.00113777754545639,0.000922787655503887,"Saa3/Saa1/Hp/Apoe",4
"GO:0071735","CC","GO:0071735","IgG immunoglobulin complex","3/154","13/28573",4.22054899548783e-05,0.00117024313056708,0.000949118673626451,"Igkc/Iglc2/Iglc1",3
"GO:0016328","CC","GO:0016328","lateral plasma membrane","5/154","73/28573",4.76388532408561e-05,0.00121082085320509,0.000982028992245719,"Cldn7/Epcam/Cldn3/Atp1b1/Ceacam1",5
"GO:0062023","CC","GO:0062023","collagen-containing extracellular matrix","10/154","396/28573",6.10435788862056e-05,0.00143217627386867,0.00116155797880634,"Reg3b/Reg3g/Dcn/Lgals4/Serpinb1a/Anxa3/Dmbt1/Anxa4/Ctsl/Ecm1",10
"GO:0034358","CC","GO:0034358","plasma lipoprotein particle","4/154","43/28573",8.50275493393509e-05,0.00165046739664497,0.0013386016849407,"Saa3/Saa1/Hp/Apoe",4
"GO:1990777","CC","GO:1990777","lipoprotein particle","4/154","43/28573",8.50275493393509e-05,0.00165046739664497,0.0013386016849407,"Saa3/Saa1/Hp/Apoe",4
"GO:0030141","CC","GO:0030141","secretory granule","11/154","498/28573",8.65818962174409e-05,0.00165046739664497,0.0013386016849407,"Reg3b/Pla2g2a/Reg3g/Lyz2/Car4/Lamp1/Sprr2a3/Anxa3/Ctsh/Dmbt1/Ctsl",11
"GO:0032994","CC","GO:0032994","protein-lipid complex","4/154","46/28573",0.00011102952107257,0.00199200023100787,0.00161559984223244,"Saa3/Saa1/Hp/Apoe",4
"GO:0043209","CC","GO:0043209","myelin sheath","7/154","208/28573",0.000140845976755968,0.00238655682836501,0.00193560260454108,"Bcl2/Gnb2/Eno1/Atp1b1/Ckb/Tufm/Tkt",7
"GO:0005774","CC","GO:0005774","vacuolar membrane","8/154","283/28573",0.000157221288458469,0.00252381541999121,0.00204692536220167,"H2-Eb1/H2-Aa/H2-Ea/Lamp1/Ifitm3/Ifitm2/Cd63/H2-Ab1",8
"GO:0070062","CC","GO:0070062","extracellular exosome","5/154","104/28573",0.00025511612720442,0.00389052093986741,0.00315538367858099,"Car4/Cd63/Apoe/Cd81/Icam1",5
"GO:0010008","CC","GO:0010008","endosome membrane","8/154","316/28573",0.000330868682951097,0.00480547372857545,0.00389745065130364,"H2-Eb1/H2-Aa/H2-Ea/Lamp1/Ifitm3/Ifitm2/Cd63/H2-Ab1",8
"GO:0045335","CC","GO:0045335","phagocytic vesicle","5/154","115/28573",0.000406049685229428,0.00562932518158979,0.00456563043200553,"Lamp1/Anxa3/Dmbt1/Ctss/Capg",5
"GO:0030670","CC","GO:0030670","phagocytic vesicle membrane","3/154","28/28573",0.000455594322206213,0.00580715482881774,0.0047098581010256,"Lamp1/Anxa3/Dmbt1",3
"GO:1903561","CC","GO:1903561","extracellular vesicle","5/154","118/28573",0.000456956445546314,0.00580715482881774,0.0047098581010256,"Car4/Cd63/Apoe/Cd81/Icam1",5
"GO:0043230","CC","GO:0043230","extracellular organelle","5/154","127/28573",0.00063875782423721,0.00749312063047497,0.00607725055448358,"Car4/Cd63/Apoe/Cd81/Icam1",5
"GO:0065010","CC","GO:0065010","extracellular membrane-bounded organelle","5/154","127/28573",0.00063875782423721,0.00749312063047497,0.00607725055448358,"Car4/Cd63/Apoe/Cd81/Icam1",5
"GO:0030140","CC","GO:0030140","trans-Golgi network transport vesicle","3/154","37/28573",0.00104289297359901,0.0117808280350999,0.00955476993355819,"Lyz2/Nrgn/Cltb",3
"GO:0030139","CC","GO:0030139","endocytic vesicle","6/154","214/28573",0.00110174815652166,0.0120011852763966,0.00973348935272893,"Lamp1/Anxa3/Dmbt1/Ctss/Capg/Cd2ap",6
"GO:0031904","CC","GO:0031904","endosome lumen","2/154","11/28573",0.00153749664705244,0.0161702233569308,0.0131147626881061,"Cd63/Ctss",2
"GO:0071748","CC","GO:0071748","monomeric IgA immunoglobulin complex","2/154","12/28573",0.00183847703888194,0.018691183228633,0.0151593720749914,"Jchain/Igha",2
"GO:0071745","CC","GO:0071745","IgA immunoglobulin complex","2/154","13/28573",0.00216507186595959,0.0194219682093433,0.0157520708514087,"Jchain/Igha",2
"GO:0071746","CC","GO:0071746","IgA immunoglobulin complex, circulating","2/154","13/28573",0.00216507186595959,0.0194219682093433,0.0157520708514087,"Jchain/Igha",2
"GO:0071749","CC","GO:0071749","polymeric IgA immunoglobulin complex","2/154","13/28573",0.00216507186595959,0.0194219682093433,0.0157520708514087,"Jchain/Igha",2
"GO:0071751","CC","GO:0071751","secretory IgA immunoglobulin complex","2/154","13/28573",0.00216507186595959,0.0194219682093433,0.0157520708514087,"Jchain/Igha",2
"GO:0016324","CC","GO:0016324","apical plasma membrane","8/154","427/28573",0.002285927035568,0.0199202213099497,0.0161561760408566,"Car4/Epcam/Plet1/Muc13/Atp1b1/Anxa4/Cd81/Ceacam1",8
"GO:0030666","CC","GO:0030666","endocytic vesicle membrane","3/154","50/28573",0.00249958925644234,0.0211770756448587,0.0171755402123962,"Lamp1/Anxa3/Dmbt1",3
"GO:0042599","CC","GO:0042599","lamellar body","2/154","16/28573",0.00329574193103511,0.0271676024044786,0.0220341210183002,"Lamp1/Ctsh",2
"GO:0012510","CC","GO:0012510","trans-Golgi network transport vesicle membrane","2/154","19/28573",0.00464695204716077,0.0372979045890535,0.0302502418582488,"Nrgn/Cltb",2
"GO:0042101","CC","GO:0042101","T cell receptor complex","2/154","22/28573",0.00621140856179527,0.048576400290963,0.0393975981652332,"Cd3e/Ceacam1",2
"GO:0023026","MF","GO:0023026","MHC class II protein complex binding","5/146","14/28407",6.45654010375859e-09,2.42120253890947e-06,1.8554057350801e-06,"Cd74/H2-Eb1/H2-Aa/H2-Ea/H2-Ab1",5
"GO:0023023","MF","GO:0023023","MHC protein complex binding","5/146","23/28407",1.04549757322248e-07,1.96030794979216e-05,1.50221493415652e-05,"Cd74/H2-Eb1/H2-Aa/H2-Ea/H2-Ab1",5
"GO:0005539","MF","GO:0005539","glycosaminoglycan binding","10/146","243/28407",5.58088688168482e-07,6.03699869512972e-05,4.62624742110993e-05,"Reg3b/Jchain/Reg3g/Saa1/Cxcl13/Dcn/Pglyrp1/Dmbt1/Apoe/Hbegf",10
"GO:0030550","MF","GO:0030550","acetylcholine receptor inhibitor activity","4/146","14/28407",6.43946527480504e-07,6.03699869512972e-05,4.62624742110993e-05,"Ly6a/Ly6g/Ly6e/Ly6c1",4
"GO:0042834","MF","GO:0042834","peptidoglycan binding","4/146","19/28407",2.4440587906464e-06,0.00018330440929848,0.000140469063125572,"Reg3b/Jchain/Reg3g/Pglyrp1",4
"GO:0003823","MF","GO:0003823","antigen binding","9/146","233/28407",3.51213180700857e-06,0.000219508237938035,0.000168212628651463,"Jchain/Igha/Iglc2/H2-Eb1/H2-Aa/H2-Ea/Psap/H2-Ab1/Iglc1",9
"GO:0033130","MF","GO:0033130","acetylcholine receptor binding","4/146","22/28407",4.55756043961881e-06,0.000244155023551008,0.000187099849626456,"Ly6a/Ly6g/Ly6e/Ly6c1",4
"GO:0016209","MF","GO:0016209","antioxidant activity","6/146","89/28407",6.80157135546101e-06,0.000318823657287235,0.000244319602636955,"S100a8/Gpx2/Hp/S100a9/Apoe/Mgst1",6
"GO:0030548","MF","GO:0030548","acetylcholine receptor regulator activity","4/146","27/28407",1.07180847791484e-05,0.000401928179218065,0.000308003909969212,"Ly6a/Ly6g/Ly6e/Ly6c1",4
"GO:0099602","MF","GO:0099602","neurotransmitter receptor regulator activity","4/146","27/28407",1.07180847791484e-05,0.000401928179218065,0.000308003909969212,"Ly6a/Ly6g/Ly6e/Ly6c1",4
"GO:0030547","MF","GO:0030547","signaling receptor inhibitor activity","4/146","35/28407",3.09718900810915e-05,0.00105585988912812,0.000809122104510812,"Ly6a/Ly6g/Ly6e/Ly6c1",4
"GO:0005126","MF","GO:0005126","cytokine receptor binding","9/146","323/28407",4.69885444114814e-05,0.00146839201285879,0.00112525198459074,"Cxcl13/Lrg1/Cxcl2/Socs2/Ccl4/Ccl3/Cd2ap/Ceacam1/Ecm1",9
"GO:0008009","MF","GO:0008009","chemokine activity","4/146","47/28407",0.00010057723814379,0.00290126648491703,0.00222328631686273,"Cxcl13/Cxcl2/Ccl4/Ccl3",4
"GO:0042277","MF","GO:0042277","peptide binding","9/146","370/28407",0.000132120855291081,0.00332611819017728,0.00254885688678848,"Cd74/Nfkbia/H2-Eb1/H2-Aa/H2-Ea/Cltb/Apoe/Ctsl/H2-Ab1",9
"GO:0033218","MF","GO:0033218","amide binding","10/146","457/28407",0.000133044727607091,0.00332611819017728,0.00254885688678848,"Cd74/Nfkbia/H2-Eb1/H2-Aa/H2-Ea/Psap/Cltb/Apoe/Ctsl/H2-Ab1",10
"GO:0005543","MF","GO:0005543","phospholipid binding","10/146","492/28407",0.000240764999669632,0.005642929679757,0.00432426611248747,"Pla2g2a/Jchain/Psap/Anxa3/Nrgn/Apoe/Anxa4/Capg/Ceacam1/Akt1",10
"GO:0008656","MF","GO:0008656","cysteine-type endopeptidase activator activity involved in apoptotic process","3/146","26/28407",0.000317053770319881,0.0069938331688209,0.00535948478621223,"Ctsh/Ctss/Ctsl",3
"GO:0016505","MF","GO:0016505","peptidase activator activity involved in apoptotic process","3/146","28/28407",0.000396492669053446,0.00826026393861346,0.00632997068137958,"Ctsh/Ctss/Ctsl",3
"GO:0030246","MF","GO:0030246","carbohydrate binding","7/146","283/28407",0.000675457838956315,0.0133225818949649,0.0102093048626679,"Reg3b/Reg3g/H2-Eb1/H2-Ea/Lgals4/Cd69/Tkt",7
"GO:0042605","MF","GO:0042605","peptide antigen binding","4/146","78/28407",0.000711102923541152,0.0133225818949649,0.0102093048626679,"H2-Eb1/H2-Aa/H2-Ea/H2-Ab1",4
"GO:0004197","MF","GO:0004197","cysteine-type endopeptidase activity","4/146","79/28407",0.000746064586118036,0.0133225818949649,0.0102093048626679,"Lgmn/Ctsh/Ctss/Ctsl",4
"GO:0001968","MF","GO:0001968","fibronectin binding","3/146","36/28407",0.000838554833874331,0.0142935483046761,0.0109533717534781,"Ctss/Ctsl/Sdc4",3
"GO:1901681","MF","GO:1901681","sulfur compound binding","7/146","301/28407",0.000968071707725758,0.0153403379460712,0.0117555431839367,"Saa1/Cxcl13/Dmbt1/Apoe/Acp5/Hbegf/Tkt",7
"GO:0042379","MF","GO:0042379","chemokine receptor binding","4/146","85/28407",0.00098178162854856,0.0153403379460712,0.0117555431839367,"Cxcl13/Cxcl2/Ccl4/Ccl3",4
"GO:0070851","MF","GO:0070851","growth factor receptor binding","5/146","151/28407",0.00112285845330131,0.0168428767995197,0.0129069624316319,"Agr2/Hbegf/Cd2ap/Ceacam1/Ecm1",5
"GO:0048306","MF","GO:0048306","calcium-dependent protein binding","4/146","92/28407",0.00131780730716132,0.0183963093445089,0.0140973823187394,"S100a8/S100a9/Anxa3/Anxa4",4
"GO:0042609","MF","GO:0042609","CD4 receptor binding","2/146","11/28407",0.00139970600388112,0.0183963093445089,0.0140973823187394,"Cd74/H2-Eb1",2
"GO:0043394","MF","GO:0043394","proteoglycan binding","3/146","43/28407",0.0014118154386294,0.0183963093445089,0.0140973823187394,"Ctss/Apoe/Ctsl",3
"GO:0005125","MF","GO:0005125","cytokine activity","6/146","236/28407",0.00142264792264202,0.0183963093445089,0.0140973823187394,"Cxcl13/Pglyrp1/Il22/Cxcl2/Ccl4/Ccl3",6
"GO:0061650","MF","GO:0061650","ubiquitin-like protein conjugating enzyme activity","3/146","44/28407",0.00150945059271805,0.0188681324089756,0.0144589477828782,"Ube2m/Ube2q1/Ube2c",3
"GO:0035325","MF","GO:0035325","Toll-like receptor binding","2/146","12/28407",0.00167399090246076,0.0202498899491221,0.0155178104031167,"Saa3/Ceacam1",2
"GO:0004175","MF","GO:0004175","endopeptidase activity","8/146","436/28407",0.00193146888943035,0.0226344010480119,0.0173450989083712,"Cfd/Hp/Psmb3/Lgmn/Ctsh/Ctss/Ctsl/Prss32",8
"GO:0045236","MF","GO:0045236","CXCR chemokine receptor binding","2/146","15/28407",0.00263637426904687,0.0280320318850796,0.0214813886445663,"Cxcl13/Cxcl2",2
"GO:0046935","MF","GO:0046935","1-phosphatidylinositol-3-kinase regulator activity","2/146","15/28407",0.00263637426904687,0.0280320318850796,0.0214813886445663,"Socs1/Socs2",2
"GO:0061783","MF","GO:0061783","peptidoglycan muralytic activity","2/146","15/28407",0.00263637426904687,0.0280320318850796,0.0214813886445663,"Lyz2/Pglyrp1",2
"GO:0061134","MF","GO:0061134","peptidase regulator activity","6/146","268/28407",0.00269107506096765,0.0280320318850796,0.0214813886445663,"Wfdc17/Serpinb1a/Ctsh/Ctss/Serpina3g/Ctsl",6
"GO:0005159","MF","GO:0005159","insulin-like growth factor receptor binding","2/146","17/28407",0.00339181404901216,0.0343764937399881,0.0263432499396962,"Socs1/Socs2",2
"GO:0034987","MF","GO:0034987","immunoglobulin receptor binding","2/146","18/28407",0.00380297198431964,0.0370112935527458,0.0283623386383146,"Jchain/Igha",2
"GO:0043028","MF","GO:0043028","cysteine-type endopeptidase regulator activity involved in apoptotic process","3/146","61/28407",0.00384917452948556,0.0370112935527458,0.0283623386383146,"Ctsh/Ctss/Ctsl",3
"GO:0016504","MF","GO:0016504","peptidase activator activity","3/146","63/28407",0.0042155602733631,0.037822387935167,0.0289838930703175,"Ctsh/Ctss/Ctsl",3
"GO:0048020","MF","GO:0048020","CCR chemokine receptor binding","3/146","63/28407",0.0042155602733631,0.037822387935167,0.0289838930703175,"Cxcl13/Ccl4/Ccl3",3
"GO:0070492","MF","GO:0070492","oligosaccharide binding","2/146","19/28407",0.00423610744873871,0.037822387935167,0.0289838930703175,"Reg3b/Reg3g",2
"GO:0050839","MF","GO:0050839","cell adhesion molecule binding","6/146","306/28407",0.00512865449580198,0.0447266380447847,0.0342747289437929,"Cldn7/Epcam/Cd81/Icam1/Tspan8/Cd2ap",6
"GO:0004857","MF","GO:0004857","enzyme inhibitor activity","7/146","410/28407",0.00541841147572683,0.0453985238538059,0.0347896056479691,"Wfdc17/Serpinb1a/Anxa3/Socs1/Rnh1/Serpina3g/Akt1",7
"GO:0046982","MF","GO:0046982","protein heterodimerization activity","6/146","312/28407",0.00562628251127396,0.0453985238538059,0.0347896056479691,"Bcl2/Fcer1g/Atp1b1/Lsm7/Gabbr1/Ceacam1",6
"GO:0005518","MF","GO:0005518","collagen binding","3/146","70/28407",0.00566131376906532,0.0453985238538059,0.0347896056479691,"Dcn/Ctss/Ctsl",3
"GO:0140375","MF","GO:0140375","immune receptor activity","4/146","138/28407",0.00568994832301033,0.0453985238538059,0.0347896056479691,"Cd74/H2-Eb1/Ctsh/Fcer1g",4
"GO:0017018","MF","GO:0017018","myosin phosphatase activity","3/146","71/28407",0.00588910612672492,0.0460086416150384,0.03525714852184,"Dusp1/Ssu72/Ctdnep1",3
