"","ONTOLOGY","ID","Description","GeneRatio","BgRatio","pvalue","p.adjust","qvalue","geneID","Count"
"GO:0006979","BP","GO:0006979","response to oxidative stress","12/92","389/28891",4.13079802396932e-09,5.64895435572037e-06,3.63784261371769e-06,"Gpx3/Reg3b/Lcn2/Apoe/Prdx6/Ndufs2/Gpx2/Apod/Ucp2/Trp53inp1/Epas1/Hspb1",12
"GO:0006953","BP","GO:0006953","acute-phase response","6/92","44/28891",5.65859404886673e-09,5.64895435572037e-06,3.63784261371769e-06,"Reg3b/Saa3/Saa1/Serpina3n/Reg3g/Hp",6
"GO:0050727","BP","GO:0050727","regulation of inflammatory response","12/92","411/28891",7.62342018315839e-09,5.64895435572037e-06,3.63784261371769e-06,"Reg3b/Apoe/Fabp4/Reg3g/Pglyrp1/Gpx2/Lpl/Agt/S100a9/Serpine1/S100a8/Ddt",12
"GO:0042742","BP","GO:0042742","defense response to bacterium","12/92","430/28891",1.25761038806735e-08,6.98916973168427e-06,4.5009213888726e-06,"Reg3b/Lypd8/Igha/Pla2g2a/Lcn2/Reg3g/Jchain/Pglyrp1/Cxcl13/Hp/Dmbt1/Serpine1",12
"GO:0030336","BP","GO:0030336","negative regulation of cell migration","10/92","313/28891",6.35076255747878e-08,2.71470274167325e-05,1.7482282021335e-05,"Cd74/Dpep1/Apoe/Nbl1/Ifitm1/Apod/Cxcl13/Trp53inp1/Serpine1/Cldn3",10
"GO:2000146","BP","GO:2000146","negative regulation of cell motility","10/92","326/28891",9.27830466038023e-08,2.71470274167325e-05,1.7482282021335e-05,"Cd74/Dpep1/Apoe/Nbl1/Ifitm1/Apod/Cxcl13/Trp53inp1/Serpine1/Cldn3",10
"GO:0010631","BP","GO:0010631","epithelial cell migration","10/92","328/28891",9.82093685655469e-08,2.71470274167325e-05,1.7482282021335e-05,"Glul/Lcn2/Apoe/Cxcl13/Map4k4/Lrg1/Agt/S100a9/Serpine1/Hspb1",10
"GO:0090132","BP","GO:0090132","epithelium migration","10/92","330/28891",1.03913300789999e-07,2.71470274167325e-05,1.7482282021335e-05,"Glul/Lcn2/Apoe/Cxcl13/Map4k4/Lrg1/Agt/S100a9/Serpine1/Hspb1",10
"GO:0090130","BP","GO:0090130","tissue migration","10/92","332/28891",1.0990699359001e-07,2.71470274167325e-05,1.7482282021335e-05,"Glul/Lcn2/Apoe/Cxcl13/Map4k4/Lrg1/Agt/S100a9/Serpine1/Hspb1",10
"GO:0007159","BP","GO:0007159","leukocyte cell-cell adhesion","11/92","447/28891",1.87736704396445e-07,4.17338693873298e-05,2.6875991366228e-05,"Cd74/H2-Aa/H2-Eb1/Sdc4/H2-Ea/Lrg1/S100a9/Sox4/Gpnmb/S100a8/Hspb1",11
"GO:0040013","BP","GO:0040013","negative regulation of locomotion","10/92","358/28891",2.20579217806428e-07,4.45770546530627e-05,2.8706960403516e-05,"Cd74/Dpep1/Apoe/Nbl1/Ifitm1/Apod/Cxcl13/Trp53inp1/Serpine1/Cldn3",10
"GO:0001667","BP","GO:0001667","ameboidal-type cell migration","11/92","471/28891",3.15633753472321e-07,5.84711528307476e-05,3.76545530458208e-05,"Glul/Lcn2/Apoe/Sdc4/Cxcl13/Map4k4/Lrg1/Agt/S100a9/Serpine1/Hspb1",11
"GO:0019886","BP","GO:0019886","antigen processing and presentation of exogenous peptide antigen via MHC class II","4/92","21/28891",5.52791569080419e-07,8.79202721488272e-05,5.66193480230153e-05,"Cd74/H2-Aa/H2-Eb1/H2-Ea",4
"GO:0019730","BP","GO:0019730","antimicrobial humoral response","8/92","221/28891",5.53703918166253e-07,8.79202721488272e-05,5.66193480230153e-05,"Reg3b/Igha/Reg3g/Jchain/Pglyrp1/Cxcl13/Dmbt1/S100a9",8
"GO:0072330","BP","GO:0072330","monocarboxylic acid biosynthetic process","8/92","227/28891",6.77787446491445e-07,0.000100448099570032,6.46870826125168e-05,"Pla2g2a/Cd74/Errfi1/Lpl/Agt/Acadl/Ldhb/Apoc1",8
"GO:0046394","BP","GO:0046394","carboxylic acid biosynthetic process","9/92","321/28891",8.93010892282049e-07,0.000120526339715191,7.76171707330823e-05,"Pla2g2a/Glul/Cd74/Errfi1/Lpl/Agt/Acadl/Ldhb/Apoc1",9
"GO:0016053","BP","GO:0016053","organic acid biosynthetic process","9/92","324/28891",9.64490925547967e-07,0.000120526339715191,7.76171707330823e-05,"Pla2g2a/Glul/Cd74/Errfi1/Lpl/Agt/Acadl/Ldhb/Apoc1",9
"GO:0009266","BP","GO:0009266","response to temperature stimulus","7/92","164/28891",9.75921779070373e-07,0.000120526339715191,7.76171707330823e-05,"Cirbp/Ucp2/Trp53inp1/Rasa3/Agt/Acadl/Hspb1",7
"GO:0002790","BP","GO:0002790","peptide secretion","9/92","329/28891",1.09464508245745e-06,0.000122482745029233,7.88770666665516e-05,"Glul/Cd74/Pim3/Ucp2/Map4k4/Agt/S100a9/Sox4/S100a8",9
"GO:0060326","BP","GO:0060326","cell chemotaxis","9/92","331/28891",1.15080753179574e-06,0.000122482745029233,7.88770666665516e-05,"Saa3/Cd74/Dpep1/Nbl1/Cxcl13/S100a9/Serpine1/S100a8/Hspb1",9
"GO:0002495","BP","GO:0002495","antigen processing and presentation of peptide antigen via MHC class II","4/92","25/28891",1.15705697058655e-06,0.000122482745029233,7.88770666665516e-05,"Cd74/H2-Aa/H2-Eb1/H2-Ea",4
"GO:0006959","BP","GO:0006959","humoral immune response","9/92","337/28891",1.33450548003859e-06,0.0001348457128239,8.68386341077744e-05,"Reg3b/Igha/Reg3g/Jchain/Pglyrp1/Cfd/Cxcl13/Dmbt1/S100a9",9
"GO:0010632","BP","GO:0010632","regulation of epithelial cell migration","8/92","250/28891",1.39831462100455e-06,0.000135150147934483,8.70346857925027e-05,"Glul/Lcn2/Apoe/Cxcl13/Map4k4/Agt/Serpine1/Hspb1",8
"GO:0015833","BP","GO:0015833","peptide transport","9/92","343/28891",1.54300959067116e-06,0.00014204460579101,9.14746141419957e-05,"Glul/Cd74/Pim3/Ucp2/Map4k4/Agt/S100a9/Sox4/S100a8",9
"GO:0002504","BP","GO:0002504","antigen processing and presentation of peptide or polysaccharide antigen via MHC class II","4/92","27/28891",1.59744271020029e-06,0.00014204460579101,9.14746141419957e-05,"Cd74/H2-Aa/H2-Eb1/H2-Ea",4
"GO:0052547","BP","GO:0052547","regulation of peptidase activity","10/92","457/28891",2.01574236780067e-06,0.000172345972446958,0.000110988243733154,"Xdh/Ctsl/Serpina3n/Dpep1/Serpina3c/S100a9/Serpine1/S100a8/Cldn3/Serpina3m",10
"GO:0002791","BP","GO:0002791","regulation of peptide secretion","8/92","269/28891",2.4113816202527e-06,0.000198537086734139,0.000127854931912034,"Glul/Cd74/Pim3/Ucp2/Map4k4/S100a9/Sox4/S100a8",8
"GO:0090087","BP","GO:0090087","regulation of peptide transport","8/92","271/28891",2.54739173169763e-06,0.000202244707841565,0.000130242584778525,"Glul/Cd74/Pim3/Ucp2/Map4k4/S100a9/Sox4/S100a8",8
"GO:0043524","BP","GO:0043524","negative regulation of neuron apoptotic process","7/92","210/28891",5.0364647982722e-06,0.000386071077467555,0.000248624033598918,"Lcn2/Apoe/Ucp2/Clu/Agt/Mt1/Retreg1",7
"GO:0002526","BP","GO:0002526","acute inflammatory response","6/92","139/28891",5.64959305945444e-06,0.000418634845705574,0.000269594616170457,"Reg3b/Saa3/Saa1/Serpina3n/Reg3g/Hp",6
"GO:0002399","BP","GO:0002399","MHC class II protein complex assembly","3/92","12/28891",6.73308995069039e-06,0.000467739342512023,0.00030121718200457,"H2-Aa/H2-Eb1/H2-Ea",3
"GO:0002503","BP","GO:0002503","peptide antigen assembly with MHC class II protein complex","3/92","12/28891",6.73308995069039e-06,0.000467739342512023,0.00030121718200457,"H2-Aa/H2-Eb1/H2-Ea",3
"GO:0048002","BP","GO:0048002","antigen processing and presentation of peptide antigen","5/92","83/28891",7.00178152351079e-06,0.000471665464447409,0.000303745546155492,"Cd74/Ctsl/H2-Aa/H2-Eb1/H2-Ea",5
"GO:0007162","BP","GO:0007162","negative regulation of cell adhesion","8/92","315/28891",7.68764945943295e-06,0.000502276844085623,0.000323458819497809,"Cd74/H2-Aa/Sdc4/Apod/Epcam/Serpine1/Gpnmb/Hspb1",8
"GO:0050866","BP","GO:0050866","negative regulation of cell activation","7/92","225/28891",7.90809246198686e-06,0.000502276844085623,0.000323458819497809,"Cd74/Apoe/H2-Aa/Pglyrp1/Sdc4/Gpnmb/Hspb1",7
"GO:0061844","BP","GO:0061844","antimicrobial humoral immune response mediated by antimicrobial peptide","6/92","151/28891",9.08534714464374e-06,0.000561020186181751,0.000361288658383494,"Reg3b/Reg3g/Pglyrp1/Cxcl13/Dmbt1/S100a9",6
"GO:0043542","BP","GO:0043542","endothelial cell migration","7/92","231/28891",9.38538192458301e-06,0.000563883892387785,0.00036313284260122,"Glul/Lcn2/Apoe/Cxcl13/Agt/S100a9/Hspb1",7
"GO:0042886","BP","GO:0042886","amide transport","9/92","432/28891",9.98635573066179e-06,0.000584201810243715,0.000376217279603879,"Glul/Cd74/Pim3/Ucp2/Map4k4/Agt/S100a9/Sox4/S100a8",9
"GO:0030595","BP","GO:0030595","leukocyte chemotaxis","7/92","240/28891",1.20256177401249e-05,0.000685460211187117,0.000441426184252896,"Cd74/Dpep1/Nbl1/Cxcl13/S100a9/Serpine1/S100a8",7
"GO:1903035","BP","GO:1903035","negative regulation of response to wounding","5/92","94/28891",1.28776249041976e-05,0.000710035498479856,0.000457252303872247,"Reg3b/Apoe/Reg3g/Serpine1/Cldn3",5
"GO:0006633","BP","GO:0006633","fatty acid biosynthetic process","6/92","161/28891",1.30955714969294e-05,0.000710035498479856,0.000457252303872247,"Pla2g2a/Cd74/Lpl/Agt/Acadl/Apoc1",6
"GO:0016042","BP","GO:0016042","lipid catabolic process","8/92","345/28891",1.4845360296708e-05,0.000785743712847188,0.000506007268258719,"Dpep1/Apoe/Prdx6/Hsd11b1/Pnpla2/Lpl/Acadl/Apoc1",8
"GO:0009409","BP","GO:0009409","response to cold","4/92","47/28891",1.54637497574886e-05,0.000787290958833281,0.000507003671668567,"Cirbp/Ucp2/Agt/Acadl",4
"GO:0050729","BP","GO:0050729","positive regulation of inflammatory response","6/92","167/28891",1.61184620390473e-05,0.000787290958833281,0.000507003671668567,"Fabp4/Lpl/S100a9/Serpine1/S100a8/Ddt",6
"GO:0097529","BP","GO:0097529","myeloid leukocyte migration","7/92","253/28891",1.69024293355327e-05,0.000787290958833281,0.000507003671668567,"Cd74/Dpep1/Nbl1/Cxcl13/S100a9/Serpine1/S100a8",7
"GO:0002396","BP","GO:0002396","MHC protein complex assembly","3/92","16/28891",1.69811260203662e-05,0.000787290958833281,0.000507003671668567,"H2-Aa/H2-Eb1/H2-Ea",3
"GO:0002501","BP","GO:0002501","peptide antigen assembly with MHC protein complex","3/92","16/28891",1.69811260203662e-05,0.000787290958833281,0.000507003671668567,"H2-Aa/H2-Eb1/H2-Ea",3
"GO:0006935","BP","GO:0006935","chemotaxis","9/92","462/28891",1.69995348735931e-05,0.000787290958833281,0.000507003671668567,"Saa3/Cd74/Dpep1/Nbl1/Cxcl13/S100a9/Serpine1/S100a8/Hspb1",9
"GO:0042330","BP","GO:0042330","taxis","9/92","464/28891",1.75880291966738e-05,0.000797922222534814,0.000513850047421619,"Saa3/Cd74/Dpep1/Nbl1/Cxcl13/S100a9/Serpine1/S100a8/Hspb1",9
"GO:0120162","BP","GO:0120162","positive regulation of cold-induced thermogenesis","5/92","101/28891",1.8259928999158e-05,0.000811836443302566,0.000522810598712735,"Lcn2/Fabp4/Ucp2/Acadl/Epas1",5
"GO:0072593","BP","GO:0072593","reactive oxygen species metabolic process","7/92","257/28891",1.8695791693496e-05,0.000814916567345914,0.000524794152799888,"Gpx3/Lcn2/Xdh/Prdx6/Ddit4/Ucp2/Agt",7
"GO:0030856","BP","GO:0030856","regulation of epithelial cell differentiation","6/92","173/28891",1.96813021978031e-05,0.00082179902026261,0.000529226350146624,"Reg3b/Xdh/Reg3g/Errfi1/Dmbt1/Serpine1",6
"GO:0052548","BP","GO:0052548","regulation of endopeptidase activity","8/92","360/28891",2.01423761115476e-05,0.00082179902026261,0.000529226350146624,"Xdh/Serpina3n/Dpep1/Serpina3c/S100a9/Serpine1/S100a8/Serpina3m",8
"GO:0051250","BP","GO:0051250","negative regulation of lymphocyte activation","6/92","174/28891",2.03324094082067e-05,0.00082179902026261,0.000529226350146624,"Cd74/H2-Aa/Pglyrp1/Sdc4/Gpnmb/Hspb1",6
"GO:1903034","BP","GO:1903034","regulation of response to wounding","6/92","174/28891",2.03324094082067e-05,0.00082179902026261,0.000529226350146624,"Reg3b/Apoe/Reg3g/S100a9/Serpine1/Cldn3",6
"GO:0010594","BP","GO:0010594","regulation of endothelial cell migration","6/92","177/28891",2.23906361374188e-05,0.000888828288097892,0.000572392202009202,"Glul/Lcn2/Apoe/Cxcl13/Agt/Hspb1",6
"GO:0042304","BP","GO:0042304","regulation of fatty acid biosynthetic process","4/92","52/28891",2.31874393780594e-05,0.000904310135744315,0.000582362281701953,"Cd74/Agt/Acadl/Apoc1",4
"GO:0090288","BP","GO:0090288","negative regulation of cellular response to growth factor stimulus","5/92","107/28891",2.41420753357911e-05,0.000911772106075587,0.000587167679647133,"Xdh/Nbl1/Htra3/Cxcl13/Agt",5
"GO:0061179","BP","GO:0061179","negative regulation of insulin secretion involved in cellular response to glucose stimulus","3/92","18/28891",2.46299057230047e-05,0.000911772106075587,0.000587167679647133,"Pim3/Ucp2/Map4k4",3
"GO:0032102","BP","GO:0032102","negative regulation of response to external stimulus","9/92","485/28891",2.48923800835854e-05,0.000911772106075587,0.000587167679647133,"Reg3b/Apoe/Reg3g/Pglyrp1/Gpx2/Nbl1/Cxcl13/Serpine1/Cldn3",9
"GO:0002478","BP","GO:0002478","antigen processing and presentation of exogenous peptide antigen","4/92","53/28891",2.50193875261407e-05,0.000911772106075587,0.000587167679647133,"Cd74/H2-Aa/H2-Eb1/H2-Ea",4
"GO:0045862","BP","GO:0045862","positive regulation of proteolysis","8/92","372/28891",2.54490002752256e-05,0.000912469800190751,0.000587616984283648,"Xdh/Ctsl/Apoe/Spon1/Clu/S100a9/S100a8/Cldn3",8
"GO:0030593","BP","GO:0030593","neutrophil chemotaxis","5/92","110/28891",2.75866244610817e-05,0.000967362984163262,0.000622967378583723,"Cd74/Dpep1/Cxcl13/S100a9/S100a8",5
"GO:0055088","BP","GO:0055088","lipid homeostasis","6/92","184/28891",2.78503063366841e-05,0.000967362984163262,0.000622967378583723,"Apoe/Fabp4/Errfi1/Pnpla2/Lpl/Angptl4",6
"GO:1902430","BP","GO:1902430","negative regulation of amyloid-beta formation","3/92","19/28891",2.91805603539965e-05,0.000997975164106682,0.000642681167310693,"Apoe/Spon1/Clu",3
"GO:0001659","BP","GO:0001659","temperature homeostasis","6/92","195/28891",3.8549488086397e-05,0.00128546406393807,0.00082781974427908,"Lcn2/Fabp4/Gpx2/Ucp2/Acadl/Epas1",6
"GO:0043434","BP","GO:0043434","response to peptide hormone","8/92","396/28891",3.96244802038205e-05,0.00128546406393807,0.00082781974427908,"Reg3b/Serpina3n/Reg3g/Serpina3c/Lpl/Agt/Eif4ebp1/Serpina3m",8
"GO:0051546","BP","GO:0051546","keratinocyte migration","3/92","21/28891",3.98672608326874e-05,0.00128546406393807,0.00082781974427908,"Map4k4/Lrg1/Serpine1",3
"GO:0019884","BP","GO:0019884","antigen processing and presentation of exogenous antigen","4/92","60/28891",4.09613545022799e-05,0.00128546406393807,0.00082781974427908,"Cd74/H2-Aa/H2-Eb1/H2-Ea",4
"GO:0019216","BP","GO:0019216","regulation of lipid metabolic process","8/92","398/28891",4.10562071703117e-05,0.00128546406393807,0.00082781974427908,"Cd74/Apoe/Pnpla2/Apod/Agt/Acadl/Angptl4/Apoc1",8
"GO:0050900","BP","GO:0050900","leukocyte migration","8/92","398/28891",4.10562071703117e-05,0.00128546406393807,0.00082781974427908,"Cd74/Dpep1/Nbl1/Apod/Cxcl13/S100a9/Serpine1/S100a8",8
"GO:1902992","BP","GO:1902992","negative regulation of amyloid precursor protein catabolic process","3/92","22/28891",4.60556720766077e-05,0.00142196887536526,0.0009157268132191,"Apoe/Spon1/Clu",3
"GO:1903037","BP","GO:1903037","regulation of leukocyte cell-cell adhesion","8/92","407/28891",4.80458190214089e-05,0.00146309391348756,0.000942210726303044,"Cd74/H2-Aa/H2-Eb1/Sdc4/H2-Ea/Sox4/Gpnmb/Hspb1",8
"GO:0009749","BP","GO:0009749","response to glucose","6/92","204/28891",4.95628744196091e-05,0.00147229280961798,0.000948134678637428,"Glul/Reg3g/Pim3/Ucp2/Map4k4/Sox4",6
"GO:0090303","BP","GO:0090303","positive regulation of wound healing","4/92","63/28891",4.96724969506741e-05,0.00147229280961798,0.000948134678637428,"Reg3g/S100a9/Serpine1/Cldn3",4
"GO:0050863","BP","GO:0050863","regulation of T cell activation","8/92","411/28891",5.14566513045902e-05,0.00150510705065926,0.000969266561970121,"Cd74/H2-Aa/H2-Eb1/Sdc4/H2-Ea/Sox4/Gpnmb/Hspb1",8
"GO:0002695","BP","GO:0002695","negative regulation of leukocyte activation","6/92","206/28891",5.23222772645351e-05,0.00151055093972807,0.000972772345588076,"Cd74/H2-Aa/Pglyrp1/Sdc4/Gpnmb/Hspb1",6
"GO:0009746","BP","GO:0009746","response to hexose","6/92","207/28891",5.37473488520069e-05,0.0015317994422822,0.000986456065299991,"Glul/Reg3g/Pim3/Ucp2/Map4k4/Sox4",6
"GO:0034284","BP","GO:0034284","response to monosaccharide","6/92","208/28891",5.52033160991617e-05,0.00155337938846122,0.00100035322977828,"Glul/Reg3g/Pim3/Ucp2/Map4k4/Sox4",6
"GO:0022408","BP","GO:0022408","negative regulation of cell-cell adhesion","6/92","209/28891",5.66906716715674e-05,0.00156455724820476,0.00100755160525533,"Cd74/H2-Aa/Sdc4/Epcam/Gpnmb/Hspb1",6
"GO:0061041","BP","GO:0061041","regulation of wound healing","5/92","128/28891",5.70081588414689e-05,0.00156455724820476,0.00100755160525533,"Apoe/Reg3g/S100a9/Serpine1/Cldn3",5
"GO:0043523","BP","GO:0043523","regulation of neuron apoptotic process","7/92","310/28891",6.14869963941358e-05,0.00166689747541663,0.00107345718993613,"Lcn2/Apoe/Ucp2/Clu/Agt/Mt1/Retreg1",7
"GO:0046503","BP","GO:0046503","glycerolipid catabolic process","4/92","67/28891",6.32987554261361e-05,0.00169533895556989,0.00109177308027324,"Prdx6/Pnpla2/Lpl/Apoc1",4
"GO:0050678","BP","GO:0050678","regulation of epithelial cell proliferation","8/92","426/28891",6.61013730021003e-05,0.00174932562123416,0.00112653969026136,"Pla2g2a/Glul/Xdh/Ctsl/Apoe/Reg3g/Errfi1/Lrg1",8
"GO:0019882","BP","GO:0019882","antigen processing and presentation","5/92","134/28891",7.08687697139551e-05,0.00183187529155956,0.00117970045056278,"Cd74/Ctsl/H2-Aa/H2-Eb1/H2-Ea",5
"GO:0050829","BP","GO:0050829","defense response to Gram-negative bacterium","5/92","134/28891",7.08687697139551e-05,0.00183187529155956,0.00117970045056278,"Reg3b/Lypd8/Reg3g/Dmbt1/Serpine1",5
"GO:0071621","BP","GO:0071621","granulocyte chemotaxis","5/92","135/28891",7.34108568121472e-05,0.00187577396199314,0.00120797054161549,"Cd74/Dpep1/Cxcl13/S100a9/S100a8",5
"GO:0009636","BP","GO:0009636","response to toxic substance","5/92","136/28891",7.60226390800733e-05,0.00190617650179608,0.00122754932520902,"Gpx3/Lcn2/Prdx6/Gpx2/Mt1",5
"GO:1902993","BP","GO:1902993","positive regulation of amyloid precursor protein catabolic process","3/92","26/28891",7.70420148554958e-05,0.00190617650179608,0.00122754932520902,"Apoe/Spon1/Clu",3
"GO:0042157","BP","GO:0042157","lipoprotein metabolic process","5/92","137/28891",7.87054247014773e-05,0.00190617650179608,0.00122754932520902,"Glul/Apoe/Apod/Wipi1/Apoc1",5
"GO:2001233","BP","GO:2001233","regulation of apoptotic signaling pathway","8/92","437/28891",7.89175063534889e-05,0.00190617650179608,0.00122754932520902,"Cd74/Ctsl/Clu/Agt/S100a9/Serpine1/S100a8/Hspb1",8
"GO:0098754","BP","GO:0098754","detoxification","4/92","71/28891",7.94656131778956e-05,0.00190617650179608,0.00122754932520902,"Gpx3/Prdx6/Gpx2/Mt1",4
"GO:0009743","BP","GO:0009743","response to carbohydrate","6/92","223/28891",8.10968377490808e-05,0.00190617650179608,0.00122754932520902,"Glul/Reg3g/Pim3/Ucp2/Map4k4/Sox4",6
"GO:0050868","BP","GO:0050868","negative regulation of T cell activation","5/92","138/28891",8.14605342647899e-05,0.00190617650179608,0.00122754932520902,"Cd74/H2-Aa/Sdc4/Gpnmb/Hspb1",5
"GO:1990266","BP","GO:1990266","neutrophil migration","5/92","138/28891",8.14605342647899e-05,0.00190617650179608,0.00122754932520902,"Cd74/Dpep1/Cxcl13/S100a9/S100a8",5
"GO:0045619","BP","GO:0045619","regulation of lymphocyte differentiation","6/92","224/28891",8.31174354444254e-05,0.00192468811450998,0.00123947052855722,"Cd74/H2-Aa/Pglyrp1/H2-Ea/Sox4/Hspb1",6
"GO:0021782","BP","GO:0021782","glial cell development","5/92","139/28891",8.42893007276757e-05,0.00193170222183116,0.00124398750938295,"Clu/Agt/S100a9/Sox4/S100a8",5
"GO:0034368","BP","GO:0034368","protein-lipid complex remodeling","3/92","27/28891",8.64725863736577e-05,0.0019417026212994,0.00125042761794975,"Apoe/Lpl/Apoc1",3
"GO:0034369","BP","GO:0034369","plasma lipoprotein particle remodeling","3/92","27/28891",8.64725863736577e-05,0.0019417026212994,0.00125042761794975,"Apoe/Lpl/Apoc1",3
"GO:0002792","BP","GO:0002792","negative regulation of peptide secretion","4/92","74/28891",9.34216304172853e-05,0.00205620083581807,0.00132416276568534,"Cd74/Pim3/Ucp2/Map4k4",4
"GO:0048662","BP","GO:0048662","negative regulation of smooth muscle cell proliferation","4/92","74/28891",9.34216304172853e-05,0.00205620083581807,0.00132416276568534,"Apoe/Apod/Ndrg2/Agt",4
"GO:0034367","BP","GO:0034367","protein-containing complex remodeling","3/92","29/28891",0.000107527141100846,0.00234345916340373,0.00150915285755573,"Apoe/Lpl/Apoc1",3
"GO:0098869","BP","GO:0098869","cellular oxidant detoxification","3/92","30/28891",0.000119199455991558,0.0025304572626159,0.00162957685307083,"Gpx3/Prdx6/Gpx2",3
"GO:1901652","BP","GO:1901652","response to peptide","8/92","464/28891",0.000119350050554033,0.0025304572626159,0.00162957685307083,"Reg3b/Serpina3n/Reg3g/Serpina3c/Lpl/Agt/Eif4ebp1/Serpina3m",8
"GO:0008203","BP","GO:0008203","cholesterol metabolic process","5/92","150/28891",0.0001206605802237,0.0025304572626159,0.00162957685307083,"Saa1/Apoe/Errfi1/Acadl/Apoc1",5
"GO:0120161","BP","GO:0120161","regulation of cold-induced thermogenesis","5/92","150/28891",0.0001206605802237,0.0025304572626159,0.00162957685307083,"Lcn2/Fabp4/Ucp2/Acadl/Epas1",5
"GO:0051224","BP","GO:0051224","negative regulation of protein transport","5/92","151/28891",0.000124481649849695,0.0025861935291203,0.00166547017998608,"Apoe/Pim3/Apod/Ucp2/Map4k4",5
"GO:1903036","BP","GO:1903036","positive regulation of response to wounding","4/92","80/28891",0.000126555490398502,0.00260493384403582,0.00167753866415168,"Reg3g/S100a9/Serpine1/Cldn3",4
"GO:1903038","BP","GO:1903038","negative regulation of leukocyte cell-cell adhesion","5/92","153/28891",0.000132401570037728,0.00270026321278779,0.00173892936022511,"Cd74/H2-Aa/Sdc4/Gpnmb/Hspb1",5
"GO:0106106","BP","GO:0106106","cold-induced thermogenesis","5/92","154/28891",0.000136503436041484,0.00275861034836562,0.001776504048004,"Lcn2/Fabp4/Ucp2/Acadl/Epas1",5
"GO:1904950","BP","GO:1904950","negative regulation of establishment of protein localization","5/92","155/28891",0.000140701935767776,0.00281784147037627,0.00181464800990209,"Apoe/Pim3/Apod/Ucp2/Map4k4",5
"GO:0071548","BP","GO:0071548","response to dexamethasone","3/92","32/28891",0.000144953155507692,0.00285657465432838,0.00183959160446367,"Ddit4/Pappa/Eif4ebp1",3
"GO:0051346","BP","GO:0051346","negative regulation of hydrolase activity","7/92","356/28891",0.000145205999072923,0.00285657465432838,0.00183959160446367,"Serpina3n/Dpep1/Serpina3c/Angptl4/Serpine1/Apoc1/Serpina3m",7
"GO:0034248","BP","GO:0034248","regulation of amide metabolic process","8/92","482/28891",0.000154832395462947,0.00301923171152747,0.00194434033083664,"Apoe/Cirbp/Hsd11b1/Spon1/Clu/S100a9/Eif4ebp1/Sox4",8
"GO:1902105","BP","GO:1902105","regulation of leukocyte differentiation","7/92","363/28891",0.000163637619305937,0.00313893634074565,0.00202142833222723,"Cd74/Tmem176b/H2-Aa/Pglyrp1/H2-Ea/Sox4/Hspb1",7
"GO:0030098","BP","GO:0030098","lymphocyte differentiation","8/92","486/28891",0.000163795148684883,0.00313893634074565,0.00202142833222723,"Igkc/Cd74/Ctsl/H2-Aa/Pglyrp1/H2-Ea/Sox4/Hspb1",8
"GO:0010634","BP","GO:0010634","positive regulation of epithelial cell migration","5/92","162/28891",0.000172927726958566,0.003257782517194,0.00209796350279795,"Lcn2/Map4k4/Agt/Serpine1/Hspb1",5
"GO:1902652","BP","GO:1902652","secondary alcohol metabolic process","5/92","162/28891",0.000172927726958566,0.003257782517194,0.00209796350279795,"Saa1/Apoe/Errfi1/Acadl/Apoc1",5
"GO:0070371","BP","GO:0070371","ERK1 and ERK2 cascade","7/92","367/28891",0.000174993097758451,0.00326898870854652,0.00210518012340993,"Pla2g2a/Cd74/Apoe/Errfi1/Ndrg2/Agt/Gpnmb",7
"GO:0016125","BP","GO:0016125","sterol metabolic process","5/92","163/28891",0.000177955589247434,0.00329662729080871,0.00212297895944307,"Saa1/Apoe/Errfi1/Acadl/Apoc1",5
"GO:0051402","BP","GO:0051402","neuron apoptotic process","7/92","369/28891",0.000180905488486178,0.00332357769342788,0.00214033461801828,"Lcn2/Apoe/Ucp2/Clu/Agt/Mt1/Retreg1",7
"GO:0042060","BP","GO:0042060","wound healing","7/92","370/28891",0.000183921745858774,0.0033512954183939,0.00215818442077596,"Apoe/Reg3g/Sdc4/Lrg1/S100a9/Serpine1/Cldn3",7
"GO:0045616","BP","GO:0045616","regulation of keratinocyte differentiation","3/92","35/28891",0.000189956107791507,0.00343310916764651,0.00221087125884852,"Reg3b/Reg3g/Errfi1",3
"GO:0097530","BP","GO:0097530","granulocyte migration","5/92","167/28891",0.000199192260764492,0.00357100319096344,0.00229967295959006,"Cd74/Dpep1/Cxcl13/S100a9/S100a8",5
"GO:0050709","BP","GO:0050709","negative regulation of protein secretion","4/92","92/28891",0.000217171291931877,0.0038621742557165,0.00248718279601981,"Apoe/Pim3/Ucp2/Map4k4",4
"GO:0050728","BP","GO:0050728","negative regulation of inflammatory response","5/92","172/28891",0.000228394841091329,0.00402953755353988,0.00259496227138018,"Reg3b/Apoe/Reg3g/Pglyrp1/Gpx2",5
"GO:1990845","BP","GO:1990845","adaptive thermogenesis","5/92","173/28891",0.000234606553558399,0.00410653833512063,0.00264454962983358,"Lcn2/Fabp4/Ucp2/Acadl/Epas1",5
"GO:0062012","BP","GO:0062012","regulation of small molecule metabolic process","7/92","389/28891",0.000249418602544957,0.00433169963638624,0.00278955016004228,"Cd74/Apoe/Hsd11b1/Ddit4/Agt/Acadl/Apoc1",7
"GO:2001235","BP","GO:2001235","positive regulation of apoptotic signaling pathway","5/92","177/28891",0.000260748518640695,0.00439267181376541,0.00282881533571085,"Ctsl/Clu/Agt/S100a9/S100a8",5
"GO:0014002","BP","GO:0014002","astrocyte development","3/92","39/28891",0.000262809424755195,0.00439267181376541,0.00282881533571085,"Agt/S100a9/S100a8",3
"GO:0055090","BP","GO:0055090","acylglycerol homeostasis","3/92","39/28891",0.000262809424755195,0.00439267181376541,0.00282881533571085,"Apoe/Lpl/Angptl4",3
"GO:0070328","BP","GO:0070328","triglyceride homeostasis","3/92","39/28891",0.000262809424755195,0.00439267181376541,0.00282881533571085,"Apoe/Lpl/Angptl4",3
"GO:1902003","BP","GO:1902003","regulation of amyloid-beta formation","3/92","39/28891",0.000262809424755195,0.00439267181376541,0.00282881533571085,"Apoe/Spon1/Clu",3
"GO:0010951","BP","GO:0010951","negative regulation of endopeptidase activity","5/92","184/28891",0.000311756974737525,0.00517190861822029,0.00333063225171276,"Serpina3n/Dpep1/Serpina3c/Serpine1/Serpina3m",5
"GO:0045834","BP","GO:0045834","positive regulation of lipid metabolic process","5/92","185/28891",0.000319619370716856,0.00526306563780423,0.00338933601695847,"Cd74/Apoe/Pnpla2/Agt/Angptl4",5
"GO:0042632","BP","GO:0042632","cholesterol homeostasis","4/92","102/28891",0.000322385152375092,0.00526957495389581,0.00339352791973781,"Apoe/Fabp4/Errfi1/Lpl",4
"GO:0071827","BP","GO:0071827","plasma lipoprotein particle organization","3/92","42/28891",0.000327857034550822,0.00531989918106918,0.00342593597379268,"Apoe/Lpl/Apoc1",3
"GO:0055092","BP","GO:0055092","sterol homeostasis","4/92","103/28891",0.000334599499062666,0.00538996149577033,0.00347105506274009,"Apoe/Fabp4/Errfi1/Lpl",4
"GO:0045580","BP","GO:0045580","regulation of T cell differentiation","5/92","190/28891",0.000361209845305421,0.00573549632938537,0.00369357435801032,"Cd74/H2-Aa/H2-Ea/Sox4/Hspb1",5
"GO:1905952","BP","GO:1905952","regulation of lipid localization","5/92","190/28891",0.000361209845305421,0.00573549632938537,0.00369357435801032,"Apoe/Pnpla2/Lpl/Agt/Apoc1",5
"GO:0010952","BP","GO:0010952","positive regulation of peptidase activity","5/92","193/28891",0.000388055036876834,0.00611805919841987,0.00393993915754008,"Xdh/Ctsl/S100a9/S100a8/Cldn3",5
"GO:2001242","BP","GO:2001242","regulation of intrinsic apoptotic signaling pathway","5/92","194/28891",0.000397330078221237,0.00622017439356205,0.00400569982491388,"Cd74/Clu/S100a9/S100a8/Hspb1",5
"GO:0071825","BP","GO:0071825","protein-lipid complex organization","3/92","46/28891",0.000429552952201454,0.00663122369960995,0.00427040946633025,"Apoe/Lpl/Apoc1",3
"GO:1902991","BP","GO:1902991","regulation of amyloid precursor protein catabolic process","3/92","46/28891",0.000429552952201454,0.00663122369960995,0.00427040946633025,"Apoe/Spon1/Clu",3
"GO:0034372","BP","GO:0034372","very-low-density lipoprotein particle remodeling","2/92","10/28891",0.000443929602623785,0.00667727133523419,0.0043000634590139,"Apoe/Lpl",2
"GO:0071830","BP","GO:0071830","triglyceride-rich lipoprotein particle clearance","2/92","10/28891",0.000443929602623785,0.00667727133523419,0.0043000634590139,"Apoe/Apoc1",2
"GO:1900408","BP","GO:1900408","negative regulation of cellular response to oxidative stress","2/92","10/28891",0.000443929602623785,0.00667727133523419,0.0043000634590139,"Reg3b/Hspb1",2
"GO:0019217","BP","GO:0019217","regulation of fatty acid metabolic process","4/92","111/28891",0.000444550678189231,0.00667727133523419,0.0043000634590139,"Cd74/Agt/Acadl/Apoc1",4
"GO:0010563","BP","GO:0010563","negative regulation of phosphorus metabolic process","7/92","430/28891",0.000455190540462082,0.00674592380964805,0.00434427463177847,"Xdh/Apoe/Fabp4/Errfi1/Agt/Hspb1/Apoc1",7
"GO:0045936","BP","GO:0045936","negative regulation of phosphate metabolic process","7/92","430/28891",0.000455190540462082,0.00674592380964805,0.00434427463177847,"Xdh/Apoe/Fabp4/Errfi1/Agt/Hspb1/Apoc1",7
"GO:0050830","BP","GO:0050830","defense response to Gram-positive bacterium","5/92","203/28891",0.000488536482308314,0.00719155405528492,0.0046312538841241,"Reg3b/Pla2g2a/Reg3g/Pglyrp1/Dmbt1",5
"GO:0006641","BP","GO:0006641","triglyceride metabolic process","4/92","114/28891",0.000491730191814353,0.00719155405528492,0.0046312538841241,"Apoe/Pnpla2/Lpl/Apoc1",4
"GO:0006469","BP","GO:0006469","negative regulation of protein kinase activity","5/92","204/28891",0.000499565969943708,0.00725839968094682,0.0046743014731575,"Apoe/Fabp4/Errfi1/Agt/Hspb1",5
"GO:0034205","BP","GO:0034205","amyloid-beta formation","3/92","49/28891",0.000517764157054329,0.00747395922812841,0.00481311861649958,"Apoe/Spon1/Clu",3
"GO:0071692","BP","GO:0071692","protein localization to extracellular region","7/92","441/28891",0.000528790778494783,0.00758388322963808,0.00488390803906896,"Glul/Apoe/Pim3/Nbl1/Ucp2/Map4k4/Sox4",7
"GO:0034370","BP","GO:0034370","triglyceride-rich lipoprotein particle remodeling","2/92","11/28891",0.000541455847446703,0.00771574582611552,0.00496882559060403,"Apoe/Lpl",2
"GO:0010837","BP","GO:0010837","regulation of keratinocyte proliferation","3/92","50/28891",0.000549547748659645,0.00778117608452478,0.00501096170417108,"Ctsl/Reg3g/Lrg1",3
"GO:0045833","BP","GO:0045833","negative regulation of lipid metabolic process","4/92","118/28891",0.000560046081308669,0.00787963568828589,0.00507436822504857,"Apoe/Apod/Acadl/Apoc1",4
"GO:0051048","BP","GO:0051048","negative regulation of secretion","5/92","210/28891",0.000569730435426541,0.00796547646511447,0.00512964840900428,"Cd74/Apoe/Pim3/Ucp2/Map4k4",5
"GO:0030072","BP","GO:0030072","peptide hormone secretion","6/92","321/28891",0.000574503134878258,0.0079820029302148,0.00514029120680547,"Glul/Pim3/Ucp2/Map4k4/Agt/Sox4",6
"GO:0090287","BP","GO:0090287","regulation of cellular response to growth factor stimulus","6/92","323/28891",0.000593478370571538,0.00819442495515856,0.00527708783247657,"Xdh/Nbl1/Htra3/Cxcl13/Lrg1/Agt",6
"GO:1903706","BP","GO:1903706","regulation of hemopoiesis","7/92","452/28891",0.000611588490769383,0.00839235317889098,0.00540455066566837,"Cd74/Tmem176b/H2-Aa/Pglyrp1/H2-Ea/Sox4/Hspb1",7
"GO:0062014","BP","GO:0062014","negative regulation of small molecule metabolic process","4/92","121/28891",0.000615523533979266,0.00839453261371723,0.00540595418929159,"Apoe/Ddit4/Acadl/Apoc1",4
"GO:0097193","BP","GO:0097193","intrinsic apoptotic signaling pathway","6/92","327/28891",0.000632888419433563,0.00841150614726938,0.00541688489252852,"Cd74/Ddit4/Clu/S100a9/S100a8/Hspb1",6
"GO:0032680","BP","GO:0032680","regulation of tumor necrosis factor production","5/92","216/28891",0.000647053448856303,0.00841150614726938,0.00541688489252852,"Errfi1/Lpl/Clu/Gpnmb/Hspb1",5
"GO:0014824","BP","GO:0014824","artery smooth muscle contraction","2/92","12/28891",0.000648400398945905,0.00841150614726938,0.00541688489252852,"Grip2/Agt",2
"GO:0045617","BP","GO:0045617","negative regulation of keratinocyte differentiation","2/92","12/28891",0.000648400398945905,0.00841150614726938,0.00541688489252852,"Reg3b/Reg3g",2
"GO:0106015","BP","GO:0106015","negative regulation of inflammatory response to wounding","2/92","12/28891",0.000648400398945905,0.00841150614726938,0.00541688489252852,"Reg3b/Reg3g",2
"GO:1902947","BP","GO:1902947","regulation of tau-protein kinase activity","2/92","12/28891",0.000648400398945905,0.00841150614726938,0.00541688489252852,"Apoe/Clu",2
"GO:1905907","BP","GO:1905907","negative regulation of amyloid fibril formation","2/92","12/28891",0.000648400398945905,0.00841150614726938,0.00541688489252852,"Apoe/Clu",2
"GO:1990748","BP","GO:1990748","cellular detoxification","3/92","53/28891",0.000652307250591065,0.00841150614726938,0.00541688489252852,"Gpx3/Prdx6/Gpx2",3
"GO:0032963","BP","GO:0032963","collagen metabolic process","4/92","123/28891",0.000654606641240487,0.00841150614726938,0.00541688489252852,"Ctsl/Errfi1/Serpine1/Retreg1",4
"GO:1902106","BP","GO:1902106","negative regulation of leukocyte differentiation","4/92","123/28891",0.000654606641240487,0.00841150614726938,0.00541688489252852,"Cd74/Tmem176b/Pglyrp1/Hspb1",4
"GO:0050708","BP","GO:0050708","regulation of protein secretion","6/92","331/28891",0.000674301324524534,0.00861478071504621,0.0055477906917929,"Glul/Apoe/Pim3/Ucp2/Map4k4/Sox4",6
"GO:1903555","BP","GO:1903555","regulation of tumor necrosis factor superfamily cytokine production","5/92","219/28891",0.00068854117691142,0.0087464402072805,0.00563257744721523,"Errfi1/Lpl/Clu/Gpnmb/Hspb1",5
"GO:0045582","BP","GO:0045582","positive regulation of T cell differentiation","4/92","125/28891",0.000695417481881928,0.00878359694445185,0.00565650583348936,"Cd74/H2-Aa/H2-Ea/Sox4",4
"GO:0006631","BP","GO:0006631","fatty acid metabolic process","7/92","463/28891",0.000704388787132458,0.00884664561466358,0.00569710823966781,"Pla2g2a/Cd74/Fabp4/Lpl/Agt/Acadl/Apoc1",7
"GO:0048145","BP","GO:0048145","regulation of fibroblast proliferation","4/92","126/28891",0.000716484014507082,0.00890796463293745,0.00573659677571557,"Cd74/Trp53inp1/Agt/Serpine1",4
"GO:0050796","BP","GO:0050796","regulation of insulin secretion","5/92","221/28891",0.000717285501257671,0.00890796463293745,0.00573659677571557,"Glul/Pim3/Ucp2/Map4k4/Sox4",5
"GO:0046890","BP","GO:0046890","regulation of lipid biosynthetic process","5/92","222/28891",0.000731989876828066,0.00904007497882662,0.00582167387418813,"Cd74/Apoe/Agt/Acadl/Apoc1",5
"GO:0046883","BP","GO:0046883","regulation of hormone secretion","6/92","337/28891",0.000740327419946961,0.00909056734756374,0.00585419020891005,"Glul/Pim3/Ucp2/Map4k4/Agt/Sox4",6
"GO:0032640","BP","GO:0032640","tumor necrosis factor production","5/92","223/28891",0.000746918616256484,0.00909056734756374,0.00585419020891005,"Errfi1/Lpl/Clu/Gpnmb/Hspb1",5
"GO:0001952","BP","GO:0001952","regulation of cell-matrix adhesion","4/92","128/28891",0.000759965770162201,0.00909056734756374,0.00585419020891005,"Sdc4/Apod/Map4k4/Serpine1",4
"GO:0030217","BP","GO:0030217","T cell differentiation","6/92","339/28891",0.000763413058797029,0.00909056734756374,0.00585419020891005,"Cd74/Ctsl/H2-Aa/H2-Ea/Sox4/Hspb1",6
"GO:0002468","BP","GO:0002468","dendritic cell antigen processing and presentation","2/92","13/28891",0.000764703596038875,0.00909056734756374,0.00585419020891005,"Cd74/H2-Ea",2
"GO:0017038","BP","GO:0017038","protein import","2/92","13/28891",0.000764703596038875,0.00909056734756374,0.00585419020891005,"Apoe/Clu",2
"GO:0051549","BP","GO:0051549","positive regulation of keratinocyte migration","2/92","13/28891",0.000764703596038875,0.00909056734756374,0.00585419020891005,"Map4k4/Serpine1",2
"GO:0033673","BP","GO:0033673","negative regulation of kinase activity","5/92","225/28891",0.000777457892742853,0.00915398162258743,0.00589502805915141,"Apoe/Fabp4/Errfi1/Agt/Hspb1",5
"GO:1901890","BP","GO:1901890","positive regulation of cell junction assembly","4/92","129/28891",0.00078239159167414,0.00915398162258743,0.00589502805915141,"Sdc4/Map4k4/Agt/Cldn3",4
"GO:1903707","BP","GO:1903707","negative regulation of hemopoiesis","4/92","129/28891",0.00078239159167414,0.00915398162258743,0.00589502805915141,"Cd74/Tmem176b/Pglyrp1/Hspb1",4
"GO:0071706","BP","GO:0071706","tumor necrosis factor superfamily cytokine production","5/92","226/28891",0.000793072799743093,0.00920110204462391,0.00592537291033384,"Errfi1/Lpl/Clu/Gpnmb/Hspb1",5
"GO:0031400","BP","GO:0031400","negative regulation of protein modification process","7/92","473/28891",0.000798140649406253,0.00920110204462391,0.00592537291033384,"Xdh/Apoe/Fabp4/Errfi1/Agt/Sox4/Hspb1",7
"GO:0001933","BP","GO:0001933","negative regulation of protein phosphorylation","6/92","342/28891",0.000799081779862609,0.00920110204462391,0.00592537291033384,"Xdh/Apoe/Fabp4/Errfi1/Agt/Hspb1",6
"GO:0071675","BP","GO:0071675","regulation of mononuclear cell migration","4/92","130/28891",0.000805281113777901,0.00920110204462391,0.00592537291033384,"Nbl1/Apod/Cxcl13/Serpine1",4
"GO:0050435","BP","GO:0050435","amyloid-beta metabolic process","3/92","57/28891",0.000807302906637714,0.00920110204462391,0.00592537291033384,"Apoe/Spon1/Clu",3
"GO:0070372","BP","GO:0070372","regulation of ERK1 and ERK2 cascade","6/92","343/28891",0.000811253261694236,0.00920110204462391,0.00592537291033384,"Pla2g2a/Cd74/Apoe/Errfi1/Ndrg2/Gpnmb",6
"GO:0045604","BP","GO:0045604","regulation of epidermal cell differentiation","3/92","58/28891",0.000849384211057326,0.00958467564050982,0.00617238860292794,"Reg3b/Reg3g/Errfi1",3
"GO:0014820","BP","GO:0014820","tonic smooth muscle contraction","2/92","14/28891",0.000890306054925863,0.00979777405990195,0.00630962081656682,"Grip2/Agt",2
"GO:0097113","BP","GO:0097113","AMPA glutamate receptor clustering","2/92","14/28891",0.000890306054925863,0.00979777405990195,0.00630962081656682,"Apoe/Grip2",2
"GO:0097688","BP","GO:0097688","glutamate receptor clustering","2/92","14/28891",0.000890306054925863,0.00979777405990195,0.00630962081656682,"Apoe/Grip2",2
"GO:0106014","BP","GO:0106014","regulation of inflammatory response to wounding","2/92","14/28891",0.000890306054925863,0.00979777405990195,0.00630962081656682,"Reg3b/Reg3g",2
"GO:1902883","BP","GO:1902883","negative regulation of response to oxidative stress","2/92","14/28891",0.000890306054925863,0.00979777405990195,0.00630962081656682,"Reg3b/Hspb1",2
"GO:0006091","BP","GO:0006091","generation of precursor metabolites and energy","7/92","484/28891",0.000912406354908772,0.00999152377813891,0.00643439275434757,"Ndufs2/Hsd11b1/Ddit4/Ucp2/Ppp1r2/Chchd10/Aldh1l1",7
"GO:0044242","BP","GO:0044242","cellular lipid catabolic process","5/92","234/28891",0.000926569517548311,0.0100697527288774,0.00648477103547753,"Prdx6/Pnpla2/Lpl/Acadl/Apoc1",5
"GO:0006826","BP","GO:0006826","iron ion transport","3/92","60/28891",0.000937669282446071,0.0100697527288774,0.00648477103547753,"Lcn2/Cp/Sfxn1",3
"GO:0030857","BP","GO:0030857","negative regulation of epithelial cell differentiation","3/92","60/28891",0.000937669282446071,0.0100697527288774,0.00648477103547753,"Reg3b/Xdh/Reg3g",3
"GO:0097237","BP","GO:0097237","cellular response to toxic substance","3/92","60/28891",0.000937669282446071,0.0100697527288774,0.00648477103547753,"Gpx3/Prdx6/Gpx2",3
"GO:0007160","BP","GO:0007160","cell-matrix adhesion","5/92","235/28891",0.0009443621448821,0.0100928704234274,0.0064996584870428,"Sdc4/Apod/Map4k4/Agt/Serpine1",5
"GO:0022409","BP","GO:0022409","positive regulation of cell-cell adhesion","6/92","354/28891",0.000954819808281014,0.0101558106880799,0.00654019108165288,"Cd74/H2-Aa/H2-Eb1/H2-Ea/Cxcl13/Sox4",6
"GO:0002688","BP","GO:0002688","regulation of leukocyte chemotaxis","4/92","137/28891",0.000978937474513889,0.0102206844984885,0.00658196885098108,"Cd74/Nbl1/Cxcl13/Serpine1",4
"GO:0003158","BP","GO:0003158","endothelium development","4/92","137/28891",0.000978937474513889,0.0102206844984885,0.00658196885098108,"Lcn2/Xdh/Agt/Cldn3",4
"GO:0042987","BP","GO:0042987","amyloid precursor protein catabolic process","3/92","61/28891",0.000983907549562098,0.0102206844984885,0.00658196885098108,"Apoe/Spon1/Clu",3
"GO:0046676","BP","GO:0046676","negative regulation of insulin secretion","3/92","61/28891",0.000983907549562098,0.0102206844984885,0.00658196885098108,"Pim3/Ucp2/Map4k4",3
"GO:1905953","BP","GO:1905953","negative regulation of lipid localization","3/92","61/28891",0.000983907549562098,0.0102206844984885,0.00658196885098108,"Apoe/Pnpla2/Apoc1",3
"GO:0008202","BP","GO:0008202","steroid metabolic process","6/92","358/28891",0.00101161185155946,0.0102653400399802,0.00661072635574167,"Saa1/Apoe/Hsd11b1/Errfi1/Acadl/Apoc1",6
"GO:0010744","BP","GO:0010744","positive regulation of macrophage derived foam cell differentiation","2/92","15/28891",0.00102514866796023,0.0102653400399802,0.00661072635574167,"Lpl/Agt",2
"GO:0010838","BP","GO:0010838","positive regulation of keratinocyte proliferation","2/92","15/28891",0.00102514866796023,0.0102653400399802,0.00661072635574167,"Reg3g/Lrg1",2
"GO:0010889","BP","GO:0010889","regulation of sequestering of triglyceride","2/92","15/28891",0.00102514866796023,0.0102653400399802,0.00661072635574167,"Pnpla2/Lpl",2
"GO:0032372","BP","GO:0032372","negative regulation of sterol transport","2/92","15/28891",0.00102514866796023,0.0102653400399802,0.00661072635574167,"Apoe/Apoc1",2
"GO:0032375","BP","GO:0032375","negative regulation of cholesterol transport","2/92","15/28891",0.00102514866796023,0.0102653400399802,0.00661072635574167,"Apoe/Apoc1",2
"GO:0051547","BP","GO:0051547","regulation of keratinocyte migration","2/92","15/28891",0.00102514866796023,0.0102653400399802,0.00661072635574167,"Map4k4/Serpine1",2
"GO:2000343","BP","GO:2000343","positive regulation of chemokine (C-X-C motif) ligand 2 production","2/92","15/28891",0.00102514866796023,0.0102653400399802,0.00661072635574167,"Cd74/Lpl",2
"GO:0046942","BP","GO:0046942","carboxylic acid transport","6/92","362/28891",0.00107096946844563,0.0106760768087652,0.00687523472780768,"Apoe/Fabp4/Ucp2/Agt/Slc43a1/Sfxn1",6
"GO:0045620","BP","GO:0045620","negative regulation of lymphocyte differentiation","3/92","63/28891",0.00108066029348198,0.0107245885375466,0.00690647555984723,"Cd74/Pglyrp1/Hspb1",3
"GO:0045621","BP","GO:0045621","positive regulation of lymphocyte differentiation","4/92","141/28891",0.0010891893210668,0.0107331396339415,0.00691198233878374,"Cd74/H2-Aa/H2-Ea/Sox4",4
"GO:0034599","BP","GO:0034599","cellular response to oxidative stress","5/92","243/28891",0.00109600661129317,0.0107331396339415,0.00691198233878374,"Reg3b/Lcn2/Trp53inp1/Epas1/Hspb1",5
"GO:0050920","BP","GO:0050920","regulation of chemotaxis","5/92","243/28891",0.00109600661129317,0.0107331396339415,0.00691198233878374,"Cd74/Nbl1/Cxcl13/Serpine1/Hspb1",5
"GO:0015849","BP","GO:0015849","organic acid transport","6/92","364/28891",0.00110163438446098,0.0107409352484945,0.00691700259864694,"Apoe/Fabp4/Ucp2/Agt/Slc43a1/Sfxn1",6
"GO:1903828","BP","GO:1903828","negative regulation of protein localization","5/92","244/28891",0.00111615924616226,0.0108350305861079,0.0069775985970153,"Apoe/Pim3/Apod/Ucp2/Map4k4",5
"GO:0043616","BP","GO:0043616","keratinocyte proliferation","3/92","64/28891",0.0011312080731074,0.0108391187349903,0.00698023130411099,"Ctsl/Reg3g/Lrg1",3
"GO:0051893","BP","GO:0051893","regulation of focal adhesion assembly","3/92","64/28891",0.0011312080731074,0.0108391187349903,0.00698023130411099,"Sdc4/Apod/Map4k4",3
"GO:0090109","BP","GO:0090109","regulation of cell-substrate junction assembly","3/92","64/28891",0.0011312080731074,0.0108391187349903,0.00698023130411099,"Sdc4/Apod/Map4k4",3
"GO:1901888","BP","GO:1901888","regulation of cell junction assembly","5/92","246/28891",0.00115728778428151,0.0110130114212237,0.00709221560852533,"Sdc4/Apod/Map4k4/Agt/Cldn3",5
"GO:0033700","BP","GO:0033700","phospholipid efflux","2/92","16/28891",0.00116917260252307,0.0110130114212237,0.00709221560852533,"Apoe/Apoc1",2
"GO:0051004","BP","GO:0051004","regulation of lipoprotein lipase activity","2/92","16/28891",0.00116917260252307,0.0110130114212237,0.00709221560852533,"Angptl4/Apoc1",2
"GO:1905906","BP","GO:1905906","regulation of amyloid fibril formation","2/92","16/28891",0.00116917260252307,0.0110130114212237,0.00709221560852533,"Apoe/Clu",2
"GO:0045682","BP","GO:0045682","regulation of epidermis development","3/92","65/28891",0.00118322533169004,0.0110983540605357,0.0071471749993269,"Reg3b/Reg3g/Errfi1",3
"GO:1901617","BP","GO:1901617","organic hydroxy compound biosynthetic process","5/92","248/28891",0.00119952940815492,0.0112040078753293,0.00721521448514235,"Apoe/Errfi1/Epas1/Ddt/Ldhb",5
"GO:0002685","BP","GO:0002685","regulation of leukocyte migration","5/92","249/28891",0.00122107341861905,0.0113137730718315,0.00728590163964811,"Cd74/Nbl1/Apod/Cxcl13/Serpine1",5
"GO:0042326","BP","GO:0042326","negative regulation of phosphorylation","6/92","372/28891",0.00123109530809172,0.0113137730718315,0.00728590163964811,"Xdh/Apoe/Fabp4/Errfi1/Agt/Hspb1",6
"GO:0030193","BP","GO:0030193","regulation of blood coagulation","3/92","66/28891",0.00123672823052409,0.0113137730718315,0.00728590163964811,"Apoe/S100a9/Serpine1",3
"GO:0051055","BP","GO:0051055","negative regulation of lipid biosynthetic process","3/92","66/28891",0.00123672823052409,0.0113137730718315,0.00728590163964811,"Apoe/Acadl/Apoc1",3
"GO:0061077","BP","GO:0061077","chaperone-mediated protein folding","3/92","66/28891",0.00123672823052409,0.0113137730718315,0.00728590163964811,"Cd74/Clu/Hspb1",3
"GO:0002181","BP","GO:0002181","cytoplasmic translation","4/92","148/28891",0.00130264210730049,0.0118679237890533,0.00764276646215992,"Rps8/Rpl23a/Rps15/Eif4ebp1",4
"GO:0018119","BP","GO:0018119","peptidyl-cysteine S-nitrosylation","2/92","17/28891",0.00132231929990203,0.0119980236884988,0.00772654886301508,"S100a9/S100a8",2
"GO:0061045","BP","GO:0061045","negative regulation of wound healing","3/92","68/28891",0.00134825462672511,0.012134291640526,0.00781430339802324,"Apoe/Serpine1/Cldn3",3
"GO:1900046","BP","GO:1900046","regulation of hemostasis","3/92","68/28891",0.00134825462672511,0.012134291640526,0.00781430339802324,"Apoe/S100a9/Serpine1",3
"GO:0006639","BP","GO:0006639","acylglycerol metabolic process","4/92","150/28891",0.00136863060432284,0.0121504491537868,0.0078247085963255,"Apoe/Pnpla2/Lpl/Apoc1",4
"GO:0034341","BP","GO:0034341","response to type II interferon","4/92","150/28891",0.00136863060432284,0.0121504491537868,0.0078247085963255,"Cd74/H2-Aa/H2-Eb1/Ifitm1",4
"GO:0048144","BP","GO:0048144","fibroblast proliferation","4/92","150/28891",0.00136863060432284,0.0121504491537868,0.0078247085963255,"Cd74/Trp53inp1/Agt/Serpine1",4
"GO:0046486","BP","GO:0046486","glycerolipid metabolic process","6/92","380/28891",0.00137191306234839,0.0121504491537868,0.0078247085963255,"Pla2g2a/Apoe/Prdx6/Pnpla2/Lpl/Apoc1",6
"GO:0010466","BP","GO:0010466","negative regulation of peptidase activity","5/92","257/28891",0.00140389005709009,0.0123566244305418,0.00795748240904274,"Serpina3n/Dpep1/Serpina3c/Serpine1/Serpina3m",5
"GO:0150116","BP","GO:0150116","regulation of cell-substrate junction organization","3/92","69/28891",0.0014063094830981,0.0123566244305418,0.00795748240904274,"Sdc4/Apod/Map4k4",3
"GO:0006638","BP","GO:0006638","neutral lipid metabolic process","4/92","152/28891",0.0014369198675105,0.012453249977697,0.00801970782473563,"Apoe/Pnpla2/Lpl/Apoc1",4
"GO:0097006","BP","GO:0097006","regulation of plasma lipoprotein particle levels","3/92","70/28891",0.00146591270026296,0.012453249977697,0.00801970782473563,"Apoe/Lpl/Apoc1",3
"GO:0001936","BP","GO:0001936","regulation of endothelial cell proliferation","4/92","153/28891",0.00147194049294601,0.012453249977697,0.00801970782473563,"Pla2g2a/Xdh/Apoe/Lrg1",4
"GO:0002793","BP","GO:0002793","positive regulation of peptide secretion","4/92","153/28891",0.00147194049294601,0.012453249977697,0.00801970782473563,"Glul/S100a9/Sox4/S100a8",4
"GO:0072331","BP","GO:0072331","signal transduction by p53 class mediator","4/92","153/28891",0.00147194049294601,0.012453249977697,0.00801970782473563,"Cd74/Rps15/Ddit4/Sox4",4
"GO:0051348","BP","GO:0051348","negative regulation of transferase activity","5/92","260/28891",0.00147739746469369,0.012453249977697,0.00801970782473563,"Apoe/Fabp4/Errfi1/Agt/Hspb1",5
"GO:0017014","BP","GO:0017014","protein nitrosylation","2/92","18/28891",0.00148453047417441,0.012453249977697,0.00801970782473563,"S100a9/S100a8",2
"GO:0030730","BP","GO:0030730","sequestering of triglyceride","2/92","18/28891",0.00148453047417441,0.012453249977697,0.00801970782473563,"Pnpla2/Lpl",2
"GO:0045605","BP","GO:0045605","negative regulation of epidermal cell differentiation","2/92","18/28891",0.00148453047417441,0.012453249977697,0.00801970782473563,"Reg3b/Reg3g",2
"GO:0045683","BP","GO:0045683","negative regulation of epidermis development","2/92","18/28891",0.00148453047417441,0.012453249977697,0.00801970782473563,"Reg3b/Reg3g",2
"GO:0060192","BP","GO:0060192","negative regulation of lipase activity","2/92","18/28891",0.00148453047417441,0.012453249977697,0.00801970782473563,"Angptl4/Apoc1",2
"GO:1900221","BP","GO:1900221","regulation of amyloid-beta clearance","2/92","18/28891",0.00148453047417441,0.012453249977697,0.00801970782473563,"Apoe/Clu",2
"GO:0050818","BP","GO:0050818","regulation of coagulation","3/92","71/28891",0.00152707948351671,0.012762021397961,0.00821855202842391,"Apoe/S100a9/Serpine1",3
"GO:0044403","BP","GO:0044403","biological process involved in symbiotic interaction","5/92","264/28891",0.001579773786966,0.0130617332739114,0.0084115620202758,"Cd74/Apoe/Pglyrp1/Gpx2/Ifitm1",5
"GO:0090276","BP","GO:0090276","regulation of peptide hormone secretion","5/92","264/28891",0.001579773786966,0.0130617332739114,0.0084115620202758,"Glul/Pim3/Ucp2/Map4k4/Sox4",5
"GO:0141060","BP","GO:0141060","disruption of anatomical structure in another organism","4/92","156/28891",0.00158056961344226,0.0130617332739114,0.0084115620202758,"Reg3b/Reg3g/Pglyrp1/Cxcl13",4
"GO:0090278","BP","GO:0090278","negative regulation of peptide hormone secretion","3/92","72/28891",0.00158982485072653,0.0130895579376485,0.00842948069001203,"Pim3/Ucp2/Map4k4",3
"GO:0030073","BP","GO:0030073","insulin secretion","5/92","266/28891",0.00163287611917925,0.0132421578354308,0.00852775275525527,"Glul/Pim3/Ucp2/Map4k4/Sox4",5
"GO:1903317","BP","GO:1903317","regulation of protein maturation","3/92","73/28891",0.00165416363357096,0.0132421578354308,0.00852775275525527,"Spon1/Sox4/Serpine1",3
"GO:2001244","BP","GO:2001244","positive regulation of intrinsic apoptotic signaling pathway","3/92","73/28891",0.00165416363357096,0.0132421578354308,0.00852775275525527,"Clu/S100a9/S100a8",3
"GO:0045717","BP","GO:0045717","negative regulation of fatty acid biosynthetic process","2/92","19/28891",0.00165574811109446,0.0132421578354308,0.00852775275525527,"Acadl/Apoc1",2
"GO:0070486","BP","GO:0070486","leukocyte aggregation","2/92","19/28891",0.00165574811109446,0.0132421578354308,0.00852775275525527,"S100a9/S100a8",2
"GO:0071676","BP","GO:0071676","negative regulation of mononuclear cell migration","2/92","19/28891",0.00165574811109446,0.0132421578354308,0.00852775275525527,"Nbl1/Apod",2
"GO:0090083","BP","GO:0090083","regulation of inclusion body assembly","2/92","19/28891",0.00165574811109446,0.0132421578354308,0.00852775275525527,"Apoe/Clu",2
"GO:0071333","BP","GO:0071333","cellular response to glucose stimulus","4/92","158/28891",0.00165601434019332,0.0132421578354308,0.00852775275525527,"Pim3/Ucp2/Map4k4/Sox4",4
"GO:0042063","BP","GO:0042063","gliogenesis","6/92","397/28891",0.00171181744222874,0.0136393196203387,0.00878351903954382,"Ndufs2/Clu/Agt/S100a9/Sox4/S100a8",6
"GO:0071331","BP","GO:0071331","cellular response to hexose stimulus","4/92","160/28891",0.00173392830165542,0.0137661521949285,0.00886519733177206,"Pim3/Ucp2/Map4k4/Sox4",4
"GO:0071326","BP","GO:0071326","cellular response to monosaccharide stimulus","4/92","161/28891",0.00177382433190426,0.0140327811025735,0.00903690238392879,"Pim3/Ucp2/Map4k4/Sox4",4
"GO:0006898","BP","GO:0006898","receptor-mediated endocytosis","5/92","272/28891",0.00180006950318399,0.0141899095942483,0.00913809079630546,"Apoe/Dmbt1/Clu/Serpine1/Apoc1",5
"GO:0010958","BP","GO:0010958","regulation of amino acid import across plasma membrane","2/92","20/28891",0.00183591446698487,0.014320132842482,0.00922195263194615,"Agt/Slc43a1",2
"GO:1902004","BP","GO:1902004","positive regulation of amyloid-beta formation","2/92","20/28891",0.00183591446698487,0.014320132842482,0.00922195263194615,"Apoe/Clu",2
"GO:1903789","BP","GO:1903789","regulation of amino acid transmembrane transport","2/92","20/28891",0.00183591446698487,0.014320132842482,0.00922195263194615,"Agt/Slc43a1",2
"GO:0046879","BP","GO:0046879","hormone secretion","6/92","403/28891",0.00184591258241621,0.0143477750724169,0.0092397538170263,"Glul/Pim3/Ucp2/Map4k4/Agt/Sox4",6
"GO:0042982","BP","GO:0042982","amyloid precursor protein metabolic process","3/92","77/28891",0.00192774310722808,0.014931612987345,0.00961573675345748,"Apoe/Spon1/Clu",3
"GO:0050921","BP","GO:0050921","positive regulation of chemotaxis","4/92","165/28891",0.00193979052745771,0.0149727581338142,0.00964223361601784,"Cd74/Cxcl13/Serpine1/Hspb1",4
"GO:0050870","BP","GO:0050870","positive regulation of T cell activation","5/92","277/28891",0.00194872051840633,0.0149896391433124,0.00965310473513973,"Cd74/H2-Aa/H2-Eb1/H2-Ea/Sox4",5
"GO:0006919","BP","GO:0006919","activation of cysteine-type endopeptidase activity involved in apoptotic process","3/92","78/28891",0.00200026501289228,0.0153330659436536,0.00987426648832489,"Xdh/S100a9/S100a8",3
"GO:0009914","BP","GO:0009914","hormone transport","6/92","411/28891",0.00203693946744094,0.0155605375811726,0.0100207548407295,"Glul/Pim3/Ucp2/Map4k4/Agt/Sox4",6
"GO:0048146","BP","GO:0048146","positive regulation of fibroblast proliferation","3/92","79/28891",0.00207446548299592,0.0157929341393833,0.0101704147688336,"Cd74/Agt/Serpine1",3
"GO:0050680","BP","GO:0050680","negative regulation of epithelial cell proliferation","4/92","169/28891",0.00211621739575556,0.016001194798519,0.0103045315367976,"Pla2g2a/Xdh/Ctsl/Apoe",4
"GO:0071322","BP","GO:0071322","cellular response to carbohydrate stimulus","4/92","169/28891",0.00211621739575556,0.016001194798519,0.0103045315367976,"Pim3/Ucp2/Map4k4/Sox4",4
"GO:0034250","BP","GO:0034250","positive regulation of amide metabolic process","4/92","171/28891",0.00220845698547663,0.0165643699366973,0.0106672079522259,"Apoe/Cirbp/Clu/Sox4",4
"GO:0006541","BP","GO:0006541","glutamine metabolic process","2/92","22/28891",0.00222286370718805,0.0165643699366973,0.0106672079522259,"Glul/Ucp2",2
"GO:0072578","BP","GO:0072578","neurotransmitter-gated ion channel clustering","2/92","22/28891",0.00222286370718805,0.0165643699366973,0.0106672079522259,"Apoe/Grip2",2
"GO:0042130","BP","GO:0042130","negative regulation of T cell proliferation","3/92","81/28891",0.00222795619031601,0.0165643699366973,0.0106672079522259,"H2-Aa/Sdc4/Gpnmb",3
"GO:0046496","BP","GO:0046496","nicotinamide nucleotide metabolic process","3/92","81/28891",0.00222795619031601,0.0165643699366973,0.0106672079522259,"Hsd11b1/Ldhb/Aldh1l1",3
"GO:0010565","BP","GO:0010565","regulation of cellular ketone metabolic process","4/92","172/28891",0.00225560132224771,0.0167140057978555,0.010763571221954,"Cd74/Agt/Acadl/Apoc1",4
"GO:0019362","BP","GO:0019362","pyridine nucleotide metabolic process","3/92","83/28891",0.00238832161897484,0.0176386676378108,0.0113590396985689,"Hsd11b1/Ldhb/Aldh1l1",3
"GO:0001935","BP","GO:0001935","endothelial cell proliferation","4/92","175/28891",0.00240119391475167,0.017675013485076,0.0113824458838002,"Pla2g2a/Xdh/Apoe/Lrg1",4
"GO:0006740","BP","GO:0006740","NADPH regeneration","2/92","23/28891",0.00242953244707042,0.0177659560192024,0.0114410115236003,"Hsd11b1/Aldh1l1",2
"GO:2001026","BP","GO:2001026","regulation of endothelial cell chemotaxis","2/92","23/28891",0.00242953244707042,0.0177659560192024,0.0114410115236003,"Cxcl13/Hspb1",2
"GO:0010001","BP","GO:0010001","glial cell differentiation","5/92","292/28891",0.00244867865592329,0.0178067261969737,0.0114672669118944,"Clu/Agt/S100a9/Sox4/S100a8",5
"GO:0001678","BP","GO:0001678","intracellular glucose homeostasis","4/92","176/28891",0.00245112830241744,0.0178067261969737,0.0114672669118944,"Pim3/Ucp2/Map4k4/Sox4",4
"GO:0031667","BP","GO:0031667","response to nutrient levels","6/92","427/28891",0.00246353837606054,0.0178353515725634,0.0114857012281584,"Glul/Apoe/Wipi1/Lpl/Angptl4/Eif4ebp1",6
"GO:0060191","BP","GO:0060191","regulation of lipase activity","3/92","84/28891",0.00247111483776407,0.0178353515725634,0.0114857012281584,"Agt/Angptl4/Apoc1",3
"GO:1901796","BP","GO:1901796","regulation of signal transduction by p53 class mediator","3/92","85/28891",0.00255566537265434,0.0183265939464858,0.0118020540129369,"Cd74/Rps15/Sox4",3
"GO:2000379","BP","GO:2000379","positive regulation of reactive oxygen species metabolic process","3/92","85/28891",0.00255566537265434,0.0183265939464858,0.0118020540129369,"Lcn2/Xdh/Agt",3
"GO:0043954","BP","GO:0043954","cellular component maintenance","3/92","86/28891",0.00264198574491102,0.01878485862577,0.0120971696526965,"Apoe/Chchd10/Cldn3",3
"GO:0006706","BP","GO:0006706","steroid catabolic process","2/92","24/28891",0.0026449216148745,0.01878485862577,0.0120971696526965,"Apoe/Hsd11b1",2
"GO:0050872","BP","GO:0050872","white fat cell differentiation","2/92","24/28891",0.0026449216148745,0.01878485862577,0.0120971696526965,"Fabp4/Retreg1",2
"GO:0009306","BP","GO:0009306","protein secretion","6/92","434/28891",0.00266999724816021,0.0189025601358603,0.0121729676751522,"Glul/Apoe/Pim3/Ucp2/Map4k4/Sox4",6
"GO:0035592","BP","GO:0035592","establishment of protein localization to extracellular region","6/92","435/28891",0.00270052091731904,0.0190579619022229,0.0122730441021016,"Glul/Apoe/Pim3/Ucp2/Map4k4/Sox4",6
"GO:0048041","BP","GO:0048041","focal adhesion assembly","3/92","87/28891",0.0027300883063199,0.0191536077703369,0.0123346386190583,"Sdc4/Apod/Map4k4",3
"GO:0015711","BP","GO:0015711","organic anion transport","6/92","436/28891",0.00273130619127162,0.0191536077703369,0.0123346386190583,"Apoe/Fabp4/Ucp2/Agt/Slc43a1/Sfxn1",6
"GO:0051047","BP","GO:0051047","positive regulation of secretion","6/92","437/28891",0.00276235448076584,0.0193104214174292,0.0124356242762051,"Glul/Sdc4/Agt/S100a9/Sox4/S100a8",6
"GO:0015807","BP","GO:0015807","L-amino acid transport","3/92","88/28891",0.00281998524033415,0.019651495891106,0.0126552711659939,"Agt/Slc43a1/Sfxn1",3
"GO:0010743","BP","GO:0010743","regulation of macrophage derived foam cell differentiation","2/92","25/28891",0.00286897480328363,0.0198782478602383,0.0128012960626579,"Lpl/Agt",2
"GO:1903039","BP","GO:1903039","positive regulation of leukocyte cell-cell adhesion","5/92","303/28891",0.00287040826052024,0.0198782478602383,0.0128012960626579,"Cd74/H2-Aa/H2-Eb1/H2-Ea/Sox4",5
"GO:0009408","BP","GO:0009408","response to heat","3/92","90/28891",0.00300521012516759,0.0207471494044955,0.0133608557379141,"Trp53inp1/Rasa3/Hspb1",3
"GO:0045765","BP","GO:0045765","regulation of angiogenesis","5/92","307/28891",0.00303605869016299,0.0208952274558277,0.0134562158012764,"Glul/Lrg1/Agt/Serpine1/Hspb1",5
"GO:0043409","BP","GO:0043409","negative regulation of MAPK cascade","4/92","187/28891",0.00304838995308039,0.0209153421780794,0.0134691693833312,"Apoe/Errfi1/Ndrg2/Agt",4
"GO:0061178","BP","GO:0061178","regulation of insulin secretion involved in cellular response to glucose stimulus","3/92","91/28891",0.00310056161146774,0.0209947055099965,0.0135202781890737,"Pim3/Ucp2/Map4k4",3
"GO:0030194","BP","GO:0030194","positive regulation of blood coagulation","2/92","26/28891",0.00310163586898598,0.0209947055099965,0.0135202781890737,"S100a9/Serpine1",2
"GO:1900048","BP","GO:1900048","positive regulation of hemostasis","2/92","26/28891",0.00310163586898598,0.0209947055099965,0.0135202781890737,"S100a9/Serpine1",2
"GO:1902230","BP","GO:1902230","negative regulation of intrinsic apoptotic signaling pathway in response to DNA damage","2/92","26/28891",0.00310163586898598,0.0209947055099965,0.0135202781890737,"Cd74/Clu",2
"GO:1903531","BP","GO:1903531","negative regulation of secretion by cell","4/92","188/28891",0.0031071786382316,0.0209947055099965,0.0135202781890737,"Apoe/Pim3/Ucp2/Map4k4",4
"GO:0072524","BP","GO:0072524","pyridine-containing compound metabolic process","3/92","92/28891",0.00319775454358693,0.0215412374254356,0.0138722366165175,"Hsd11b1/Ldhb/Aldh1l1",3
"GO:1901342","BP","GO:1901342","regulation of vasculature development","5/92","311/28891",0.00320851527491876,0.0215484273599529,0.0138768668274432,"Glul/Lrg1/Agt/Serpine1/Hspb1",5
"GO:0001818","BP","GO:0001818","negative regulation of cytokine production","5/92","314/28891",0.0033424189768956,0.0221165273063559,0.0142427147461439,"Pglyrp1/Errfi1/Apod/Ndrg2/Gpnmb",5
"GO:0002523","BP","GO:0002523","leukocyte migration involved in inflammatory response","2/92","27/28891",0.00334284893159496,0.0221165273063559,0.0142427147461439,"S100a9/S100a8",2
"GO:0070841","BP","GO:0070841","inclusion body assembly","2/92","27/28891",0.00334284893159496,0.0221165273063559,0.0142427147461439,"Apoe/Clu",2
"GO:0071549","BP","GO:0071549","cellular response to dexamethasone stimulus","2/92","27/28891",0.00334284893159496,0.0221165273063559,0.0142427147461439,"Ddit4/Eif4ebp1",2
"GO:1900407","BP","GO:1900407","regulation of cellular response to oxidative stress","2/92","27/28891",0.00334284893159496,0.0221165273063559,0.0142427147461439,"Reg3b/Hspb1",2
"GO:0048708","BP","GO:0048708","astrocyte differentiation","3/92","94/28891",0.00339771001883705,0.0224127874536343,0.0144335018760531,"Agt/S100a9/S100a8",3
"GO:0048660","BP","GO:0048660","regulation of smooth muscle cell proliferation","4/92","193/28891",0.00341277249712339,0.0224455421926192,0.0144545954409462,"Apoe/Apod/Ndrg2/Agt",4
"GO:0062197","BP","GO:0062197","cellular response to chemical stress","5/92","316/28891",0.00343389703606033,0.022517855785139,0.0145011643193356,"Reg3b/Lcn2/Trp53inp1/Epas1/Hspb1",5
"GO:0032651","BP","GO:0032651","regulation of interleukin-1 beta production","3/92","95/28891",0.00350049479590725,0.0228870586214759,0.0147389254564516,"Errfi1/Lpl/Hspb1",3
"GO:0000302","BP","GO:0000302","response to reactive oxygen species","4/92","195/28891",0.0035405378791379,0.0230809844730896,0.0148638108215081,"Lcn2/Prdx6/Apod/Ucp2",4
"GO:0009991","BP","GO:0009991","response to extracellular stimulus","6/92","460/28891",0.00355232651151063,0.0230901223248191,0.0148696954621559,"Glul/Apoe/Wipi1/Lpl/Angptl4/Eif4ebp1",6
"GO:0045723","BP","GO:0045723","positive regulation of fatty acid biosynthetic process","2/92","28/28891",0.00359255837257387,0.0232298054544311,0.0149596493207502,"Cd74/Agt",2
"GO:0050672","BP","GO:0050672","negative regulation of lymphocyte proliferation","3/92","96/28891",0.00360516548887932,0.0232298054544311,0.0149596493207502,"H2-Aa/Sdc4/Gpnmb",3
"GO:0051384","BP","GO:0051384","response to glucocorticoid","3/92","96/28891",0.00360516548887932,0.0232298054544311,0.0149596493207502,"Ddit4/Pappa/Eif4ebp1",3
"GO:0032945","BP","GO:0032945","negative regulation of mononuclear cell proliferation","3/92","97/28891",0.00371173281683439,0.0238473469705863,0.0153573368752503,"H2-Aa/Sdc4/Gpnmb",3
"GO:0071674","BP","GO:0071674","mononuclear cell migration","4/92","199/28891",0.00380575735987736,0.0240452970178304,0.0154848137624591,"Nbl1/Apod/Cxcl13/Serpine1",4
"GO:0070482","BP","GO:0070482","response to oxygen levels","5/92","324/28891",0.0038179066045584,0.0240452970178304,0.0154848137624591,"Ndufs2/Ddit4/Ucp2/Eif4ebp1/Epas1",5
"GO:0007044","BP","GO:0007044","cell-substrate junction assembly","3/92","98/28891",0.00382020734166163,0.0240452970178304,0.0154848137624591,"Sdc4/Apod/Map4k4",3
"GO:0014829","BP","GO:0014829","vascular associated smooth muscle contraction","2/92","29/28891",0.00385070883416447,0.0240452970178304,0.0154848137624591,"Grip2/Agt",2
"GO:0019433","BP","GO:0019433","triglyceride catabolic process","2/92","29/28891",0.00385070883416447,0.0240452970178304,0.0154848137624591,"Pnpla2/Lpl",2
"GO:0046688","BP","GO:0046688","response to copper ion","2/92","29/28891",0.00385070883416447,0.0240452970178304,0.0154848137624591,"Mt1/Cp",2
"GO:0050820","BP","GO:0050820","positive regulation of coagulation","2/92","29/28891",0.00385070883416447,0.0240452970178304,0.0154848137624591,"S100a9/Serpine1",2
"GO:0072567","BP","GO:0072567","chemokine (C-X-C motif) ligand 2 production","2/92","29/28891",0.00385070883416447,0.0240452970178304,0.0154848137624591,"Cd74/Lpl",2
"GO:1903319","BP","GO:1903319","positive regulation of protein maturation","2/92","29/28891",0.00385070883416447,0.0240452970178304,0.0154848137624591,"Spon1/Sox4",2
"GO:2000341","BP","GO:2000341","regulation of chemokine (C-X-C motif) ligand 2 production","2/92","29/28891",0.00385070883416447,0.0240452970178304,0.0154848137624591,"Cd74/Lpl",2
"GO:0046888","BP","GO:0046888","negative regulation of hormone secretion","3/92","99/28891",0.00393059946914011,0.0244754135011161,0.0157618023825167,"Pim3/Ucp2/Map4k4",3
"GO:0048659","BP","GO:0048659","smooth muscle cell proliferation","4/92","202/28891",0.00401329993481367,0.0249205747348905,0.0160484795981964,"Apoe/Apod/Ndrg2/Agt",4
"GO:0003333","BP","GO:0003333","amino acid transmembrane transport","3/92","100/28891",0.00404291945001482,0.0250345680707046,0.016121889611553,"Agt/Slc43a1/Sfxn1",3
"GO:0010742","BP","GO:0010742","macrophage derived foam cell differentiation","2/92","30/28891",0.00411724521831968,0.0251809409212863,0.0162161515509858,"Lpl/Agt",2
"GO:0042744","BP","GO:0042744","hydrogen peroxide catabolic process","2/92","30/28891",0.00411724521831968,0.0251809409212863,0.0162161515509858,"Gpx3/Prdx6",2
"GO:0051894","BP","GO:0051894","positive regulation of focal adhesion assembly","2/92","30/28891",0.00411724521831968,0.0251809409212863,0.0162161515509858,"Sdc4/Map4k4",2
"GO:1990000","BP","GO:1990000","amyloid fibril formation","2/92","30/28891",0.00411724521831968,0.0251809409212863,0.0162161515509858,"Apoe/Clu",2
"GO:0031348","BP","GO:0031348","negative regulation of defense response","5/92","330/28891",0.00412546548560203,0.0251809409212863,0.0162161515509858,"Reg3b/Apoe/Reg3g/Pglyrp1/Gpx2",5
"GO:0019915","BP","GO:0019915","lipid storage","3/92","101/28891",0.00415717738106705,0.0251809409212863,0.0162161515509858,"Apoe/Pnpla2/Lpl",3
"GO:0032611","BP","GO:0032611","interleukin-1 beta production","3/92","101/28891",0.00415717738106705,0.0251809409212863,0.0162161515509858,"Errfi1/Lpl/Hspb1",3
"GO:0035773","BP","GO:0035773","insulin secretion involved in cellular response to glucose stimulus","3/92","101/28891",0.00415717738106705,0.0251809409212863,0.0162161515509858,"Pim3/Ucp2/Map4k4",3
"GO:0000041","BP","GO:0000041","transition metal ion transport","3/92","103/28891",0.00439154671739241,0.02638828783832,0.0169936650141417,"Lcn2/Cp/Sfxn1",3
"GO:0042158","BP","GO:0042158","lipoprotein biosynthetic process","3/92","103/28891",0.00439154671739241,0.02638828783832,0.0169936650141417,"Glul/Apoe/Wipi1",3
"GO:0035767","BP","GO:0035767","endothelial cell chemotaxis","2/92","31/28891",0.00439211268564031,0.02638828783832,0.0169936650141417,"Cxcl13/Hspb1",2
"GO:0070664","BP","GO:0070664","negative regulation of leukocyte proliferation","3/92","104/28891",0.00451167755596258,0.0270335827679375,0.0174092253542605,"H2-Aa/Sdc4/Gpnmb",3
"GO:0042594","BP","GO:0042594","response to starvation","4/92","209/28891",0.00452709456335655,0.0270530408987678,0.0174217561012023,"Glul/Wipi1/Angptl4/Eif4ebp1",4
"GO:0150115","BP","GO:0150115","cell-substrate junction organization","3/92","105/28891",0.00463378521340524,0.0274949617527621,0.0177063465604832,"Sdc4/Apod/Map4k4",3
"GO:0001516","BP","GO:0001516","prostaglandin biosynthetic process","2/92","32/28891",0.00467525665431581,0.0274949617527621,0.0177063465604832,"Pla2g2a/Cd74",2
"GO:0007263","BP","GO:0007263","nitric oxide mediated signal transduction","2/92","32/28891",0.00467525665431581,0.0274949617527621,0.0177063465604832,"Apoe/Mt1",2
"GO:0046457","BP","GO:0046457","prostanoid biosynthetic process","2/92","32/28891",0.00467525665431581,0.0274949617527621,0.0177063465604832,"Pla2g2a/Cd74",2
"GO:0048011","BP","GO:0048011","neurotrophin TRK receptor signaling pathway","2/92","32/28891",0.00467525665431581,0.0274949617527621,0.0177063465604832,"Ddit4/Agt",2
"GO:0090077","BP","GO:0090077","foam cell differentiation","2/92","32/28891",0.00467525665431581,0.0274949617527621,0.0177063465604832,"Lpl/Agt",2
"GO:0043281","BP","GO:0043281","regulation of cysteine-type endopeptidase activity involved in apoptotic process","4/92","212/28891",0.00476024857256588,0.027920930281831,0.0179806639596989,"Xdh/Dpep1/S100a9/S100a8",4
"GO:1902107","BP","GO:1902107","positive regulation of leukocyte differentiation","4/92","213/28891",0.00483972760887611,0.0282380957336787,0.0181849137949206,"Cd74/H2-Aa/H2-Ea/Sox4",4
"GO:1903708","BP","GO:1903708","positive regulation of hemopoiesis","4/92","213/28891",0.00483972760887611,0.0282380957336787,0.0181849137949206,"Cd74/H2-Aa/H2-Ea/Sox4",4
"GO:0046597","BP","GO:0046597","negative regulation of viral entry into host cell","2/92","33/28891",0.00496662279906903,0.0287520897977355,0.0185159183298626,"Cd74/Ifitm1",2
"GO:0090594","BP","GO:0090594","inflammatory response to wounding","2/92","33/28891",0.00496662279906903,0.0287520897977355,0.0185159183298626,"Reg3b/Reg3g",2
"GO:2000352","BP","GO:2000352","negative regulation of endothelial cell apoptotic process","2/92","33/28891",0.00496662279906903,0.0287520897977355,0.0185159183298626,"Angptl4/Serpine1",2
"GO:0046475","BP","GO:0046475","glycerophospholipid catabolic process","2/92","34/28891",0.00526615705010492,0.0301407805770854,0.0194102145440425,"Prdx6/Apoc1",2
"GO:1904706","BP","GO:1904706","negative regulation of vascular associated smooth muscle cell proliferation","2/92","34/28891",0.00526615705010492,0.0301407805770854,0.0194102145440425,"Ndrg2/Agt",2
"GO:0010595","BP","GO:0010595","positive regulation of endothelial cell migration","3/92","110/28891",0.00527429763584624,0.0301407805770854,0.0194102145440425,"Lcn2/Agt/Hspb1",3
"GO:0031960","BP","GO:0031960","response to corticosteroid","3/92","110/28891",0.00527429763584624,0.0301407805770854,0.0194102145440425,"Ddit4/Pappa/Eif4ebp1",3
"GO:2001243","BP","GO:2001243","negative regulation of intrinsic apoptotic signaling pathway","3/92","110/28891",0.00527429763584624,0.0301407805770854,0.0194102145440425,"Cd74/Clu/Hspb1",3
"GO:0002690","BP","GO:0002690","positive regulation of leukocyte chemotaxis","3/92","111/28891",0.00540845727355893,0.0308282064592859,0.0198529065912015,"Cd74/Cxcl13/Serpine1",3
"GO:0044282","BP","GO:0044282","small molecule catabolic process","5/92","353/28891",0.0054697220787136,0.0310976782122259,0.0200264423934594,"Xdh/Dpep1/Apoe/Acadl/Aldh1l1",5
"GO:0006066","BP","GO:0006066","alcohol metabolic process","5/92","354/28891",0.0055344054923301,0.0313851617588006,0.02021157752301,"Saa1/Apoe/Errfi1/Acadl/Apoc1",5
"GO:0150117","BP","GO:0150117","positive regulation of cell-substrate junction organization","2/92","35/28891",0.0055738055920633,0.0315281675093046,0.0203036711000565,"Sdc4/Map4k4",2
"GO:0008630","BP","GO:0008630","intrinsic apoptotic signaling pathway in response to DNA damage","3/92","113/28891",0.0056829023404925,0.0320636850327787,0.0206485364228421,"Cd74/Ddit4/Clu",3
"GO:1901654","BP","GO:1901654","response to ketone","4/92","224/28891",0.00577358618664223,0.032492866057989,0.0209249226218079,"Errfi1/Ddit4/Pappa/Eif4ebp1",4
"GO:0046889","BP","GO:0046889","positive regulation of lipid biosynthetic process","3/92","114/28891",0.00582320429045678,0.0326070104223814,0.0209984298953234,"Cd74/Apoe/Agt",3
"GO:0048024","BP","GO:0048024","regulation of mRNA splicing, via spliceosome","3/92","114/28891",0.00582320429045678,0.0326070104223814,0.0209984298953234,"Malat1/Cirbp/Prdx6",3
"GO:0032369","BP","GO:0032369","negative regulation of lipid transport","2/92","36/28891",0.00588951486297559,0.0327309788509868,0.0210782637201232,"Apoe/Apoc1",2
"GO:0055094","BP","GO:0055094","response to lipoprotein particle","2/92","36/28891",0.00588951486297559,0.0327309788509868,0.0210782637201232,"Apoe/Lpl",2
"GO:0090025","BP","GO:0090025","regulation of monocyte chemotaxis","2/92","36/28891",0.00588951486297559,0.0327309788509868,0.0210782637201232,"Nbl1/Serpine1",2
"GO:0045861","BP","GO:0045861","negative regulation of proteolysis","5/92","362/28891",0.00607150464165269,0.0336582414423789,0.0216754070419941,"Serpina3n/Dpep1/Serpina3c/Serpine1/Serpina3m",5
"GO:0032642","BP","GO:0032642","regulation of chemokine production","3/92","116/28891",0.0061100072769967,0.0337035885279496,0.0217046098908594,"Cd74/Apod/Lpl",3
"GO:0032652","BP","GO:0032652","regulation of interleukin-1 production","3/92","116/28891",0.0061100072769967,0.0337035885279496,0.0217046098908594,"Errfi1/Lpl/Hspb1",3
"GO:0010810","BP","GO:0010810","regulation of cell-substrate adhesion","4/92","228/28891",0.0061409577067499,0.0337702047501711,0.0217475097474881,"Sdc4/Apod/Map4k4/Serpine1",4
"GO:0001953","BP","GO:0001953","negative regulation of cell-matrix adhesion","2/92","37/28891",0.00621323155322537,0.0337702047501711,0.0217475097474881,"Apod/Serpine1",2
"GO:0043516","BP","GO:0043516","regulation of DNA damage response, signal transduction by p53 class mediator","2/92","37/28891",0.00621323155322537,0.0337702047501711,0.0217475097474881,"Cd74/Sox4",2
"GO:0048026","BP","GO:0048026","positive regulation of mRNA splicing, via spliceosome","2/92","37/28891",0.00621323155322537,0.0337702047501711,0.0217475097474881,"Cirbp/Prdx6",2
"GO:0097242","BP","GO:0097242","amyloid-beta clearance","2/92","37/28891",0.00621323155322537,0.0337702047501711,0.0217475097474881,"Apoe/Clu",2
"GO:1902882","BP","GO:1902882","regulation of response to oxidative stress","2/92","37/28891",0.00621323155322537,0.0337702047501711,0.0217475097474881,"Reg3b/Hspb1",2
"GO:0045446","BP","GO:0045446","endothelial cell differentiation","3/92","118/28891",0.00640512777165808,0.0347282903326729,0.0223645026173427,"Xdh/Agt/Cldn3",3
"GO:0051251","BP","GO:0051251","positive regulation of lymphocyte activation","5/92","367/28891",0.00642527344052333,0.0347527563461882,0.0223802583662741,"Cd74/H2-Aa/H2-Eb1/H2-Ea/Sox4",5
"GO:0031589","BP","GO:0031589","cell-substrate adhesion","5/92","368/28891",0.00649772920448757,0.0350593495669317,0.0225776998418577,"Sdc4/Apod/Map4k4/Agt/Serpine1",5
"GO:1902229","BP","GO:1902229","regulation of intrinsic apoptotic signaling pathway in response to DNA damage","2/92","38/28891",0.00654490260451303,0.0351432813764069,0.0226317506792212,"Cd74/Clu",2
"GO:1903901","BP","GO:1903901","negative regulation of viral life cycle","2/92","38/28891",0.00654490260451303,0.0351432813764069,0.0226317506792212,"Cd74/Ifitm1",2
"GO:0001666","BP","GO:0001666","response to hypoxia","4/92","233/28891",0.00662165323676011,0.0354697232417295,0.0228419743867945,"Ddit4/Ucp2/Eif4ebp1/Epas1",4
"GO:0051235","BP","GO:0051235","maintenance of location","5/92","373/28891",0.00686864631839224,0.0365255092821392,0.0235218848988845,"Apoe/Nbl1/Pnpla2/Lpl/Chchd10",5
"GO:0034381","BP","GO:0034381","plasma lipoprotein particle clearance","2/92","39/28891",0.00688447520882426,0.0365255092821392,0.0235218848988845,"Apoe/Apoc1",2
"GO:0045922","BP","GO:0045922","negative regulation of fatty acid metabolic process","2/92","39/28891",0.00688447520882426,0.0365255092821392,0.0235218848988845,"Acadl/Apoc1",2
"GO:0071402","BP","GO:0071402","cellular response to lipoprotein particle stimulus","2/92","39/28891",0.00688447520882426,0.0365255092821392,0.0235218848988845,"Apoe/Lpl",2
"GO:0032612","BP","GO:0032612","interleukin-1 production","3/92","122/28891",0.00702056137514604,0.0371588284213087,0.0239297330080166,"Errfi1/Lpl/Hspb1",3
"GO:0010976","BP","GO:0010976","positive regulation of neuron projection development","4/92","239/28891",0.00723067689288278,0.0376498983673436,0.0242459747517992,"Apoe/Agt/S100a9/Hspb1",4
"GO:0031669","BP","GO:0031669","cellular response to nutrient levels","4/92","239/28891",0.00723067689288278,0.0376498983673436,0.0242459747517992,"Glul/Wipi1/Lpl/Angptl4",4
"GO:0070374","BP","GO:0070374","positive regulation of ERK1 and ERK2 cascade","4/92","239/28891",0.00723067689288278,0.0376498983673436,0.0242459747517992,"Pla2g2a/Cd74/Apoe/Gpnmb",4
"GO:0006730","BP","GO:0006730","one-carbon metabolic process","2/92","40/28891",0.00723189680740247,0.0376498983673436,0.0242459747517992,"Aldh1l1/Sfxn1",2
"GO:0030574","BP","GO:0030574","collagen catabolic process","2/92","40/28891",0.00723189680740247,0.0376498983673436,0.0242459747517992,"Ctsl/Retreg1",2
"GO:0045589","BP","GO:0045589","regulation of regulatory T cell differentiation","2/92","40/28891",0.00723189680740247,0.0376498983673436,0.0242459747517992,"H2-Ea/Hspb1",2
"GO:1905332","BP","GO:1905332","positive regulation of morphogenesis of an epithelium","2/92","40/28891",0.00723189680740247,0.0376498983673436,0.0242459747517992,"Lcn2/Agt",2
"GO:2000116","BP","GO:2000116","regulation of cysteine-type endopeptidase activity","4/92","240/28891",0.00733565162573577,0.038100826084137,0.0245363654968043,"Xdh/Dpep1/S100a9/S100a8",4
"GO:0043368","BP","GO:0043368","positive T cell selection","2/92","41/28891",0.00758711508972511,0.0391326144883037,0.0252008218879623,"Cd74/Ctsl",2
"GO:0046461","BP","GO:0046461","neutral lipid catabolic process","2/92","41/28891",0.00758711508972511,0.0391326144883037,0.0252008218879623,"Pnpla2/Lpl",2
"GO:0046464","BP","GO:0046464","acylglycerol catabolic process","2/92","41/28891",0.00758711508972511,0.0391326144883037,0.0252008218879623,"Pnpla2/Lpl",2
"GO:0034249","BP","GO:0034249","negative regulation of amide metabolic process","4/92","243/28891",0.00765660529004088,0.0393772050401932,0.0253583345666893,"Apoe/Spon1/Clu/Eif4ebp1",4
"GO:0032602","BP","GO:0032602","chemokine production","3/92","126/28891",0.00766996391471151,0.0393772050401932,0.0253583345666893,"Cd74/Apod/Lpl",3
"GO:0038179","BP","GO:0038179","neurotrophin signaling pathway","2/92","42/28891",0.00795007799248383,0.0407212520214091,0.0262238808386563,"Ddit4/Agt",2
"GO:0006575","BP","GO:0006575","cellular modified amino acid metabolic process","3/92","129/28891",0.00817956501581369,0.0418003977704686,0.0269188346557934,"Ctsl/Acadl/Aldh1l1",3
"GO:0006636","BP","GO:0006636","unsaturated fatty acid biosynthetic process","2/92","43/28891",0.00832073369856856,0.042134375881362,0.0271339115934618,"Pla2g2a/Cd74",2
"GO:0007616","BP","GO:0007616","long-term memory","2/92","43/28891",0.00832073369856856,0.042134375881362,0.0271339115934618,"Lcn2/Apoe",2
"GO:0038084","BP","GO:0038084","vascular endothelial growth factor signaling pathway","2/92","43/28891",0.00832073369856856,0.042134375881362,0.0271339115934618,"Xdh/Hspb1",2
"GO:0050685","BP","GO:0050685","positive regulation of mRNA processing","2/92","43/28891",0.00832073369856856,0.042134375881362,0.0271339115934618,"Cirbp/Prdx6",2
"GO:0043280","BP","GO:0043280","positive regulation of cysteine-type endopeptidase activity involved in apoptotic process","3/92","130/28891",0.00835376069853895,0.0422054773473911,0.0271796998804138,"Xdh/S100a9/S100a8",3
"GO:0018958","BP","GO:0018958","phenol-containing compound metabolic process","3/92","132/28891",0.00870868091468886,0.0437995422474057,0.0282062539747008,"Ctsl/Epas1/Ddt",3
"GO:0048259","BP","GO:0048259","regulation of receptor-mediated endocytosis","3/92","132/28891",0.00870868091468886,0.0437995422474057,0.0282062539747008,"Clu/Serpine1/Apoc1",3
"GO:0048545","BP","GO:0048545","response to steroid hormone","4/92","253/28891",0.00879294320097531,0.0440241277832615,0.0283508837205463,"Errfi1/Ddit4/Pappa/Eif4ebp1",4
"GO:2001234","BP","GO:2001234","negative regulation of apoptotic signaling pathway","4/92","253/28891",0.00879294320097531,0.0440241277832615,0.0283508837205463,"Cd74/Clu/Serpine1/Hspb1",4
"GO:0042180","BP","GO:0042180","cellular ketone metabolic process","4/92","255/28891",0.00903271300630515,0.0450798472138677,0.0290307513369131,"Cd74/Agt/Acadl/Apoc1",4
"GO:0031952","BP","GO:0031952","regulation of protein autophosphorylation","2/92","45/28891",0.0090849174771987,0.0450798472138677,0.0290307513369131,"Errfi1/Gpnmb",2
"GO:0042771","BP","GO:0042771","intrinsic apoptotic signaling pathway in response to DNA damage by p53 class mediator","2/92","45/28891",0.0090849174771987,0.0450798472138677,0.0290307513369131,"Cd74/Ddit4",2
"GO:0045066","BP","GO:0045066","regulatory T cell differentiation","2/92","45/28891",0.0090849174771987,0.0450798472138677,0.0290307513369131,"H2-Ea/Hspb1",2
"GO:0048872","BP","GO:0048872","homeostasis of number of cells","5/92","401/28891",0.00922382521874575,0.0456671792010508,0.029408984403925,"Pla2g2a/Cd74/Sox4/Epas1/Sfxn1",5
"GO:0007249","BP","GO:0007249","canonical NF-kappaB signal transduction","4/92","258/28891",0.0094003194924886,0.0464375782928937,0.0299051099644082,"Saa3/Cd74/Agt/Hspb1",4
"GO:0030195","BP","GO:0030195","negative regulation of blood coagulation","2/92","46/28891",0.00947834313742585,0.0466158336161453,0.0300199037421965,"Apoe/Serpine1",2
"GO:0090181","BP","GO:0090181","regulation of cholesterol metabolic process","2/92","46/28891",0.00947834313742585,0.0466158336161453,0.0300199037421965,"Apoe/Acadl",2
"GO:0006090","BP","GO:0006090","pyruvate metabolic process","3/92","137/28891",0.00963432970658587,0.0471742619774017,0.0303795233038646,"Ddit4/Ucp2/Ldhb",3
"GO:1903008","BP","GO:1903008","organelle disassembly","3/92","137/28891",0.00963432970658587,0.0471742619774017,0.0303795233038646,"Pnpla2/Wipi1/Retreg1",3
"GO:0031098","BP","GO:0031098","stress-activated protein kinase signaling cascade","4/92","261/28891",0.00977755389418176,0.0477425821942441,0.0307455130734531,"Xdh/Errfi1/Map4k4/Agt",4
"GO:0001937","BP","GO:0001937","negative regulation of endothelial cell proliferation","2/92","47/28891",0.00987925677433751,0.0477425821942441,0.0307455130734531,"Xdh/Apoe",2
"GO:0002686","BP","GO:0002686","negative regulation of leukocyte migration","2/92","47/28891",0.00987925677433751,0.0477425821942441,0.0307455130734531,"Nbl1/Apod",2
"GO:0060563","BP","GO:0060563","neuroepithelial cell differentiation","2/92","47/28891",0.00987925677433751,0.0477425821942441,0.0307455130734531,"Sox4/Serpine1",2
"GO:0140975","BP","GO:0140975","disruption of cellular anatomical structure in another organism","2/92","47/28891",0.00987925677433751,0.0477425821942441,0.0307455130734531,"Reg3b/Reg3g",2
"GO:1900047","BP","GO:1900047","negative regulation of hemostasis","2/92","47/28891",0.00987925677433751,0.0477425821942441,0.0307455130734531,"Apoe/Serpine1",2
"GO:0050684","BP","GO:0050684","regulation of mRNA processing","3/92","139/28891",0.0100200406804104,0.0483178968168165,0.0311160071363356,"Malat1/Cirbp/Prdx6",3
"GO:0036293","BP","GO:0036293","response to decreased oxygen levels","4/92","264/28891",0.010164510999679,0.0489084587711827,0.0314963202541887,"Ddit4/Ucp2/Eif4ebp1/Epas1",4
"GO:0019731","BP","GO:0019731","antibacterial humoral response","3/92","140/28891",0.0102162273718471,0.0490511305564062,0.03158819876256,"Igha/Jchain/Dmbt1",3
"GO:0001941","BP","GO:0001941","postsynaptic membrane organization","2/92","48/28891",0.0102876077867104,0.0492873967884854,0.0317403507030992,"Apoe/Grip2",2
"GO:0034358","CC","GO:0034358","plasma lipoprotein particle","7/92","43/28573",8.33718330543016e-11,6.83649031045273e-09,5.17782963179347e-09,"Saa3/Saa1/Apoe/Hp/Lpl/Clu/Apoc1",7
"GO:1990777","CC","GO:1990777","lipoprotein particle","7/92","43/28573",8.33718330543016e-11,6.83649031045273e-09,5.17782963179347e-09,"Saa3/Saa1/Apoe/Hp/Lpl/Clu/Apoc1",7
"GO:0032994","CC","GO:0032994","protein-lipid complex","7/92","46/28573",1.37403299379766e-10,7.51138036609389e-09,5.68897871116226e-09,"Saa3/Saa1/Apoe/Hp/Lpl/Clu/Apoc1",7
"GO:0034364","CC","GO:0034364","high-density lipoprotein particle","6/92","35/28573",1.42163384151554e-09,5.82869875021373e-08,4.41454719207458e-08,"Saa3/Saa1/Apoe/Hp/Clu/Apoc1",6
"GO:0042613","CC","GO:0042613","MHC class II protein complex","4/92","13/28573",7.03711825124346e-08,2.30817478640785e-06,1.7481683234668e-06,"Cd74/H2-Aa/H2-Eb1/H2-Ea",4
"GO:0042611","CC","GO:0042611","MHC protein complex","4/92","42/28573",1.02568695227073e-05,0.000280354433620666,0.000212335193627976,"Cd74/H2-Aa/H2-Eb1/H2-Ea",4
"GO:0019814","CC","GO:0019814","immunoglobulin complex","4/92","45/28573",1.3552983383091e-05,0.000317527039260989,0.000240489028451841,"Igkc/Igha/Jchain/Iglc2",4
"GO:0034361","CC","GO:0034361","very-low-density lipoprotein particle","3/92","27/28573",8.93369771511001e-05,0.00162791825030893,0.00123295477237776,"Apoe/Lpl/Apoc1",3
"GO:0034385","CC","GO:0034385","triglyceride-rich plasma lipoprotein particle","3/92","27/28573",8.93369771511001e-05,0.00162791825030893,0.00123295477237776,"Apoe/Lpl/Apoc1",3
"GO:0005770","CC","GO:0005770","late endosome","6/92","255/28573",0.000178909845081129,0.00293412145933052,0.00222224860206034,"Cd74/Ctsl/Apoe/H2-Aa/H2-Eb1/H2-Ea",6
"GO:0062023","CC","GO:0062023","collagen-containing extracellular matrix","7/92","396/28573",0.00029689197130427,0.00442638939035457,0.00335246436496688,"Reg3b/Ctsl/Reg3g/Spon1/Dmbt1/Angptl4/Serpine1",7
"GO:0042627","CC","GO:0042627","chylomicron","2/92","12/28573",0.00066276034860062,0.00712143815502582,0.00539364378878721,"Apoe/Lpl",2
"GO:0071748","CC","GO:0071748","monomeric IgA immunoglobulin complex","2/92","12/28573",0.00066276034860062,0.00712143815502582,0.00539364378878721,"Igha/Jchain",2
"GO:0071735","CC","GO:0071735","IgG immunoglobulin complex","2/92","13/28573",0.000781621260917468,0.00712143815502582,0.00539364378878721,"Igkc/Iglc2",2
"GO:0071745","CC","GO:0071745","IgA immunoglobulin complex","2/92","13/28573",0.000781621260917468,0.00712143815502582,0.00539364378878721,"Igha/Jchain",2
"GO:0071746","CC","GO:0071746","IgA immunoglobulin complex, circulating","2/92","13/28573",0.000781621260917468,0.00712143815502582,0.00539364378878721,"Igha/Jchain",2
"GO:0071749","CC","GO:0071749","polymeric IgA immunoglobulin complex","2/92","13/28573",0.000781621260917468,0.00712143815502582,0.00539364378878721,"Igha/Jchain",2
"GO:0071751","CC","GO:0071751","secretory IgA immunoglobulin complex","2/92","13/28573",0.000781621260917468,0.00712143815502582,0.00539364378878721,"Igha/Jchain",2
"GO:0005771","CC","GO:0005771","multivesicular body","3/92","59/28573",0.000921656128661335,0.00795534763686626,0.00602523120122092,"Cd74/Ctsl/Apoe",3
"GO:0022626","CC","GO:0022626","cytosolic ribosome","4/92","142/28573",0.00116434004675365,0.00954758838337996,0.00723116450089112,"Rps8/Rpl23a/Rps15/Apod",4
"GO:0005774","CC","GO:0005774","vacuolar membrane","5/92","283/28573",0.00224315002114199,0.0175179334984422,0.0132677545110153,"H2-Aa/H2-Eb1/Ifitm1/H2-Ea/Wipi1",5
"GO:0042571","CC","GO:0042571","immunoglobulin complex, circulating","2/92","23/28573",0.00248271045404836,0.0185074779301787,0.0140172169175936,"Igha/Jchain",2
"GO:0042588","CC","GO:0042588","zymogen granule","2/92","26/28573",0.003169307039077,0.0225379088382612,0.0170697897491324,"Reg3b/Dmbt1",2
"GO:0005776","CC","GO:0005776","autophagosome","3/92","92/28573",0.00329823056169677,0.0225379088382612,0.0170697897491324,"Wipi1/Peg3/Trp53inp1",3
"GO:0031902","CC","GO:0031902","late endosome membrane","3/92","94/28573",0.00350429247179756,0.022988158614992,0.0174108004914574,"H2-Aa/H2-Eb1/H2-Ea",3
"GO:0030141","CC","GO:0030141","secretory granule","6/92","498/28573",0.00549211396964212,0.0346425650392811,0.026237629490598,"Reg3b/Pla2g2a/Ctsl/Reg3g/Dmbt1/Serpine1",6
"GO:0005765","CC","GO:0005765","lysosomal membrane","4/92","230/28573",0.00657711223313146,0.0385230859369128,0.0291766632898313,"H2-Aa/H2-Eb1/Ifitm1/H2-Ea",4
"GO:0098852","CC","GO:0098852","lytic vacuole membrane","4/92","230/28573",0.00657711223313146,0.0385230859369128,0.0291766632898313,"H2-Aa/H2-Eb1/Ifitm1/H2-Ea",4
"GO:0016209","MF","GO:0016209","antioxidant activity","8/89","89/28407",3.86516370458766e-10,1.22912205805888e-07,8.54404608382536e-08,"Gpx3/Apoe/Prdx6/Gpx2/Hp/Trp53inp1/S100a9/S100a8",8
"GO:0005539","MF","GO:0005539","glycosaminoglycan binding","10/89","243/28407",4.9061717367736e-09,7.80081306147002e-07,5.42261086696029e-07,"Reg3b/Saa1/Apoe/Reg3g/Jchain/Pglyrp1/Cxcl13/Lpl/Dmbt1/Gpnmb",10
"GO:0023026","MF","GO:0023026","MHC class II protein complex binding","4/89","14/28407",8.79646264910506e-08,9.32425040805137e-06,6.48160405723531e-06,"Cd74/H2-Aa/H2-Eb1/H2-Ea",4
"GO:0042834","MF","GO:0042834","peptidoglycan binding","4/89","19/28407",3.36555902635093e-07,2.67561942594899e-05,1.85991419877288e-05,"Reg3b/Reg3g/Jchain/Pglyrp1",4
"GO:0023023","MF","GO:0023023","MHC protein complex binding","4/89","23/28407",7.61557882590814e-07,4.84350813327758e-05,3.36688748092781e-05,"Cd74/H2-Aa/H2-Eb1/H2-Ea",4
"GO:0004857","MF","GO:0004857","enzyme inhibitor activity","9/89","410/28407",5.71568103956847e-06,0.000302931095097129,0.000210577722510417,"Serpina3n/Rps15/Serpina3c/Angptl4/Ppp1r2/Serpine1/Hspb1/Apoc1/Serpina3m",9
"GO:0043394","MF","GO:0043394","proteoglycan binding","4/89","43/28407",1.01178283149113e-05,0.00045963848630597,0.000319510367839304,"Ctsl/Apoe/Lpl/Gpnmb",4
"GO:0033218","MF","GO:0033218","amide binding","9/89","457/28407",1.35937156472883e-05,0.000540350196979709,0.000375615827096123,"Glul/Cd74/Ctsl/Apoe/H2-Aa/H2-Eb1/H2-Ea/Clu/Acadl",9
"GO:1901681","MF","GO:1901681","sulfur compound binding","7/89","301/28407",4.58741995801328e-05,0.00162088838516469,0.00112673472652958,"Saa1/Apoe/Cxcl13/Lpl/Dmbt1/Acadl/Gpnmb",7
"GO:0004602","MF","GO:0004602","glutathione peroxidase activity","3/89","27/28407",8.23428272841585e-05,0.00261850190763624,0.0018202098662814,"Gpx3/Prdx6/Gpx2",3
"GO:0003823","MF","GO:0003823","antigen binding","6/89","233/28407",9.40367304622711e-05,0.00271851638972747,0.0018897333394332,"Igha/Jchain/H2-Aa/H2-Eb1/H2-Ea/Iglc2",6
"GO:0042277","MF","GO:0042277","peptide binding","7/89","370/28407",0.000165675030936177,0.00405590092817894,0.00281939488552657,"Cd74/Ctsl/Apoe/H2-Aa/H2-Eb1/H2-Ea/Clu",7
"GO:0004623","MF","GO:0004623","phospholipase A2 activity","3/89","34/28407",0.000165807270648824,0.00405590092817894,0.00281939488552657,"Pla2g2a/Prdx6/Pnpla2",3
"GO:0004620","MF","GO:0004620","phospholipase activity","4/89","96/28407",0.000240004955201934,0.00538899468541826,0.00374607376344864,"Pla2g2a/Prdx6/Pnpla2/Lpl",4
"GO:0008201","MF","GO:0008201","heparin binding","5/89","179/28407",0.000254197862519729,0.00538899468541826,0.00374607376344864,"Saa1/Apoe/Cxcl13/Lpl/Gpnmb",5
"GO:0042609","MF","GO:0042609","CD4 receptor binding","2/89","11/28407",0.000524104698455095,0.010416580881795,0.00724092017602434,"Cd74/H2-Eb1",2
"GO:0016298","MF","GO:0016298","lipase activity","4/89","127/28407",0.000693595221927944,0.0129743106219463,0.00901888523869154,"Pla2g2a/Prdx6/Pnpla2/Lpl",4
"GO:0004867","MF","GO:0004867","serine-type endopeptidase inhibitor activity","4/89","129/28407",0.000735379153110792,0.012991698371624,0.00903097205574657,"Serpina3n/Serpina3c/Serpine1/Serpina3m",4
"GO:0004601","MF","GO:0004601","peroxidase activity","3/89","61/28407",0.000938174937261109,0.0157020857920544,0.0109150546717359,"Gpx3/Prdx6/Gpx2",3
"GO:0016684","MF","GO:0016684","oxidoreductase activity, acting on peroxide as acceptor","3/89","63/28407",0.00103051134535091,0.0163851303910795,0.0113898622380891,"Gpx3/Prdx6/Gpx2",3
"GO:0034987","MF","GO:0034987","immunoglobulin receptor binding","2/89","18/28407",0.00143730899559308,0.0196075883687775,0.0136299025403617,"Igha/Jchain",2
"GO:0001540","MF","GO:0001540","amyloid-beta binding","3/89","71/28407",0.00145667007388678,0.0196075883687775,0.0136299025403617,"Cd74/Apoe/Clu",3
"GO:0015179","MF","GO:0015179","L-amino acid transmembrane transporter activity","3/89","71/28407",0.00145667007388678,0.0196075883687775,0.0136299025403617,"Ucp2/Slc43a1/Sfxn1",3
"GO:0061134","MF","GO:0061134","peptidase regulator activity","5/89","268/28407",0.00156790310182645,0.0196075883687775,0.0136299025403617,"Ctsl/Serpina3n/Serpina3c/Serpine1/Serpina3m",5
"GO:0004806","MF","GO:0004806","triglyceride lipase activity","2/89","19/28407",0.00160313615593779,0.0196075883687775,0.0136299025403617,"Pnpla2/Lpl",2
"GO:0070492","MF","GO:0070492","oligosaccharide binding","2/89","19/28407",0.00160313615593779,0.0196075883687775,0.0136299025403617,"Reg3b/Reg3g",2
"GO:0052689","MF","GO:0052689","carboxylic ester hydrolase activity","4/89","167/28407",0.00190792126053096,0.0216757865067299,0.0150675775121261,"Pla2g2a/Prdx6/Pnpla2/Lpl",4
"GO:0042605","MF","GO:0042605","peptide antigen binding","3/89","78/28407",0.00190855981820263,0.0216757865067299,0.0150675775121261,"H2-Aa/H2-Eb1/H2-Ea",3
"GO:0030246","MF","GO:0030246","carbohydrate binding","5/89","283/28407",0.00198871869356016,0.0218073291224872,0.0151590172648869,"Reg3b/Reg3g/H2-Eb1/H2-Ea/Galnt15",5
"GO:0048156","MF","GO:0048156","tau protein binding","2/89","22/28407",0.00215245594119245,0.02281603297664,0.0158602016719444,"Apoe/Clu",2
"GO:0043395","MF","GO:0043395","heparan sulfate proteoglycan binding","2/89","24/28407",0.00256132328585955,0.0262742195130109,0.0182641049246352,"Apoe/Lpl",2
"GO:0015171","MF","GO:0015171","amino acid transmembrane transporter activity","3/89","90/28407",0.00286877106380258,0.0285084124465382,0.0198171685328468,"Ucp2/Slc43a1/Sfxn1",3
"GO:0030247","MF","GO:0030247","polysaccharide binding","2/89","28/28407",0.00347949040121972,0.0329570156450123,0.0229095441425111,"H2-Eb1/H2-Ea",2
"GO:0004866","MF","GO:0004866","endopeptidase inhibitor activity","4/89","198/28407",0.00352370607525289,0.0329570156450123,0.0229095441425111,"Serpina3n/Serpina3c/Serpine1/Serpina3m",4
"GO:0050750","MF","GO:0050750","low-density lipoprotein particle receptor binding","2/89","29/28407",0.00372964524766456,0.0338864911073523,0.0235556541957762,"Apoe/Clu",2
"GO:0030414","MF","GO:0030414","peptidase inhibitor activity","4/89","205/28407",0.00398687852012196,0.035217426927744,0.0244808330182928,"Serpina3n/Serpina3c/Serpine1/Serpina3m",4
"GO:0071813","MF","GO:0071813","lipoprotein particle binding","2/89","31/28407",0.00425432204639557,0.0356019581777313,0.0247481337878966,"Apoe/Lpl",2
"GO:0071814","MF","GO:0071814","protein-lipid complex binding","2/89","31/28407",0.00425432204639557,0.0356019581777313,0.0247481337878966,"Apoe/Lpl",2
"GO:0070325","MF","GO:0070325","lipoprotein particle receptor binding","2/89","33/28407",0.004811140929895,0.0384182718264556,0.0267058493331866,"Apoe/Clu",2
"GO:0061135","MF","GO:0061135","endopeptidase regulator activity","4/89","217/28407",0.00487388834844269,0.0384182718264556,0.0267058493331866,"Serpina3n/Serpina3c/Serpine1/Serpina3m",4
"GO:0031406","MF","GO:0031406","carboxylic acid binding","4/89","218/28407",0.00495329919775057,0.0384182718264556,0.0267058493331866,"Glul/Fabp4/Dmbt1/Apoc1",4
"GO:0030371","MF","GO:0030371","translation repressor activity","2/89","34/28407",0.0051014742835979,0.0386254481472412,0.0268498646505153,"Cirbp/Eif4ebp1",2
"GO:0001968","MF","GO:0001968","fibronectin binding","2/89","36/28407",0.00570573216474007,0.0421958797299382,0.0293317932581497,"Ctsl/Sdc4",2
"GO:0042608","MF","GO:0042608","T cell receptor binding","2/89","37/28407",0.00601955474389931,0.0435049638309087,0.0302417822061927,"H2-Eb1/H2-Ea",2
"GO:0043177","MF","GO:0043177","organic acid binding","4/89","234/28407",0.006344395254923,0.0448337264681225,0.0311654503750603,"Glul/Fabp4/Dmbt1/Apoc1",4
"GO:0038187","MF","GO:0038187","pattern recognition receptor activity","2/89","40/28407",0.00700719029249188,0.0484410111524439,0.0336729968289083,"Pglyrp1/Dmbt1",2
