"","ONTOLOGY","ID","Description","GeneRatio","BgRatio","pvalue","p.adjust","qvalue","geneID","Count"
"GO:0042742","BP","GO:0042742","defense response to bacterium","9/50","430/28891",4.81435973489081e-08,3.11489074847435e-05,2.22474097222849e-05,"Reg3b/Reg3g/Lypd8/Rpl39/Dmbt1/Lgals4/Plac8/Pla2g2a/Gbp7",9
"GO:0140236","BP","GO:0140236","translation at presynapse","4/50","47/28891",1.3398668737966e-06,0.000188899784901666,0.000134917441750316,"Rpl37/Uba52/Rpl27/Rpl36a",4
"GO:0050830","BP","GO:0050830","defense response to Gram-positive bacterium","6/50","203/28891",1.37270459854929e-06,0.000188899784901666,0.000134917441750316,"Reg3b/Reg3g/Rpl39/Dmbt1/Pla2g2a/Gbp7",6
"GO:0140241","BP","GO:0140241","translation at synapse","4/50","48/28891",1.4598128663189e-06,0.000188899784901666,0.000134917441750316,"Rpl37/Uba52/Rpl27/Rpl36a",4
"GO:0140242","BP","GO:0140242","translation at postsynapse","4/50","48/28891",1.4598128663189e-06,0.000188899784901666,0.000134917441750316,"Rpl37/Uba52/Rpl27/Rpl36a",4
"GO:0006119","BP","GO:0006119","oxidative phosphorylation","5/50","147/28891",5.61163799328216e-06,0.000517305153183701,0.000369473622789628,"Uqcr11/Atp5mf/Uqcr10/Ndufc1/Ndufb1",5
"GO:0002181","BP","GO:0002181","cytoplasmic translation","5/50","148/28891",5.80031837373182e-06,0.000517305153183701,0.000369473622789628,"Uba52/Rpl39/Rpl27/Rpl31/Rpl36a",5
"GO:0061844","BP","GO:0061844","antimicrobial humoral immune response mediated by antimicrobial peptide","5/50","151/28891",6.39635428975209e-06,0.000517305153183701,0.000369473622789628,"Reg3b/Reg3g/Rpl39/Dmbt1/Lgals4",5
"GO:0035456","BP","GO:0035456","response to interferon-beta","4/50","74/28891",8.35140389028462e-06,0.000600373146334906,0.00042880307693976,"Stat1/Ifitm3/Gbp7/Ifi47",4
"GO:0009060","BP","GO:0009060","aerobic respiration","5/50","196/28891",2.25787123566205e-05,0.00146084268947335,0.00104337418153225,"Uqcr11/Atp5mf/Uqcr10/Ndufc1/Ndufb1",5
"GO:0019730","BP","GO:0019730","antimicrobial humoral response","5/50","221/28891",4.00723426408437e-05,0.00235698233532963,0.00168342185830913,"Reg3b/Reg3g/Rpl39/Dmbt1/Lgals4",5
"GO:0006953","BP","GO:0006953","acute-phase response","3/50","44/28891",6.1442187785412e-05,0.0033127579580968,0.00236606319629788,"Reg3b/Reg3g/Saa1",3
"GO:0045333","BP","GO:0045333","cellular respiration","5/50","254/28891",7.74568196537644e-05,0.00385496633199889,0.0027533233868828,"Uqcr11/Atp5mf/Uqcr10/Ndufc1/Ndufb1",5
"GO:0050829","BP","GO:0050829","defense response to Gram-negative bacterium","4/50","134/28891",8.63540761086999e-05,0.00399079194588063,0.00285033379035483,"Reg3b/Reg3g/Lypd8/Dmbt1",4
"GO:0035458","BP","GO:0035458","cellular response to interferon-beta","3/50","63/28891",0.000180015885603683,0.0066861302701639,0.0047754188377157,"Stat1/Gbp7/Ifi47",3
"GO:0045617","BP","GO:0045617","negative regulation of keratinocyte differentiation","2/50","12/28891",0.000191597154021425,0.0066861302701639,0.0047754188377157,"Reg3b/Reg3g",2
"GO:0106015","BP","GO:0106015","negative regulation of inflammatory response to wounding","2/50","12/28891",0.000191597154021425,0.0066861302701639,0.0047754188377157,"Reg3b/Reg3g",2
"GO:0042776","BP","GO:0042776","proton motive force-driven mitochondrial ATP synthesis","3/50","65/28891",0.000197526616607101,0.0066861302701639,0.0047754188377157,"Atp5mf/Ndufc1/Ndufb1",3
"GO:0060337","BP","GO:0060337","type I interferon-mediated signaling pathway","3/50","66/28891",0.000206680997532114,0.0066861302701639,0.0047754188377157,"Stat1/Ifitm3/Irf7",3
"GO:0071357","BP","GO:0071357","cellular response to type I interferon","3/50","66/28891",0.000206680997532114,0.0066861302701639,0.0047754188377157,"Stat1/Ifitm3/Irf7",3
"GO:0006122","BP","GO:0006122","mitochondrial electron transport, ubiquinol to cytochrome c","2/50","13/28891",0.000226182466191588,0.00696857407742653,0.00497714800291263,"Uqcr11/Uqcr10",2
"GO:0015986","BP","GO:0015986","proton motive force-driven ATP synthesis","3/50","70/28891",0.00024604003171487,0.00710588267107866,0.00507521759148057,"Atp5mf/Ndufc1/Ndufb1",3
"GO:0002755","BP","GO:0002755","MyD88-dependent toll-like receptor signaling pathway","2/50","14/28891",0.000263587610673706,0.00710588267107866,0.00507521759148057,"Reg3g/Irf7",2
"GO:0106014","BP","GO:0106014","regulation of inflammatory response to wounding","2/50","14/28891",0.000263587610673706,0.00710588267107866,0.00507521759148057,"Reg3b/Reg3g",2
"GO:0034340","BP","GO:0034340","response to type I interferon","3/50","73/28891",0.000278534235615479,0.00718671186783402,0.00513294803543339,"Stat1/Ifitm3/Irf7",3
"GO:0006959","BP","GO:0006959","humoral immune response","5/50","337/28891",0.000288801404271537,0.00718671186783402,0.00513294803543339,"Reg3b/Reg3g/Rpl39/Dmbt1/Lgals4",5
"GO:0015980","BP","GO:0015980","energy derivation by oxidation of organic compounds","5/50","350/28891",0.000343528832537763,0.00823196869081233,0.00587949931711805,"Uqcr11/Atp5mf/Uqcr10/Ndufc1/Ndufb1",5
"GO:0052548","BP","GO:0052548","regulation of endopeptidase activity","5/50","360/28891",0.000390715869402171,0.00902832741082873,0.00644828070178771,"Psmb9/Psme1/Serpina3g/Stat1/Spink1",5
"GO:0140888","BP","GO:0140888","interferon-mediated signaling pathway","3/50","84/28891",0.00042104379626052,0.00920863456138316,0.00657706104685139,"Stat1/Ifitm3/Irf7",3
"GO:0045605","BP","GO:0045605","negative regulation of epidermal cell differentiation","2/50","18/28891",0.000441217421024541,0.00920863456138316,0.00657706104685139,"Reg3b/Reg3g",2
"GO:0045683","BP","GO:0045683","negative regulation of epidermis development","2/50","18/28891",0.000441217421024541,0.00920863456138316,0.00657706104685139,"Reg3b/Reg3g",2
"GO:0009615","BP","GO:0009615","response to virus","5/50","389/28891",0.000555524646863103,0.0112320139537634,0.00802221447279284,"Ifi27l2a/Stat1/Ifitm3/Gbp7/Irf7",5
"GO:1903035","BP","GO:1903035","negative regulation of response to wounding","3/50","94/28891",0.000585163257411529,0.0114727462892503,0.00819415215322683,"Reg3b/Reg3g/Anxa2",3
"GO:0006754","BP","GO:0006754","ATP biosynthetic process","3/50","101/28891",0.000721344025912726,0.0137267524931039,0.00980402561534634,"Atp5mf/Ndufc1/Ndufb1",3
"GO:0009206","BP","GO:0009206","purine ribonucleoside triphosphate biosynthetic process","3/50","113/28891",0.000998800329172596,0.0184134559175671,0.0131513985972699,"Atp5mf/Ndufc1/Ndufb1",3
"GO:0009145","BP","GO:0009145","purine nucleoside triphosphate biosynthetic process","3/50","114/28891",0.00102455087022011,0.0184134559175671,0.0131513985972699,"Atp5mf/Ndufc1/Ndufb1",3
"GO:0032727","BP","GO:0032727","positive regulation of interferon-alpha production","2/50","28/28891",0.00107807976682984,0.0188518272740244,0.0134644955231379,"Stat1/Irf7",2
"GO:0009201","BP","GO:0009201","ribonucleoside triphosphate biosynthetic process","3/50","118/28891",0.00113174941900956,0.0189606674357782,0.0135422321716532,"Atp5mf/Ndufc1/Ndufb1",3
"GO:0052547","BP","GO:0052547","regulation of peptidase activity","5/50","457/28891",0.00114291503863269,0.0189606674357782,0.0135422321716532,"Psmb9/Psme1/Serpina3g/Stat1/Spink1",5
"GO:0098869","BP","GO:0098869","cellular oxidant detoxification","2/50","30/28891",0.00123790861264672,0.0200231718095607,0.0143011021303134,"Txn1/Gpx2",2
"GO:0009142","BP","GO:0009142","nucleoside triphosphate biosynthetic process","3/50","124/28891",0.00130542006300466,0.0206001653844881,0.0147132068718625,"Atp5mf/Ndufc1/Ndufb1",3
"GO:0006091","BP","GO:0006091","generation of precursor metabolites and energy","5/50","484/28891",0.00147243976738719,0.021063981208557,0.0150444769390003,"Uqcr11/Atp5mf/Uqcr10/Ndufc1/Ndufb1",5
"GO:0032102","BP","GO:0032102","negative regulation of response to external stimulus","5/50","485/28891",0.00148585636733684,0.021063981208557,0.0150444769390003,"Reg3b/Reg3g/Gpx2/Tap1/Anxa2",5
"GO:0032647","BP","GO:0032647","regulation of interferon-alpha production","2/50","33/28891",0.00149759371807361,0.021063981208557,0.0150444769390003,"Stat1/Irf7",2
"GO:0060706","BP","GO:0060706","cell differentiation involved in embryonic placenta development","2/50","33/28891",0.00149759371807361,0.021063981208557,0.0150444769390003,"Krt8/Krt19",2
"GO:0090594","BP","GO:0090594","inflammatory response to wounding","2/50","33/28891",0.00149759371807361,0.021063981208557,0.0150444769390003,"Reg3b/Reg3g",2
"GO:0019882","BP","GO:0019882","antigen processing and presentation","3/50","134/28891",0.00163052901241874,0.0220118822561314,0.0157214940379756,"Psmb9/Psme1/Tap1",3
"GO:0046034","BP","GO:0046034","ATP metabolic process","3/50","135/28891",0.00166556653879293,0.0220118822561314,0.0157214940379756,"Atp5mf/Ndufc1/Ndufb1",3
"GO:0045616","BP","GO:0045616","regulation of keratinocyte differentiation","2/50","35/28891",0.00168390595917668,0.0220118822561314,0.0157214940379756,"Reg3b/Reg3g",2
"GO:0032479","BP","GO:0032479","regulation of type I interferon production","3/50","136/28891",0.00170107281732082,0.0220118822561314,0.0157214940379756,"Stat1/Gbp7/Irf7",3
"GO:0032607","BP","GO:0032607","interferon-alpha production","2/50","36/28891",0.00178099167961974,0.022525889804076,0.0160886124200592,"Stat1/Irf7",2
"GO:0002526","BP","GO:0002526","acute inflammatory response","3/50","139/28891",0.00181042700125495,0.022525889804076,0.0160886124200592,"Reg3b/Reg3g/Saa1",3
"GO:0019731","BP","GO:0019731","antibacterial humoral response","3/50","140/28891",0.0018478310478633,0.0225574846786331,0.0161111783517774,"Rpl39/Dmbt1/Lgals4",3
"GO:0032606","BP","GO:0032606","type I interferon production","3/50","141/28891",0.00188571515058095,0.0225936611560347,0.0161370165907414,"Stat1/Gbp7/Irf7",3
"GO:0034341","BP","GO:0034341","response to type II interferon","3/50","150/28891",0.00224863524280086,0.0264521273107665,0.0188928396476474,"Stat1/Ifitm3/Gbp7",3
"GO:0051607","BP","GO:0051607","defense response to virus","4/50","328/28891",0.00249032769950521,0.0274486612327391,0.0196045916882331,"Stat1/Ifitm3/Gbp7/Irf7",4
"GO:0141060","BP","GO:0141060","disruption of anatomical structure in another organism","3/50","156/28891",0.00251305466271241,0.0274486612327391,0.0196045916882331,"Reg3b/Reg3g/Gbp7",3
"GO:0140546","BP","GO:0140546","defense response to symbiont","4/50","329/28891",0.00251779523886961,0.0274486612327391,0.0196045916882331,"Stat1/Ifitm3/Gbp7/Irf7",4
"GO:0095500","BP","GO:0095500","acetylcholine receptor signaling pathway","2/50","43/28891",0.00253310938098898,0.0274486612327391,0.0196045916882331,"Ly6a/Ly6g",2
"GO:0031348","BP","GO:0031348","negative regulation of defense response","4/50","330/28891",0.00254547090257241,0.0274486612327391,0.0196045916882331,"Reg3b/Reg3g/Gpx2/Tap1",4
"GO:0009205","BP","GO:0009205","purine ribonucleoside triphosphate metabolic process","3/50","160/28891",0.00269958184829631,0.0286332697679953,0.0204506718102171,"Atp5mf/Ndufc1/Ndufb1",3
"GO:1905145","BP","GO:1905145","cellular response to acetylcholine","2/50","45/28891",0.0027710430305257,0.0289171748508086,0.0206534446587569,"Ly6a/Ly6g",2
"GO:1902074","BP","GO:1902074","response to salt","4/50","343/28891",0.00292455553181842,0.0300347210966114,0.0214516270420767,"Ly6a/Fosb/Ly6g/Krt8",4
"GO:0140975","BP","GO:0140975","disruption of cellular anatomical structure in another organism","2/50","47/28891",0.00301908869733438,0.0303209889984196,0.0216560874811782,"Reg3b/Reg3g",2
"GO:0009199","BP","GO:0009199","ribonucleoside triphosphate metabolic process","3/50","167/28891",0.00304615809103133,0.0303209889984196,0.0216560874811782,"Atp5mf/Ndufc1/Ndufb1",3
"GO:1905144","BP","GO:1905144","response to acetylcholine","2/50","48/28891",0.003146881667276,0.0304183175699876,0.021725602234157,"Ly6a/Ly6g",2
"GO:0009144","BP","GO:0009144","purine nucleoside triphosphate metabolic process","3/50","169/28891",0.00314996487973597,0.0304183175699876,0.021725602234157,"Atp5mf/Ndufc1/Ndufb1",3
"GO:0050728","BP","GO:0050728","negative regulation of inflammatory response","3/50","172/28891",0.00330971765243174,0.0311556510127398,0.0222522261361633,"Reg3b/Reg3g/Gpx2",3
"GO:0030856","BP","GO:0030856","regulation of epithelial cell differentiation","3/50","173/28891",0.0033640537685398,0.0311556510127398,0.0222522261361633,"Reg3b/Reg3g/Dmbt1",3
"GO:0045214","BP","GO:0045214","sarcomere organization","2/50","50/28891",0.00340996432973912,0.0311556510127398,0.0222522261361633,"Krt8/Krt19",2
"GO:1903034","BP","GO:1903034","regulation of response to wounding","3/50","174/28891",0.00341893542798227,0.0311556510127398,0.0222522261361633,"Reg3b/Reg3g/Anxa2",3
"GO:1990748","BP","GO:1990748","cellular detoxification","2/50","53/28891",0.00382320012494209,0.0343557011227435,0.0245377902755786,"Txn1/Gpx2",2
"GO:0009141","BP","GO:0009141","nucleoside triphosphate metabolic process","3/50","184/28891",0.00399813499219164,0.035435525204767,0.025309030448048,"Atp5mf/Ndufc1/Ndufb1",3
"GO:0050792","BP","GO:0050792","regulation of viral process","3/50","187/28891",0.00418281891646858,0.0365714032291239,0.0261203058937369,"Stat1/Ifitm3/Gbp7",3
"GO:0065002","BP","GO:0065002","intracellular protein transmembrane transport","2/50","56/28891",0.0042585632323517,0.0367372054844207,0.0262387264421389,"Tomm7/Sec61g",2
"GO:0045604","BP","GO:0045604","regulation of epidermal cell differentiation","2/50","58/28891",0.00456098405037489,0.0388283773762178,0.0277322991428612,"Reg3b/Reg3g",2
"GO:0043434","BP","GO:0043434","response to peptide hormone","4/50","396/28891",0.00487134091601979,0.0396619738228378,0.0283276767399752,"Reg3b/Reg3g/Serpina3g/Stat1",4
"GO:0030857","BP","GO:0030857","negative regulation of epithelial cell differentiation","2/50","60/28891",0.00487306841775267,0.0396619738228378,0.0283276767399752,"Reg3b/Reg3g",2
"GO:0097237","BP","GO:0097237","cellular response to toxic substance","2/50","60/28891",0.00487306841775267,0.0396619738228378,0.0283276767399752,"Txn1/Gpx2",2
"GO:0009152","BP","GO:0009152","purine ribonucleotide biosynthetic process","3/50","198/28891",0.00490410804610049,0.0396619738228378,0.0283276767399752,"Atp5mf/Ndufc1/Ndufb1",3
"GO:0071806","BP","GO:0071806","protein transmembrane transport","2/50","61/28891",0.0050327132574914,0.0397093350926456,0.0283615034664792,"Tomm7/Sec61g",2
"GO:0098926","BP","GO:0098926","postsynaptic signal transduction","2/50","61/28891",0.0050327132574914,0.0397093350926456,0.0283615034664792,"Ly6a/Ly6g",2
"GO:1902075","BP","GO:1902075","cellular response to salt","3/50","202/28891",0.00518385266361243,0.0404090683537017,0.0288612722806069,"Ly6a/Fosb/Ly6g",3
"GO:0019646","BP","GO:0019646","aerobic electron transport chain","2/50","64/28891",0.005525957266062,0.0423533175300762,0.0302499087215545,"Uqcr11/Uqcr10",2
"GO:0010257","BP","GO:0010257","NADH dehydrogenase complex assembly","2/50","65/28891",0.00569511379461613,0.0423533175300762,0.0302499087215545,"Ndufc1/Ndufb1",2
"GO:0032981","BP","GO:0032981","mitochondrial respiratory chain complex I assembly","2/50","65/28891",0.00569511379461613,0.0423533175300762,0.0302499087215545,"Ndufc1/Ndufb1",2
"GO:0045682","BP","GO:0045682","regulation of epidermis development","2/50","65/28891",0.00569511379461613,0.0423533175300762,0.0302499087215545,"Reg3b/Reg3g",2
"GO:0009260","BP","GO:0009260","ribonucleotide biosynthetic process","3/50","210/28891",0.0057717969754735,0.042435825490129,0.0303088381846037,"Atp5mf/Ndufc1/Ndufb1",3
"GO:0002224","BP","GO:0002224","toll-like receptor signaling pathway","2/50","68/28891",0.00621669206452615,0.0451932557949261,0.0322782710387579,"Reg3g/Irf7",2
"GO:0046390","BP","GO:0046390","ribose phosphate biosynthetic process","3/50","218/28891",0.00639824793718598,0.0459962935039925,0.0328518227418087,"Atp5mf/Ndufc1/Ndufb1",3
"GO:0098754","BP","GO:0098754","detoxification","2/50","71/28891",0.00675925911198071,0.0480575895104562,0.0343240572603763,"Txn1/Gpx2",2
"GO:0022625","CC","GO:0022625","cytosolic large ribosomal subunit","7/51","79/28573",9.87869044783913e-11,1.28422975821909e-08,6.65511777538636e-09,"Rpl37/Uba52/Rpl39/Rpl27/Rpl31/Rpl36a/Rpl17-ps8",7
"GO:0015934","CC","GO:0015934","large ribosomal subunit","7/51","137/28573",4.84673042146838e-09,2.69607978401403e-07,1.39715875446881e-07,"Rpl37/Uba52/Rpl39/Rpl27/Rpl31/Rpl36a/Rpl17-ps8",7
"GO:0022626","CC","GO:0022626","cytosolic ribosome","7/51","142/28573",6.22172257849392e-09,2.69607978401403e-07,1.39715875446881e-07,"Rpl37/Uba52/Rpl39/Rpl27/Rpl31/Rpl36a/Rpl17-ps8",7
"GO:0070469","CC","GO:0070469","respirasome","6/51","103/28573",2.99012755481643e-08,9.71791455315341e-07,5.03600430284873e-07,"Cox6c/Uqcr11/Uqcr10/Higd1a/Ndufc1/Ndufb1",6
"GO:0044391","CC","GO:0044391","ribosomal subunit","7/51","215/28573",1.08271338258638e-07,2.8150547947246e-06,1.45881382074797e-06,"Rpl37/Uba52/Rpl39/Rpl27/Rpl31/Rpl36a/Rpl17-ps8",7
"GO:0098800","CC","GO:0098800","inner mitochondrial membrane protein complex","6/51","154/28573",3.27677878613803e-07,7.09968736996573e-06,3.67919021601463e-06,"Cox6c/Uqcr11/Atp5mf/Uqcr10/Ndufc1/Ndufb1",6
"GO:0005840","CC","GO:0005840","ribosome","7/51","267/28573",4.68724243743316e-07,8.70487881237587e-06,4.51103031572515e-06,"Rpl37/Uba52/Rpl39/Rpl27/Rpl31/Rpl36a/Rpl17-ps8",7
"GO:0005746","CC","GO:0005746","mitochondrial respirasome","5/51","95/28573",7.60271273792603e-07,1.15695535451809e-05,5.99555811248243e-06,"Cox6c/Uqcr11/Uqcr10/Ndufc1/Ndufb1",5
"GO:0098803","CC","GO:0098803","respiratory chain complex","5/51","96/28573",8.0096909158945e-07,1.15695535451809e-05,5.99555811248243e-06,"Cox6c/Uqcr11/Uqcr10/Ndufc1/Ndufb1",5
"GO:0098798","CC","GO:0098798","mitochondrial protein-containing complex","7/51","303/28573",1.09249989190899e-06,1.42024985948169e-05,7.35999927180796e-06,"Cox6c/Uqcr11/Atp5mf/Tomm7/Uqcr10/Ndufc1/Ndufb1",7
"GO:0042788","CC","GO:0042788","polysomal ribosome","3/51","37/28573",3.98781385991581e-05,0.000471287092535505,0.00024422974835848,"Rpl39/Rpl31/Rpl36a",3
"GO:0070069","CC","GO:0070069","cytochrome complex","3/51","41/28573",5.44358667436323e-05,0.000589721889722683,0.000305604865929164,"Cox6c/Uqcr11/Uqcr10",3
"GO:1990204","CC","GO:1990204","oxidoreductase complex","4/51","127/28573",7.91231958113395e-05,0.000791231958113395,0.000410031136188318,"Uqcr11/Uqcr10/Ndufc1/Ndufb1",4
"GO:0019774","CC","GO:0019774","proteasome core complex, beta-subunit complex","2/51","10/28573",0.000139278204756329,0.00129329761559449,0.000670210910105644,"Psmb9/Psmb10",2
"GO:0000502","CC","GO:0000502","proteasome complex","3/51","65/28573",0.000216424109394517,0.00172455439794221,0.000893696206221062,"Psmb9/Psme1/Psmb10",3
"GO:0005750","CC","GO:0005750","mitochondrial respiratory chain complex III","2/51","13/28573",0.000240589303845629,0.00172455439794221,0.000893696206221062,"Uqcr11/Uqcr10",2
"GO:0045275","CC","GO:0045275","respiratory chain complex III","2/51","13/28573",0.000240589303845629,0.00172455439794221,0.000893696206221062,"Uqcr11/Uqcr10",2
"GO:0042383","CC","GO:0042383","sarcolemma","4/51","170/28573",0.000243031218643441,0.00172455439794221,0.000893696206221062,"Car4/Krt8/Krt19/Anxa2",4
"GO:0030141","CC","GO:0030141","secretory granule","6/51","498/28573",0.000252050258160784,0.00172455439794221,0.000893696206221062,"Reg3b/Reg3g/Dmbt1/Pla2g2a/Car4/Sycn",6
"GO:0005844","CC","GO:0005844","polysome","3/51","78/28573",0.000370834240933457,0.00241042256606747,0.00124912586419691,"Rpl39/Rpl31/Rpl36a",3
"GO:1905369","CC","GO:1905369","endopeptidase complex","3/51","85/28573",0.000477244912530342,0.00295437326804498,0.00153101124821764,"Psmb9/Psme1/Psmb10",3
"GO:0005839","CC","GO:0005839","proteasome core complex","2/51","19/28573",0.000523843466292241,0.00302319751263776,0.00156667725351268,"Psmb9/Psmb10",2
"GO:0030667","CC","GO:0030667","secretory granule membrane","3/51","89/28573",0.000545980494109988,0.00302319751263776,0.00156667725351268,"Dmbt1/Car4/Sycn",3
"GO:0016010","CC","GO:0016010","dystrophin-associated glycoprotein complex","2/51","20/28573",0.000581384137045723,0.00302319751263776,0.00156667725351268,"Krt8/Krt19",2
"GO:0043034","CC","GO:0043034","costamere","2/51","20/28573",0.000581384137045723,0.00302319751263776,0.00156667725351268,"Krt8/Krt19",2
"GO:0062023","CC","GO:0062023","collagen-containing extracellular matrix","5/51","396/28573",0.000693724483040186,0.00346862241520093,0.00179750473338348,"Reg3b/Reg3g/Dmbt1/Lgals4/Anxa2",5
"GO:0090665","CC","GO:0090665","glycoprotein complex","2/51","25/28573",0.000912751361199714,0.00439472877614677,0.00227743029695055,"Krt8/Krt19",2
"GO:0042588","CC","GO:0042588","zymogen granule","2/51","26/28573",0.000987686466116447,0.00458568716411207,0.00237638848990423,"Reg3b/Dmbt1",2
"GO:0016327","CC","GO:0016327","apicolateral plasma membrane","2/51","27/28573",0.00106548520660454,0.00477631299512381,0.00247517434565121,"Krt8/Krt19",2
"GO:0030670","CC","GO:0030670","phagocytic vesicle membrane","2/51","28/28573",0.00114613752635244,0.00496659594752724,0.00257378251531776,"Dmbt1/Tap1",2
"GO:1905368","CC","GO:1905368","peptidase complex","3/51","121/28573",0.0013300839076181,0.00557777122549525,0.00289050492657244,"Psmb9/Psme1/Psmb10",3
"GO:0043230","CC","GO:0043230","extracellular organelle","3/51","127/28573",0.00152822491702679,0.00602027997616615,0.00311982120222376,"Gbp7/Car4/Anxa2",3
"GO:0065010","CC","GO:0065010","extracellular membrane-bounded organelle","3/51","127/28573",0.00152822491702679,0.00602027997616615,0.00311982120222376,"Gbp7/Car4/Anxa2",3
"GO:0005791","CC","GO:0005791","rough endoplasmic reticulum","2/51","46/28573",0.00307452894571963,0.0117555518512809,0.00609194589863952,"Car4/Sec61g",2
"GO:0030666","CC","GO:0030666","endocytic vesicle membrane","2/51","50/28573",0.00362241043518312,0.0134546673306801,0.00697245918351036,"Dmbt1/Tap1",2
"GO:0005747","CC","GO:0005747","mitochondrial respiratory chain complex I","2/51","55/28573",0.00436634972855549,0.0149375122292688,0.00774089702569395,"Ndufc1/Ndufb1",2
"GO:0030964","CC","GO:0030964","NADH dehydrogenase complex","2/51","55/28573",0.00436634972855549,0.0149375122292688,0.00774089702569395,"Ndufc1/Ndufb1",2
"GO:0045271","CC","GO:0045271","respiratory chain complex I","2/51","55/28573",0.00436634972855549,0.0149375122292688,0.00774089702569395,"Ndufc1/Ndufb1",2
"GO:1902495","CC","GO:1902495","transmembrane transporter complex","4/51","396/28573",0.00543584718948262,0.0181194906316087,0.00938985749330331,"Uqcr11/Uqcr10/Ndufc1/Ndufb1",4
"GO:1990351","CC","GO:1990351","transporter complex","4/51","421/28573",0.00672797906251035,0.0218659319531586,0.0113313331579122,"Uqcr11/Uqcr10/Ndufc1/Ndufb1",4
"GO:0030864","CC","GO:0030864","cortical actin cytoskeleton","2/51","84/28573",0.00991803616058732,0.0314474317286915,0.0162966447824798,"Dstn/Krt19",2
"GO:0070062","CC","GO:0070062","extracellular exosome","2/51","104/28573",0.0148974007342327,0.046111002272625,0.023895580125085,"Car4/Anxa2",2
"GO:0003735","MF","GO:0003735","structural constituent of ribosome","7/45","178/28407",1.25078466744508e-08,1.6510357610275e-06,1.11912312350349e-06,"Rpl37/Uba52/Rpl39/Rpl27/Rpl31/Rpl36a/Rpl17-ps8",7
"GO:0030550","MF","GO:0030550","acetylcholine receptor inhibitor activity","2/45","14/28407",0.000220603209552393,0.00907401972076529,0.00615065132587759,"Ly6a/Ly6g",2
"GO:0070003","MF","GO:0070003","threonine-type peptidase activity","2/45","15/28407",0.00025428558645844,0.00907401972076529,0.00615065132587759,"Psmb9/Psmb10",2
"GO:0061135","MF","GO:0061135","endopeptidase regulator activity","4/45","217/28407",0.000386072175850732,0.00907401972076529,0.00615065132587759,"Psme1/Serpina3g/Spink1/Anxa2",4
"GO:0042834","MF","GO:0042834","peptidoglycan binding","2/45","19/28407",0.000412455441852968,0.00907401972076529,0.00615065132587759,"Reg3b/Reg3g",2
"GO:0070492","MF","GO:0070492","oligosaccharide binding","2/45","19/28407",0.000412455441852968,0.00907401972076529,0.00615065132587759,"Reg3b/Reg3g",2
"GO:0033130","MF","GO:0033130","acetylcholine receptor binding","2/45","22/28407",0.000555494460609898,0.00975103693520455,0.00660955454140659,"Ly6a/Ly6g",2
"GO:0005539","MF","GO:0005539","glycosaminoglycan binding","4/45","243/28407",0.000590971935466942,0.00975103693520455,0.00660955454140659,"Reg3b/Reg3g/Saa1/Dmbt1",4
"GO:0030548","MF","GO:0030548","acetylcholine receptor regulator activity","2/45","27/28407",0.000839821768539878,0.0102186319914724,0.00692650493839834,"Ly6a/Ly6g",2
"GO:0099602","MF","GO:0099602","neurotransmitter receptor regulator activity","2/45","27/28407",0.000839821768539878,0.0102186319914724,0.00692650493839834,"Ly6a/Ly6g",2
"GO:0061134","MF","GO:0061134","peptidase regulator activity","4/45","268/28407",0.000851552665956031,0.0102186319914724,0.00692650493839834,"Psme1/Serpina3g/Spink1/Anxa2",4
"GO:0004867","MF","GO:0004867","serine-type endopeptidase inhibitor activity","3/45","129/28407",0.00112931381165461,0.0124224519282007,0.00842032227988083,"Serpina3g/Spink1/Anxa2",3
"GO:0030547","MF","GO:0030547","signaling receptor inhibitor activity","2/45","35/28407",0.00141220873036023,0.0143393501851962,0.00971965522919997,"Ly6a/Ly6g",2
"GO:0004866","MF","GO:0004866","endopeptidase inhibitor activity","3/45","198/28407",0.00381595760536559,0.0346903933428608,0.0235142219628642,"Serpina3g/Spink1/Anxa2",3
"GO:0004857","MF","GO:0004857","enzyme inhibitor activity","4/45","410/28407",0.00399451581441399,0.0346903933428608,0.0235142219628642,"Rpl37/Serpina3g/Spink1/Anxa2",4
"GO:0030414","MF","GO:0030414","peptidase inhibitor activity","3/45","205/28407",0.00420489616277101,0.0346903933428608,0.0235142219628642,"Serpina3g/Spink1/Anxa2",3
