"","ONTOLOGY","ID","Description","GeneRatio","BgRatio","pvalue","p.adjust","qvalue","geneID","Count"
"GO:0019646","BP","GO:0019646","aerobic electron transport chain","6/96","64/28891",7.37370615848732e-08,0.000117831824412627,9.37624951521335e-05,"Cox7b/Cox4i1/Cox7a2/Uqcr11/Ndufa7/Uqcrq",6
"GO:0042742","BP","GO:0042742","defense response to bacterium","11/96","430/28891",1.98230601442133e-07,0.000129185076458713,0.000102796635506307,"Reg3b/Lypd8/Dmbt1/Lgals4/Pla2g2a/Sprr2a3/Pglyrp1/Wfdc2/Zg16/Gpr15lg/Il18",11
"GO:0042775","BP","GO:0042775","mitochondrial ATP synthesis coupled electron transport","6/96","80/28891",2.8318326722869e-07,0.000129185076458713,0.000102796635506307,"Cox7b/Cox4i1/Cox7a2/Uqcr11/Ndufa7/Uqcrq",6
"GO:0042773","BP","GO:0042773","ATP synthesis coupled electron transport","6/96","82/28891",3.28226328451583e-07,0.000129185076458713,0.000102796635506307,"Cox7b/Cox4i1/Cox7a2/Uqcr11/Ndufa7/Uqcrq",6
"GO:0050830","BP","GO:0050830","defense response to Gram-positive bacterium","8/96","203/28891",4.04208624714371e-07,0.000129185076458713,0.000102796635506307,"Reg3b/Dmbt1/Pla2g2a/Sprr2a3/Pglyrp1/Zg16/Gpr15lg/Il18",8
"GO:0006119","BP","GO:0006119","oxidative phosphorylation","7/96","147/28891",6.24412525612364e-07,0.000166301869321426,0.000132331637006971,"Cox7b/Chchd10/Cox4i1/Cox7a2/Uqcr11/Ndufa7/Uqcrq",7
"GO:0022904","BP","GO:0022904","respiratory electron transport chain","6/96","106/28891",1.499862570145e-06,0.00034239719815596,0.00027245623830604,"Cox7b/Cox4i1/Cox7a2/Uqcr11/Ndufa7/Uqcrq",6
"GO:0022900","BP","GO:0022900","electron transport chain","6/96","116/28891",2.5401735426535e-06,0.000507399665145037,0.000403753899937557,"Cox7b/Cox4i1/Cox7a2/Uqcr11/Ndufa7/Uqcrq",6
"GO:0009060","BP","GO:0009060","aerobic respiration","7/96","196/28891",4.25253462538315e-06,0.000755061147929141,0.000600825944732496,"Cox7b/Chchd10/Cox4i1/Cox7a2/Uqcr11/Ndufa7/Uqcrq",7
"GO:0019730","BP","GO:0019730","antimicrobial humoral response","7/96","221/28891",9.32722034647454e-06,0.00149048981136663,0.00118602970300434,"Reg3b/Dmbt1/Lgals4/Pglyrp1/Wfdc2/Lgals3/S100a9",7
"GO:0061844","BP","GO:0061844","antimicrobial humoral immune response mediated by antimicrobial peptide","6/96","151/28891",1.16108397756474e-05,0.00168673836013495,0.00134219085636192,"Reg3b/Dmbt1/Lgals4/Pglyrp1/Lgals3/S100a9",6
"GO:0015670","BP","GO:0015670","carbon dioxide transport","3/96","15/28891",1.57145631523472e-05,0.00194746834642907,0.00154966192114242,"Car4/Aqp4/Car2",3
"GO:1903035","BP","GO:1903035","negative regulation of response to wounding","5/96","94/28891",1.58429840447922e-05,0.00194746834642907,0.00154966192114242,"Reg3b/Tspan8/Ceacam1/Cldn3/Cd9",5
"GO:0003382","BP","GO:0003382","epithelial cell morphogenesis","4/96","47/28891",1.82975434214441e-05,0.00208853388481912,0.00166191221451913,"Rab25/Cldn3/Spint2/Id1",4
"GO:0045333","BP","GO:0045333","cellular respiration","7/96","254/28891",2.28953439732578e-05,0.00233432009446525,0.00185749204539492,"Cox7b/Chchd10/Cox4i1/Cox7a2/Uqcr11/Ndufa7/Uqcrq",7
"GO:0018119","BP","GO:0018119","peptidyl-cysteine S-nitrosylation","3/96","17/28891",2.33724164652341e-05,0.00233432009446525,0.00185749204539492,"Txn1/S100a8/S100a9",3
"GO:1903034","BP","GO:1903034","regulation of response to wounding","6/96","174/28891",2.59142290353592e-05,0.00243593752932377,0.00193835223992037,"Reg3b/Tspan8/Ceacam1/Cldn3/S100a9/Cd9",6
"GO:0017014","BP","GO:0017014","protein nitrosylation","3/96","18/28891",2.79793079971851e-05,0.0024839407877501,0.00197654994506431,"Txn1/S100a8/S100a9",3
"GO:0006123","BP","GO:0006123","mitochondrial electron transport, cytochrome c to oxygen","3/96","19/28891",3.31453673112761e-05,0.00264831484817096,0.00210734756379061,"Cox7b/Cox4i1/Cox7a2",3
"GO:0015669","BP","GO:0015669","gas transport","3/96","19/28891",3.31453673112761e-05,0.00264831484817096,0.00210734756379061,"Car4/Aqp4/Car2",3
"GO:0032102","BP","GO:0032102","negative regulation of response to external stimulus","9/96","485/28891",3.50185998741828e-05,0.00266474869518781,0.00212042449363473,"Reg3b/Pglyrp1/Gpx2/Tspan8/Pyy/Ceacam1/Gcg/Cldn3/Cd9",9
"GO:0061041","BP","GO:0061041","regulation of wound healing","5/96","128/28891",6.98638380375218e-05,0.00489480107739208,0.00389494743527411,"Tspan8/Ceacam1/Cldn3/S100a9/Cd9",5
"GO:0030193","BP","GO:0030193","regulation of blood coagulation","4/96","66/28891",7.04508290237909e-05,0.00489480107739208,0.00389494743527411,"Tspan8/Ceacam1/S100a9/Cd9",4
"GO:0061045","BP","GO:0061045","negative regulation of wound healing","4/96","68/28891",7.92035241728349e-05,0.00506268926512761,0.00402854135582251,"Tspan8/Ceacam1/Cldn3/Cd9",4
"GO:1900046","BP","GO:1900046","regulation of hemostasis","4/96","68/28891",7.92035241728349e-05,0.00506268926512761,0.00402854135582251,"Tspan8/Ceacam1/S100a9/Cd9",4
"GO:0007162","BP","GO:0007162","negative regulation of cell adhesion","7/96","315/28891",8.91126830771536e-05,0.00547700259835736,0.00435822352863164,"Epcam/Cldn7/Lgals3/Ceacam1/Plet1/Cd9/Spint2",7
"GO:0050818","BP","GO:0050818","regulation of coagulation","4/96","71/28891",9.37802495395888e-05,0.00555040143571344,0.00441662929605549,"Tspan8/Ceacam1/S100a9/Cd9",4
"GO:0006959","BP","GO:0006959","humoral immune response","7/96","337/28891",0.000135341451595792,0.00772412998750268,0.00614633359126753,"Reg3b/Dmbt1/Lgals4/Pglyrp1/Wfdc2/Lgals3/S100a9",7
"GO:0015980","BP","GO:0015980","energy derivation by oxidation of organic compounds","7/96","350/28891",0.000170749323148747,0.00940887649626545,0.00748693946873635,"Cox7b/Chchd10/Cox4i1/Cox7a2/Uqcr11/Ndufa7/Uqcrq",7
"GO:0060706","BP","GO:0060706","cell differentiation involved in embryonic placenta development","3/96","33/28891",0.000180434628092995,0.00961115118975352,0.00764789581531009,"Krt8/Krt19/Spint2",3
"GO:0006091","BP","GO:0006091","generation of precursor metabolites and energy","8/96","484/28891",0.000214067298089737,0.0107569935098594,0.00855967865088606,"Hmgcs2/Cox7b/Chchd10/Cox4i1/Cox7a2/Uqcr11/Ndufa7/Uqcrq",8
"GO:0090279","BP","GO:0090279","regulation of calcium ion import","3/96","35/28891",0.000215409131611702,0.0107569935098594,0.00855967865088606,"Spink1/Lgals3/Gcg",3
"GO:0019755","BP","GO:0019755","one-carbon compound transport","3/96","43/28891",0.00039842475059935,0.0192934167108413,0.0153523795446257,"Car4/Aqp4/Car2",3
"GO:0060312","BP","GO:0060312","regulation of blood vessel remodeling","2/96","10/28891",0.000483235582082357,0.0215978217789695,0.0171860672610468,"Il18/Ceacam1",2
"GO:0090331","BP","GO:0090331","negative regulation of platelet aggregation","2/96","10/28891",0.000483235582082357,0.0215978217789695,0.0171860672610468,"Ceacam1/Cd9",2
"GO:0030195","BP","GO:0030195","negative regulation of blood coagulation","3/96","46/28891",0.000486559189013079,0.0215978217789695,0.0171860672610468,"Tspan8/Ceacam1/Cd9",3
"GO:1900047","BP","GO:1900047","negative regulation of hemostasis","3/96","47/28891",0.000518486119394327,0.0223929951024901,0.0178188117276912,"Tspan8/Ceacam1/Cd9",3
"GO:0050678","BP","GO:0050678","regulation of epithelial cell proliferation","7/96","426/28891",0.000557097545360487,0.0234274178285805,0.0186419344818689,"Pla2g2a/Gpr15lg/Il18/Ceacam1/Atp5if1/Id1/Fmc1",7
"GO:0050819","BP","GO:0050819","negative regulation of coagulation","3/96","49/28891",0.000586296214505921,0.0240231115584734,0.0191159467509623,"Tspan8/Ceacam1/Cd9",3
"GO:0018198","BP","GO:0018198","peptidyl-cysteine modification","3/96","51/28891",0.000659525727607425,0.0256290300669498,0.0203938267050098,"Txn1/S100a8/S100a9",3
"GO:0022408","BP","GO:0022408","negative regulation of cell-cell adhesion","5/96","209/28891",0.000677043085835033,0.0256290300669498,0.0203938267050098,"Epcam/Lgals3/Ceacam1/Cd9/Spint2",5
"GO:0002176","BP","GO:0002176","male germ cell proliferation","2/96","12/28891",0.000705680427375338,0.0256290300669498,0.0203938267050098,"Eif2s2/Il18",2
"GO:0070863","BP","GO:0070863","positive regulation of protein exit from endoplasmic reticulum","2/96","12/28891",0.000705680427375338,0.0256290300669498,0.0203938267050098,"Slc51b/Tmem30b",2
"GO:1901030","BP","GO:1901030","positive regulation of mitochondrial outer membrane permeabilization involved in apoptotic signaling pathway","2/96","12/28891",0.000705680427375338,0.0256290300669498,0.0203938267050098,"Chchd10/Atp5if1",2
"GO:0006122","BP","GO:0006122","mitochondrial electron transport, ubiquinol to cytochrome c","2/96","13/28891",0.000832181317715036,0.0292214798147844,0.023252452154838,"Uqcr11/Uqcrq",2
"GO:0052547","BP","GO:0052547","regulation of peptidase activity","7/96","457/28891",0.000841169005932468,0.0292214798147844,0.023252452154838,"Spink1/Wfdc2/Spink4/Cldn3/S100a8/S100a9/Spint2",7
"GO:0070509","BP","GO:0070509","calcium ion import","3/96","57/28891",0.000913408938091389,0.0310559038951072,0.0247121611918118,"Spink1/Lgals3/Gcg",3
"GO:0036093","BP","GO:0036093","germ cell proliferation","2/96","14/28891",0.000968777865138657,0.0312704206255583,0.0248828589129006,"Eif2s2/Il18",2
"GO:0061687","BP","GO:0061687","detoxification of inorganic compound","2/96","14/28891",0.000968777865138657,0.0312704206255583,0.0248828589129006,"Mt1/Txn1",2
"GO:0009150","BP","GO:0009150","purine ribonucleotide metabolic process","6/96","345/28891",0.00104457052026016,0.0312704206255583,0.0248828589129006,"Atp1b1/Hmgcs2/Sult1b1/Atp5if1/Atp5mg/Ndufa7",6
"GO:0046034","BP","GO:0046034","ATP metabolic process","4/96","135/28891",0.0010862306725654,0.0312704206255583,0.0248828589129006,"Atp1b1/Atp5if1/Atp5mg/Ndufa7",4
"GO:0050878","BP","GO:0050878","regulation of body fluid levels","6/96","348/28891",0.00109198510924931,0.0312704206255583,0.0248828589129006,"Agr2/Tspan8/Aqp4/Ceacam1/S100a9/Cd9",6
"GO:0010544","BP","GO:0010544","negative regulation of platelet activation","2/96","15/28891",0.00111540298852117,0.0312704206255583,0.0248828589129006,"Ceacam1/Cd9",2
"GO:0032096","BP","GO:0032096","negative regulation of response to food","2/96","15/28891",0.00111540298852117,0.0312704206255583,0.0248828589129006,"Pyy/Gcg",2
"GO:0032105","BP","GO:0032105","negative regulation of response to extracellular stimulus","2/96","15/28891",0.00111540298852117,0.0312704206255583,0.0248828589129006,"Pyy/Gcg",2
"GO:0032108","BP","GO:0032108","negative regulation of response to nutrient levels","2/96","15/28891",0.00111540298852117,0.0312704206255583,0.0248828589129006,"Pyy/Gcg",2
"GO:0034111","BP","GO:0034111","negative regulation of homotypic cell-cell adhesion","2/96","15/28891",0.00111540298852117,0.0312704206255583,0.0248828589129006,"Ceacam1/Cd9",2
"GO:0051346","BP","GO:0051346","negative regulation of hydrolase activity","6/96","356/28891",0.00122652881083169,0.0337929834432594,0.0268901416240415,"Spink1/Wfdc2/Spink4/Ppp1r14d/Atp5if1/Spint2",6
"GO:0009259","BP","GO:0009259","ribonucleotide metabolic process","6/96","364/28891",0.00137343057204378,0.0371990178665416,0.0296004305268311,"Atp1b1/Hmgcs2/Sult1b1/Atp5if1/Atp5mg/Ndufa7",6
"GO:0042060","BP","GO:0042060","wound healing","6/96","370/28891",0.00149215717266604,0.0397411193653388,0.0316232607821154,"Tspan8/Ceacam1/Plet1/Cldn3/S100a9/Cd9",6
"GO:0002181","BP","GO:0002181","cytoplasmic translation","4/96","148/28891",0.00152446675522869,0.0399360307353351,0.0317783579001942,"Rps8/Rps15/Rpl23a/Eif2s2",4
"GO:0019693","BP","GO:0019693","ribose phosphate metabolic process","6/96","373/28891",0.00155437998203883,0.0400628905048073,0.0318793042156691,"Atp1b1/Hmgcs2/Sult1b1/Atp5if1/Atp5mg/Ndufa7",6
"GO:0051928","BP","GO:0051928","positive regulation of calcium ion transport","4/96","151/28891",0.0016407803995209,0.0416185250545142,0.0331171716394527,"Lgals3/Atp1b1/Gcg/Dbi",4
"GO:0098754","BP","GO:0098754","detoxification","3/96","71/28891",0.00172531685279793,0.0430790051682983,0.0342793216805904,"Gpx2/Mt1/Txn1",3
"GO:0070486","BP","GO:0070486","leukocyte aggregation","2/96","19/28891",0.0018008590087407,0.0436026166055703,0.0346959757983855,"S100a8/S100a9",2
"GO:0090280","BP","GO:0090280","positive regulation of calcium ion import","2/96","19/28891",0.0018008590087407,0.0436026166055703,0.0346959757983855,"Lgals3/Gcg",2
"GO:0090559","BP","GO:0090559","regulation of membrane permeability","3/96","73/28891",0.00186851730647529,0.044565532175336,0.0354621980553362,"Chchd10/Atp5if1/Cldn3",3
"GO:0009205","BP","GO:0009205","purine ribonucleoside triphosphate metabolic process","4/96","160/28891",0.00202657222707669,0.0476244473363023,0.037896273224592,"Atp1b1/Atp5if1/Atp5mg/Ndufa7",4
"GO:0090087","BP","GO:0090087","regulation of peptide transport","5/96","271/28891",0.0021361090010126,0.0494710461393931,0.0393656700720552,"Gcg/Fam3d/Car2/S100a8/S100a9",5
"GO:0070469","CC","GO:0070469","respirasome","9/100","103/28573",1.04318795505846e-10,9.32367507858083e-09,6.13399676222423e-09,"Higd1a/AA467197/Cox6c/Cox7b/Cox4i1/Cox7a2/Uqcr11/Ndufa7/Uqcrq",9
"GO:0070069","CC","GO:0070069","cytochrome complex","7/100","41/28573",1.05950853165691e-10,9.32367507858083e-09,6.13399676222423e-09,"AA467197/Cox6c/Cox7b/Cox4i1/Cox7a2/Uqcr11/Uqcrq",7
"GO:0098800","CC","GO:0098800","inner mitochondrial membrane protein complex","10/100","154/28573",1.76013549788265e-10,1.03261282542449e-08,6.79350543042428e-09,"AA467197/Cox6c/Cox7b/Chchd10/Cox4i1/Atp5mg/Cox7a2/Uqcr11/Ndufa7/Uqcrq",10
"GO:0005746","CC","GO:0005746","mitochondrial respirasome","8/100","95/28573",1.60130656831541e-09,6.13142151501267e-08,4.03382994408729e-08,"AA467197/Cox6c/Cox7b/Cox4i1/Cox7a2/Uqcr11/Ndufa7/Uqcrq",8
"GO:0098803","CC","GO:0098803","respiratory chain complex","8/100","96/28573",1.74188111221951e-09,6.13142151501267e-08,4.03382994408729e-08,"AA467197/Cox6c/Cox7b/Cox4i1/Cox7a2/Uqcr11/Ndufa7/Uqcrq",8
"GO:0005751","CC","GO:0005751","mitochondrial respiratory chain complex IV","5/100","25/28573",2.3852000041538e-08,6.99658667885115e-07,4.60301755187576e-07,"AA467197/Cox6c/Cox7b/Cox4i1/Cox7a2",5
"GO:0045277","CC","GO:0045277","respiratory chain complex IV","5/100","28/28573",4.37560806078041e-08,1.10015288385336e-06,7.2378479200879e-07,"AA467197/Cox6c/Cox7b/Cox4i1/Cox7a2",5
"GO:0098798","CC","GO:0098798","mitochondrial protein-containing complex","10/100","303/28573",1.15685377947029e-07,2.54507831483464e-06,1.67439362818069e-06,"AA467197/Cox6c/Cox7b/Chchd10/Cox4i1/Atp5mg/Cox7a2/Uqcr11/Ndufa7/Uqcrq",10
"GO:0016327","CC","GO:0016327","apicolateral plasma membrane","4/100","27/28573",2.32977776103768e-06,4.55600984380702e-05,2.99737489724146e-05,"Krt8/Krt19/Cldn7/Cldn3",4
"GO:0016328","CC","GO:0016328","lateral plasma membrane","5/100","73/28573",5.90396890702954e-06,0.00010390985276372,6.83617452392894e-05,"Epcam/Cldn7/Atp1b1/Ceacam1/Cldn3",5
"GO:0030141","CC","GO:0030141","secretory granule","10/100","498/28573",1.00779142154105e-05,0.000161246627446567,0.000106083307530636,"Reg3b/Dmbt1/Pla2g2a/Sprr2a3/Tff3/Car4/Zg16/Klk1/Sycn/Gcg",10
"GO:0016323","CC","GO:0016323","basolateral plasma membrane","7/100","267/28573",4.39210497551387e-05,0.000644175396408701,0.000423799602900461,"Epcam/Cldn7/Atp1b1/Aqp4/Ceacam1/Slc51b/Car2",7
"GO:0009925","CC","GO:0009925","basal plasma membrane","7/100","301/28573",9.31254269902315e-05,0.00126077501156006,0.000829457244447406,"Epcam/Cldn7/Atp1b1/Aqp4/Ceacam1/Slc51b/Car2",7
"GO:0042588","CC","GO:0042588","zymogen granule","3/100","26/28573",0.000101996482441528,0.00128224149355064,0.000843579929967528,"Reg3b/Dmbt1/Zg16",3
"GO:0016324","CC","GO:0016324","apical plasma membrane","8/100","427/28573",0.000130733775765808,0.00153394296898548,0.0010091730059115,"Epcam/Car4/Atp1b1/Muc13/Il18/Ceacam1/Plet1/Cd9",8
"GO:0045178","CC","GO:0045178","basal part of cell","7/100","325/28573",0.000149620856935552,0.00164582942629107,0.00108278251729675,"Epcam/Cldn7/Atp1b1/Aqp4/Ceacam1/Slc51b/Car2",7
"GO:0030667","CC","GO:0030667","secretory granule membrane","4/100","89/28573",0.000274515707128545,0.00284204496791906,0.00186976642626254,"Dmbt1/Car4/Zg16/Sycn",4
"GO:0042383","CC","GO:0042383","sarcolemma","5/100","170/28573",0.00033540410810737,0.00327950683482762,0.0021575702860708,"Krt8/Krt19/Car4/Atp1b1/Aqp4",5
"GO:0005750","CC","GO:0005750","mitochondrial respiratory chain complex III","2/100","13/28573",0.000922382306701501,0.00811696429897321,0.00534010809142974,"Uqcr11/Uqcrq",2
"GO:0045275","CC","GO:0045275","respiratory chain complex III","2/100","13/28573",0.000922382306701501,0.00811696429897321,0.00534010809142974,"Uqcr11/Uqcrq",2
"GO:0042589","CC","GO:0042589","zymogen granule membrane","2/100","16/28573",0.00140936749126919,0.0118118418315894,0.00777094857341409,"Dmbt1/Zg16",2
"GO:0016010","CC","GO:0016010","dystrophin-associated glycoprotein complex","2/100","20/28573",0.00221123951138751,0.0169207893045305,0.0111320982266648,"Krt8/Krt19",2
"GO:0043034","CC","GO:0043034","costamere","2/100","20/28573",0.00221123951138751,0.0169207893045305,0.0111320982266648,"Krt8/Krt19",2
"GO:0062023","CC","GO:0062023","collagen-containing extracellular matrix","6/100","396/28573",0.00272383125750242,0.0199747625550178,0.0131412911546169,"Reg3b/Dmbt1/Lgals4/S100a6/Lgals3/Zg16",6
"GO:0030864","CC","GO:0030864","cortical actin cytoskeleton","3/100","84/28573",0.00322768486446073,0.0225012794280672,0.014803473307939,"Dstn/Krt19/Misp",3
"GO:0045111","CC","GO:0045111","intermediate filament cytoskeleton","4/100","175/28573",0.00337626329702627,0.0225012794280672,0.014803473307939,"Krt8/Krt19/Krt20/S100a8",4
"GO:0090665","CC","GO:0090665","glycoprotein complex","2/100","25/28573",0.00345190082135122,0.0225012794280672,0.014803473307939,"Krt8/Krt19",2
"GO:0070062","CC","GO:0070062","extracellular exosome","3/100","104/28573",0.00586598602289055,0.0368719121438835,0.0242578369367654,"Car4/Cd63/Cd9",3
"GO:1903561","CC","GO:1903561","extracellular vesicle","3/100","118/28573",0.00830122235972093,0.0498349636594473,0.032786160302268,"Car4/Cd63/Cd9",3
"GO:0030863","CC","GO:0030863","cortical cytoskeleton","3/100","119/28573",0.00849459607831489,0.0498349636594473,0.032786160302268,"Dstn/Krt19/Misp",3
"GO:0042834","MF","GO:0042834","peptidoglycan binding","3/95","19/28407",3.37710404226432e-05,0.00705814744833243,0.00465684873196448,"Reg3b/Pglyrp1/Zg16",3
"GO:0016209","MF","GO:0016209","antioxidant activity","4/95","89/28407",0.000230553020657224,0.0240927906586799,0.0158960240558402,"Gpx2/Mgst3/S100a8/S100a9",4
"GO:0004867","MF","GO:0004867","serine-type endopeptidase inhibitor activity","4/95","129/28407",0.000938971401183622,0.0316419021735913,0.0208768027435933,"Spink1/Wfdc2/Spink4/Spint2",4
"GO:0005229","MF","GO:0005229","intracellular calcium activated chloride channel activity","2/95","14/28407",0.000981036572586208,0.0316419021735913,0.0208768027435933,"Clca4b/Clca3b",2
"GO:0030550","MF","GO:0030550","acetylcholine receptor inhibitor activity","2/95","14/28407",0.000981036572586208,0.0316419021735913,0.0208768027435933,"Ly6g/Ly6a",2
"GO:0004089","MF","GO:0004089","carbonate dehydratase activity","2/95","15/28407",0.00112950186919037,0.0316419021735913,0.0208768027435933,"Car4/Car2",2
"GO:0061778","MF","GO:0061778","intracellular chloride channel activity","2/95","15/28407",0.00112950186919037,0.0316419021735913,0.0208768027435933,"Clca4b/Clca3b",2
"GO:0005179","MF","GO:0005179","hormone activity","4/95","139/28407",0.00123824153260255,0.0316419021735913,0.0208768027435933,"Reg3b/Retnlb/Pyy/Gcg",4
"GO:0005539","MF","GO:0005539","glycosaminoglycan binding","5/95","243/28407",0.00136256995005895,0.0316419021735913,0.0208768027435933,"Reg3b/Saa1/Dmbt1/Pglyrp1/Zg16",5
"GO:0070492","MF","GO:0070492","oligosaccharide binding","2/95","19/28407",0.00182352418691277,0.0381116555064768,0.025145438787955,"Reg3b/Lgals3",2
"GO:0033130","MF","GO:0033130","acetylcholine receptor binding","2/95","22/28407",0.00244733379790232,0.0404633775226774,0.0266970660058965,"Ly6g/Ly6a",2
"GO:0004857","MF","GO:0004857","enzyme inhibitor activity","6/95","410/28407",0.00257320516196834,0.0404633775226774,0.0266970660058965,"Spink1/Wfdc2/Rps15/Spink4/Ppp1r14d/Spint2",6
"GO:0015125","MF","GO:0015125","bile acid transmembrane transporter activity","2/95","24/28407",0.0029114010698678,0.0404633775226774,0.0266970660058965,"Ceacam1/Slc51b",2
"GO:0003735","MF","GO:0003735","structural constituent of ribosome","4/95","178/28407",0.00304570270535033,0.0404633775226774,0.0266970660058965,"Rps8/Rps15/Rpl23a/Ndufa7",4
"GO:0005319","MF","GO:0005319","lipid transporter activity","4/95","181/28407",0.00323350333885291,0.0404633775226774,0.0266970660058965,"Ceacam1/Slc51b/Tmem30b/Fabp2",4
"GO:0048306","MF","GO:0048306","calcium-dependent protein binding","3/95","92/28407",0.00366930682420863,0.0404633775226774,0.0266970660058965,"S100a6/S100a8/S100a9",3
"GO:0004602","MF","GO:0004602","glutathione peroxidase activity","2/95","27/28407",0.00367848886569795,0.0404633775226774,0.0266970660058965,"Gpx2/Mgst3",2
"GO:0030548","MF","GO:0030548","acetylcholine receptor regulator activity","2/95","27/28407",0.00367848886569795,0.0404633775226774,0.0266970660058965,"Ly6g/Ly6a",2
"GO:0099602","MF","GO:0099602","neurotransmitter receptor regulator activity","2/95","27/28407",0.00367848886569795,0.0404633775226774,0.0266970660058965,"Ly6g/Ly6a",2
"GO:0004866","MF","GO:0004866","endopeptidase inhibitor activity","4/95","198/28407",0.00444857421848288,0.0450764904292635,0.0297407214617654,"Spink1/Wfdc2/Spink4/Spint2",4
"GO:0015662","MF","GO:0015662","P-type ion transporter activity","2/95","30/28407",0.00452921674169634,0.0450764904292635,0.0297407214617654,"Atp1b1/Atp5mg",2
"GO:0030414","MF","GO:0030414","peptidase inhibitor activity","4/95","205/28407",0.00502758276199255,0.0477620362389292,0.0315126000871304,"Spink1/Wfdc2/Spink4/Spint2",4
"GO:0140358","MF","GO:0140358","P-type transmembrane transporter activity","2/95","33/28407",0.00546187094824133,0.0496317838340191,0.0327462285684034,"Atp1b1/Atp5mg",2
