"","ONTOLOGY","ID","Description","GeneRatio","BgRatio","pvalue","p.adjust","qvalue","geneID","Count"
"GO:0042742","BP","GO:0042742","defense response to bacterium","23/249","430/28891",4.2126815242094e-12,1.18923999428431e-08,9.79115874258354e-09,"Lypd8/Zg16/Reg3b/Lgals4/Wfdc2/Gpr15lg/Pglyrp1/Reg3g/Plac8/Pla2g2a/Isg15/Sprr2a3/Lpo/Lyz2/Dmbt1/Oas1a/Casp1/Lgals9/Nlrp6/Romo1/Irgm1/Gm12250/Gsdmd",23
"GO:0140546","BP","GO:0140546","defense response to symbiont","19/249","329/28891",9.05301917212962e-11,1.14576072771923e-07,9.43318860787915e-08,"Zg16/Isg15/Ifitm3/Ifi27l2b/Ifit1bl1/Irf7/Rtp4/Oas1a/Casp1/Ifih1/Ifitm2/Ddx60/Nlrp6/Trim30a/Ifit2/Ifit1/Irgm1/Gm12250/Oasl2",19
"GO:0009615","BP","GO:0009615","response to virus","20/249","389/28891",2.2384946718349e-10,1.14576072771923e-07,9.43318860787915e-08,"Ifi27l2a/Isg15/Ifitm3/Ifi27l2b/Ifit1bl1/Irf7/Rtp4/Oas1a/Casp1/Ifih1/Lgals9/Ifitm2/Ddx60/Nlrp6/Trim30a/Ifit2/Ifit1/Irgm1/Gm12250/Oasl2",20
"GO:0140236","BP","GO:0140236","translation at presynapse","9/249","47/28891",2.32572762877027e-10,1.14576072771923e-07,9.43318860787915e-08,"Uba52/Rpl37/Rpl14/Rps26/Rps12/Rpl23a/Rpl36a/Rpl13a/Rps27",9
"GO:0006091","BP","GO:0006091","generation of precursor metabolites and energy","22/249","484/28891",2.83545721510593e-10,1.14576072771923e-07,9.43318860787915e-08,"Ndufa3/Ndufa6/Atp5me/Ldha/Atp5f1d/Ndufa7/Uqcr10/Hmgcs2/Tpi1/Pkm/Oas1a/Ndufa12/Cyc1/Nupr1/Eno3/Gpi1/Mdh2/Cox7a1/Cs/Sdhc/Adh1/Ndufb4",22
"GO:0140241","BP","GO:0140241","translation at synapse","9/249","48/28891",2.84106450373172e-10,1.14576072771923e-07,9.43318860787915e-08,"Uba52/Rpl37/Rpl14/Rps26/Rps12/Rpl23a/Rpl36a/Rpl13a/Rps27",9
"GO:0140242","BP","GO:0140242","translation at postsynapse","9/249","48/28891",2.84106450373172e-10,1.14576072771923e-07,9.43318860787915e-08,"Uba52/Rpl37/Rpl14/Rps26/Rps12/Rpl23a/Rpl36a/Rpl13a/Rps27",9
"GO:0051607","BP","GO:0051607","defense response to virus","18/249","328/28891",6.51699320272413e-10,2.29968397641128e-07,1.89335802521248e-07,"Isg15/Ifitm3/Ifi27l2b/Ifit1bl1/Irf7/Rtp4/Oas1a/Casp1/Ifih1/Ifitm2/Ddx60/Nlrp6/Trim30a/Ifit2/Ifit1/Irgm1/Gm12250/Oasl2",18
"GO:0009060","BP","GO:0009060","aerobic respiration","14/249","196/28891",1.8972384976081e-09,5.90193893493278e-07,4.85913871705411e-07,"Ndufa3/Ndufa6/Atp5me/Atp5f1d/Ndufa7/Uqcr10/Ndufa12/Cyc1/Nupr1/Mdh2/Cox7a1/Cs/Sdhc/Ndufb4",14
"GO:0044282","BP","GO:0044282","small molecule catabolic process","18/249","353/28891",2.09066203858759e-09,5.90193893493278e-07,4.85913871705411e-07,"Upp1/Ldha/Apoe/Sult1b1/Dbi/Tpi1/Pkm/Akr1a1/Acads/Ada/Eno3/Gpi1/Cryl1/Hadha/Phyh/Acadl/Adh1/Dcxr",18
"GO:0006119","BP","GO:0006119","oxidative phosphorylation","12/249","147/28891",6.18196980900436e-09,1.58208916586926e-06,1.30255341582838e-06,"Ndufa3/Ndufa6/Atp5me/Atp5f1d/Ndufa7/Uqcr10/Ndufa12/Cyc1/Nupr1/Cox7a1/Sdhc/Ndufb4",12
"GO:0045333","BP","GO:0045333","cellular respiration","15/249","254/28891",6.72513991867911e-09,1.58208916586926e-06,1.30255341582838e-06,"Ndufa3/Ndufa6/Atp5me/Atp5f1d/Ndufa7/Uqcr10/Oas1a/Ndufa12/Cyc1/Nupr1/Mdh2/Cox7a1/Cs/Sdhc/Ndufb4",15
"GO:0015986","BP","GO:0015986","proton motive force-driven ATP synthesis","9/249","70/28891",9.34333377991342e-09,2.02894086620735e-06,1.67045190170436e-06,"Ndufa3/Ndufa6/Atp5me/Atp5f1d/Ndufa7/Ndufa12/Atp5mc1/Sdhc/Ndufb4",9
"GO:0006163","BP","GO:0006163","purine nucleotide metabolic process","18/249","444/28891",7.1021221934878e-08,1.34778127452334e-05,1.10964485491267e-05,"Ndufa3/Ndufa6/Atp5me/Ldha/Atp5f1d/Ndufa7/Sult1b1/Hmgcs2/Oas1a/Ndufa12/Ada/Atp5mc1/Mdh2/Cs/Sdhc/Oasl2/Ndufb4/Dcxr",18
"GO:0015980","BP","GO:0015980","energy derivation by oxidation of organic compounds","16/249","350/28891",7.61875894378367e-08,1.34778127452334e-05,1.10964485491267e-05,"Ndufa3/Ndufa6/Atp5me/Ldha/Atp5f1d/Ndufa7/Uqcr10/Oas1a/Ndufa12/Cyc1/Nupr1/Mdh2/Cox7a1/Cs/Sdhc/Ndufb4",16
"GO:0009117","BP","GO:0009117","nucleotide metabolic process","19/249","497/28891",7.63885950845676e-08,1.34778127452334e-05,1.10964485491267e-05,"Upp1/Ndufa3/Ndufa6/Atp5me/Ldha/Atp5f1d/Ndufa7/Sult1b1/Hmgcs2/Oas1a/Ndufa12/Ada/Atp5mc1/Mdh2/Cs/Sdhc/Oasl2/Ndufb4/Dcxr",19
"GO:0042776","BP","GO:0042776","proton motive force-driven mitochondrial ATP synthesis","8/249","65/28891",8.98863588080609e-08,1.49264229950092e-05,1.22891071361114e-05,"Ndufa3/Ndufa6/Atp5me/Atp5f1d/Ndufa7/Ndufa12/Sdhc/Ndufb4",8
"GO:0072521","BP","GO:0072521","purine-containing compound metabolic process","18/249","479/28891",2.18639196042258e-07,3.2897215086579e-05,2.7084680691003e-05,"Ndufa3/Ndufa6/Atp5me/Ldha/Atp5f1d/Ndufa7/Sult1b1/Hmgcs2/Oas1a/Ndufa12/Ada/Atp5mc1/Mdh2/Cs/Sdhc/Oasl2/Ndufb4/Dcxr",18
"GO:0050830","BP","GO:0050830","defense response to Gram-positive bacterium","12/249","203/28891",2.21412358003897e-07,3.2897215086579e-05,2.7084680691003e-05,"Zg16/Reg3b/Gpr15lg/Pglyrp1/Reg3g/Pla2g2a/Sprr2a3/Lyz2/Dmbt1/Nlrp6/Romo1/Gsdmd",12
"GO:0006754","BP","GO:0006754","ATP biosynthetic process","9/249","101/28891",2.37941350238946e-07,3.35854215862272e-05,2.76512895435575e-05,"Ndufa3/Ndufa6/Atp5me/Atp5f1d/Ndufa7/Ndufa12/Atp5mc1/Sdhc/Ndufb4",9
"GO:0048525","BP","GO:0048525","negative regulation of viral process","9/249","105/28891",3.32310449022992e-07,4.46720189329479e-05,3.67790211249507e-05,"Isg15/Ifitm3/Ly6e/Oas1a/Ifih1/Ifitm2/Rad50/Trim30a/Oasl2",9
"GO:0009206","BP","GO:0009206","purine ribonucleoside triphosphate biosynthetic process","9/249","113/28891",6.21897550933326e-07,7.5512082598804e-05,6.2170023818692e-05,"Ndufa3/Ndufa6/Atp5me/Atp5f1d/Ndufa7/Ndufa12/Atp5mc1/Sdhc/Ndufb4",9
"GO:0009165","BP","GO:0009165","nucleotide biosynthetic process","13/249","267/28891",6.39392125075058e-07,7.5512082598804e-05,6.2170023818692e-05,"Upp1/Ndufa3/Ndufa6/Atp5me/Atp5f1d/Ndufa7/Oas1a/Ndufa12/Ada/Atp5mc1/Sdhc/Oasl2/Ndufb4",13
"GO:0009145","BP","GO:0009145","purine nucleoside triphosphate biosynthetic process","9/249","114/28891",6.70179596759934e-07,7.5512082598804e-05,6.2170023818692e-05,"Ndufa3/Ndufa6/Atp5me/Atp5f1d/Ndufa7/Ndufa12/Atp5mc1/Sdhc/Ndufb4",9
"GO:0002181","BP","GO:0002181","cytoplasmic translation","10/249","148/28891",6.79103460388581e-07,7.5512082598804e-05,6.2170023818692e-05,"Rps8/Uba52/Rpl14/Rps26/Rps12/Rpl23a/Rpl36a/Pkm/Rpl31/Rpl13a",10
"GO:1901293","BP","GO:1901293","nucleoside phosphate biosynthetic process","13/249","269/28891",6.95470828044245e-07,7.5512082598804e-05,6.2170023818692e-05,"Upp1/Ndufa3/Ndufa6/Atp5me/Atp5f1d/Ndufa7/Oas1a/Ndufa12/Ada/Atp5mc1/Sdhc/Oasl2/Ndufb4",13
"GO:0009201","BP","GO:0009201","ribonucleoside triphosphate biosynthetic process","9/249","118/28891",8.9723051192606e-07,9.17560843015685e-05,7.55439096660377e-05,"Ndufa3/Ndufa6/Atp5me/Atp5f1d/Ndufa7/Ndufa12/Atp5mc1/Sdhc/Ndufb4",9
"GO:0045088","BP","GO:0045088","regulation of innate immune response","17/249","474/28891",9.1008514362165e-07,9.17560843015685e-05,7.55439096660377e-05,"Reg3g/Isg15/Apoe/Lamp1/Irf7/Serpinb1a/Oas1a/Casp1/Ceacam1/Ifih1/Lgals9/Ddx60/Nlrp6/Trim30a/Irgm1/S100a14/Gm12250",17
"GO:0006164","BP","GO:0006164","purine nucleotide biosynthetic process","12/249","233/28891",9.63116868732895e-07,9.37544455321711e-05,7.71891849786654e-05,"Ndufa3/Ndufa6/Atp5me/Atp5f1d/Ndufa7/Oas1a/Ndufa12/Ada/Atp5mc1/Sdhc/Oasl2/Ndufb4",12
"GO:0032102","BP","GO:0032102","negative regulation of response to external stimulus","17/249","485/28891",1.24422572214646e-06,0.000117081640453982,9.63947506841891e-05,"Reg3b/Dusp1/Pglyrp1/Reg3g/Isg15/Apoe/Cldn3/Oas1a/Ceacam1/Tspan8/Lgals9/Ada/Pyy/Nlrp6/Trim30a/Anxa2/Irgm1",17
"GO:0009142","BP","GO:0009142","nucleoside triphosphate biosynthetic process","9/249","124/28891",1.36156524219194e-06,0.000121084708612359,9.96905257997612e-05,"Ndufa3/Ndufa6/Atp5me/Atp5f1d/Ndufa7/Ndufa12/Atp5mc1/Sdhc/Ndufb4",9
"GO:0072522","BP","GO:0072522","purine-containing compound biosynthetic process","12/249","241/28891",1.37255071753294e-06,0.000121084708612359,9.96905257997612e-05,"Ndufa3/Ndufa6/Atp5me/Atp5f1d/Ndufa7/Oas1a/Ndufa12/Ada/Atp5mc1/Sdhc/Oasl2/Ndufb4",12
"GO:0009144","BP","GO:0009144","purine nucleoside triphosphate metabolic process","10/249","169/28891",2.27402839998132e-06,0.000193390801963906,0.000159221019347206,"Ndufa3/Ndufa6/Atp5me/Atp5f1d/Ndufa7/Ndufa12/Ada/Atp5mc1/Sdhc/Ndufb4",10
"GO:0009260","BP","GO:0009260","ribonucleotide biosynthetic process","11/249","210/28891",2.32918429570414e-06,0.000193390801963906,0.000159221019347206,"Upp1/Ndufa3/Ndufa6/Atp5me/Atp5f1d/Ndufa7/Ndufa12/Ada/Atp5mc1/Sdhc/Ndufb4",11
"GO:0006007","BP","GO:0006007","glucose catabolic process","5/249","26/28891",2.5916007325316e-06,0.0002037212413774,0.000167726196827302,"Ldha/Tpi1/Pkm/Eno3/Gpi1",5
"GO:0050829","BP","GO:0050829","defense response to Gram-negative bacterium","9/249","134/28891",2.5979329399881e-06,0.0002037212413774,0.000167726196827302,"Lypd8/Reg3b/Reg3g/Lyz2/Dmbt1/Casp1/Romo1/Irgm1/Gsdmd",9
"GO:0046034","BP","GO:0046034","ATP metabolic process","9/249","135/28891",2.76281528580371e-06,0.000210795339238483,0.000173550388365707,"Ndufa3/Ndufa6/Atp5me/Atp5f1d/Ndufa7/Ndufa12/Atp5mc1/Sdhc/Ndufb4",9
"GO:0072329","BP","GO:0072329","monocarboxylic acid catabolic process","9/249","138/28891",3.31260931469017e-06,0.000241868343718807,0.000199133174089202,"Ldha/Dbi/Akr1a1/Acads/Cryl1/Hadha/Phyh/Acadl/Dcxr",9
"GO:0046390","BP","GO:0046390","ribose phosphate biosynthetic process","11/249","218/28891",3.34143301630659e-06,0.000241868343718807,0.000199133174089202,"Upp1/Ndufa3/Ndufa6/Atp5me/Atp5f1d/Ndufa7/Ndufa12/Ada/Atp5mc1/Sdhc/Ndufb4",11
"GO:0035456","BP","GO:0035456","response to interferon-beta","7/249","74/28891",3.57380317019143e-06,0.00025222115873626,0.000207656773678491,"Ifitm3/Xaf1/Oas1a/Ifitm2/Ifit1/Ifi47/Irgm1",7
"GO:0009259","BP","GO:0009259","ribonucleotide metabolic process","14/249","364/28891",3.82968660767212e-06,0.00026368793398679,0.000217097510391272,"Upp1/Ndufa3/Ndufa6/Atp5me/Atp5f1d/Ndufa7/Sult1b1/Hmgcs2/Ndufa12/Ada/Atp5mc1/Cs/Sdhc/Ndufb4",14
"GO:0009141","BP","GO:0009141","nucleoside triphosphate metabolic process","10/249","184/28891",4.86415048875451e-06,0.000326940400708428,0.00026917404208446,"Ndufa3/Ndufa6/Atp5me/Atp5f1d/Ndufa7/Ndufa12/Ada/Atp5mc1/Sdhc/Ndufb4",10
"GO:0019693","BP","GO:0019693","ribose phosphate metabolic process","14/249","373/28891",5.06572419885601e-06,0.000332570684031872,0.000273809523404506,"Upp1/Ndufa3/Ndufa6/Atp5me/Atp5f1d/Ndufa7/Sult1b1/Hmgcs2/Ndufa12/Ada/Atp5mc1/Cs/Sdhc/Ndufb4",14
"GO:0002221","BP","GO:0002221","pattern recognition receptor signaling pathway","11/249","233/28891",6.30971926408656e-06,0.000404825851875371,0.000333298089356534,"Reg3g/Irf7/Oas1a/Casp1/Ifih1/Ddx60/Nlrp6/Trim30a/Irgm1/S100a14/Gm12250",11
"GO:0035455","BP","GO:0035455","response to interferon-alpha","5/249","32/28891",7.60591168497766e-06,0.000477144193037598,0.000392838666676741,"Ifitm3/Oas1a/Ifitm2/Ifit2/Ifit1",5
"GO:0005996","BP","GO:0005996","monosaccharide metabolic process","12/249","287/28891",8.24907488505588e-06,0.000502188449083882,0.000413457909867148,"Tff3/Ldha/Tpi1/Pkm/Akr1a1/Oas1a/Fbp2/Eno3/Fuca1/Gpi1/Mdh2/Dcxr",12
"GO:0140888","BP","GO:0140888","interferon-mediated signaling pathway","7/249","84/28891",8.36091289654356e-06,0.000502188449083882,0.000413457909867148,"Isg15/Ifitm3/Irf7/Oas1a/Ifih1/Ifitm2/Irgm1",7
"GO:0045071","BP","GO:0045071","negative regulation of viral genome replication","6/249","56/28891",8.73540981355233e-06,0.000508695091905955,0.000418814908711653,"Isg15/Ifitm3/Oas1a/Ifih1/Ifitm2/Oasl2",6
"GO:0046597","BP","GO:0046597","negative regulation of viral entry into host cell","5/249","33/28891",8.90131202371981e-06,0.000508695091905955,0.000418814908711653,"Ifitm3/Ly6e/Ifitm2/Rad50/Trim30a",5
"GO:1903900","BP","GO:1903900","regulation of viral life cycle","9/249","156/28891",9.00983159592551e-06,0.000508695091905955,0.000418814908711653,"Isg15/Ifitm3/Ly6e/Oas1a/Ifih1/Ifitm2/Rad50/Trim30a/Oasl2",9
"GO:0009152","BP","GO:0009152","purine ribonucleotide biosynthetic process","10/249","198/28891",9.28236923278007e-06,0.000513806438120355,0.000423023142744652,"Ndufa3/Ndufa6/Atp5me/Atp5f1d/Ndufa7/Ndufa12/Ada/Atp5mc1/Sdhc/Ndufb4",10
"GO:0019221","BP","GO:0019221","cytokine-mediated signaling pathway","15/249","450/28891",9.67119648598101e-06,0.000519508358738847,0.000427717603928398,"Krt8/Isg15/Ifitm3/Egr1/Cib1/Irf7/Oas1a/Casp1/Ceacam1/Ifih1/Ccl6/Ifitm2/Nlrp6/Irgm1/Oasl2",15
"GO:0002758","BP","GO:0002758","innate immune response-activating signaling pathway","11/249","244/28891",9.75343358595781e-06,0.000519508358738847,0.000427717603928398,"Reg3g/Irf7/Oas1a/Casp1/Ifih1/Ddx60/Nlrp6/Trim30a/Irgm1/S100a14/Gm12250",11
"GO:0009150","BP","GO:0009150","purine ribonucleotide metabolic process","13/249","345/28891",1.05987961424719e-05,0.000554081509448115,0.00045618210297423,"Ndufa3/Ndufa6/Atp5me/Atp5f1d/Ndufa7/Sult1b1/Hmgcs2/Ndufa12/Ada/Atp5mc1/Cs/Sdhc/Ndufb4",13
"GO:0009205","BP","GO:0009205","purine ribonucleoside triphosphate metabolic process","9/249","160/28891",1.10493130703077e-05,0.000567131105408701,0.00046692599539214,"Ndufa3/Ndufa6/Atp5me/Atp5f1d/Ndufa7/Ndufa12/Atp5mc1/Sdhc/Ndufb4",9
"GO:0006735","BP","GO:0006735","NADH regeneration","4/249","17/28891",1.17360435023757e-05,0.000571221565641492,0.00047029372147451,"Tpi1/Pkm/Eno3/Gpi1",4
"GO:0061621","BP","GO:0061621","canonical glycolysis","4/249","17/28891",1.17360435023757e-05,0.000571221565641492,0.00047029372147451,"Tpi1/Pkm/Eno3/Gpi1",4
"GO:0061718","BP","GO:0061718","glucose catabolic process to pyruvate","4/249","17/28891",1.17360435023757e-05,0.000571221565641492,0.00047029372147451,"Tpi1/Pkm/Eno3/Gpi1",4
"GO:0009199","BP","GO:0009199","ribonucleoside triphosphate metabolic process","9/249","167/28891",1.55708269834493e-05,0.000745024484309787,0.000613387796243642,"Ndufa3/Ndufa6/Atp5me/Atp5f1d/Ndufa7/Ndufa12/Atp5mc1/Sdhc/Ndufb4",9
"GO:0061041","BP","GO:0061041","regulation of wound healing","8/249","128/28891",1.59740049253018e-05,0.000751576931735451,0.000618782506580113,"Reg3g/Actg1/Apoe/Cldn3/Ceacam1/Tspan8/Vil1/Anxa2",8
"GO:0019318","BP","GO:0019318","hexose metabolic process","11/249","259/28891",1.70196271563697e-05,0.000787646023974289,0.00064847863263614,"Tff3/Ldha/Tpi1/Pkm/Oas1a/Fbp2/Eno3/Fuca1/Gpi1/Mdh2/Dcxr",11
"GO:1903035","BP","GO:1903035","negative regulation of response to wounding","7/249","94/28891",1.75642494615199e-05,0.000799739939191464,0.000658435701375824,"Reg3b/Reg3g/Apoe/Cldn3/Ceacam1/Tspan8/Anxa2",7
"GO:0019320","BP","GO:0019320","hexose catabolic process","5/249","38/28891",1.81755072427425e-05,0.000801710264785343,0.000660057894604858,"Ldha/Tpi1/Pkm/Eno3/Gpi1",5
"GO:1903901","BP","GO:1903901","negative regulation of viral life cycle","5/249","38/28891",1.81755072427425e-05,0.000801710264785343,0.000660057894604858,"Ifitm3/Ly6e/Ifitm2/Rad50/Trim30a",5
"GO:1903034","BP","GO:1903034","regulation of response to wounding","9/249","174/28891",2.15812852351534e-05,0.000937291818751355,0.000771683850999494,"Reg3b/Reg3g/Actg1/Apoe/Cldn3/Ceacam1/Tspan8/Vil1/Anxa2",9
"GO:0060337","BP","GO:0060337","type I interferon-mediated signaling pathway","6/249","66/28891",2.27498079398063e-05,0.000958547877821988,0.000789184225154632,"Isg15/Ifitm3/Irf7/Oas1a/Ifih1/Ifitm2",6
"GO:0071357","BP","GO:0071357","cellular response to type I interferon","6/249","66/28891",2.27498079398063e-05,0.000958547877821988,0.000789184225154632,"Isg15/Ifitm3/Irf7/Oas1a/Ifih1/Ifitm2",6
"GO:0061620","BP","GO:0061620","glycolytic process through glucose-6-phosphate","4/249","20/28891",2.34099517753794e-05,0.000971857262674942,0.000800142004954144,"Tpi1/Pkm/Eno3/Gpi1",4
"GO:0006006","BP","GO:0006006","glucose metabolic process","10/249","225/28891",2.80031741687181e-05,0.00114569508229408,0.00094326481410419,"Tff3/Ldha/Tpi1/Pkm/Oas1a/Fbp2/Eno3/Gpi1/Mdh2/Dcxr",10
"GO:0031348","BP","GO:0031348","negative regulation of defense response","12/249","330/28891",3.28276411032051e-05,0.00132389186906211,0.00108997641437409,"Reg3b/Pglyrp1/Reg3g/Isg15/Apoe/Oas1a/Ceacam1/Lgals9/Ada/Nlrp6/Trim30a/Irgm1",12
"GO:0045089","BP","GO:0045089","positive regulation of innate immune response","13/249","385/28891",3.33743351739452e-05,0.00132698236895841,0.00109252086084612,"Reg3g/Lamp1/Irf7/Oas1a/Casp1/Ifih1/Lgals9/Ddx60/Nlrp6/Trim30a/Irgm1/S100a14/Gm12250",13
"GO:0002218","BP","GO:0002218","activation of innate immune response","11/249","281/28891",3.59707323745834e-05,0.00141035246518679,0.00116116048367076,"Reg3g/Irf7/Oas1a/Casp1/Ifih1/Ddx60/Nlrp6/Trim30a/Irgm1/S100a14/Gm12250",11
"GO:0050792","BP","GO:0050792","regulation of viral process","9/249","187/28891",3.80334695276411e-05,0.00147080115721275,0.0012109286332665,"Isg15/Ifitm3/Ly6e/Oas1a/Ifih1/Ifitm2/Rad50/Trim30a/Oasl2",9
"GO:0034340","BP","GO:0034340","response to type I interferon","6/249","73/28891",4.05345829333204e-05,0.0015341931009739,0.00126311999811711,"Isg15/Ifitm3/Irf7/Oas1a/Ifih1/Ifitm2",6
"GO:0002764","BP","GO:0002764","immune response-regulating signaling pathway","14/249","450/28891",4.07596466783715e-05,0.0015341931009739,0.00126311999811711,"Lgals3/Reg3g/Irf7/Pigr/Oas1a/Casp1/Ifih1/Ada/Ddx60/Nlrp6/Trim30a/Irgm1/S100a14/Gm12250",14
"GO:0046365","BP","GO:0046365","monosaccharide catabolic process","5/249","45/28891",4.2119374116735e-05,0.0015645130675203,0.001288082798473,"Ldha/Tpi1/Pkm/Eno3/Gpi1",5
"GO:0002753","BP","GO:0002753","cytosolic pattern recognition receptor signaling pathway","8/249","150/28891",4.99408050893161e-05,0.0018309466593135,0.00150744084261394,"Irf7/Oas1a/Ifih1/Ddx60/Nlrp6/Trim30a/Irgm1/Gm12250",8
"GO:0141060","BP","GO:0141060","disruption of anatomical structure in another organism","8/249","156/28891",6.58793977587369e-05,0.0023770324534362,0.00195703997508703,"Reg3b/Pglyrp1/Lgals3/Reg3g/Lyz2/Nlrp6/Romo1/Gm12250",8
"GO:0019058","BP","GO:0019058","viral life cycle","10/249","250/28891",6.79960365385029e-05,0.0023770324534362,0.00195703997508703,"Isg15/Ifitm3/Apoe/Ly6e/Oas1a/Ifih1/Ifitm2/Rad50/Trim30a/Oasl2",10
"GO:0042775","BP","GO:0042775","mitochondrial ATP synthesis coupled electron transport","6/249","80/28891",6.80505928533526e-05,0.0023770324534362,0.00195703997508703,"Ndufa7/Uqcr10/Ndufa12/Cyc1/Cox7a1/Sdhc",6
"GO:0002833","BP","GO:0002833","positive regulation of response to biotic stimulus","13/249","413/28891",6.82039067404649e-05,0.0023770324534362,0.00195703997508703,"Reg3g/Lamp1/Irf7/Oas1a/Casp1/Ifih1/Lgals9/Ddx60/Nlrp6/Trim30a/Irgm1/S100a14/Gm12250",13
"GO:0061615","BP","GO:0061615","glycolytic process through fructose-6-phosphate","4/249","26/28891",6.9357428283804e-05,0.00238775634201437,0.00196586908409036,"Tpi1/Pkm/Eno3/Gpi1",4
"GO:0042773","BP","GO:0042773","ATP synthesis coupled electron transport","6/249","82/28891",7.8168342131713e-05,0.00265866541973284,0.00218891185068893,"Ndufa7/Uqcr10/Ndufa12/Cyc1/Cox7a1/Sdhc",6
"GO:0046596","BP","GO:0046596","regulation of viral entry into host cell","5/249","53/28891",9.35362933382557e-05,0.00311278524646414,0.00256279427417373,"Ifitm3/Ly6e/Ifitm2/Rad50/Trim30a",5
"GO:0032612","BP","GO:0032612","interleukin-1 production","7/249","122/28891",9.37253793657285e-05,0.00311278524646414,0.00256279427417373,"Egr1/Serpinb1a/Casp1/Ceacam1/Lgals9/Nlrp6/Gsdmd",7
"GO:0001818","BP","GO:0001818","negative regulation of cytokine production","11/249","314/28891",9.72410889293957e-05,0.00317841513627369,0.00261682816745616,"Pglyrp1/Klf2/Serpinb1a/Xaf1/Oas1a/Ceacam1/Lgals9/Nlrp6/Trim30a/Gpnmb/Irgm1",11
"GO:0042060","BP","GO:0042060","wound healing","12/249","370/28891",9.79532826269255e-05,0.00317841513627369,0.00261682816745616,"Reg3g/Actg1/Apoe/Cldn3/Ceacam1/Tspan8/Cdkn1a/BC004004/Nlrp6/Vil1/Anxa2/Rab3a",12
"GO:0044403","BP","GO:0044403","biological process involved in symbiotic interaction","10/249","264/28891",0.000106643704447336,0.00342108156425941,0.00281661841411145,"Pglyrp1/Ifitm3/Apoe/Ly6e/Jun/Ifitm2/Rad50/Nlrp6/Trim30a/Romo1",10
"GO:0043254","BP","GO:0043254","regulation of protein-containing complex assembly","13/249","437/28891",0.00011980171085819,0.00380000258149067,0.00312858873536231,"Lgals3/Cldn7/Isg15/Apoe/Xaf1/Cdc42ep5/Rhoc/Rpl13a/Trim30a/Vil1/Irgm1/Rab3a/Gm12250",13
"GO:0002757","BP","GO:0002757","immune response-activating signaling pathway","13/249","440/28891",0.000128166830271833,0.00402016624285983,0.00330985217824804,"Lgals3/Reg3g/Irf7/Oas1a/Casp1/Ifih1/Ada/Ddx60/Nlrp6/Trim30a/Irgm1/S100a14/Gm12250",13
"GO:0050728","BP","GO:0050728","negative regulation of inflammatory response","8/249","172/28891",0.000130112209288854,0.00403633809694984,0.00332316666408086,"Reg3b/Pglyrp1/Reg3g/Apoe/Lgals9/Ada/Nlrp6/Irgm1",8
"GO:0052372","BP","GO:0052372","modulation by symbiont of entry into host","5/249","58/28891",0.000144215449311809,0.00442521971094824,0.00364333766682466,"Ifitm3/Ly6e/Ifitm2/Rad50/Trim30a",5
"GO:0016032","BP","GO:0016032","viral process","11/249","329/28891",0.000146358627748067,0.00444269253906229,0.00365772326052894,"Isg15/Ifitm3/Apoe/Ly6e/Jun/Oas1a/Ifih1/Ifitm2/Rad50/Trim30a/Oasl2",11
"GO:0045069","BP","GO:0045069","regulation of viral genome replication","6/249","92/28891",0.000148181697505288,0.00445018012827052,0.00366388788456525,"Isg15/Ifitm3/Oas1a/Ifih1/Ifitm2/Oasl2",6
"GO:1901616","BP","GO:1901616","organic hydroxy compound catabolic process","5/249","59/28891",0.000156470238717536,0.0046496366726274,0.00382810290402569,"Apoe/Sult1b1/Tpi1/Maoa/Adh1",5
"GO:1903706","BP","GO:1903706","regulation of hemopoiesis","13/249","452/28891",0.000166868065454664,0.00490696404977622,0.00403996368995503,"Fos/Pglyrp1/Tmem176b/Isg15/Tmem176a/Cib1/Jun/Car2/Ceacam1/Lgals9/Ada/C1qc/Irgm1",13
"GO:0032621","BP","GO:0032621","interleukin-18 production","3/249","13/28891",0.000169705446217514,0.00493895334713446,0.00406630087084397,"Casp1/Nlrp6/Gsdmd",3
"GO:1902074","BP","GO:1902074","response to salt","11/249","343/28891",0.000209850539213579,0.00601051473404044,0.00494853050422704,"Fos/Ly6a/Krt8/Tmbim6/Ly6e/Ly6g/Egr1/Jun/Casp1/Junb/S100a16",11
"GO:0006631","BP","GO:0006631","fatty acid metabolic process","13/249","463/28891",0.000210783194711301,0.00601051473404044,0.00494853050422704,"Mgst3/Pla2g2a/Dbi/Fabp2/Ceacam1/Ces2c/Acads/Hpgd/Cryl1/Elovl1/Hadha/Phyh/Acadl",13
"GO:0006584","BP","GO:0006584","catecholamine metabolic process","5/249","64/28891",0.000230110694431639,0.00636865186647566,0.00524338919819462,"Ly6e/Aldh2/Sult1d1/Sult1a1/Maoa",5
"GO:0009712","BP","GO:0009712","catechol-containing compound metabolic process","5/249","64/28891",0.000230110694431639,0.00636865186647566,0.00524338919819462,"Ly6e/Aldh2/Sult1d1/Sult1a1/Maoa",5
"GO:0019646","BP","GO:0019646","aerobic electron transport chain","5/249","64/28891",0.000230110694431639,0.00636865186647566,0.00524338919819462,"Ndufa7/Uqcr10/Cyc1/Cox7a1/Sdhc",5
"GO:0060760","BP","GO:0060760","positive regulation of response to cytokine stimulus","5/249","65/28891",0.000247550692430162,0.00678481169641113,0.0055860186907082,"Irf7/Casp1/Ifih1/Nlrp6/Irgm1",5
"GO:0016054","BP","GO:0016054","organic acid catabolic process","9/249","241/28891",0.000261189956283413,0.00702227853893405,0.00578152805487495,"Ldha/Dbi/Akr1a1/Acads/Cryl1/Hadha/Phyh/Acadl/Dcxr",9
"GO:0046395","BP","GO:0046395","carboxylic acid catabolic process","9/249","241/28891",0.000261189956283413,0.00702227853893405,0.00578152805487495,"Ldha/Dbi/Akr1a1/Acads/Cryl1/Hadha/Phyh/Acadl/Dcxr",9
"GO:0006066","BP","GO:0006066","alcohol metabolic process","11/249","354/28891",0.000274852401646349,0.00731988990422304,0.00602655514235489,"Saa1/Aqp8/Apoe/Sult1b1/Hmgcs2/Tpi1/Akr1a1/Degs2/Hsd11b2/Acadl/Adh1",11
"GO:0043618","BP","GO:0043618","regulation of transcription from RNA polymerase II promoter in response to stress","4/249","37/28891",0.000284444929745911,0.00743507441363616,0.00612138796178334,"Tmbim6/Egr1/Jun/Klf2",4
"GO:0046164","BP","GO:0046164","alcohol catabolic process","4/249","37/28891",0.000284444929745911,0.00743507441363616,0.00612138796178334,"Apoe/Sult1b1/Tpi1/Adh1",4
"GO:0043903","BP","GO:0043903","regulation of biological process involved in symbiotic interaction","5/249","68/28891",0.000305934875062179,0.00785140138455028,0.00646415506351475,"Ifitm3/Ly6e/Ifitm2/Rad50/Trim30a",5
"GO:0061045","BP","GO:0061045","negative regulation of wound healing","5/249","68/28891",0.000305934875062179,0.00785140138455028,0.00646415506351475,"Apoe/Cldn3/Ceacam1/Tspan8/Anxa2",5
"GO:0022904","BP","GO:0022904","respiratory electron transport chain","6/249","106/28891",0.000320741466522386,0.00815723567560986,0.00671595218664227,"Ndufa7/Uqcr10/Ndufa12/Cyc1/Cox7a1/Sdhc",6
"GO:0060700","BP","GO:0060700","regulation of ribonuclease activity","3/249","16/28891",0.000325992159954623,0.00821674881742768,0.00676495008627639,"Tmbim6/Oas1a/Oasl2",3
"GO:0034341","BP","GO:0034341","response to type II interferon","7/249","150/28891",0.000335776734221639,0.0083884754044928,0.00690633469176878,"Actg1/Ifitm3/Casp1/Ccl6/Ifitm2/Rpl13a/Irgm1",7
"GO:0010632","BP","GO:0010632","regulation of epithelial cell migration","9/249","250/28891",0.0003417519575863,0.00846285768654496,0.00696757453693953,"Apoe/Cib1/Jun/Cd63/Ceacam1/Fgfbp1/Rab25/Gpi1/Vil1",9
"GO:0061844","BP","GO:0061844","antimicrobial humoral immune response mediated by antimicrobial peptide","7/249","151/28891",0.000349554541721377,0.00858080409808214,0.00706468126426361,"Reg3b/Lgals4/Pglyrp1/Lgals3/Reg3g/Dmbt1/Romo1",7
"GO:0031640","BP","GO:0031640","killing of cells of another organism","6/249","110/28891",0.000391370484658766,0.00944306733497177,0.00777459316353177,"Pglyrp1/Lgals3/Lyz2/Nlrp6/Romo1/Gm12250",6
"GO:0141061","BP","GO:0141061","disruption of cell in another organism","6/249","110/28891",0.000391370484658766,0.00944306733497177,0.00777459316353177,"Pglyrp1/Lgals3/Lyz2/Nlrp6/Romo1/Gm12250",6
"GO:0032689","BP","GO:0032689","negative regulation of type II interferon production","4/249","41/28891",0.000424541305474385,0.0100915907942761,0.00830853048222741,"Pglyrp1/Lgals9/Nlrp6/Irgm1",4
"GO:0060759","BP","GO:0060759","regulation of response to cytokine stimulus","7/249","156/28891",0.000425398265858609,0.0100915907942761,0.00830853048222741,"Isg15/Irf7/Oas1a/Casp1/Ifih1/Nlrp6/Irgm1",7
"GO:0043620","BP","GO:0043620","regulation of DNA-templated transcription in response to stress","4/249","42/28891",0.000466077228745091,0.0109644668062283,0.00902718000937861,"Tmbim6/Egr1/Jun/Klf2",4
"GO:0019755","BP","GO:0019755","one-carbon compound transport","4/249","43/28891",0.000510428345273041,0.0118109772025065,0.00972412240175043,"Aqp8/Slc26a3/Car4/Car2",4
"GO:1903670","BP","GO:1903670","regulation of sprouting angiogenesis","4/249","43/28891",0.000510428345273041,0.0118109772025065,0.00972412240175043,"Klf2/Pkm/Ceacam1/S100a1",4
"GO:0022900","BP","GO:0022900","electron transport chain","6/249","116/28891",0.000519466665792639,0.0118262451413921,0.00973669268310821,"Ndufa7/Uqcr10/Ndufa12/Cyc1/Cox7a1/Sdhc",6
"GO:0032652","BP","GO:0032652","regulation of interleukin-1 production","6/249","116/28891",0.000519466665792639,0.0118262451413921,0.00973669268310821,"Egr1/Serpinb1a/Casp1/Ceacam1/Lgals9/Gsdmd",6
"GO:0006979","BP","GO:0006979","response to oxidative stress","11/249","389/28891",0.000605138321166901,0.013622129199081,0.0112152660557342,"Fos/Reg3b/Ndufa6/Apoe/Lpo/Jun/Ndufa12/Prdx6/Romo1/Mgst1/Ndufb4",11
"GO:0140632","BP","GO:0140632","canonical inflammasome complex assembly","4/249","45/28891",0.0006080015157932,0.013622129199081,0.0112152660557342,"Nlrp6/Trim30a/Irgm1/Gm12250",4
"GO:0016052","BP","GO:0016052","carbohydrate catabolic process","7/249","167/28891",0.000638688882927026,0.0141969977677401,0.0116885623995265,"Ldha/Tpi1/Pkm/Nupr1/Eno3/Gpi1/Scarb2",7
"GO:0035457","BP","GO:0035457","cellular response to interferon-alpha","3/249","20/28891",0.000646932760830583,0.0142002530299567,0.0116912424968378,"Oas1a/Ifit2/Ifit1",3
"GO:0006081","BP","GO:0006081","cellular aldehyde metabolic process","5/249","80/28891",0.000648895728255195,0.0142002530299567,0.0116912424968378,"Tpi1/Akr1a1/Aldh2/Mdh2/Adh1",5
"GO:0030195","BP","GO:0030195","negative regulation of blood coagulation","4/249","46/28891",0.000661437314877628,0.014363365691535,0.0118255351518203,"Apoe/Ceacam1/Tspan8/Anxa2",4
"GO:0019730","BP","GO:0019730","antimicrobial humoral response","8/249","221/28891",0.00070007638034434,0.0150863787916952,0.0124208007055067,"Reg3b/Lgals4/Wfdc2/Pglyrp1/Lgals3/Reg3g/Dmbt1/Romo1",8
"GO:0141084","BP","GO:0141084","inflammasome-mediated signaling pathway","4/249","47/28891",0.000718115661675447,0.0152424098715022,0.0125492630073557,"Nlrp6/Trim30a/Irgm1/Gm12250",4
"GO:1900047","BP","GO:1900047","negative regulation of hemostasis","4/249","47/28891",0.000718115661675447,0.0152424098715022,0.0125492630073557,"Apoe/Ceacam1/Tspan8/Anxa2",4
"GO:0006959","BP","GO:0006959","humoral immune response","10/249","337/28891",0.000738320225782318,0.0155543134133096,0.012806057019068,"Reg3b/Lgals4/Wfdc2/Pglyrp1/Lgals3/Reg3g/Dmbt1/C1qa/Romo1/C1qc",10
"GO:0019079","BP","GO:0019079","viral genome replication","6/249","125/28891",0.000770174898432988,0.0161052128761209,0.0132596193040159,"Isg15/Ifitm3/Oas1a/Ifih1/Ifitm2/Oasl2",6
"GO:0050819","BP","GO:0050819","negative regulation of coagulation","4/249","49/28891",0.000841630734731224,0.0174700262069577,0.014383286859803,"Apoe/Ceacam1/Tspan8/Anxa2",4
"GO:0031400","BP","GO:0031400","negative regulation of protein modification process","12/249","473/28891",0.00089435101970317,0.0183165180179665,0.0150802139506945,"Spink1/Dusp1/Isg15/Apoe/Dbi/Cib1/Jun/Ceacam1/Cdkn1a/Cops9/Ppp1r14d/Nolc1",12
"GO:0001906","BP","GO:0001906","cell killing","9/249","286/28891",0.000895387703322488,0.0183165180179665,0.0150802139506945,"Pglyrp1/Lgals3/Lamp1/Lyz2/Ceacam1/Lgals9/Nlrp6/Romo1/Gm12250",9
"GO:1903707","BP","GO:1903707","negative regulation of hemopoiesis","6/249","129/28891",0.000907748605301874,0.0183229485194287,0.0150855082614235,"Pglyrp1/Tmem176b/Tmem176a/Ceacam1/C1qc/Irgm1",6
"GO:0070269","BP","GO:0070269","pyroptosis","4/249","50/28891",0.00090868324219625,0.0183229485194287,0.0150855082614235,"Casp1/Nlrp6/Gm12250/Gsdmd",4
"GO:0050727","BP","GO:0050727","regulation of inflammatory response","11/249","411/28891",0.00094746019936546,0.0189693627149553,0.0156177089973791,"Reg3b/Pglyrp1/Reg3g/Apoe/Casp1/Lgals9/Ada/Nupr1/Nlrp6/Irgm1/Gsdmd",11
"GO:0002040","BP","GO:0002040","sprouting angiogenesis","6/249","131/28891",0.00098325987669345,0.0194653010880637,0.0160260211430336,"Cib1/Klf2/Pkm/Ceacam1/Fgfbp1/S100a1",6
"GO:0070254","BP","GO:0070254","mucus secretion","3/249","23/28891",0.00098602127367804,0.0194653010880637,0.0160260211430336,"Agr2/Ada/Nlrp6",3
"GO:0018958","BP","GO:0018958","phenol-containing compound metabolic process","6/249","132/28891",0.0010227801937321,0.0200507533812897,0.0165080311970795,"Ly6e/Sult1b1/Aldh2/Sult1d1/Sult1a1/Maoa",6
"GO:0032728","BP","GO:0032728","positive regulation of interferon-beta production","4/249","52/28891",0.00105391825666861,0.0205186981970724,0.0168932959036247,"Isg15/Irf7/Oas1a/Ifih1",4
"GO:0006063","BP","GO:0006063","uronic acid metabolic process","3/249","24/28891",0.00111974298122065,0.0215036356189516,0.0177042069640902,"Akr1a1/Cryl1/Dcxr",3
"GO:0019585","BP","GO:0019585","glucuronate metabolic process","3/249","24/28891",0.00111974298122065,0.0215036356189516,0.0177042069640902,"Akr1a1/Cryl1/Dcxr",3
"GO:1990748","BP","GO:1990748","cellular detoxification","4/249","53/28891",0.00113231678428742,0.0215981775813742,0.0177820445213842,"Aqp8/Akr1a1/Prdx6/Aldh2",4
"GO:0008202","BP","GO:0008202","steroid metabolic process","10/249","358/28891",0.00116533420049952,0.0220787815302695,0.0181777316474952,"Saa1/Aqp8/Apoe/Egr1/Hmgcs2/Hsd3b3/Hsd17b2/Sult1a1/Hsd11b2/Acadl",10
"GO:0032479","BP","GO:0032479","regulation of type I interferon production","6/249","136/28891",0.0011931962897238,0.0224559541726018,0.0184882625102466,"Isg15/Irf7/Xaf1/Oas1a/Ifih1/Irgm1",6
"GO:0006090","BP","GO:0006090","pyruvate metabolic process","6/249","137/28891",0.00123900818482801,0.0231637093097316,0.0190709659958191,"Ldha/Tpi1/Pkm/Nupr1/Eno3/Gpi1",6
"GO:1902105","BP","GO:1902105","regulation of leukocyte differentiation","10/249","363/28891",0.00129218603811396,0.0239989551683928,0.0197586341562023,"Fos/Pglyrp1/Tmem176b/Tmem176a/Jun/Car2/Ceacam1/Lgals9/Ada/C1qc",10
"GO:0140374","BP","GO:0140374","antiviral innate immune response","4/249","55/28891",0.00130121525728145,0.0240086971980753,0.0197666548887337,"Oas1a/Ifih1/Nlrp6/Ifit2",4
"GO:0032606","BP","GO:0032606","type I interferon production","6/249","141/28891",0.00143584629320775,0.0259832954213172,0.0213923658259292,"Isg15/Irf7/Xaf1/Oas1a/Ifih1/Irgm1",6
"GO:0032609","BP","GO:0032609","type II interferon production","6/249","141/28891",0.00143584629320775,0.0259832954213172,0.0213923658259292,"Zg16/Pglyrp1/Isg15/Lgals9/Nlrp6/Irgm1",6
"GO:0062207","BP","GO:0062207","regulation of pattern recognition receptor signaling pathway","6/249","141/28891",0.00143584629320775,0.0259832954213172,0.0213923658259292,"Irf7/Ddx60/Nlrp6/Trim30a/Irgm1/Gm12250",6
"GO:0006692","BP","GO:0006692","prostanoid metabolic process","4/249","58/28891",0.00158642909394567,0.0285254097592907,0.023485319741415,"Mgst3/Pla2g2a/Ces2c/Hpgd",4
"GO:0001961","BP","GO:0001961","positive regulation of cytokine-mediated signaling pathway","4/249","59/28891",0.00169042610159863,0.0300349948703158,0.0247281796795709,"Irf7/Casp1/Nlrp6/Irgm1",4
"GO:0046718","BP","GO:0046718","viral entry into host cell","5/249","99/28891",0.0016916628354163,0.0300349948703158,0.0247281796795709,"Ifitm3/Ly6e/Ifitm2/Rad50/Trim30a",5
"GO:0001959","BP","GO:0001959","regulation of cytokine-mediated signaling pathway","6/249","146/28891",0.00171441652249565,0.0302487365187827,0.0249041558004632,"Isg15/Irf7/Oas1a/Casp1/Nlrp6/Irgm1",6
"GO:0032069","BP","GO:0032069","regulation of nuclease activity","3/249","28/28891",0.00176694806209372,0.0306266902986924,0.0252153297833633,"Tmbim6/Oas1a/Oasl2",3
"GO:0046184","BP","GO:0046184","aldehyde biosynthetic process","3/249","28/28891",0.00176694806209372,0.0306266902986924,0.0252153297833633,"Tpi1/Mdh2/Adh1",3
"GO:0032091","BP","GO:0032091","negative regulation of protein binding","5/249","100/28891",0.00176838488086676,0.0306266902986924,0.0252153297833633,"Ckmt1/Tmbim6/Id1/Cdkn1a/Ifit2",5
"GO:0097237","BP","GO:0097237","cellular response to toxic substance","4/249","60/28891",0.00179906332079005,0.0309680228938434,0.0254963530956639,"Aqp8/Akr1a1/Prdx6/Aldh2",4
"GO:0032611","BP","GO:0032611","interleukin-1 beta production","5/249","101/28891",0.00184762637674345,0.031611207645738,0.0260258949910657,"Egr1/Serpinb1a/Casp1/Nlrp6/Gsdmd",5
"GO:1902075","BP","GO:1902075","cellular response to salt","7/249","202/28891",0.00192139887036606,0.0326753554882132,0.0269020209623859,"Fos/Ly6a/Ly6e/Ly6g/Egr1/Jun/Junb",7
"GO:0034121","BP","GO:0034121","regulation of toll-like receptor signaling pathway","3/249","29/28891",0.00195836821389921,0.0331046315439369,0.0272554492044718,"Irf7/Nlrp6/Trim30a",3
"GO:0044409","BP","GO:0044409","entry into host","5/249","103/28891",0.00201386369392955,0.0338237914692866,0.0278475423920744,"Ifitm3/Ly6e/Ifitm2/Rad50/Trim30a",5
"GO:0042254","BP","GO:0042254","ribosome biogenesis","9/249","322/28891",0.00202487451587298,0.0338237914692866,0.0278475423920744,"Rps8/Rpl14/Rps12/Rpl23a/Pes1/Nop58/Mak16/Ngdn/Rps27",9
"GO:0006096","BP","GO:0006096","glycolytic process","5/249","104/28891",0.00210095781362832,0.0346842333793728,0.0285559547706453,"Tpi1/Pkm/Nupr1/Eno3/Gpi1",5
"GO:0042274","BP","GO:0042274","ribosomal small subunit biogenesis","5/249","104/28891",0.00210095781362832,0.0346842333793728,0.0285559547706453,"Rps8/Rps12/Nop58/Ngdn/Rps27",5
"GO:0035458","BP","GO:0035458","cellular response to interferon-beta","4/249","63/28891",0.00215387149406202,0.0350800784036082,0.0288818588344489,"Oas1a/Ifit1/Ifi47/Irgm1",4
"GO:1903078","BP","GO:1903078","positive regulation of protein localization to plasma membrane","4/249","63/28891",0.00215387149406202,0.0350800784036082,0.0288818588344489,"Lgals3/Agr2/Cib1/Vil1",4
"GO:1901658","BP","GO:1901658","glycosyl compound catabolic process","3/249","30/28891",0.00216221524698116,0.0350800784036082,0.0288818588344489,"Upp1/Ada/Fuca1",3
"GO:0043616","BP","GO:0043616","keratinocyte proliferation","4/249","64/28891",0.00228212221403737,0.0365077194216406,0.0300572531957352,"Gpr15lg/Reg3g/Cdkn1a/Ift172",4
"GO:0010631","BP","GO:0010631","epithelial cell migration","9/249","328/28891",0.00229239186426479,0.0365077194216406,0.0300572531957352,"Apoe/Cib1/Jun/Cd63/Ceacam1/Fgfbp1/Rab25/Gpi1/Vil1",9
"GO:0030522","BP","GO:0030522","intracellular receptor signaling pathway","9/249","328/28891",0.00229239186426479,0.0365077194216406,0.0300572531957352,"Irf7/Klf2/Oas1a/Ifih1/Ddx60/Nlrp6/Trim30a/Irgm1/Gm12250",9
"GO:0009991","BP","GO:0009991","response to extracellular stimulus","11/249","460/28891",0.00230193909211903,0.0365077194216406,0.0300572531957352,"Fos/Krt20/Ldha/Apoe/Jun/Higd1a/Cdkn1a/Ada/Pyy/Guca2b/Gsdmd",11
"GO:0015721","BP","GO:0015721","bile acid and bile salt transport","3/249","31/28891",0.00237876116107829,0.03706010987579,0.0305120430321399,"Aqp8/Ceacam1/Slc51b",3
"GO:0051923","BP","GO:0051923","sulfation","3/249","31/28891",0.00237876116107829,0.03706010987579,0.0305120430321399,"Sult1b1/Sult1d1/Sult1a1",3
"GO:0090132","BP","GO:0090132","epithelium migration","9/249","330/28891",0.00238755945196236,0.03706010987579,0.0305120430321399,"Apoe/Cib1/Jun/Cd63/Ceacam1/Fgfbp1/Rab25/Gpi1/Vil1",9
"GO:0002548","BP","GO:0002548","monocyte chemotaxis","4/249","65/28891",0.00241553674004441,0.03706010987579,0.0305120430321399,"Dusp1/Lgals3/Ccl6/S100a14",4
"GO:0010257","BP","GO:0010257","NADH dehydrogenase complex assembly","4/249","65/28891",0.00241553674004441,0.03706010987579,0.0305120430321399,"Ndufa3/Ndufa6/Ndufa12/Ndufb4",4
"GO:0032981","BP","GO:0032981","mitochondrial respiratory chain complex I assembly","4/249","65/28891",0.00241553674004441,0.03706010987579,0.0305120430321399,"Ndufa3/Ndufa6/Ndufa12/Ndufb4",4
"GO:0031333","BP","GO:0031333","negative regulation of protein-containing complex assembly","6/249","157/28891",0.00247015995530019,0.0376933056962835,0.031033360917797,"Cldn7/Xaf1/Rpl13a/Trim30a/Vil1/Irgm1",6
"GO:0090130","BP","GO:0090130","tissue migration","9/249","332/28891",0.00248584176817513,0.0377286629653677,0.0310624709911188,"Apoe/Cib1/Jun/Cd63/Ceacam1/Fgfbp1/Rab25/Gpi1/Vil1",9
"GO:0030193","BP","GO:0030193","regulation of blood coagulation","4/249","66/28891",0.00255421801395452,0.038305999620646,0.0315377993408976,"Apoe/Ceacam1/Tspan8/Anxa2",4
"GO:0006576","BP","GO:0006576","biogenic amine metabolic process","5/249","109/28891",0.00257815796242392,0.038305999620646,0.0315377993408976,"Ly6e/Aldh2/Sult1d1/Sult1a1/Maoa",5
"GO:0009062","BP","GO:0009062","fatty acid catabolic process","5/249","109/28891",0.00257815796242392,0.038305999620646,0.0315377993408976,"Dbi/Acads/Hadha/Phyh/Acadl",5
"GO:0046364","BP","GO:0046364","monosaccharide biosynthetic process","5/249","109/28891",0.00257815796242392,0.038305999620646,0.0315377993408976,"Tpi1/Akr1a1/Fbp2/Gpi1/Mdh2",5
"GO:0051701","BP","GO:0051701","biological process involved in interaction with host","6/249","159/28891",0.00263082190802972,0.038883823279413,0.0320135286466223,"Pglyrp1/Ifitm3/Ly6e/Ifitm2/Rad50/Trim30a",6
"GO:0002224","BP","GO:0002224","toll-like receptor signaling pathway","4/249","68/28891",0.00284778913622081,0.0416544493862763,0.0342946191043116,"Reg3g/Irf7/Nlrp6/Trim30a",4
"GO:1900046","BP","GO:1900046","regulation of hemostasis","4/249","68/28891",0.00284778913622081,0.0416544493862763,0.0342946191043116,"Apoe/Ceacam1/Tspan8/Anxa2",4
"GO:0010634","BP","GO:0010634","positive regulation of epithelial cell migration","6/249","162/28891",0.00288635566753241,0.0420009383991959,0.0345798877586086,"Cib1/Jun/Fgfbp1/Rab25/Gpi1/Vil1",6
"GO:0042116","BP","GO:0042116","macrophage activation","5/249","113/28891",0.00301296815995171,0.0436185082848393,0.035911652886226,"Jun/Casp1/Lgals9/C1qa/Irgm1",5
"GO:0070372","BP","GO:0070372","regulation of ERK1 and ERK2 cascade","9/249","343/28891",0.00308530034351994,0.0443006596818298,0.0364732764984918,"Dusp1/Pla2g2a/Apoe/Cib1/Jun/Ceacam1/Ccl6/Nlrp6/Gpnmb",9
"GO:0002274","BP","GO:0002274","myeloid leukocyte activation","8/249","280/28891",0.0031047568480819,0.0443006596818298,0.0364732764984918,"Gpr15lg/Pla2g2a/Jun/Casp1/Lgals9/C1qa/Irgm1/Batf2",8
"GO:0070633","BP","GO:0070633","transepithelial transport","3/249","34/28891",0.00310716635387967,0.0443006596818298,0.0364732764984918,"Actg1/Aqp8/Cldn3",3
"GO:1905477","BP","GO:1905477","positive regulation of protein localization to membrane","5/249","114/28891",0.00312945275283207,0.0443941965891705,0.0365502865816092,"Lgals3/Agr2/Cib1/Slc51b/Vil1",5
"GO:0032732","BP","GO:0032732","positive regulation of interleukin-1 production","4/249","70/28891",0.00316364488444412,0.0444529718004724,0.0365986769339982,"Egr1/Casp1/Lgals9/Gsdmd",4
"GO:0030853","BP","GO:0030853","negative regulation of granulocyte differentiation","2/249","10/28891",0.00318083609766044,0.0444529718004724,0.0365986769339982,"Ceacam1/C1qc",2
"GO:0110095","BP","GO:0110095","cellular detoxification of aldehyde","2/249","10/28891",0.00318083609766044,0.0444529718004724,0.0365986769339982,"Akr1a1/Aldh2",2
"GO:0050818","BP","GO:0050818","regulation of coagulation","4/249","71/28891",0.00333017900828006,0.0460838006881108,0.0379413583605901,"Apoe/Ceacam1/Tspan8/Anxa2",4
"GO:0098754","BP","GO:0098754","detoxification","4/249","71/28891",0.00333017900828006,0.0460838006881108,0.0379413583605901,"Aqp8/Akr1a1/Prdx6/Aldh2",4
"GO:0006099","BP","GO:0006099","tricarboxylic acid cycle","3/249","35/28891",0.00337703461200048,0.0464967081322802,0.0382813101240095,"Mdh2/Cs/Sdhc",3
"GO:0050878","BP","GO:0050878","regulation of body fluid levels","9/249","348/28891",0.00339295851053834,0.0464967081322802,0.0382813101240095,"Apoe/Agr2/Ceacam1/Tspan8/Ada/Nlrp6/Anxa2/Guca2b/Hsd11b2",9
"GO:0051100","BP","GO:0051100","negative regulation of binding","6/249","168/28891",0.00345260648545755,0.0468615599040511,0.0385816970629024,"Ckmt1/Tmbim6/Jun/Id1/Cdkn1a/Ifit2",6
"GO:0007589","BP","GO:0007589","body fluid secretion","5/249","117/28891",0.00349837844587868,0.0468615599040511,0.0385816970629024,"Agr2/Ada/Nlrp6/Anxa2/Guca2b",5
"GO:0019395","BP","GO:0019395","fatty acid oxidation","5/249","117/28891",0.00349837844587868,0.0468615599040511,0.0385816970629024,"Dbi/Acads/Hadha/Phyh/Acadl",5
"GO:0032608","BP","GO:0032608","interferon-beta production","4/249","72/28891",0.00350258205446503,0.0468615599040511,0.0385816970629024,"Isg15/Irf7/Oas1a/Ifih1",4
"GO:0032648","BP","GO:0032648","regulation of interferon-beta production","4/249","72/28891",0.00350258205446503,0.0468615599040511,0.0385816970629024,"Isg15/Irf7/Oas1a/Ifih1",4
"GO:0098800","CC","GO:0098800","inner mitochondrial membrane protein complex","15/258","154/28573",1.15705829435419e-11,3.96870994963486e-09,3.04489024830049e-09,"Ndufa3/Ndufa6/Atp5me/Atp5mj/Atp5f1d/Ndufa7/Uqcr10/AA467197/Ndufa12/Cyc1/Atp5mc1/Cox7a1/Romo1/Sdhc/Ndufb4",15
"GO:0098798","CC","GO:0098798","mitochondrial protein-containing complex","19/258","303/28573",4.90910135762853e-11,8.41910882833293e-09,6.45934389161649e-09,"Ndufa3/Ndufa6/Atp5me/Atp5mj/Atp5f1d/Ndufa7/Uqcr10/AA467197/Ndufa12/Cyc1/Atp5mc1/Mrps6/Mrpl15/Cox7a1/Romo1/Hadha/Sdhc/Mtx1/Ndufb4",19
"GO:0005840","CC","GO:0005840","ribosome","17/258","267/28573",4.15450624114484e-10,4.74998546904227e-08,3.64430372030249e-08,"Rps8/Uba52/Rpl37/Rpl14/Rpl17-ps8/Rps26/Ndufa7/Rps12/Rpl23a/Rpl36a/Rpl31/Oas1a/Rpl13a/Mrps6/Mrpl15/Zcchc17/Rps27",17
"GO:0022626","CC","GO:0022626","cytosolic ribosome","13/258","142/28573",6.06982209781824e-10,5.20487244887914e-08,3.99330401172253e-08,"Rps8/Uba52/Rpl37/Rpl14/Rpl17-ps8/Rps26/Rps12/Rpl23a/Rpl36a/Rpl31/Rpl13a/Zcchc17/Rps27",13
"GO:0044391","CC","GO:0044391","ribosomal subunit","15/258","215/28573",1.29964521371014e-09,8.91556616605156e-08,6.84023796689548e-08,"Rps8/Uba52/Rpl37/Rpl14/Rpl17-ps8/Rps26/Rps12/Rpl23a/Rpl36a/Rpl31/Rpl13a/Mrps6/Mrpl15/Zcchc17/Rps27",15
"GO:0070469","CC","GO:0070469","respirasome","11/258","103/28573",2.52054364764418e-09,1.23655482315112e-07,9.48714763810891e-08,"Ndufa3/Ndufa6/Ndufa7/Uqcr10/AA467197/Higd1a/Ndufa12/Cyc1/Cox7a1/Sdhc/Ndufb4",11
"GO:0022625","CC","GO:0022625","cytosolic large ribosomal subunit","10/258","79/28573",2.52358127173697e-09,1.23655482315112e-07,9.48714763810891e-08,"Uba52/Rpl37/Rpl14/Rpl17-ps8/Rps12/Rpl23a/Rpl36a/Rpl31/Rpl13a/Zcchc17",10
"GO:0005746","CC","GO:0005746","mitochondrial respirasome","10/258","95/28573",1.55982605329822e-08,6.58370085704854e-07,5.05117451054821e-07,"Ndufa3/Ndufa6/Ndufa7/Uqcr10/AA467197/Ndufa12/Cyc1/Cox7a1/Sdhc/Ndufb4",10
"GO:0098803","CC","GO:0098803","respiratory chain complex","10/258","96/28573",1.72750168260749e-08,6.58370085704854e-07,5.05117451054821e-07,"Ndufa3/Ndufa6/Ndufa7/Uqcr10/AA467197/Ndufa12/Cyc1/Cox7a1/Sdhc/Ndufb4",10
"GO:0015934","CC","GO:0015934","large ribosomal subunit","11/258","137/28573",5.10821357369281e-08,1.75211725577663e-06,1.34426672991916e-06,"Uba52/Rpl37/Rpl14/Rpl17-ps8/Rps12/Rpl23a/Rpl36a/Rpl31/Rpl13a/Mrpl15/Zcchc17",11
"GO:1990204","CC","GO:1990204","oxidoreductase complex","9/258","127/28573",2.43424576636372e-06,7.59042088966141e-05,5.82355446498497e-05,"Ndufa3/Ndufa6/Ldha/Ndufa7/Uqcr10/Ndufa12/Cyc1/Sdhc/Ndufb4",9
"GO:0005753","CC","GO:0005753","mitochondrial proton-transporting ATP synthase complex","4/258","20/28573",2.80799277601871e-05,0.000802617935145349,0.000615787889477788,"Atp5me/Atp5mj/Atp5f1d/Atp5mc1",4
"GO:0045259","CC","GO:0045259","proton-transporting ATP synthase complex","4/258","21/28573",3.44413330652462e-05,0.000908721326259957,0.000697192977029275,"Atp5me/Atp5mj/Atp5f1d/Atp5mc1",4
"GO:0022627","CC","GO:0022627","cytosolic small ribosomal subunit","5/258","45/28573",5.25189140229541e-05,0.00124796532189758,0.000957469174388199,"Rps8/Uba52/Rps26/Rps12/Rps27",5
"GO:0005902","CC","GO:0005902","microvillus","7/258","107/28573",5.45757429401273e-05,0.00124796532189758,0.000957469174388199,"Muc17/Fabp2/Lyz2/Car2/Cdhr5/Vil1/Dcxr",7
"GO:0005903","CC","GO:0005903","brush border","8/258","149/28573",6.59641190206192e-05,0.00141410580150452,0.00108493616810229,"Muc17/Aqp8/Slc26a3/Car4/Cdhr5/Vil1/Myh14/Dcxr",8
"GO:0030684","CC","GO:0030684","preribosome","7/258","112/28573",7.29822043395337e-05,0.00147252329932118,0.0011297554851321,"Rps8/Rps12/Pes1/Nop58/Mak16/Ngdn/Rps27",7
"GO:0016327","CC","GO:0016327","apicolateral plasma membrane","4/258","27/28573",9.67815688020296e-05,0.0018442265610609,0.00141493521640394,"Krt8/Krt19/Cldn7/Cldn3",4
"GO:0015935","CC","GO:0015935","small ribosomal subunit","6/258","83/28573",0.000107926228095164,0.00194835243350743,0.00149482310381113,"Rps8/Uba52/Rps26/Rps12/Mrps6/Rps27",6
"GO:0043209","CC","GO:0043209","myelin sheath","9/258","208/28573",0.000122992323831151,0.00198582479443545,0.0015235728053057,"Uba52/Ckmt1/Actg1/Pkm/Car2/Gpi1/Mdh2/Anxa2/Myh14",9
"GO:0098862","CC","GO:0098862","cluster of actin-based cell projections","9/258","211/28573",0.000137028053558585,0.00198582479443545,0.0015235728053057,"Muc17/Aqp8/Slc26a3/Car4/Cdhr5/Rhoc/Vil1/Myh14/Dcxr",9
"GO:0005747","CC","GO:0005747","mitochondrial respiratory chain complex I","5/258","55/28573",0.00013894983984388,0.00198582479443545,0.0015235728053057,"Ndufa3/Ndufa6/Ndufa7/Ndufa12/Ndufb4",5
"GO:0030964","CC","GO:0030964","NADH dehydrogenase complex","5/258","55/28573",0.00013894983984388,0.00198582479443545,0.0015235728053057,"Ndufa3/Ndufa6/Ndufa7/Ndufa12/Ndufb4",5
"GO:0045271","CC","GO:0045271","respiratory chain complex I","5/258","55/28573",0.00013894983984388,0.00198582479443545,0.0015235728053057,"Ndufa3/Ndufa6/Ndufa7/Ndufa12/Ndufb4",5
"GO:0030141","CC","GO:0030141","secretory granule","14/258","498/28573",0.000193485248343515,0.00265461760727302,0.00203668682466857,"Zg16/Reg3b/Reg3g/Pla2g2a/Sprr2a3/Tff3/Klk1/Lamp1/Sycn/Car4/Lyz2/Dmbt1/Napsa/Rab3a",14
"GO:0062023","CC","GO:0062023","collagen-containing extracellular matrix","12/258","396/28573",0.000281690528196277,0.00371614812197396,0.00285111870644005,"Zg16/Reg3b/Lgals4/S100a6/Lgals3/Reg3g/Serpinb6a/Serpinb1a/Pkm/Dmbt1/Lgals9/Anxa2",12
"GO:0098858","CC","GO:0098858","actin-based cell projection","9/258","234/28573",0.000295819686301502,0.00375800564449686,0.00288323280995616,"Muc17/Cib1/Fabp2/Lyz2/Car2/Cdhr5/Rhoc/Vil1/Dcxr",9
"GO:0005759","CC","GO:0005759","mitochondrial matrix","10/258","304/28573",0.000477790681008259,0.00585293584235118,0.00449051391925056,"Ndufa7/Hmgcs2/Acads/Aldh2/Mdh2/Mrps6/Mrpl15/Cs/Hadha/Acadl",10
"GO:0070069","CC","GO:0070069","cytochrome complex","4/258","41/28573",0.000505768562585822,0.00598202127472197,0.00458955138462634,"Uqcr10/AA467197/Cyc1/Cox7a1",4
"GO:0032040","CC","GO:0032040","small-subunit processome","5/258","75/28573",0.000595470708882619,0.00680821510489128,0.00522342727090017,"Rps8/Rps12/Nop58/Ngdn/Rps27",5
"GO:0043034","CC","GO:0043034","costamere","3/258","20/28573",0.000740382695114482,0.00817712582009227,0.00627368867584185,"Krt8/Krt19/Actg1",3
"GO:0016323","CC","GO:0016323","basolateral plasma membrane","9/258","267/28573",0.000765521794006704,0.00817712582009227,0.00627368867584185,"Cldn7/Aqp8/Lpo/Car2/Ceacam1/Slc51b/Epcam/Hpgd/Anxa2",9
"GO:0005791","CC","GO:0005791","rough endoplasmic reticulum","4/258","46/28573",0.000786720559950568,0.00817712582009227,0.00627368867584185,"Sec61g/Car4/Lyz2/Pkm",4
"GO:0061702","CC","GO:0061702","canonical inflammasome complex","3/258","21/28573",0.000858039588789356,0.00865610526337497,0.00664117328784331,"Casp1/Nlrp6/Gsdmd",3
"GO:0031526","CC","GO:0031526","brush border membrane","5/258","82/28573",0.000894473786525633,0.0087658431079512,0.0067253668159822,"Muc17/Aqp8/Slc26a3/Car4/Cdhr5",5
"GO:0016469","CC","GO:0016469","proton-transporting two-sector ATPase complex","4/258","50/28573",0.00107940852260232,0.0102843645347944,0.00789041317691757,"Atp5me/Atp5mj/Atp5f1d/Atp5mc1",4
"GO:0042588","CC","GO:0042588","zymogen granule","3/258","26/28573",0.00162244321274603,0.0150404870803213,0.0115394254107115,"Zg16/Reg3b/Dmbt1",3
"GO:0009925","CC","GO:0009925","basal plasma membrane","9/258","301/28573",0.00175781932561888,0.0158666323338757,0.0121732640278316,"Cldn7/Aqp8/Lpo/Car2/Ceacam1/Slc51b/Epcam/Hpgd/Anxa2",9
"GO:0070062","CC","GO:0070062","extracellular exosome","5/258","104/28573",0.00256866084344265,0.0225910428025854,0.0173323943552136,"Actg1/Apoe/Car4/Cd63/Anxa2",5
"GO:0045178","CC","GO:0045178","basal part of cell","9/258","325/28573",0.00293971311065704,0.0252080399238842,0.01934021783327,"Cldn7/Aqp8/Lpo/Car2/Ceacam1/Slc51b/Epcam/Hpgd/Anxa2",9
"GO:0097179","CC","GO:0097179","protease inhibitor complex","2/258","11/28573",0.00423320531449914,0.0349294690798756,0.0267987333741565,"Serpinb6a/Casp1",2
"GO:0016328","CC","GO:0016328","lateral plasma membrane","4/258","73/28573",0.00434060216032693,0.0349294690798756,0.0267987333741565,"Cldn7/Cldn3/Ceacam1/Epcam",4
"GO:1903561","CC","GO:1903561","extracellular vesicle","5/258","118/28573",0.00441535957286042,0.0349294690798756,0.0267987333741565,"Actg1/Apoe/Car4/Cd63/Anxa2",5
"GO:0042788","CC","GO:0042788","polysomal ribosome","3/258","37/28573",0.00450732904399683,0.0349294690798756,0.0267987333741565,"Rps26/Rpl36a/Rpl31",3
"GO:0042383","CC","GO:0042383","sarcolemma","6/258","170/28573",0.00458258340698076,0.0349294690798756,0.0267987333741565,"Krt8/Krt19/Cib1/Lamp1/Car4/Anxa2",6
"GO:0000276","CC","GO:0000276","mitochondrial proton-transporting ATP synthase complex, coupling factor F(o)","2/258","12/28573",0.00504970137538578,0.0362573850142496,0.0278175425918748,"Atp5me/Atp5mc1",2
"GO:0005765","CC","GO:0005765","lysosomal membrane","7/258","230/28573",0.00507391976875797,0.0362573850142496,0.0278175425918748,"Ifitm3/Lamp1/Cd63/Ifitm2/Scarb2/Anxa2/Irgm1",7
"GO:0098852","CC","GO:0098852","lytic vacuole membrane","7/258","230/28573",0.00507391976875797,0.0362573850142496,0.0278175425918748,"Ifitm3/Lamp1/Cd63/Ifitm2/Scarb2/Anxa2/Irgm1",7
"GO:0016324","CC","GO:0016324","apical plasma membrane","10/258","427/28573",0.00573017064717342,0.0381846129934681,0.0292961585035048,"Muc17/Aqp8/Slc26a3/Car4/Muc13/Akr1a1/Ceacam1/Cdhr5/Epcam/Slc44a4",10
"GO:0005750","CC","GO:0005750","mitochondrial respiratory chain complex III","2/258","13/28573",0.00593244055895381,0.0381846129934681,0.0292961585035048,"Uqcr10/Cyc1",2
"GO:0045263","CC","GO:0045263","proton-transporting ATP synthase complex, coupling factor F(o)","2/258","13/28573",0.00593244055895381,0.0381846129934681,0.0292961585035048,"Atp5me/Atp5mc1",2
"GO:0045275","CC","GO:0045275","respiratory chain complex III","2/258","13/28573",0.00593244055895381,0.0381846129934681,0.0292961585035048,"Uqcr10/Cyc1",2
"GO:0043230","CC","GO:0043230","extracellular organelle","5/258","127/28573",0.00601157172491918,0.0381846129934681,0.0292961585035048,"Actg1/Apoe/Car4/Cd63/Anxa2",5
"GO:0065010","CC","GO:0065010","extracellular membrane-bounded organelle","5/258","127/28573",0.00601157172491918,0.0381846129934681,0.0292961585035048,"Actg1/Apoe/Car4/Cd63/Anxa2",5
"GO:0044754","CC","GO:0044754","autolysosome","2/258","14/28573",0.00688016945739052,0.04290723861609,0.0329194710879929,"Lamp1/Irgm1",2
"GO:0003735","MF","GO:0003735","structural constituent of ribosome","15/247","178/28407",5.42325079060916e-11,2.4296163541929e-08,1.99233107991852e-08,"Rps8/Uba52/Rpl37/Rpl14/Rpl17-ps8/Rps26/Ndufa7/Rps12/Rpl23a/Rpl36a/Rpl31/Rpl13a/Mrps6/Mrpl15/Rps27",15
"GO:0016616","MF","GO:0016616","oxidoreductase activity, acting on the CH-OH group of donors, NAD or NADP as acceptor","11/247","149/28407",8.25696394947697e-08,1.84955992468284e-05,1.51667390440393e-05,"Ldha/Akr1a1/Hpgd/Mdh2/Hsd3b3/Hsd17b2/Cryl1/Hadha/Hsd11b2/Adh1/Dcxr",11
"GO:0016614","MF","GO:0016614","oxidoreductase activity, acting on CH-OH group of donors","11/247","158/28407",1.50240999223756e-07,2.24359892174143e-05,1.83979328874003e-05,"Ldha/Akr1a1/Hpgd/Mdh2/Hsd3b3/Hsd17b2/Cryl1/Hadha/Hsd11b2/Adh1/Dcxr",11
"GO:0051287","MF","GO:0051287","NAD binding","7/247","65/28407",1.56398036971145e-06,0.000175165801407682,0.000143639249744551,"Ldha/Aldh2/Hpgd/Cryl1/Hadha/Hsd11b2/Adh1",7
"GO:0042834","MF","GO:0042834","peptidoglycan binding","4/247","19/28407",1.95120741116666e-05,0.00145690153367111,0.00119468664297748,"Zg16/Reg3b/Pglyrp1/Reg3g",4
"GO:0070492","MF","GO:0070492","oligosaccharide binding","4/247","19/28407",1.95120741116666e-05,0.00145690153367111,0.00119468664297748,"Reg3b/Lgals3/Reg3g/Lgals9",4
"GO:0038187","MF","GO:0038187","pattern recognition receptor activity","5/247","40/28407",2.44943602570977e-05,0.00156763905645425,0.00128549349319204,"Pglyrp1/Dmbt1/Ifih1/Nlrp6/Trim30a",5
"GO:0000062","MF","GO:0000062","fatty-acyl-CoA binding","4/247","23/28407",4.33739687517643e-05,0.0024289422500988,0.00199177830189023,"Dbi/Acads/Hadha/Acadl",4
"GO:1901567","MF","GO:1901567","fatty acid derivative binding","4/247","24/28407",5.16942964786616e-05,0.00257322720249338,0.00211009467497695,"Dbi/Acads/Hadha/Acadl",4
"GO:0016835","MF","GO:0016835","carbon-oxygen lyase activity","6/247","77/28407",5.75598414144799e-05,0.0025786808953687,0.00211456680564773,"Car1/Car4/Tpi1/Car2/Eno3/Hadha",6
"GO:0120227","MF","GO:0120227","acyl-CoA binding","4/247","26/28407",7.17432173592371e-05,0.00292190557972166,0.00239601749840897,"Dbi/Acads/Hadha/Acadl",4
"GO:0016209","MF","GO:0016209","antioxidant activity","6/247","89/28407",0.000129358159783662,0.00482937129859005,0.00396017524249983,"Mgst3/Apoe/Lpo/Hbb-bs/Prdx6/Mgst1",6
"GO:0016836","MF","GO:0016836","hydro-lyase activity","5/247","59/28407",0.000162941302621637,0.00561520796726871,0.00460457608218228,"Car1/Car4/Car2/Eno3/Hadha",5
"GO:0004601","MF","GO:0004601","peroxidase activity","5/247","61/28407",0.000190912401854579,0.00586094444069791,0.00480608460950087,"Mgst3/Lpo/Hbb-bs/Prdx6/Mgst1",5
"GO:0030246","MF","GO:0030246","carbohydrate binding","10/247","283/28407",0.000201064742428819,0.00586094444069791,0.00480608460950087,"Zg16/Reg3b/Lgals4/Lgals3/Reg3g/Clec2h/Lgals9/Fuca1/Gpi1/Phyh",10
"GO:0030550","MF","GO:0030550","acetylcholine receptor inhibitor activity","3/247","14/28407",0.000220218624272507,0.00586094444069791,0.00480608460950087,"Ly6a/Ly6e/Ly6g",3
"GO:0016684","MF","GO:0016684","oxidoreductase activity, acting on peroxide as acceptor","5/247","63/28407",0.000222401909580055,0.00586094444069791,0.00480608460950087,"Mgst3/Lpo/Hbb-bs/Prdx6/Mgst1",5
"GO:0004857","MF","GO:0004857","enzyme inhibitor activity","12/247","410/28407",0.000273385550288532,0.00612657279169026,0.00502390485032871,"Rpl37/Spink1/Wfdc2/Tmbim6/Spink4/Serpinb6a/Cib1/Serpinb1a/Cdkn1a/Anxa2/Ppp1r14d/Nolc1",12
"GO:0004089","MF","GO:0004089","carbonate dehydratase activity","3/247","15/28407",0.000273507713914744,0.00612657279169026,0.00502390485032871,"Car1/Car4/Car2",3
"GO:0044548","MF","GO:0044548","S100 protein binding","3/247","15/28407",0.000273507713914744,0.00612657279169026,0.00502390485032871,"S100a6/S100a1/Anxa2",3
"GO:0070403","MF","GO:0070403","NAD+ binding","3/247","16/28407",0.000334466704065668,0.00713528968673424,0.00585107166510867,"Hpgd/Cryl1/Hadha",3
"GO:0003725","MF","GO:0003725","double-stranded RNA binding","5/247","82/28407",0.000755295670388837,0.0153805663788272,0.0126123535390289,"Oas1a/Ifih1/Ddx60/Nlrp6/Oasl2",5
"GO:0033130","MF","GO:0033130","acetylcholine receptor binding","3/247","22/28407",0.000885013962337839,0.017238532831624,0.0141359209545037,"Ly6a/Ly6e/Ly6g",3
"GO:0004867","MF","GO:0004867","serine-type endopeptidase inhibitor activity","6/247","129/28407",0.000949400421206257,0.0177221411958501,0.0145324889035519,"Spink1/Wfdc2/Spink4/Serpinb6a/Serpinb1a/Anxa2",6
"GO:0048306","MF","GO:0048306","calcium-dependent protein binding","5/247","92/28407",0.0012690506526733,0.0225838064256727,0.0185191457766912,"S100a6/S100a1/Anxa2/S100a14/S100a16",5
"GO:1901681","MF","GO:1901681","sulfur compound binding","9/247","301/28407",0.00135661619515557,0.0225838064256727,0.0185191457766912,"Saa1/Apoe/Dbi/Dmbt1/Acads/Gpnmb/Sult1a1/Hadha/Acadl",9
"GO:0005539","MF","GO:0005539","glycosaminoglycan binding","8/247","243/28407",0.00136107761940438,0.0225838064256727,0.0185191457766912,"Zg16/Reg3b/Saa1/Pglyrp1/Reg3g/Apoe/Dmbt1/Gpnmb",8
"GO:0004602","MF","GO:0004602","glutathione peroxidase activity","3/247","27/28407",0.00162795084707464,0.0238786868688841,0.0195809720799825,"Mgst3/Prdx6/Mgst1",3
"GO:0030548","MF","GO:0030548","acetylcholine receptor regulator activity","3/247","27/28407",0.00162795084707464,0.0238786868688841,0.0195809720799825,"Ly6a/Ly6e/Ly6g",3
"GO:0099602","MF","GO:0099602","neurotransmitter receptor regulator activity","3/247","27/28407",0.00162795084707464,0.0238786868688841,0.0195809720799825,"Ly6a/Ly6e/Ly6g",3
"GO:0016829","MF","GO:0016829","lyase activity","7/247","195/28407",0.00165231985030225,0.0238786868688841,0.0195809720799825,"Car1/Mgst3/Car4/Tpi1/Car2/Eno3/Hadha",7
"GO:0140296","MF","GO:0140296","general transcription initiation factor binding","4/247","61/28407",0.00197418646484554,0.0276386105078376,0.0226641801391807,"Jun/Psmc1/Nop58/Nolc1",4
"GO:0031625","MF","GO:0031625","ubiquitin protein ligase binding","9/247","338/28407",0.00296550395010647,0.040258962716597,0.033013106175029,"Uba52/Tmbim6/Isg15/Actg1/Jun/Tpi1/Cdkn1a/Prdx6/Gpi1",9
"GO:0010853","MF","GO:0010853","cyclase activator activity","2/247","10/28407",0.00323610401647223,0.0426404293935165,0.0349659536145142,"Guca2a/Guca2b",2
"GO:0030547","MF","GO:0030547","signaling receptor inhibitor activity","3/247","35/28407",0.00346118075153042,0.0435395735776693,0.035703268746726,"Ly6a/Ly6e/Ly6g",3
"GO:0052689","MF","GO:0052689","carboxylic ester hydrolase activity","6/247","167/28407",0.00349871573391985,0.0435395735776693,0.035703268746726,"Car1/Pla2g2a/Car2/Ces2c/Prdx6/Aldh2",6
"GO:0019843","MF","GO:0019843","rRNA binding","4/247","75/28407",0.00418353630162745,0.0498277556897664,0.0408596962775575,"Rpl37/Rpl23a/Mrps6/Tst",4
"GO:0044389","MF","GO:0044389","ubiquitin-like protein ligase binding","9/247","358/28407",0.00431614351626739,0.0498277556897664,0.0408596962775575,"Uba52/Tmbim6/Isg15/Actg1/Jun/Tpi1/Cdkn1a/Prdx6/Gpi1",9
"GO:0015078","MF","GO:0015078","proton transmembrane transporter activity","5/247","122/28407",0.00433768408906448,0.0498277556897664,0.0408596962775575,"Atp5me/Atp5f1d/Cyc1/Atp5mc1/Cox7a1",5
