"","ONTOLOGY","ID","Description","GeneRatio","BgRatio","pvalue","p.adjust","qvalue","geneID","Count"
"GO:0006959","BP","GO:0006959","humoral immune response","19/142","337/28891",5.59174169851493e-15,1.40240881798755e-11,1.09244974657302e-11,"Reg3b/Reg3g/Jchain/Igha/Pglyrp1/S100a9/Cfd/Cxcl13/C1qa/Lgals4/Wfdc17/C1qc/C3/Cd81/Dmbt1/Ccl8/C1qbp/Cxcl2/C1qb",19
"GO:0019730","BP","GO:0019730","antimicrobial humoral response","12/142","221/28891",1.08126687201476e-09,1.35590865750651e-06,1.05622700761021e-06,"Reg3b/Reg3g/Jchain/Igha/Pglyrp1/S100a9/Cxcl13/Lgals4/Wfdc17/Dmbt1/Ccl8/Cxcl2",12
"GO:0002455","BP","GO:0002455","humoral immune response mediated by circulating immunoglobulin","7/142","58/28891",1.4560481968283e-08,1.21725629254846e-05,9.48219457302919e-06,"Igha/C1qa/C1qc/C3/Cd81/C1qbp/C1qb",7
"GO:0042742","BP","GO:0042742","defense response to bacterium","14/142","430/28891",3.01642007909304e-08,1.89129538959134e-05,1.47328307020965e-05,"Reg3b/Pla2g2a/Reg3g/Jchain/Lypd8/Igha/Pglyrp1/Lcn2/Cxcl13/Lgals4/Wfdc17/Lyz2/Sprr2a3/Dmbt1",14
"GO:0006956","BP","GO:0006956","complement activation","7/142","67/28891",4.05917100119149e-08,2.03608017419765e-05,1.58606765857082e-05,"Igha/Cfd/C1qa/C1qc/C3/C1qbp/C1qb",7
"GO:0006958","BP","GO:0006958","complement activation, classical pathway","6/142","42/28891",5.74840284339235e-08,2.26842696105599e-05,1.76706137820864e-05,"Igha/C1qa/C1qc/C3/C1qbp/C1qb",6
"GO:0061844","BP","GO:0061844","antimicrobial humoral immune response mediated by antimicrobial peptide","9/142","151/28891",6.33133521825833e-08,2.26842696105599e-05,1.76706137820864e-05,"Reg3b/Reg3g/Pglyrp1/S100a9/Cxcl13/Lgals4/Dmbt1/Ccl8/Cxcl2",9
"GO:0016064","BP","GO:0016064","immunoglobulin mediated immune response","11/142","303/28891",3.32346595066427e-07,9.19069554282321e-05,7.15937670086455e-05,"Igha/Cd74/Iglc2/C1qa/C1qc/C3/H2-Ea/Cd81/C1qbp/C1qb/Iglc1",11
"GO:0071621","BP","GO:0071621","granulocyte chemotaxis","8/142","135/28891",3.657599946019e-07,9.19069554282321e-05,7.15937670086455e-05,"Cd74/S100a9/S100a8/Cxcl13/Ccl8/C1qbp/Cxcl2/Mapk3",8
"GO:0019724","BP","GO:0019724","B cell mediated immunity","11/142","306/28891",3.66455165184338e-07,9.19069554282321e-05,7.15937670086455e-05,"Igha/Cd74/Iglc2/C1qa/C1qc/C3/H2-Ea/Cd81/C1qbp/C1qb/Iglc1",11
"GO:0097529","BP","GO:0097529","myeloid leukocyte migration","10/142","253/28891",5.36053918148485e-07,0.00010952503063501,8.53179118855778e-05,"Cd74/S100a9/S100a8/Cxcl13/Cd81/Ccl8/C1qbp/Lgmn/Cxcl2/Mapk3",10
"GO:0098883","BP","GO:0098883","synapse pruning","4/142","14/28891",5.38895443231591e-07,0.00010952503063501,8.53179118855778e-05,"C1qa/C1qc/C3/C1qb",4
"GO:0046597","BP","GO:0046597","negative regulation of viral entry into host cell","5/142","33/28891",5.67713476178279e-07,0.00010952503063501,8.53179118855778e-05,"Cd74/Ifitm3/Ly6e/Ifitm2/Gsn",5
"GO:0010631","BP","GO:0010631","epithelial cell migration","11/142","328/28891",7.2651804877253e-07,0.000113990212278574,8.87962033027087e-05,"Lcn2/S100a9/Cxcl13/Lrg1/Dcn/Fgfbp1/Lgmn/Cd63/Rhob/Rab25/Gipc1",11
"GO:0090132","BP","GO:0090132","epithelium migration","11/142","330/28891",7.71116401200063e-07,0.000113990212278574,8.87962033027087e-05,"Lcn2/S100a9/Cxcl13/Lrg1/Dcn/Fgfbp1/Lgmn/Cd63/Rhob/Rab25/Gipc1",11
"GO:0060326","BP","GO:0060326","cell chemotaxis","11/142","331/28891",7.94307596722857e-07,0.000113990212278574,8.87962033027087e-05,"Saa3/Cd74/S100a9/S100a8/Cxcl13/Ccl8/C1qbp/Lgmn/Cxcl2/Gstp1/Mapk3",11
"GO:0034341","BP","GO:0034341","response to type II interferon","8/142","150/28891",8.16127508036823e-07,0.000113990212278574,8.87962033027087e-05,"Cd74/Ifitm3/H2-Aa/H2-Eb1/Ccl8/Ifitm2/Capg/Gsn",8
"GO:0090130","BP","GO:0090130","tissue migration","11/142","332/28891",8.18111571377327e-07,0.000113990212278574,8.87962033027087e-05,"Lcn2/S100a9/Cxcl13/Lrg1/Dcn/Fgfbp1/Lgmn/Cd63/Rhob/Rab25/Gipc1",11
"GO:0002449","BP","GO:0002449","lymphocyte mediated immunity","13/142","489/28891",9.56993869324712e-07,0.000126323190750862,9.84033585300092e-05,"Igha/Cd74/Iglc2/C1qa/C1qc/C3/H2-Ea/Cd81/Lamp1/C1qbp/C1qb/Iglc1/Sh2d1b1",13
"GO:1903901","BP","GO:1903901","negative regulation of viral life cycle","5/142","38/28891",1.17717710826064e-06,0.000147618009375885,0.000114991616470092,"Cd74/Ifitm3/Ly6e/Ifitm2/Gsn",5
"GO:0030593","BP","GO:0030593","neutrophil chemotaxis","7/142","110/28891",1.24599816729959e-06,0.000148807781123209,0.000115918425990378,"Cd74/S100a9/S100a8/Cxcl13/Ccl8/C1qbp/Cxcl2",7
"GO:0097530","BP","GO:0097530","granulocyte migration","8/142","167/28891",1.83181754640666e-06,0.000208827200290359,0.000162672409862716,"Cd74/S100a9/S100a8/Cxcl13/Ccl8/C1qbp/Cxcl2/Mapk3",8
"GO:0030595","BP","GO:0030595","leukocyte chemotaxis","9/142","240/28891",3.10528233952391e-06,0.000327816009741353,0.0002553624251154,"Cd74/S100a9/S100a8/Cxcl13/Ccl8/C1qbp/Lgmn/Cxcl2/Mapk3",9
"GO:0019886","BP","GO:0019886","antigen processing and presentation of exogenous peptide antigen via MHC class II","4/142","21/28891",3.13699530852969e-06,0.000327816009741353,0.0002553624251154,"Cd74/H2-Aa/H2-Eb1/H2-Ea",4
"GO:0001667","BP","GO:0001667","ameboidal-type cell migration","12/142","471/28891",3.93887037717309e-06,0.000395147476238004,0.000307812354527716,"Lcn2/S100a9/Cxcl13/Lrg1/Dcn/Fgfbp1/C1qbp/Lgmn/Cd63/Rhob/Rab25/Gipc1",12
"GO:0032102","BP","GO:0032102","negative regulation of response to external stimulus","12/142","485/28891",5.3021375530204e-06,0.000511452345499045,0.000398411631514408,"Reg3b/Reg3g/Pglyrp1/Gpx2/Cxcl13/Anxa2/C1qbp/Cst7/Gstp1/Sh2d1b1/Cldn3/Tspan8",12
"GO:1990266","BP","GO:1990266","neutrophil migration","7/142","138/28891",5.65915217256473e-06,0.00052567235736268,0.000409488749796497,"Cd74/S100a9/S100a8/Cxcl13/Ccl8/C1qbp/Cxcl2",7
"GO:0046596","BP","GO:0046596","regulation of viral entry into host cell","5/142","53/28891",6.34326973224962e-06,0.000545897359882646,0.000425243641375889,"Cd74/Ifitm3/Ly6e/Ifitm2/Gsn",5
"GO:0050727","BP","GO:0050727","regulation of inflammatory response","11/142","411/28891",6.36430393963577e-06,0.000545897359882646,0.000425243641375889,"Reg3b/Reg3g/Pglyrp1/Gpx2/S100a9/Fabp4/S100a8/C3/Cd81/Cst7/Gstp1",11
"GO:0002495","BP","GO:0002495","antigen processing and presentation of peptide antigen via MHC class II","4/142","25/28891",6.52987272586898e-06,0.000545897359882646,0.000425243641375889,"Cd74/H2-Aa/H2-Eb1/H2-Ea",4
"GO:0150146","BP","GO:0150146","cell junction disassembly","4/142","26/28891",7.68771121246216e-06,0.000621960636156616,0.000484495484221724,"C1qa/C1qc/C3/C1qb",4
"GO:0002504","BP","GO:0002504","antigen processing and presentation of peptide or polysaccharide antigen via MHC class II","4/142","27/28891",8.9903146080495e-06,0.00070461590740588,0.000548882365544075,"Cd74/H2-Aa/H2-Eb1/H2-Ea",4
"GO:0052372","BP","GO:0052372","modulation by symbiont of entry into host","5/142","58/28891",9.93076892034593e-06,0.000754738437946291,0.000587926861759555,"Cd74/Ifitm3/Ly6e/Ifitm2/Gsn",5
"GO:0007159","BP","GO:0007159","leukocyte cell-cell adhesion","11/142","447/28891",1.39487354265265e-05,0.00102892436616849,0.000801512475282763,"Cd3e/Cd74/S100a9/S100a8/H2-Aa/Lrg1/H2-Eb1/H2-Ea/Cd81/Gstp1/Ass1",11
"GO:0006935","BP","GO:0006935","chemotaxis","11/142","462/28891",1.89172063599896e-05,0.00134141943486548,0.00104494017926229,"Saa3/Cd74/S100a9/S100a8/Cxcl13/Ccl8/C1qbp/Lgmn/Cxcl2/Gstp1/Mapk3",11
"GO:0042330","BP","GO:0042330","taxis","11/142","464/28891",1.96835626594608e-05,0.00134141943486548,0.00104494017926229,"Saa3/Cd74/S100a9/S100a8/Cxcl13/Ccl8/C1qbp/Lgmn/Cxcl2/Gstp1/Mapk3",11
"GO:0043542","BP","GO:0043542","endothelial cell migration","8/142","231/28891",1.97896806579037e-05,0.00134141943486548,0.00104494017926229,"Lcn2/S100a9/Cxcl13/Dcn/Fgfbp1/Lgmn/Rhob/Gipc1",8
"GO:0043903","BP","GO:0043903","regulation of biological process involved in symbiotic interaction","5/142","68/28891",2.17191984400303e-05,0.001433467097042,0.00111664355414671,"Cd74/Ifitm3/Ly6e/Ifitm2/Gsn",5
"GO:0006979","BP","GO:0006979","response to oxidative stress","10/142","389/28891",2.39722373041604e-05,0.00147834233346059,0.00115160050822751,"Reg3b/Gpx2/Lcn2/Bcl2/Psap/Rhob/Keap1/Gstp1/Mgst1/Mapk3",10
"GO:0002399","BP","GO:0002399","MHC class II protein complex assembly","3/142","12/28891",2.47569290292443e-05,0.00147834233346059,0.00115160050822751,"H2-Aa/H2-Eb1/H2-Ea",3
"GO:0002503","BP","GO:0002503","peptide antigen assembly with MHC class II protein complex","3/142","12/28891",2.47569290292443e-05,0.00147834233346059,0.00115160050822751,"H2-Aa/H2-Eb1/H2-Ea",3
"GO:0046166","BP","GO:0046166","glyceraldehyde-3-phosphate biosynthetic process","3/142","12/28891",2.47569290292443e-05,0.00147834233346059,0.00115160050822751,"Eno1/Tkt/Tpi1",3
"GO:1903034","BP","GO:1903034","regulation of response to wounding","7/142","174/28891",2.55747424718376e-05,0.00149166172370625,0.00116197605943037,"Reg3b/Reg3g/S100a9/Anxa2/Duox2/Cldn3/Tspan8",7
"GO:0031647","BP","GO:0031647","regulation of protein stability","9/142","316/28891",2.79811250088354e-05,0.00159492412550362,0.00124241550278465,"Cd74/Bcl2/Id1/Cd81/Lamp1/Tspan1/Gsn/Glmp/Gipc1",9
"GO:0050900","BP","GO:0050900","leukocyte migration","10/142","398/28891",2.91055044513861e-05,0.00162214678142392,0.00126362143302392,"Cd74/S100a9/S100a8/Cxcl13/Cd81/Ccl8/C1qbp/Lgmn/Cxcl2/Mapk3",10
"GO:0002460","BP","GO:0002460","adaptive immune response based on somatic recombination of immune receptors built from immunoglobulin superfamily domains","11/142","491/28891",3.29890683467044e-05,0.0017986213785551,0.00140109178149847,"Igha/Cd74/Iglc2/C1qa/C1qc/C3/H2-Ea/Cd81/C1qbp/C1qb/Iglc1",11
"GO:0010632","BP","GO:0010632","regulation of epithelial cell migration","8/142","250/28891",3.47739081377691e-05,0.00185559492786223,0.00144547309078834,"Lcn2/Cxcl13/Dcn/Fgfbp1/Lgmn/Cd63/Rhob/Rab25",8
"GO:0061041","BP","GO:0061041","regulation of wound healing","6/142","128/28891",4.20408595113604e-05,0.00219663490946858,0.00171113673800625,"Reg3g/S100a9/Anxa2/Duox2/Cldn3/Tspan8",6
"GO:0044403","BP","GO:0044403","biological process involved in symbiotic interaction","8/142","264/28891",5.10779011735338e-05,0.00261435461516781,0.00203653242917462,"Cd74/Pglyrp1/Gpx2/Ifitm3/Ly6e/Ccl8/Ifitm2/Gsn",8
"GO:1902074","BP","GO:1902074","response to salt","9/142","343/28891",5.28255201888645e-05,0.00264972809267344,0.00206408769411647,"Ly6a/Ly6g/Fabp4/Ly6c1/Ly6e/Lgmn/Hnrnpd/Krt8/S100a16",9
"GO:0095500","BP","GO:0095500","acetylcholine receptor signaling pathway","4/142","43/28891",5.94770159703543e-05,0.00283244020639304,0.00220641694915868,"Ly6a/Ly6g/Ly6c1/Ly6e",4
"GO:0002396","BP","GO:0002396","MHC protein complex assembly","3/142","16/28891",6.21149168068648e-05,0.00283244020639304,0.00220641694915868,"H2-Aa/H2-Eb1/H2-Ea",3
"GO:0002501","BP","GO:0002501","peptide antigen assembly with MHC protein complex","3/142","16/28891",6.21149168068648e-05,0.00283244020639304,0.00220641694915868,"H2-Aa/H2-Eb1/H2-Ea",3
"GO:0019682","BP","GO:0019682","glyceraldehyde-3-phosphate metabolic process","3/142","16/28891",6.21149168068648e-05,0.00283244020639304,0.00220641694915868,"Eno1/Tkt/Tpi1",3
"GO:0051014","BP","GO:0051014","actin filament severing","3/142","16/28891",6.21149168068648e-05,0.00283244020639304,0.00220641694915868,"Capg/Dstn/Gsn",3
"GO:0006953","BP","GO:0006953","acute-phase response","4/142","44/28891",6.51759845275768e-05,0.00291895302134219,0.00227380878351847,"Reg3b/Saa3/Reg3g/Saa1",4
"GO:0002526","BP","GO:0002526","acute inflammatory response","6/142","139/28891",6.65992139093661e-05,0.00293036541201211,0.00228269881838935,"Reg3b/Saa3/Reg3g/Saa1/C3/Gstp1",6
"GO:0050830","BP","GO:0050830","defense response to Gram-positive bacterium","7/142","203/28891",6.80554364659097e-05,0.00294281094235348,0.00229239364937801,"Reg3b/Pla2g2a/Reg3g/Pglyrp1/Lyz2/Sprr2a3/Dmbt1",7
"GO:1905145","BP","GO:1905145","cellular response to acetylcholine","4/142","45/28891",7.12626928597693e-05,0.00302926836766613,0.0023597423362664,"Ly6a/Ly6g/Ly6c1/Ly6e",4
"GO:0019221","BP","GO:0019221","cytokine-mediated signaling pathway","10/142","450/28891",8.11597047229845e-05,0.00339247565742075,0.00264267389413788,"Cd74/Ifitm3/Cxcl13/Fkbp1a/Ccl8/Ifitm2/Krt8/Cxcl2/Duox2/Mapk3",10
"GO:0001906","BP","GO:0001906","cell killing","8/142","286/28891",8.92760887492262e-05,0.00363498664176806,0.00283158532994272,"Pglyrp1/Cxcl13/C3/Lyz2/H2-Ea/Lamp1/Ccl8/Sh2d1b1",8
"GO:1901970","BP","GO:1901970","positive regulation of mitotic sister chromatid separation","3/142","18/28891",8.98601163435486e-05,0.00363498664176806,0.00283158532994272,"Ube2c/Incenp/Anapc11",3
"GO:1905144","BP","GO:1905144","response to acetylcholine","4/142","48/28891",9.20085153911231e-05,0.00366281518414185,0.0028532632341842,"Ly6a/Ly6g/Ly6c1/Ly6e",4
"GO:1903035","BP","GO:1903035","negative regulation of response to wounding","5/142","94/28891",0.000103248950030388,0.00404606822931584,0.00315181005355922,"Reg3b/Reg3g/Anxa2/Cldn3/Tspan8",5
"GO:0070486","BP","GO:0070486","leukocyte aggregation","3/142","19/28891",0.000106325044957119,0.00410251096542238,0.00319577786948037,"S100a9/S100a8/Gstp1",3
"GO:0061620","BP","GO:0061620","glycolytic process through glucose-6-phosphate","3/142","20/28891",0.000124638430372707,0.00464066645821882,0.00361499074391594,"Eno1/Galk1/Tpi1",3
"GO:0141060","BP","GO:0141060","disruption of anatomical structure in another organism","6/142","156/28891",0.000125823492487591,0.00464066645821882,0.00361499074391594,"Reg3b/Reg3g/Pglyrp1/Cxcl13/Lyz2/Ccl8",6
"GO:1903900","BP","GO:1903900","regulation of viral life cycle","6/142","156/28891",0.000125823492487591,0.00464066645821882,0.00361499074391594,"Cd74/Ifitm3/Bcl2/Ly6e/Ifitm2/Gsn",6
"GO:0046718","BP","GO:0046718","viral entry into host cell","5/142","99/28891",0.000131917091977208,0.0047948995170846,0.00373513535789013,"Cd74/Ifitm3/Ly6e/Ifitm2/Gsn",5
"GO:0002478","BP","GO:0002478","antigen processing and presentation of exogenous peptide antigen","4/142","53/28891",0.000135854715497647,0.00486748037811571,0.00379167446561855,"Cd74/H2-Aa/H2-Eb1/H2-Ea",4
"GO:0051701","BP","GO:0051701","biological process involved in interaction with host","6/142","159/28891",0.000139631303237787,0.0049323282890193,0.00384218975254757,"Cd74/Pglyrp1/Ifitm3/Ly6e/Ifitm2/Gsn",6
"GO:0030098","BP","GO:0030098","lymphocyte differentiation","10/142","486/28891",0.000152062608549027,0.00529684753112443,0.00412614329630108,"Igkc/Cd3e/Cd74/Pglyrp1/Bcl2/H2-Aa/H2-Ea/Psap/Cdh17/Adrm1",10
"GO:0044409","BP","GO:0044409","entry into host","5/142","103/28891",0.000158944752422703,0.00546073204213889,0.00425380620759245,"Cd74/Ifitm3/Ly6e/Ifitm2/Gsn",5
"GO:0030336","BP","GO:0030336","negative regulation of cell migration","8/142","313/28891",0.000165889159709604,0.00551637079263602,0.00429714773404367,"Cd74/Bcl2/Cxcl13/Dcn/Cd63/Rhob/Gstp1/Cldn3",8
"GO:0006096","BP","GO:0006096","glycolytic process","5/142","104/28891",0.000166318092662833,0.00551637079263602,0.00429714773404367,"Eno1/Galk1/Tpi1/Mtch2/Ddit4",5
"GO:1903909","BP","GO:1903909","regulation of receptor clustering","3/142","22/28891",0.000167162751292001,0.00551637079263602,0.00429714773404367,"Grip2/Cd81/Gsn",3
"GO:0048525","BP","GO:0048525","negative regulation of viral process","5/142","105/28891",0.000173949872486882,0.00566579584671558,0.00441354700390503,"Cd74/Ifitm3/Ly6e/Ifitm2/Gsn",5
"GO:0062197","BP","GO:0062197","cellular response to chemical stress","8/142","316/28891",0.000177009276553493,0.00569152904610463,0.00443359267588777,"Reg3b/Lcn2/Psap/Serpinb6a/Rhob/Keap1/Mgst1/Mapk3",8
"GO:0010038","BP","GO:0010038","response to metal ion","8/142","320/28891",0.000192783770221076,0.00612027462929693,0.0047675773155272,"Fabp4/Bcl2/Lgmn/Hnrnpd/Gsn/S100a16/Ass1/Mapk3",8
"GO:0034599","BP","GO:0034599","cellular response to oxidative stress","7/142","243/28891",0.00020730700623149,0.0064990746453572,0.00506265531007427,"Reg3b/Lcn2/Psap/Rhob/Keap1/Mgst1/Mapk3",7
"GO:0050728","BP","GO:0050728","negative regulation of inflammatory response","6/142","172/28891",0.000213956946915307,0.00657734796288288,0.00512362873294327,"Reg3b/Reg3g/Pglyrp1/Gpx2/Cst7/Gstp1",6
"GO:0097284","BP","GO:0097284","hepatocyte apoptotic process","3/142","24/28891",0.000218123440089319,0.00657734796288288,0.00512362873294327,"Krt8/Gsn/Mtch2",3
"GO:2000146","BP","GO:2000146","negative regulation of cell motility","8/142","326/28891",0.000218598713031587,0.00657734796288288,0.00512362873294327,"Cd74/Bcl2/Cxcl13/Dcn/Cd63/Rhob/Gstp1/Cldn3",8
"GO:0019884","BP","GO:0019884","antigen processing and presentation of exogenous antigen","4/142","60/28891",0.000220293950909953,0.00657734796288288,0.00512362873294327,"Cd74/H2-Aa/H2-Eb1/H2-Ea",4
"GO:0002690","BP","GO:0002690","positive regulation of leukocyte chemotaxis","5/142","111/28891",0.00022551101039819,0.0066539013421019,0.00518326235664448,"Cd74/Cxcl13/C1qbp/Lgmn/Mapk3",5
"GO:0098926","BP","GO:0098926","postsynaptic signal transduction","4/142","61/28891",0.000234859003288993,0.00684180754485068,0.00532963770806802,"Ly6a/Ly6g/Ly6c1/Ly6e",4
"GO:0031348","BP","GO:0031348","negative regulation of defense response","8/142","330/28891",0.000237335429187404,0.00684180754485068,0.00532963770806802,"Reg3b/Reg3g/Pglyrp1/Gpx2/C1qbp/Cst7/Gstp1/Sh2d1b1",8
"GO:0019058","BP","GO:0019058","viral life cycle","7/142","250/28891",0.000246425268435575,0.00702312015041389,0.00547087677292377,"Cd74/Ifitm3/Bcl2/Ly6e/Ccl8/Ifitm2/Gsn",7
"GO:0010594","BP","GO:0010594","regulation of endothelial cell migration","6/142","177/28891",0.000249687526743413,0.00703613839407282,0.00548101773667386,"Lcn2/Cxcl13/Dcn/Fgfbp1/Lgmn/Rhob",6
"GO:0090303","BP","GO:0090303","positive regulation of wound healing","4/142","63/28891",0.000266047676514169,0.00741386191886152,0.00577525716503273,"Reg3g/S100a9/Duox2/Cldn3",4
"GO:0061615","BP","GO:0061615","glycolytic process through fructose-6-phosphate","3/142","26/28891",0.000278188768864461,0.00766700475068207,0.00597245060743134,"Eno1/Galk1/Tpi1",3
"GO:0042551","BP","GO:0042551","neuron maturation","4/142","66/28891",0.000318255375400556,0.00867591827722386,0.00675837501994774,"Grip2/Bcl2/C1qa/C3",4
"GO:0050792","BP","GO:0050792","regulation of viral process","6/142","187/28891",0.000335152024101698,0.00903829329512966,0.00704065825390777,"Cd74/Ifitm3/Bcl2/Ly6e/Ifitm2/Gsn",6
"GO:0046184","BP","GO:0046184","aldehyde biosynthetic process","3/142","28/28891",0.000348005356265955,0.00928507907994696,0.0072328996778232,"Eno1/Tkt/Tpi1",3
"GO:0044000","BP","GO:0044000","movement in host","5/142","123/28891",0.000362714614719228,0.00957566582858761,0.0074592612179378,"Cd74/Ifitm3/Ly6e/Ifitm2/Gsn",5
"GO:0010952","BP","GO:0010952","positive regulation of peptidase activity","6/142","193/28891",0.00039648060252826,0.0103580557410508,0.0080687280514523,"S100a9/S100a8/Lgmn/Gsn/Mtch2/Cldn3",6
"GO:2001242","BP","GO:2001242","regulation of intrinsic apoptotic signaling pathway","6/142","194/28891",0.000407502087330094,0.010460835874803,0.00814879181718898,"Cd74/S100a9/Bcl2/S100a8/Eno1/Mtch2",6
"GO:0040013","BP","GO:0040013","negative regulation of locomotion","8/142","358/28891",0.00040875674470921,0.010460835874803,0.00814879181718898,"Cd74/Bcl2/Cxcl13/Dcn/Cd63/Rhob/Gstp1/Cldn3",8
"GO:0000302","BP","GO:0000302","response to reactive oxygen species","6/142","195/28891",0.000418761531281427,0.0105286478296769,0.00820161603789152,"Lcn2/Bcl2/Psap/Rhob/Gstp1/Mapk3",6
"GO:0048534","BP","GO:0048534","hematopoietic or lymphoid organ development","5/142","127/28891",0.000420138439864392,0.0105286478296769,0.00820161603789152,"Bcl2/Cxcl13/Cdh17/Adrm1/Mapk3",5
"GO:0052548","BP","GO:0052548","regulation of endopeptidase activity","8/142","360/28891",0.000424090681504576,0.0105286478296769,0.00820161603789152,"S100a9/S100a8/Serpinb6a/Lgmn/Serpina3g/Cst7/Gsn/Mtch2",8
"GO:1905820","BP","GO:1905820","positive regulation of chromosome separation","3/142","30/28891",0.000428198595943798,0.0105286478296769,0.00820161603789152,"Ube2c/Incenp/Anapc11",3
"GO:0003014","BP","GO:0003014","renal system process","5/142","128/28891",0.000435508260203945,0.0106044147241893,0.00826063700499256,"Jchain/Bcl2/Psap/Lgmn/Gsn",5
"GO:0052547","BP","GO:0052547","regulation of peptidase activity","9/142","457/28891",0.00044850783587958,0.0108159389652499,0.00842541035822369,"S100a9/S100a8/Serpinb6a/Lgmn/Serpina3g/Cst7/Gsn/Mtch2/Cldn3",9
"GO:0051251","BP","GO:0051251","positive regulation of lymphocyte activation","8/142","367/28891",0.000481488416521835,0.0115006947489215,0.00895882206580978,"Cd3e/Cd74/Bcl2/H2-Aa/H2-Eb1/H2-Ea/Cd81/Lamp1",8
"GO:1902075","BP","GO:1902075","cellular response to salt","6/142","202/28891",0.000504544201539321,0.0119058143964097,0.00927440255172352,"Ly6a/Ly6g/Fabp4/Ly6c1/Ly6e/Lgmn",6
"GO:0042060","BP","GO:0042060","wound healing","8/142","370/28891",0.000507943437167401,0.0119058143964097,0.00927440255172352,"Reg3g/S100a9/Lrg1/Anxa2/Plet1/Duox2/Cldn3/Tspan8",8
"GO:0019882","BP","GO:0019882","antigen processing and presentation","5/142","134/28891",0.000536813869640596,0.0123516438996203,0.00962169523952628,"Cd74/H2-Aa/H2-Eb1/H2-Ea/Psap",5
"GO:0050829","BP","GO:0050829","defense response to Gram-negative bacterium","5/142","134/28891",0.000536813869640596,0.0123516438996203,0.00962169523952628,"Reg3b/Reg3g/Lypd8/Lyz2/Dmbt1",5
"GO:0009636","BP","GO:0009636","response to toxic substance","5/142","136/28891",0.000574225561566246,0.0130923428037104,0.0101986855719326,"Gpx2/Lcn2/Bcl2/Ass1/Mapk3",5
"GO:0002688","BP","GO:0002688","regulation of leukocyte chemotaxis","5/142","137/28891",0.000593649071498067,0.013293498851046,0.0103553822998159,"Cd74/Cxcl13/C1qbp/Lgmn/Mapk3",5
"GO:0006090","BP","GO:0006090","pyruvate metabolic process","5/142","137/28891",0.000593649071498067,0.013293498851046,0.0103553822998159,"Eno1/Galk1/Tpi1/Mtch2/Ddit4",5
"GO:0019731","BP","GO:0019731","antibacterial humoral response","5/142","140/28891",0.000654884078626385,0.0145349492849113,0.0113224485321898,"Jchain/Igha/Lgals4/Wfdc17/Dmbt1",5
"GO:1903036","BP","GO:1903036","positive regulation of response to wounding","4/142","80/28891",0.000662272402745497,0.0145699928604009,0.0113497468097474,"Reg3g/S100a9/Duox2/Cldn3",4
"GO:0009615","BP","GO:0009615","response to virus","8/142","389/28891",0.000704197890439565,0.0153576374714994,0.0119633069533715,"Lcn2/Ifitm3/Bcl2/C1qbp/Ifitm2/Duox2/Polr3h/Ddit4",8
"GO:0048002","BP","GO:0048002","antigen processing and presentation of peptide antigen","4/142","83/28891",0.000760790406541702,0.0164488132724706,0.012813312110176,"Cd74/H2-Aa/H2-Eb1/H2-Ea",4
"GO:2001056","BP","GO:2001056","positive regulation of cysteine-type endopeptidase activity","5/142","148/28891",0.000841319064178614,0.018034429170598,0.0140484766812011,"S100a9/S100a8/Lgmn/Gsn/Mtch2",5
"GO:0019320","BP","GO:0019320","hexose catabolic process","3/142","38/28891",0.000864526494033737,0.018374851246073,0.0143136589913168,"Eno1/Galk1/Tpi1",3
"GO:0002285","BP","GO:0002285","lymphocyte activation involved in immune response","6/142","227/28891",0.000927310752683539,0.0193771245308867,0.0150944107820556,"Cd74/Pglyrp1/H2-Ea/Cd81/Lamp1/Cdh17",6
"GO:0014002","BP","GO:0014002","astrocyte development","3/142","39/28891",0.000933216252649497,0.0193771245308867,0.0150944107820556,"S100a9/S100a8/C1qa",3
"GO:0070663","BP","GO:0070663","regulation of leukocyte proliferation","7/142","313/28891",0.000936616404427844,0.0193771245308867,0.0150944107820556,"Cd3e/Cd74/Bcl2/H2-Aa/Cd81/Gstp1/Mapk3",7
"GO:1903037","BP","GO:1903037","regulation of leukocyte cell-cell adhesion","8/142","407/28891",0.000942587397435478,0.0193771245308867,0.0150944107820556,"Cd3e/Cd74/H2-Aa/H2-Eb1/H2-Ea/Cd81/Gstp1/Ass1",8
"GO:0007162","BP","GO:0007162","negative regulation of cell adhesion","7/142","315/28891",0.000971854031936823,0.0198163407487606,0.015436551846596,"Cd74/H2-Aa/Epcam/Cldn7/Plet1/Gstp1/Ass1",7
"GO:0032689","BP","GO:0032689","negative regulation of type II interferon production","3/142","41/28891",0.00108075095651621,0.0216841871915412,0.0168915686340554,"Pglyrp1/C1qbp/Sh2d1b1",3
"GO:0043368","BP","GO:0043368","positive T cell selection","3/142","41/28891",0.00108075095651621,0.0216841871915412,0.0168915686340554,"Cd3e/Cd74/Bcl2",3
"GO:0097193","BP","GO:0097193","intrinsic apoptotic signaling pathway","7/142","327/28891",0.00120580090433105,0.0239155866499586,0.0186297862932608,"Cd74/S100a9/Bcl2/S100a8/Eno1/Mtch2/Ddit4",7
"GO:0048708","BP","GO:0048708","astrocyte differentiation","4/142","94/28891",0.00121103648506569,0.0239155866499586,0.0186297862932608,"S100a9/S100a8/C1qa/Mapk3",4
"GO:2000116","BP","GO:2000116","regulation of cysteine-type endopeptidase activity","6/142","240/28891",0.00123428139077291,0.0240912590713767,0.0187666317621401,"S100a9/S100a8/Lgmn/Cst7/Gsn/Mtch2",6
"GO:0070661","BP","GO:0070661","leukocyte proliferation","8/142","425/28891",0.00124179618668892,0.0240912590713767,0.0187666317621401,"Cd3e/Cd74/Bcl2/H2-Aa/Cd81/Fkbp1a/Gstp1/Mapk3",8
"GO:0016032","BP","GO:0016032","viral process","7/142","329/28891",0.00124874947339672,0.0240912590713767,0.0187666317621401,"Cd74/Ifitm3/Bcl2/Ly6e/Ccl8/Ifitm2/Gsn",7
"GO:0010634","BP","GO:0010634","positive regulation of epithelial cell migration","5/142","162/28891",0.00125911871629908,0.0241058758815121,0.0187780179787151,"Lcn2/Fgfbp1/Lgmn/Rhob/Rab25",5
"GO:1903911","BP","GO:1903911","positive regulation of receptor clustering","2/142","11/28891",0.00128153639146797,0.0243491914378913,0.0189675561608018,"Grip2/Cd81",2
"GO:1904019","BP","GO:1904019","epithelial cell apoptotic process","5/142","163/28891",0.00129390474029699,0.0243993465313146,0.0190066260228826,"Bcl2/Id1/Krt8/Gsn/Mtch2",5
"GO:0050920","BP","GO:0050920","regulation of chemotaxis","6/142","243/28891",0.001315027393877,0.0246126022674889,0.0191727481778139,"Cd74/Cxcl13/C1qbp/Lgmn/Gstp1/Mapk3",6
"GO:0002366","BP","GO:0002366","leukocyte activation involved in immune response","7/142","333/28891",0.00133823997386722,0.0247631906714919,0.0192900536750982,"Cd74/Pglyrp1/H2-Ea/Cd81/Lamp1/Cdh17/Sh2d1b1",7
"GO:0033044","BP","GO:0033044","regulation of chromosome organization","6/142","244/28891",0.00134282054677947,0.0247631906714919,0.0192900536750982,"Hnrnpd/Ube2c/Incenp/Anapc11/Mapk3/Naa10",6
"GO:0050921","BP","GO:0050921","positive regulation of chemotaxis","5/142","165/28891",0.00136560068946135,0.0249994637165625,0.0194741058750692,"Cd74/Cxcl13/C1qbp/Lgmn/Mapk3",5
"GO:0002696","BP","GO:0002696","positive regulation of leukocyte activation","8/142","432/28891",0.00137681511443912,0.0250221181667631,0.0194917532600992,"Cd3e/Cd74/Bcl2/H2-Aa/H2-Eb1/H2-Ea/Cd81/Lamp1",8
"GO:0046365","BP","GO:0046365","monosaccharide catabolic process","3/142","45/28891",0.00141815803818801,0.0251274107722936,0.0195737741934764,"Eno1/Galk1/Tpi1",3
"GO:2000516","BP","GO:2000516","positive regulation of CD4-positive, alpha-beta T cell activation","3/142","45/28891",0.00141815803818801,0.0251274107722936,0.0195737741934764,"Cd3e/H2-Ea/Cd81",3
"GO:0002263","BP","GO:0002263","cell activation involved in immune response","7/142","337/28891",0.0014326744282065,0.0251274107722936,0.0195737741934764,"Cd74/Pglyrp1/H2-Ea/Cd81/Lamp1/Cdh17/Sh2d1b1",7
"GO:0016052","BP","GO:0016052","carbohydrate catabolic process","5/142","167/28891",0.00144018682850398,0.0251274107722936,0.0195737741934764,"Eno1/Galk1/Tpi1/Mtch2/Ddit4",5
"GO:0050729","BP","GO:0050729","positive regulation of inflammatory response","5/142","167/28891",0.00144018682850398,0.0251274107722936,0.0195737741934764,"S100a9/Fabp4/S100a8/C3/Cd81",5
"GO:0015711","BP","GO:0015711","organic anion transport","8/142","436/28891",0.00145906089100978,0.0251274107722936,0.0195737741934764,"Fabp4/Car4/Psap/Slc26a3/Mgst1/Stard10/Slc35b2/Gipc1",8
"GO:0030217","BP","GO:0030217","T cell differentiation","7/142","339/28891",0.00148180367695059,0.0251274107722936,0.0195737741934764,"Cd3e/Cd74/Bcl2/H2-Aa/H2-Ea/Psap/Adrm1",7
"GO:0002685","BP","GO:0002685","regulation of leukocyte migration","6/142","249/28891",0.00148858220186336,0.0251274107722936,0.0195737741934764,"Cd74/Cxcl13/Cd81/C1qbp/Lgmn/Mapk3",6
"GO:0010950","BP","GO:0010950","positive regulation of endopeptidase activity","5/142","169/28891",0.00151773346263267,0.0251274107722936,0.0195737741934764,"S100a9/S100a8/Lgmn/Gsn/Mtch2",5
"GO:0033625","BP","GO:0033625","positive regulation of integrin activation","2/142","12/28891",0.00153289228395571,0.0251274107722936,0.0195737741934764,"Cxcl13/Cdh17",2
"GO:0033632","BP","GO:0033632","regulation of cell-cell adhesion mediated by integrin","2/142","12/28891",0.00153289228395571,0.0251274107722936,0.0195737741934764,"Cd3e/Cxcl13",2
"GO:0045617","BP","GO:0045617","negative regulation of keratinocyte differentiation","2/142","12/28891",0.00153289228395571,0.0251274107722936,0.0195737741934764,"Reg3b/Reg3g",2
"GO:0106015","BP","GO:0106015","negative regulation of inflammatory response to wounding","2/142","12/28891",0.00153289228395571,0.0251274107722936,0.0195737741934764,"Reg3b/Reg3g",2
"GO:1903431","BP","GO:1903431","positive regulation of cell maturation","2/142","12/28891",0.00153289228395571,0.0251274107722936,0.0195737741934764,"Grip2/Bcl2",2
"GO:2000563","BP","GO:2000563","positive regulation of CD4-positive, alpha-beta T cell proliferation","2/142","12/28891",0.00153289228395571,0.0251274107722936,0.0195737741934764,"Cd3e/Cd81",2
"GO:0002708","BP","GO:0002708","positive regulation of lymphocyte mediated immunity","5/142","170/28891",0.00155763903025168,0.0253672642069559,0.0197606154487157,"C3/H2-Ea/Cd81/Lamp1/Sh2d1b1",5
"GO:0003382","BP","GO:0003382","epithelial cell morphogenesis","3/142","47/28891",0.00160897093264633,0.0260341877359806,0.0202801361697222,"Id1/Rab25/Cldn3",3
"GO:0030856","BP","GO:0030856","regulation of epithelial cell differentiation","5/142","173/28891",0.0016819911295154,0.0270412420052861,0.0210646122562792,"Reg3b/Reg3g/Id1/Dmbt1/Keap1",5
"GO:0002520","BP","GO:0002520","immune system development","6/142","258/28891",0.00178100682053268,0.0283679053434396,0.0220980577173776,"Cd3e/Bcl2/Cxcl13/Cdh17/Adrm1/Mapk3",6
"GO:0002468","BP","GO:0002468","dendritic cell antigen processing and presentation","2/142","13/28891",0.0018057694105575,0.0283679053434396,0.0220980577173776,"Cd74/H2-Ea",2
"GO:0002687","BP","GO:0002687","positive regulation of leukocyte migration","5/142","176/28891",0.00181348338616409,0.0283679053434396,0.0220980577173776,"Cd74/Cxcl13/C1qbp/Lgmn/Mapk3",5
"GO:0030890","BP","GO:0030890","positive regulation of B cell proliferation","3/142","49/28891",0.00181512102180145,0.0283679053434396,0.0220980577173776,"Cd74/Bcl2/Cd81",3
"GO:0033077","BP","GO:0033077","T cell differentiation in thymus","4/142","105/28891",0.00182106569389704,0.0283679053434396,0.0220980577173776,"Cd3e/Cd74/Bcl2/Adrm1",4
"GO:0050867","BP","GO:0050867","positive regulation of cell activation","8/142","454/28891",0.0018787862281571,0.0289576088320466,0.0225574254983121,"Cd3e/Cd74/Bcl2/H2-Aa/H2-Eb1/H2-Ea/Cd81/Lamp1",8
"GO:0006885","BP","GO:0006885","regulation of pH","4/142","106/28891",0.0018853488136213,0.0289576088320466,0.0225574254983121,"Bcl2/Car4/Slc26a3/Mapk3",4
"GO:0022409","BP","GO:0022409","positive regulation of cell-cell adhesion","7/142","354/28891",0.00189355974818805,0.0289576088320466,0.0225574254983121,"Cd3e/Cd74/Cxcl13/H2-Aa/H2-Eb1/H2-Ea/Cd81",7
"GO:0022411","BP","GO:0022411","cellular component disassembly","8/142","462/28891",0.00209352966988951,0.0309804853337891,0.0241332077476339,"C1qa/C1qc/C3/Capg/Dstn/C1qb/Gsn/Ddit4",8
"GO:0006957","BP","GO:0006957","complement activation, alternative pathway","2/142","14/28891",0.00209995315260931,0.0309804853337891,0.0241332077476339,"Cfd/C3",2
"GO:0045060","BP","GO:0045060","negative thymic T cell selection","2/142","14/28891",0.00209995315260931,0.0309804853337891,0.0241332077476339,"Cd3e/Cd74",2
"GO:0045842","BP","GO:0045842","positive regulation of mitotic metaphase/anaphase transition","2/142","14/28891",0.00209995315260931,0.0309804853337891,0.0241332077476339,"Ube2c/Anapc11",2
"GO:0090713","BP","GO:0090713","immunological memory process","2/142","14/28891",0.00209995315260931,0.0309804853337891,0.0241332077476339,"H2-Ea/Cd81",2
"GO:0106014","BP","GO:0106014","regulation of inflammatory response to wounding","2/142","14/28891",0.00209995315260931,0.0309804853337891,0.0241332077476339,"Reg3b/Reg3g",2
"GO:0010595","BP","GO:0010595","positive regulation of endothelial cell migration","4/142","110/28891",0.00215822527349467,0.0312880288203735,0.0243727782634993,"Lcn2/Fgfbp1/Lgmn/Rhob",4
"GO:0031640","BP","GO:0031640","killing of cells of another organism","4/142","110/28891",0.00215822527349467,0.0312880288203735,0.0243727782634993,"Pglyrp1/Cxcl13/Lyz2/Ccl8",4
"GO:0141061","BP","GO:0141061","disruption of cell in another organism","4/142","110/28891",0.00215822527349467,0.0312880288203735,0.0243727782634993,"Pglyrp1/Cxcl13/Lyz2/Ccl8",4
"GO:1902105","BP","GO:1902105","regulation of leukocyte differentiation","7/142","363/28891",0.00218014503068875,0.0314241594078586,0.024478821397207,"Cd74/Pglyrp1/H2-Aa/C1qc/H2-Ea/Tmem176b/Adrm1",7
"GO:0006898","BP","GO:0006898","receptor-mediated endocytosis","6/142","272/28891",0.00232007822630016,0.0332500353803474,0.0259011439880487,"Ifitm3/C3/Cd81/Dmbt1/Anxa2/Cd63",6
"GO:0042770","BP","GO:0042770","signal transduction in response to DNA damage","5/142","187/28891",0.00236062689759357,0.0333465395990193,0.0259763189355241,"Cd74/Babam1/Taok3/Rhno1/Mapk3",5
"GO:0008630","BP","GO:0008630","intrinsic apoptotic signaling pathway in response to DNA damage","4/142","113/28891",0.00237994995836058,0.0333465395990193,0.0259763189355241,"Cd74/Bcl2/Mtch2/Ddit4",4
"GO:0010838","BP","GO:0010838","positive regulation of keratinocyte proliferation","2/142","15/28891",0.00241523045537303,0.0333465395990193,0.0259763189355241,"Reg3g/Lrg1",2
"GO:0030206","BP","GO:0030206","chondroitin sulfate biosynthetic process","2/142","15/28891",0.00241523045537303,0.0333465395990193,0.0259763189355241,"Chst12/Slc35b2",2
"GO:0043383","BP","GO:0043383","negative T cell selection","2/142","15/28891",0.00241523045537303,0.0333465395990193,0.0259763189355241,"Cd3e/Cd74",2
"GO:1902101","BP","GO:1902101","positive regulation of metaphase/anaphase transition of cell cycle","2/142","15/28891",0.00241523045537303,0.0333465395990193,0.0259763189355241,"Ube2c/Anapc11",2
"GO:0002697","BP","GO:0002697","regulation of immune effector process","8/142","473/28891",0.00241988445256041,0.0333465395990193,0.0259763189355241,"Cd74/Pglyrp1/C3/H2-Ea/Cd81/Lamp1/C1qbp/Sh2d1b1",8
"GO:0045862","BP","GO:0045862","positive regulation of proteolysis","7/142","372/28891",0.0024991896602797,0.0342511894425218,0.0266810239256781,"S100a9/S100a8/Eno1/Lgmn/Gsn/Mtch2/Cldn3",7
"GO:0030834","BP","GO:0030834","regulation of actin filament depolymerization","3/142","55/28891",0.00252977820727648,0.0344297496718569,0.0268201189418981,"Capg/Dstn/Gsn",3
"GO:0050870","BP","GO:0050870","positive regulation of T cell activation","6/142","277/28891",0.00253967451726217,0.0344297496718569,0.0268201189418981,"Cd3e/Cd74/H2-Aa/H2-Eb1/H2-Ea/Cd81",6
"GO:0006693","BP","GO:0006693","prostaglandin metabolic process","3/142","57/28891",0.00280137837235135,0.0377734245046086,0.0294247779235094,"Pla2g2a/Cd74/Gstp1",3
"GO:0006692","BP","GO:0006692","prostanoid metabolic process","3/142","58/28891",0.00294364642514429,0.0387831790026626,0.0302113574368092,"Pla2g2a/Cd74/Gstp1",3
"GO:0045058","BP","GO:0045058","T cell selection","3/142","58/28891",0.00294364642514429,0.0387831790026626,0.0302113574368092,"Cd3e/Cd74/Bcl2",3
"GO:0045604","BP","GO:0045604","regulation of epidermal cell differentiation","3/142","58/28891",0.00294364642514429,0.0387831790026626,0.0302113574368092,"Reg3b/Reg3g/Keap1",3
"GO:0048538","BP","GO:0048538","thymus development","3/142","58/28891",0.00294364642514429,0.0387831790026626,0.0302113574368092,"Bcl2/Adrm1/Mapk3",3
"GO:0002705","BP","GO:0002705","positive regulation of leukocyte mediated immunity","5/142","197/28891",0.00295427961998294,0.0387831790026626,0.0302113574368092,"C3/H2-Ea/Cd81/Lamp1/Sh2d1b1",5
"GO:0071674","BP","GO:0071674","mononuclear cell migration","5/142","199/28891",0.00308484749923,0.0387831790026626,0.0302113574368092,"Cxcl13/Ccl8/C1qbp/Lgmn/Mapk3",5
"GO:0030042","BP","GO:0030042","actin filament depolymerization","3/142","59/28891",0.00309028512992499,0.0387831790026626,0.0302113574368092,"Capg/Dstn/Gsn",3
"GO:0006735","BP","GO:0006735","NADH regeneration","2/142","17/28891",0.00310822128370621,0.0387831790026626,0.0302113574368092,"Eno1/Tpi1",2
"GO:0009226","BP","GO:0009226","nucleotide-sugar biosynthetic process","2/142","17/28891",0.00310822128370621,0.0387831790026626,0.0302113574368092,"Cmas/Gmds",2
"GO:0018119","BP","GO:0018119","peptidyl-cysteine S-nitrosylation","2/142","17/28891",0.00310822128370621,0.0387831790026626,0.0302113574368092,"S100a9/S100a8",2
"GO:0045059","BP","GO:0045059","positive thymic T cell selection","2/142","17/28891",0.00310822128370621,0.0387831790026626,0.0302113574368092,"Cd3e/Cd74",2
"GO:0061621","BP","GO:0061621","canonical glycolysis","2/142","17/28891",0.00310822128370621,0.0387831790026626,0.0302113574368092,"Eno1/Tpi1",2
"GO:0061718","BP","GO:0061718","glucose catabolic process to pyruvate","2/142","17/28891",0.00310822128370621,0.0387831790026626,0.0302113574368092,"Eno1/Tpi1",2
"GO:0098761","BP","GO:0098761","cellular response to interleukin-7","2/142","17/28891",0.00310822128370621,0.0387831790026626,0.0302113574368092,"Eno1/Gipc1",2
"GO:1904355","BP","GO:1904355","positive regulation of telomere capping","2/142","17/28891",0.00310822128370621,0.0387831790026626,0.0302113574368092,"Hnrnpd/Mapk3",2
"GO:1902106","BP","GO:1902106","negative regulation of leukocyte differentiation","4/142","123/28891",0.00323163372671806,0.0398493820660876,0.0310419093069162,"Cd74/Pglyrp1/C1qc/Tmem176b",4
"GO:0010965","BP","GO:0010965","regulation of mitotic sister chromatid separation","3/142","60/28891",0.00324133729724157,0.0398493820660876,0.0310419093069162,"Ube2c/Incenp/Anapc11",3
"GO:0030857","BP","GO:0030857","negative regulation of epithelial cell differentiation","3/142","60/28891",0.00324133729724157,0.0398493820660876,0.0310419093069162,"Reg3b/Reg3g/Id1",3
"GO:0070665","BP","GO:0070665","positive regulation of leukocyte proliferation","5/142","202/28891",0.0032884397548072,0.0402312531953974,0.0313393796401652,"Cd3e/Cd74/Bcl2/Cd81/Mapk3",5
"GO:0019079","BP","GO:0019079","viral genome replication","4/142","125/28891",0.00342386928028028,0.0404707185439971,0.0315259185837566,"Ifitm3/Bcl2/Ccl8/Ifitm2",4
"GO:0002830","BP","GO:0002830","positive regulation of type 2 immune response","2/142","18/28891",0.00348551642962654,0.0404707185439971,0.0315259185837566,"Cd74/Cd81",2
"GO:0014041","BP","GO:0014041","regulation of neuron maturation","2/142","18/28891",0.00348551642962654,0.0404707185439971,0.0315259185837566,"Grip2/Bcl2",2
"GO:0017014","BP","GO:0017014","protein nitrosylation","2/142","18/28891",0.00348551642962654,0.0404707185439971,0.0315259185837566,"S100a9/S100a8",2
"GO:0033623","BP","GO:0033623","regulation of integrin activation","2/142","18/28891",0.00348551642962654,0.0404707185439971,0.0315259185837566,"Cxcl13/Cdh17",2
"GO:0033631","BP","GO:0033631","cell-cell adhesion mediated by integrin","2/142","18/28891",0.00348551642962654,0.0404707185439971,0.0315259185837566,"Cd3e/Cxcl13",2
"GO:0045605","BP","GO:0045605","negative regulation of epidermal cell differentiation","2/142","18/28891",0.00348551642962654,0.0404707185439971,0.0315259185837566,"Reg3b/Reg3g",2
"GO:0045683","BP","GO:0045683","negative regulation of epidermis development","2/142","18/28891",0.00348551642962654,0.0404707185439971,0.0315259185837566,"Reg3b/Reg3g",2
"GO:0098760","BP","GO:0098760","response to interleukin-7","2/142","18/28891",0.00348551642962654,0.0404707185439971,0.0315259185837566,"Eno1/Gipc1",2
"GO:1903729","BP","GO:1903729","regulation of plasma membrane organization","2/142","18/28891",0.00348551642962654,0.0404707185439971,0.0315259185837566,"Anxa2/Gsn",2
"GO:2000288","BP","GO:2000288","positive regulation of myoblast proliferation","2/142","18/28891",0.00348551642962654,0.0404707185439971,0.0315259185837566,"Malat1/Fgfbp1",2
"GO:0032649","BP","GO:0032649","regulation of type II interferon production","4/142","127/28891",0.00362374360107406,0.041881792403197,0.0326251182323233,"Cd3e/Pglyrp1/C1qbp/Sh2d1b1",4
"GO:0051306","BP","GO:0051306","mitotic sister chromatid separation","3/142","63/28891",0.0037213886037197,0.0426086642084626,0.0331913375182182,"Ube2c/Incenp/Anapc11",3
"GO:0045786","BP","GO:0045786","negative regulation of cell cycle","7/142","400/28891",0.00372555625408532,0.0426086642084626,0.0331913375182182,"Bcl2/Babam1/Rhob/Taok3/Incenp/Rhno1/Naa10",7
"GO:0032496","BP","GO:0032496","response to lipopolysaccharide","7/142","401/28891",0.00377652293398979,0.0426086642084626,0.0331913375182182,"S100a9/S100a8/Cxcl13/Cxcl2/Gstp1/Mgst1/Mapk3",7
"GO:0022408","BP","GO:0022408","negative regulation of cell-cell adhesion","5/142","209/28891",0.00380088652783092,0.0426086642084626,0.0331913375182182,"Cd74/H2-Aa/Epcam/Gstp1/Ass1",5
"GO:1903707","BP","GO:1903707","negative regulation of hemopoiesis","4/142","129/28891",0.00383139923327743,0.0426086642084626,0.0331913375182182,"Cd74/Pglyrp1/C1qc/Tmem176b",4
"GO:0003159","BP","GO:0003159","morphogenesis of an endothelium","2/142","19/28891",0.00388306835723471,0.0426086642084626,0.0331913375182182,"Lcn2/Rhob",2
"GO:0015701","BP","GO:0015701","bicarbonate transport","2/142","19/28891",0.00388306835723471,0.0426086642084626,0.0331913375182182,"Car4/Slc26a3",2
"GO:0016322","BP","GO:0016322","neuron remodeling","2/142","19/28891",0.00388306835723471,0.0426086642084626,0.0331913375182182,"C1qa/C3",2
"GO:0031145","BP","GO:0031145","anaphase-promoting complex-dependent catabolic process","2/142","19/28891",0.00388306835723471,0.0426086642084626,0.0331913375182182,"Ube2c/Anapc11",2
"GO:0032897","BP","GO:0032897","negative regulation of viral transcription","2/142","19/28891",0.00388306835723471,0.0426086642084626,0.0331913375182182,"Ifitm3/Ifitm2",2
"GO:0061154","BP","GO:0061154","endothelial tube morphogenesis","2/142","19/28891",0.00388306835723471,0.0426086642084626,0.0331913375182182,"Lcn2/Rhob",2
"GO:0048260","BP","GO:0048260","positive regulation of receptor-mediated endocytosis","3/142","64/28891",0.00389050402860364,0.0426086642084626,0.0331913375182182,"C3/Anxa2/Cd63",3
"GO:0043280","BP","GO:0043280","positive regulation of cysteine-type endopeptidase activity involved in apoptotic process","4/142","130/28891",0.0039381891763172,0.0426214774880219,0.0332013188188402,"S100a9/S100a8/Gsn/Mtch2",4
"GO:0071675","BP","GO:0071675","regulation of mononuclear cell migration","4/142","130/28891",0.0039381891763172,0.0426214774880219,0.0332013188188402,"Cxcl13/C1qbp/Lgmn/Mapk3",4
"GO:1903039","BP","GO:1903039","positive regulation of leukocyte cell-cell adhesion","6/142","303/28891",0.00394265660973727,0.0426214774880219,0.0332013188188402,"Cd3e/Cd74/H2-Aa/H2-Eb1/H2-Ea/Cd81",6
"GO:0045682","BP","GO:0045682","regulation of epidermis development","3/142","65/28891",0.00406423303253953,0.0433748784919537,0.0337882038449871,"Reg3b/Reg3g/Keap1",3
"GO:0050873","BP","GO:0050873","brown fat cell differentiation","3/142","65/28891",0.00406423303253953,0.0433748784919537,0.0337882038449871,"Fabp4/Lrg1/Selenbp1",3
"GO:0071622","BP","GO:0071622","regulation of granulocyte chemotaxis","3/142","65/28891",0.00406423303253953,0.0433748784919537,0.0337882038449871,"Cd74/C1qbp/Mapk3",3
"GO:0010212","BP","GO:0010212","response to ionizing radiation","4/142","132/28891",0.00415778074180034,0.0439987936727226,0.0342742218822183,"Bcl2/Babam1/Rhob/Rhno1",4
"GO:0018958","BP","GO:0018958","phenol-containing compound metabolic process","4/142","132/28891",0.00415778074180034,0.0439987936727226,0.0342742218822183,"Bcl2/Ly6e/Duox2/Gipc1",4
"GO:0030193","BP","GO:0030193","regulation of blood coagulation","3/142","66/28891",0.00424261292097472,0.0447078706126243,0.0348265793070724,"S100a9/Anxa2/Tspan8",3
"GO:0009159","BP","GO:0009159","deoxyribonucleoside monophosphate catabolic process","2/142","20/28891",0.00430067168244159,0.0449136685975843,0.0349868920159139,"Upp1/Gda",2
"GO:0035313","BP","GO:0035313","wound healing, spreading of epidermal cells","2/142","20/28891",0.00430067168244159,0.0449136685975843,0.0349868920159139,"Lrg1/Plet1",2
"GO:0050863","BP","GO:0050863","regulation of T cell activation","7/142","411/28891",0.00431586687879498,0.0449136685975843,0.0349868920159139,"Cd3e/Cd74/H2-Aa/H2-Eb1/H2-Ea/Cd81/Adrm1",7
"GO:0002861","BP","GO:0002861","regulation of inflammatory response to antigenic stimulus","3/142","67/28891",0.00442568011614873,0.0458661393855414,0.0357288486105787,"Gpx2/C3/Cd81",3
"GO:0061045","BP","GO:0061045","negative regulation of wound healing","3/142","68/28891",0.00461347016667764,0.0474204228607686,0.0369396058211981,"Anxa2/Cldn3/Tspan8",3
"GO:1900046","BP","GO:1900046","regulation of hemostasis","3/142","68/28891",0.00461347016667764,0.0474204228607686,0.0369396058211981,"S100a9/Anxa2/Tspan8",3
"GO:0010948","BP","GO:0010948","negative regulation of cell cycle process","6/142","314/28891",0.0046832075825633,0.0479407535390562,0.0373449335047798,"Bcl2/Babam1/Taok3/Incenp/Rhno1/Naa10",6
"GO:0003158","BP","GO:0003158","endothelium development","4/142","137/28891",0.00474263207081646,0.0483517123317386,0.037665062573536,"Lcn2/Id1/Rhob/Cldn3",4
"GO:0070613","BP","GO:0070613","regulation of protein processing","3/142","69/28891",0.00480601775705804,0.0486306141864494,0.0378823218039327,"Eno1/Cst7/Gsn",3
"GO:0046631","BP","GO:0046631","alpha-beta T cell activation","5/142","221/28891",0.00480876886692163,0.0486306141864494,0.0378823218039327,"Cd3e/Bcl2/H2-Ea/Cd81/Psap",5
"GO:0002237","BP","GO:0002237","response to molecule of bacterial origin","7/142","421/28891",0.00491165518040758,0.0494716112147076,0.0385374424639039,"S100a9/S100a8/Cxcl13/Cxcl2/Gstp1/Mgst1/Mapk3",7
"GO:0021782","BP","GO:0021782","glial cell development","4/142","139/28891",0.00499127805794451,0.0499936997867106,0.0389441395131935,"S100a9/S100a8/C1qa/Mapk3",4
"GO:0070098","BP","GO:0070098","chemokine-mediated signaling pathway","3/142","70/28891",0.00500335671709106,0.0499936997867106,0.0389441395131935,"Cxcl13/Ccl8/Cxcl2",3
"GO:0005770","CC","GO:0005770","late endosome","13/145","255/28573",6.82393364770026e-10,2.01988435971928e-07,1.54436393079532e-07,"Cd74/H2-Aa/H2-Eb1/H2-Ea/Psap/Lamp1/Anxa2/Ifitm2/Lgmn/Cd63/Rhob/Cst7/Mapk3",13
"GO:0042613","CC","GO:0042613","MHC class II protein complex","4/145","13/28573",4.39009579701853e-07,5.23419936926009e-05,4.00196608958364e-05,"Cd74/H2-Aa/H2-Eb1/H2-Ea",4
"GO:0031902","CC","GO:0031902","late endosome membrane","7/145","94/28573",5.30493179316901e-07,5.23419936926009e-05,4.00196608958364e-05,"H2-Aa/H2-Eb1/H2-Ea/Lamp1/Anxa2/Ifitm2/Cd63",7
"GO:0019814","CC","GO:0019814","immunoglobulin complex","5/145","45/28573",3.25811862709571e-06,0.000241100778405082,0.00018434092232252,"Igkc/Jchain/Igha/Iglc2/Iglc1",5
"GO:0005765","CC","GO:0005765","lysosomal membrane","8/145","230/28573",2.41253816860979e-05,0.00119018549651416,0.000909992467107202,"Ifitm3/H2-Aa/H2-Eb1/H2-Ea/Lamp1/Anxa2/Ifitm2/Cd63",8
"GO:0098852","CC","GO:0098852","lytic vacuole membrane","8/145","230/28573",2.41253816860979e-05,0.00119018549651416,0.000909992467107202,"Ifitm3/H2-Aa/H2-Eb1/H2-Ea/Lamp1/Anxa2/Ifitm2/Cd63",8
"GO:0071735","CC","GO:0071735","IgG immunoglobulin complex","3/145","13/28573",3.5270165498502e-05,0.00132967264805329,0.00101664160501941,"Igkc/Iglc2/Iglc1",3
"GO:0010008","CC","GO:0010008","endosome membrane","9/145","316/28573",3.59370985960349e-05,0.00132967264805329,0.00101664160501941,"Ifitm3/H2-Aa/H2-Eb1/H2-Ea/Lamp1/Anxa2/Ifitm2/Cd63/Rhob",9
"GO:0042611","CC","GO:0042611","MHC protein complex","4/145","42/28573",6.12981137439917e-05,0.00201602685202462,0.00154141455613546,"Cd74/H2-Aa/H2-Eb1/H2-Ea",4
"GO:0043209","CC","GO:0043209","myelin sheath","7/145","208/28573",9.67757795526424e-05,0.0027879588539083,0.00213161861162974,"Bcl2/Eno1/Anxa2/Tkt/Ckmt1/Gsn/Ass1",7
"GO:0005774","CC","GO:0005774","vacuolar membrane","8/145","283/28573",0.000103606579030376,0.0027879588539083,0.00213161861162974,"Ifitm3/H2-Aa/H2-Eb1/H2-Ea/Lamp1/Anxa2/Ifitm2/Cd63",8
"GO:0001772","CC","GO:0001772","immunological synapse","4/145","50/28573",0.000122216298025774,0.00301466868463576,0.00230495649785451,"Cd3e/H2-Eb1/H2-Ea/Cd81",4
"GO:0005771","CC","GO:0005771","multivesicular body","4/145","59/28573",0.000233137501388407,0.00530836157007449,0.00405866905251073,"Cd74/Lamp1/Cd63/Cst7",4
"GO:0016327","CC","GO:0016327","apicolateral plasma membrane","3/145","27/28573",0.00034240813466852,0.00723948627584871,0.00553516909426555,"Krt8/Cldn7/Cldn3",3
"GO:0005581","CC","GO:0005581","collagen trimer","4/145","81/28573",0.000781839840612329,0.0154283061880833,0.0117961800513439,"C1qa/C1qc/Dcn/C1qb",4
"GO:0030141","CC","GO:0030141","secretory granule","9/145","498/28573",0.00103503108713999,0.0191480751120897,0.0146402423509932,"Reg3b/Pla2g2a/Reg3g/Car4/Lyz2/Sprr2a3/Lamp1/Dmbt1/Ccdc136",9
"GO:0031143","CC","GO:0031143","pseudopodium","2/145","12/28573",0.00163263184742501,0.0254190490510301,0.0194349059245074,"Rab25/Mapk3",2
"GO:0071748","CC","GO:0071748","monomeric IgA immunoglobulin complex","2/145","12/28573",0.00163263184742501,0.0254190490510301,0.0194349059245074,"Jchain/Igha",2
"GO:0071745","CC","GO:0071745","IgA immunoglobulin complex","2/145","13/28573",0.00192306124413893,0.0254190490510301,0.0194349059245074,"Jchain/Igha",2
"GO:0071746","CC","GO:0071746","IgA immunoglobulin complex, circulating","2/145","13/28573",0.00192306124413893,0.0254190490510301,0.0194349059245074,"Jchain/Igha",2
"GO:0071749","CC","GO:0071749","polymeric IgA immunoglobulin complex","2/145","13/28573",0.00192306124413893,0.0254190490510301,0.0194349059245074,"Jchain/Igha",2
"GO:0071751","CC","GO:0071751","secretory IgA immunoglobulin complex","2/145","13/28573",0.00192306124413893,0.0254190490510301,0.0194349059245074,"Jchain/Igha",2
"GO:0070062","CC","GO:0070062","extracellular exosome","4/145","104/28573",0.00197512881139761,0.0254190490510301,0.0194349059245074,"Car4/Cd81/Anxa2/Cd63",4
"GO:0045335","CC","GO:0045335","phagocytic vesicle","4/145","115/28573",0.00284505540260839,0.0350890166321701,0.0268283733140703,"Lamp1/Dmbt1/Capg/Gsn",4
"GO:1903561","CC","GO:1903561","extracellular vesicle","4/145","118/28573",0.00312136754988407,0.0369569917906274,0.0282565904515821,"Car4/Cd81/Anxa2/Cd63",4
"GO:0043230","CC","GO:0043230","extracellular organelle","4/145","127/28573",0.00405910754326766,0.044393279040248,0.0339422297071597,"Car4/Cd81/Anxa2/Cd63",4
"GO:0065010","CC","GO:0065010","extracellular membrane-bounded organelle","4/145","127/28573",0.00405910754326766,0.044393279040248,0.0339422297071597,"Car4/Cd81/Anxa2/Cd63",4
"GO:0062023","CC","GO:0062023","collagen-containing extracellular matrix","7/145","396/28573",0.00419936423353697,0.044393279040248,0.0339422297071597,"Reg3b/Reg3g/Lgals4/Dcn/Dmbt1/Anxa2/Serpinb6a",7
"GO:0030139","CC","GO:0030139","endocytic vesicle","5/145","214/28573",0.00480449133037023,0.0490389459927444,0.0374942154638693,"Lamp1/Dmbt1/Capg/Gsn/Gipc1",5
"GO:0005539","MF","GO:0005539","glycosaminoglycan binding","10/137","243/28407",3.09242937848984e-07,5.85670816383702e-05,4.74631552751146e-05,"Reg3b/Reg3g/Saa1/Jchain/Pglyrp1/Cxcl13/Dcn/Dmbt1/Ccl8/C1qbp",10
"GO:0023026","MF","GO:0023026","MHC class II protein complex binding","4/137","14/28407",4.99151263963382e-07,5.85670816383702e-05,4.74631552751146e-05,"Cd74/H2-Aa/H2-Eb1/H2-Ea",4
"GO:0030550","MF","GO:0030550","acetylcholine receptor inhibitor activity","4/137","14/28407",4.99151263963382e-07,5.85670816383702e-05,4.74631552751146e-05,"Ly6a/Ly6g/Ly6c1/Ly6e",4
"GO:0030547","MF","GO:0030547","signaling receptor inhibitor activity","5/137","35/28407",7.00598144681989e-07,6.16526367320151e-05,4.99637097917945e-05,"Ly6a/Ly6g/Ly6c1/Ly6e/Fkbp1a",5
"GO:0042834","MF","GO:0042834","peptidoglycan binding","4/137","19/28407",1.89690086888873e-06,0.000133541821169766,0.000108223186414494,"Reg3b/Reg3g/Jchain/Pglyrp1",4
"GO:0033130","MF","GO:0033130","acetylcholine receptor binding","4/137","22/28407",3.53993586528361e-06,0.000207676237429972,0.00016830221394594,"Ly6a/Ly6g/Ly6c1/Ly6e",4
"GO:0023023","MF","GO:0023023","MHC protein complex binding","4/137","23/28407",4.26917002513052e-06,0.000214678264120849,0.000173976703279755,"Cd74/H2-Aa/H2-Eb1/H2-Ea",4
"GO:0030548","MF","GO:0030548","acetylcholine receptor regulator activity","4/137","27/28407",8.33545715055864e-06,0.000326008990777405,0.000264199869918292,"Ly6a/Ly6g/Ly6c1/Ly6e",4
"GO:0099602","MF","GO:0099602","neurotransmitter receptor regulator activity","4/137","27/28407",8.33545715055864e-06,0.000326008990777405,0.000264199869918292,"Ly6a/Ly6g/Ly6c1/Ly6e",4
"GO:0003823","MF","GO:0003823","antigen binding","8/137","233/28407",1.83047240123765e-05,0.000644326285235654,0.000522166337616215,"Jchain/Igha/Iglc2/H2-Aa/H2-Eb1/H2-Ea/Psap/Iglc1",8
"GO:0016209","MF","GO:0016209","antioxidant activity","5/137","89/28407",7.27166489077733e-05,0.00232693276504875,0.00188576189990493,"Gpx2/S100a9/S100a8/Gstp1/Mgst1",5
"GO:0061135","MF","GO:0061135","endopeptidase regulator activity","7/137","217/28407",9.15047018841938e-05,0.00268413792193635,0.00217524335180847,"Wfdc17/C3/Anxa2/Serpinb6a/Serpina3g/Cst7/Adrm1",7
"GO:0004602","MF","GO:0004602","glutathione peroxidase activity","3/137","27/28407",0.000294872095336491,0.00798422904295729,0.00647047269928656,"Gpx2/Gstp1/Mgst1",3
"GO:0061134","MF","GO:0061134","peptidase regulator activity","7/137","268/28407",0.000333613550344447,0.00838799783723182,0.00679768963483799,"Wfdc17/C3/Anxa2/Serpinb6a/Serpina3g/Cst7/Adrm1",7
"GO:0002020","MF","GO:0002020","protease binding","6/137","195/28407",0.000378027830197933,0.00887105308197816,0.00718916084095718,"Lcn2/Bcl2/Psap/Anxa2/Serpinb6a/Adrm1",6
"GO:0004866","MF","GO:0004866","endopeptidase inhibitor activity","6/137","198/28407",0.000409939623159186,0.0090186717095021,0.0073087919655355,"Wfdc17/C3/Anxa2/Serpinb6a/Serpina3g/Cst7",6
"GO:0030246","MF","GO:0030246","carbohydrate binding","7/137","283/28407",0.00046214203237301,0.00956905855266469,0.00775482915003628,"Reg3b/Reg3g/Lgals4/H2-Eb1/H2-Ea/Tkt/Galk1",7
"GO:0030414","MF","GO:0030414","peptidase inhibitor activity","6/137","205/28407",0.000492598293795978,0.00963303330089912,0.00780667471454444,"Wfdc17/C3/Anxa2/Serpinb6a/Serpina3g/Cst7",6
"GO:0016835","MF","GO:0016835","carbon-oxygen lyase activity","4/137","77/28407",0.000533395293912206,0.00988184965563665,0.00800831715513616,"Car4/Eno1/Gmds/Tpi1",4
"GO:0003680","MF","GO:0003680","minor groove of adenine-thymine-rich DNA binding","2/137","10/28407",0.00101303645762989,0.0174601861399204,0.0141498518059762,"Hnrnpd/H1f0",2
"GO:0048306","MF","GO:0048306","calcium-dependent protein binding","4/137","92/28407",0.00104165883221116,0.0174601861399204,0.0141498518059762,"S100a9/S100a8/Anxa2/S100a16",4
"GO:0042609","MF","GO:0042609","CD4 receptor binding","2/137","11/28407",0.00123424430342454,0.0189656795888496,0.0153699137816335,"Cd74/H2-Eb1",2
"GO:0001664","MF","GO:0001664","G protein-coupled receptor binding","7/137","335/28407",0.00123923474586233,0.0189656795888496,0.0153699137816335,"Saa1/Cxcl13/C3/Psap/Ccl8/C1qbp/Cxcl2",7
"GO:0034713","MF","GO:0034713","type I transforming growth factor beta receptor binding","2/137","12/28407",0.00147641610307951,0.0214515905883752,0.0173845127076844,"Lrg1/Fkbp1a",2
"GO:0008009","MF","GO:0008009","chemokine activity","3/137","47/28407",0.00152355046792437,0.0214515905883752,0.0173845127076844,"Cxcl13/Ccl8/Cxcl2",3
"GO:0045236","MF","GO:0045236","CXCR chemokine receptor binding","2/137","15/28407",0.00232667873622247,0.0303329968574188,0.024582063840791,"Cxcl13/Cxcl2",2
"GO:0061783","MF","GO:0061783","peptidoglycan muralytic activity","2/137","15/28407",0.00232667873622247,0.0303329968574188,0.024582063840791,"Pglyrp1/Lyz2",2
"GO:0015643","MF","GO:0015643","toxic substance binding","2/137","16/28407",0.00265067711912101,0.0333227980689498,0.0270050187699923,"Gstp1/Ass1",2
"GO:0016836","MF","GO:0016836","hydro-lyase activity","3/137","59/28407",0.00292864768650606,0.035547723643108,0.0288081133590977,"Car4/Eno1/Gmds",3
"GO:0004601","MF","GO:0004601","peroxidase activity","3/137","61/28407",0.00321961581176838,0.0370561337972866,0.0300305390522269,"Gpx2/Gstp1/Mgst1",3
"GO:0034987","MF","GO:0034987","immunoglobulin receptor binding","2/137","18/28407",0.00335834639813516,0.0370561337972866,0.0300305390522269,"Jchain/Igha",2
"GO:1901681","MF","GO:1901681","sulfur compound binding","6/137","301/28407",0.0034754440117949,0.0370561337972866,0.0300305390522269,"Saa1/Cxcl13/Dmbt1/Ccl8/Tkt/Gstp1",6
"GO:0016684","MF","GO:0016684","oxidoreductase activity, acting on peroxide as acceptor","3/137","63/28407",0.00352771164024305,0.0370561337972866,0.0300305390522269,"Gpx2/Gstp1/Mgst1",3
"GO:0004867","MF","GO:0004867","serine-type endopeptidase inhibitor activity","4/137","129/28407",0.00357928565087427,0.0370561337972866,0.0300305390522269,"Wfdc17/Anxa2/Serpinb6a/Serpina3g",4
"GO:0070492","MF","GO:0070492","oligosaccharide binding","2/137","19/28407",0.00374162435783535,0.0376300506845155,0.0304956451420566,"Reg3b/Reg3g",2
"GO:0031406","MF","GO:0031406","carboxylic acid binding","5/137","218/28407",0.00418816797423915,0.0409509757481162,0.0331869450590296,"Fabp4/Psap/Dmbt1/Gstp1/Ass1",5
"GO:0070628","MF","GO:0070628","proteasome binding","2/137","21/28407",0.00456609512426081,0.0434396076686434,0.0352037490376865,"Id1/Adrm1",2
