"","ONTOLOGY","ID","Description","GeneRatio","BgRatio","pvalue","p.adjust","qvalue","geneID","Count"
"GO:0042742","BP","GO:0042742","defense response to bacterium","19/119","430/28891",1.61666207688208e-14,3.14440773953565e-11,2.44201061086925e-11,"Reg3b/Lypd8/Pla2g2a/Igha/Lcn2/Acp5/Wfdc17/Reg3g/Jchain/Pglyrp1/Cxcl13/Wfdc21/Dmbt1/Fpr2/C5ar1/Slpi/Hp/Nos2/Sprr2a3",19
"GO:0006959","BP","GO:0006959","humoral immune response","15/119","337/28891",1.02283199833105e-11,9.94704118376949e-09,7.72507325055295e-09,"Reg3b/Igha/Wfdc17/Reg3g/Jchain/Pglyrp1/Cxcl13/Wfdc21/Dmbt1/S100a9/Slpi/Cfd/Cfp/C1rl/Acod1",15
"GO:0019730","BP","GO:0019730","antimicrobial humoral response","12/119","221/28891",1.37536565043278e-10,8.91695396697255e-08,6.92508669603876e-08,"Reg3b/Igha/Wfdc17/Reg3g/Jchain/Pglyrp1/Cxcl13/Wfdc21/Dmbt1/S100a9/Slpi/Acod1",12
"GO:0072593","BP","GO:0072593","reactive oxygen species metabolic process","11/119","257/28891",1.007532010047e-08,4.89912439885352e-06,3.80475903794063e-06,"Lcn2/Acp5/Gpx3/Pid1/Fpr2/Sod2/Ddit4/Nos2/Dcxr/Acod1/Xdh",11
"GO:0050727","BP","GO:0050727","regulation of inflammatory response","13/119","411/28891",1.61742912682442e-08,6.29179930334701e-06,4.88633851998537e-06,"Reg3b/Acp5/Reg3g/S100a8/Siglece/Pglyrp1/S100a9/Fpr2/Gpx2/Fabp4/Mmp8/Acod1/Ccl5",13
"GO:0006953","BP","GO:0006953","acute-phase response","6/119","44/28891",2.6710501313447e-08,8.65865417577572e-06,6.72448585698182e-06,"Reg3b/Saa3/Saa1/Reg3g/Hp/Ccl5",6
"GO:2000379","BP","GO:2000379","positive regulation of reactive oxygen species metabolic process","7/119","85/28891",6.36900987055631e-08,1.76967488546172e-05,1.37436528785689e-05,"Lcn2/Pid1/Fpr2/Sod2/Dcxr/Acod1/Xdh",7
"GO:0032102","BP","GO:0032102","negative regulation of response to external stimulus","13/119","485/28891",1.11173600004836e-07,2.70290815011758e-05,2.09913310535447e-05,"Reg3b/Acp5/Reg3g/Siglece/Pglyrp1/Cxcl13/Htra1/Fpr2/Gpx2/Cldn3/Irak3/Acod1/Tspan8",13
"GO:0002237","BP","GO:0002237","response to molecule of bacterial origin","12/119","421/28891",1.82768375567602e-07,3.94982767198873e-05,3.06751601098841e-05,"Acp5/Fcgr4/S100a8/Cxcl13/Wfdc21/S100a9/C5ar1/Slpi/Irak3/Nos2/Mmp8/Acod1",12
"GO:2000377","BP","GO:2000377","regulation of reactive oxygen species metabolic process","8/119","168/28891",5.01456187526287e-07,9.75332284738628e-05,7.57462767473918e-05,"Lcn2/Acp5/Pid1/Fpr2/Sod2/Dcxr/Acod1/Xdh",8
"GO:0050728","BP","GO:0050728","negative regulation of inflammatory response","8/119","172/28891",5.99500977900476e-07,0.000106002672910584,8.23238184963812e-05,"Reg3b/Acp5/Reg3g/Siglece/Pglyrp1/Fpr2/Gpx2/Acod1",8
"GO:0032496","BP","GO:0032496","response to lipopolysaccharide","11/119","401/28891",8.8632135653953e-07,0.000143657919872449,0.000111567644441599,"Acp5/Fcgr4/S100a8/Cxcl13/Wfdc21/S100a9/Slpi/Irak3/Nos2/Mmp8/Acod1",11
"GO:0031348","BP","GO:0031348","negative regulation of defense response","10/119","330/28891",1.16838682504695e-06,0.000174808644208948,0.00013575992663501,"Reg3b/Acp5/Reg3g/Siglece/Pglyrp1/Htra1/Fpr2/Gpx2/Irak3/Acod1",10
"GO:0050830","BP","GO:0050830","defense response to Gram-positive bacterium","8/119","203/28891",2.08293102611566e-06,0.000289378631842497,0.000224737294923005,"Reg3b/Pla2g2a/Acp5/Reg3g/Pglyrp1/Dmbt1/C5ar1/Sprr2a3",8
"GO:0050900","BP","GO:0050900","leukocyte migration","10/119","398/28891",6.16717016203473e-06,0.000773895868279101,0.00060102317466135,"Ecm1/S100a8/Rac2/Cxcl13/S100a9/Fpr2/C5ar1/Mmp14/F7/Ccl5",10
"GO:0030593","BP","GO:0030593","neutrophil chemotaxis","6/119","110/28891",6.49731318717815e-06,0.000773895868279101,0.00060102317466135,"S100a8/Rac2/Cxcl13/S100a9/C5ar1/Ccl5",6
"GO:0002690","BP","GO:0002690","positive regulation of leukocyte chemotaxis","6/119","111/28891",6.84565858513827e-06,0.000773895868279101,0.00060102317466135,"Rac2/Cxcl13/Fpr2/C5ar1/F7/Ccl5",6
"GO:0030595","BP","GO:0030595","leukocyte chemotaxis","8/119","240/28891",7.16201831826417e-06,0.000773895868279101,0.00060102317466135,"S100a8/Rac2/Cxcl13/S100a9/Fpr2/C5ar1/F7/Ccl5",8
"GO:0002687","BP","GO:0002687","positive regulation of leukocyte migration","7/119","176/28891",8.7198547481869e-06,0.000892637762380186,0.000693240529842006,"Rac2/Cxcl13/Fpr2/C5ar1/Mmp14/F7/Ccl5",7
"GO:0002685","BP","GO:0002685","regulation of leukocyte migration","8/119","249/28891",9.36446967389334e-06,0.000905719091239212,0.000703399754256944,"Ecm1/Rac2/Cxcl13/Fpr2/C5ar1/Mmp14/F7/Ccl5",8
"GO:0060326","BP","GO:0060326","cell chemotaxis","9/119","331/28891",9.77897219332825e-06,0.000905719091239212,0.000703399754256944,"Saa3/S100a8/Rac2/Cxcl13/S100a9/Fpr2/C5ar1/F7/Ccl5",9
"GO:0097529","BP","GO:0097529","myeloid leukocyte migration","8/119","253/28891",1.05127940286629e-05,0.000929426562988605,0.000721811456034988,"S100a8/Rac2/Cxcl13/S100a9/Fpr2/C5ar1/Mmp14/Ccl5",8
"GO:0050678","BP","GO:0050678","regulation of epithelial cell proliferation","10/119","426/28891",1.11390205380145e-05,0.000941973693323402,0.000731555811077842,"Pla2g2a/Ecm1/Ctsl/Reg3g/Lrg1/Htra1/C5ar1/Id1/Ccl5/Xdh",10
"GO:0002430","BP","GO:0002430","complement receptor mediated signaling pathway","3/119","13/28891",1.89081673177481e-05,0.00150274640637456,0.00116706323536598,"Fpr1/Fpr2/C5ar1",3
"GO:0071621","BP","GO:0071621","granulocyte chemotaxis","6/119","135/28891",2.09606496523812e-05,0.00150274640637456,0.00116706323536598,"S100a8/Rac2/Cxcl13/S100a9/C5ar1/Ccl5",6
"GO:0006935","BP","GO:0006935","chemotaxis","10/119","462/28891",2.23401659194476e-05,0.00150274640637456,0.00116706323536598,"Saa3/Fpr1/S100a8/Rac2/Cxcl13/S100a9/Fpr2/C5ar1/F7/Ccl5",10
"GO:0002688","BP","GO:0002688","regulation of leukocyte chemotaxis","6/119","137/28891",2.27797274623512e-05,0.00150274640637456,0.00116706323536598,"Rac2/Cxcl13/Fpr2/C5ar1/F7/Ccl5",6
"GO:0042330","BP","GO:0042330","taxis","10/119","464/28891",2.31764912382856e-05,0.00150274640637456,0.00116706323536598,"Saa3/Fpr1/S100a8/Rac2/Cxcl13/S100a9/Fpr2/C5ar1/F7/Ccl5",10
"GO:0042060","BP","GO:0042060","wound healing","9/119","370/28891",2.35888218754899e-05,0.00150274640637456,0.00116706323536598,"Reg3g/Lrg1/S100a9/Sdc4/Mertk/Cldn3/F7/BC004004/Tspan8",9
"GO:1990266","BP","GO:1990266","neutrophil migration","6/119","138/28891",2.37357664919028e-05,0.00150274640637456,0.00116706323536598,"S100a8/Rac2/Cxcl13/S100a9/C5ar1/Ccl5",6
"GO:0034612","BP","GO:0034612","response to tumor necrosis factor","7/119","206/28891",2.41353479094796e-05,0.00150274640637456,0.00116706323536598,"Wfdc21/Pid1/Fabp4/Nos2/Mmp8/Acod1/Ccl5",7
"GO:0002526","BP","GO:0002526","acute inflammatory response","6/119","139/28891",2.47238483310982e-05,0.00150274640637456,0.00116706323536598,"Reg3b/Saa3/Saa1/Reg3g/Hp/Ccl5",6
"GO:0019731","BP","GO:0019731","antibacterial humoral response","6/119","140/28891",2.57447706745114e-05,0.00151738118066438,0.00117842889690347,"Igha/Wfdc17/Jchain/Wfdc21/Dmbt1/Slpi",6
"GO:0006809","BP","GO:0006809","nitric oxide biosynthetic process","5/119","87/28891",3.07414372773677e-05,0.00175859104424942,0.00136575735272516,"Acp5/Sod2/Nos2/Mmp8/Klf2",5
"GO:0009615","BP","GO:0009615","response to virus","9/119","389/28891",3.48562245115038e-05,0.00193701019071071,0.00150432126839121,"Lcn2/Htra1/Pou2f2/Ddit4/Irak3/Ikbke/Trim35/Acod1/Ccl5",9
"GO:0061844","BP","GO:0061844","antimicrobial humoral immune response mediated by antimicrobial peptide","6/119","151/28891",3.93832663474078e-05,0.00211582609155765,0.00164319331153307,"Reg3b/Reg3g/Pglyrp1/Cxcl13/Dmbt1/S100a9",6
"GO:0046209","BP","GO:0046209","nitric oxide metabolic process","5/119","92/28891",4.02496480142072e-05,0.00211582609155765,0.00164319331153307,"Acp5/Sod2/Nos2/Mmp8/Klf2",5
"GO:0018119","BP","GO:0018119","peptidyl-cysteine S-nitrosylation","3/119","17/28891",4.44184314357873e-05,0.00222592706598601,0.00172869995383029,"S100a8/S100a9/Nos2",3
"GO:2001057","BP","GO:2001057","reactive nitrogen species metabolic process","5/119","94/28891",4.46329848706707e-05,0.00222592706598601,0.00172869995383029,"Acp5/Sod2/Nos2/Mmp8/Klf2",5
"GO:0017014","BP","GO:0017014","protein nitrosylation","3/119","18/28891",5.31419841674809e-05,0.00258402898014376,0.00200680913895619,"S100a8/S100a9/Nos2",3
"GO:0050679","BP","GO:0050679","positive regulation of epithelial cell proliferation","7/119","235/28891",5.57287748013303e-05,0.00264371870703872,0.00205316538741743,"Ecm1/Reg3g/Lrg1/Htra1/C5ar1/Id1/Ccl5",7
"GO:0018198","BP","GO:0018198","peptidyl-cysteine modification","4/119","51/28891",5.88743380961709e-05,0.00272644256183458,0.00211741040521317,"S100a8/S100a9/Nos2/Zdhhc6",4
"GO:0070486","BP","GO:0070486","leukocyte aggregation","3/119","19/28891",6.29165523330156e-05,0.00284587661134222,0.00221016530227362,"S100a8/Rac2/S100a9",3
"GO:0050921","BP","GO:0050921","positive regulation of chemotaxis","6/119","165/28891",6.45380413491627e-05,0.0028528747823664,0.00221560022335044,"Rac2/Cxcl13/Fpr2/C5ar1/F7/Ccl5",6
"GO:0097530","BP","GO:0097530","granulocyte migration","6/119","167/28891",6.89918257236253e-05,0.00298198002294336,0.0023158659628866,"S100a8/Rac2/Cxcl13/S100a9/C5ar1/Ccl5",6
"GO:0030856","BP","GO:0030856","regulation of epithelial cell differentiation","6/119","173/28891",8.38435040280544e-05,0.00350703314448105,0.00272363283037765,"Reg3b/Reg3g/Dmbt1/Id1/Klf7/Xdh",6
"GO:0035821","BP","GO:0035821","modulation of process of another organism","3/119","21/28891",8.5838187446101e-05,0.00350703314448105,0.00272363283037765,"S100a9/Slpi/Nos2",3
"GO:1903034","BP","GO:1903034","regulation of response to wounding","6/119","174/28891",8.65488899409204e-05,0.00350703314448105,0.00272363283037765,"Reg3b/Reg3g/S100a9/Cldn3/F7/Tspan8",6
"GO:0030857","BP","GO:0030857","negative regulation of epithelial cell differentiation","4/119","60/28891",0.00011164894130131,0.00443177940471528,0.00344180946868701,"Reg3b/Reg3g/Id1/Xdh",4
"GO:0052547","BP","GO:0052547","regulation of peptidase activity","9/119","457/28891",0.0001193955745746,0.00464448785095192,0.00360700314767474,"Ecm1/Ctsl/Ctsd/S100a8/S100a9/Slpi/Cldn3/Atp13a2/Xdh",9
"GO:0007219","BP","GO:0007219","Notch signaling pathway","6/119","187/28891",0.000128486242397876,0.00484107285335511,0.00375967503426578,"Grip2/Psen2/Mmp14/Hp/Cfd/Dtx2",6
"GO:0002791","BP","GO:0002791","regulation of peptide secretion","7/119","269/28891",0.000129427140552425,0.00484107285335511,0.00375967503426578,"Cd38/S100a8/S100a9/Nos2/Klf7/Ccl5/Cacna1d",7
"GO:0090303","BP","GO:0090303","positive regulation of wound healing","4/119","63/28891",0.000135092496254156,0.00487971901801107,0.00378968842692241,"Reg3g/S100a9/Cldn3/F7",4
"GO:0090087","BP","GO:0090087","regulation of peptide transport","7/119","271/28891",0.000135478060140153,0.00487971901801107,0.00378968842692241,"Cd38/S100a8/S100a9/Nos2/Klf7/Ccl5/Cacna1d",7
"GO:0050873","BP","GO:0050873","brown fat cell differentiation","4/119","65/28891",0.000152577505199798,0.00530037592829646,0.00411637908651355,"Lrg1/Fabp4/Mrap/Selenbp1",4
"GO:0010952","BP","GO:0010952","positive regulation of peptidase activity","6/119","193/28891",0.000152607224670746,0.00530037592829646,0.00411637908651355,"Ctsl/Ctsd/S100a8/S100a9/Cldn3/Xdh",6
"GO:0045862","BP","GO:0045862","positive regulation of proteolysis","8/119","372/28891",0.00015877116967612,0.00541771798280795,0.00420750929797289,"Ctsl/Ctsd/S100a8/Psen2/S100a9/Mmp14/Cldn3/Xdh",8
"GO:0006956","BP","GO:0006956","complement activation","4/119","67/28891",0.000171642433058856,0.00575594021205993,0.00447017951795751,"Igha/Cfd/Cfp/C1rl",4
"GO:0061041","BP","GO:0061041","regulation of wound healing","5/119","128/28891",0.000192486376474853,0.00634552546175573,0.00492806334061398,"Reg3g/S100a9/Cldn3/F7/Tspan8",5
"GO:0006801","BP","GO:0006801","superoxide metabolic process","4/119","70/28891",0.000203383668620902,0.00659302059112756,0.00512027306089463,"Acp5/Fpr2/Sod2/Nos2",4
"GO:0071675","BP","GO:0071675","regulation of mononuclear cell migration","5/119","130/28891",0.000206901954967569,0.00659711971167084,0.00512345652076724,"Ecm1/Cxcl13/Fpr2/C5ar1/Ccl5",5
"GO:0050818","BP","GO:0050818","regulation of coagulation","4/119","71/28891",0.000214844452686548,0.00673987839476347,0.00523432579974865,"Psen2/S100a9/F7/Tspan8",4
"GO:0050820","BP","GO:0050820","positive regulation of coagulation","3/119","29/28891",0.00023022779304132,0.00710782630897409,0.00552008158754043,"Psen2/S100a9/F7",3
"GO:0006879","BP","GO:0006879","intracellular iron ion homeostasis","4/119","74/28891",0.000252016904430174,0.00740606304877454,0.00575169826815937,"Fth1/Lcn2/Iscu/Atp13a2",4
"GO:0045428","BP","GO:0045428","regulation of nitric oxide biosynthetic process","4/119","74/28891",0.000252016904430174,0.00740606304877454,0.00575169826815937,"Acp5/Sod2/Mmp8/Klf2",4
"GO:0098869","BP","GO:0098869","cellular oxidant detoxification","3/119","30/28891",0.000255041777678366,0.00740606304877454,0.00575169826815937,"Gpx3/Gpx2/Sod2",3
"GO:0009636","BP","GO:0009636","response to toxic substance","5/119","136/28891",0.000255118881371668,0.00740606304877454,0.00575169826815937,"Lcn2/Gpx3/Gpx2/Sod2/Ccl5",5
"GO:0048771","BP","GO:0048771","tissue remodeling","6/119","215/28891",0.000273259416233145,0.00781602300843333,0.00607008145966815,"Acp5/Cd38/Fcgr4/Rac2/Mmp14/Nos2",6
"GO:1905523","BP","GO:1905523","positive regulation of macrophage migration","3/119","31/28891",0.000281521331960414,0.00793563754584065,0.00616297652727985,"C5ar1/Mmp14/Ccl5",3
"GO:0080164","BP","GO:0080164","regulation of nitric oxide metabolic process","4/119","77/28891",0.000293600940170183,0.00815791183758579,0.00633559923525131,"Acp5/Sod2/Mmp8/Klf2",4
"GO:1903036","BP","GO:1903036","positive regulation of response to wounding","4/119","80/28891",0.000339891139859125,0.00931110235247885,0.00723119029944914,"Reg3g/S100a9/Cldn3/F7",4
"GO:0071695","BP","GO:0071695","anatomical structure maturation","7/119","317/28891",0.000351664721658207,0.0093680262971551,0.00727539858553244,"Grip2/Ctsl/Psen2/Pou2f2/Fam20c/Slc26a3/Klf2",7
"GO:0045453","BP","GO:0045453","bone resorption","4/119","81/28891",0.000356418481228523,0.0093680262971551,0.00727539858553244,"Acp5/Cd38/Fcgr4/Rac2",4
"GO:0071347","BP","GO:0071347","cellular response to interleukin-1","4/119","81/28891",0.000356418481228523,0.0093680262971551,0.00727539858553244,"Saa3/Irak3/Acod1/Ccl5",4
"GO:0002790","BP","GO:0002790","peptide secretion","7/119","329/28891",0.000439140955111136,0.0113883887692155,0.00884445292048393,"Cd38/S100a8/S100a9/Nos2/Klf7/Ccl5/Cacna1d",7
"GO:0141060","BP","GO:0141060","disruption of anatomical structure in another organism","5/119","156/28891",0.000479204046619018,0.0122638404036051,0.009524346355932,"Reg3b/Reg3g/Pglyrp1/Cxcl13/Nos2",5
"GO:0002757","BP","GO:0002757","immune response-activating signaling pathway","8/119","440/28891",0.000488465926795123,0.0123385224365781,0.00958234593234452,"Cd38/Fpr1/Reg3g/Psen2/Fpr2/C5ar1/Irak3/Acod1",8
"GO:0050920","BP","GO:0050920","regulation of chemotaxis","6/119","243/28891",0.000523245397180034,0.0130475935578867,0.0101330248981559,"Rac2/Cxcl13/Fpr2/C5ar1/F7/Ccl5",6
"GO:0014002","BP","GO:0014002","astrocyte development","3/119","39/28891",0.000558803699338496,0.0135903002357559,0.0105545018743389,"S100a8/S100a9/C5ar1",3
"GO:0015833","BP","GO:0015833","peptide transport","7/119","343/28891",0.000562313723091089,0.0135903002357559,0.0105545018743389,"Cd38/S100a8/S100a9/Nos2/Klf7/Ccl5/Cacna1d",7
"GO:0002764","BP","GO:0002764","immune response-regulating signaling pathway","8/119","450/28891",0.00056597137228598,0.0135903002357559,0.0105545018743389,"Cd38/Fpr1/Reg3g/Psen2/Fpr2/C5ar1/Irak3/Acod1",8
"GO:0030574","BP","GO:0030574","collagen catabolic process","3/119","40/28891",0.000602304307818416,0.0141142395024918,0.0109614036996757,"Ctsl/Mmp14/Mmp8",3
"GO:0051349","BP","GO:0051349","positive regulation of lyase activity","3/119","40/28891",0.000602304307818416,0.0141142395024918,0.0109614036996757,"Iscu/Nos2/Cacna1d",3
"GO:1903035","BP","GO:1903035","negative regulation of response to wounding","4/119","94/28891",0.000626984559107476,0.0145176781840957,0.0112747223348274,"Reg3b/Reg3g/Cldn3/Tspan8",4
"GO:1901136","BP","GO:1901136","carbohydrate derivative catabolic process","5/119","166/28891",0.000635327660331692,0.0145377917570017,0.0112903429421174,"Ctsl/Pglyrp1/Chil3/Upp1/Xdh",5
"GO:0050729","BP","GO:0050729","positive regulation of inflammatory response","5/119","167/28891",0.000652807161399843,0.0147640689409616,0.0114660743770964,"S100a8/S100a9/Fabp4/Mmp8/Ccl5",5
"GO:0010959","BP","GO:0010959","regulation of metal ion transport","8/119","461/28891",0.000662437190268317,0.0148096590238147,0.0115014805569877,"Lcn2/Psen2/Slc31a2/Iscu/Glrx/Fxyd4/Ccl5/Cacna1d",8
"GO:0070555","BP","GO:0070555","response to interleukin-1","4/119","96/28891",0.000678702093066417,0.0150008587615248,0.0116499701381616,"Saa3/Irak3/Acod1/Ccl5",4
"GO:0042119","BP","GO:0042119","neutrophil activation","3/119","42/28891",0.000695662316834826,0.0152029573735251,0.0118069240054166,"Pla2g2a/Fcgr4/Ccl5",3
"GO:0033212","BP","GO:0033212","iron import into cell","2/119","10/28891",0.000740880658138402,0.0158353063744966,0.0122980190217306,"Lcn2/Iscu",2
"GO:0042439","BP","GO:0042439","ethanolamine-containing compound metabolic process","2/119","10/28891",0.000740880658138402,0.0158353063744966,0.0122980190217306,"Gdpd1/Gde1",2
"GO:1904062","BP","GO:1904062","regulation of monoatomic cation transmembrane transport","7/119","367/28891",0.000836172087681217,0.0176777685928257,0.0137289124235989,"Lcn2/Psen2/Slc31a2/Iscu/Glrx/Fxyd4/Cacna1d",7
"GO:0050918","BP","GO:0050918","positive chemotaxis","3/119","45/28891",0.000852191318163654,0.0178227109013797,0.0138414775502529,"Saa3/Fpr2/F7",3
"GO:0050817","BP","GO:0050817","coagulation","5/119","178/28891",0.000869737352251731,0.0179961611715917,0.013976182536184,"Psen2/S100a9/Mertk/F7/Tspan8",5
"GO:0000041","BP","GO:0000041","transition metal ion transport","4/119","103/28891",0.000883559632157645,0.0180393073282899,0.0140096907136226,"Fth1/Lcn2/Slc31a2/Iscu",4
"GO:0045602","BP","GO:0045602","negative regulation of endothelial cell differentiation","2/119","11/28891",0.000903082034847587,0.0180393073282899,0.0140096907136226,"Id1/Xdh",2
"GO:0045444","BP","GO:0045444","fat cell differentiation","6/119","270/28891",0.000905830597504075,0.0180393073282899,0.0140096907136226,"Lrg1/Wfdc21/Sod2/Fabp4/Mrap/Selenbp1",6
"GO:0042554","BP","GO:0042554","superoxide anion generation","3/119","46/28891",0.000908921397517951,0.0180393073282899,0.0140096907136226,"Acp5/Fpr2/Sod2",3
"GO:0032635","BP","GO:0032635","interleukin-6 production","5/119","182/28891",0.000960592472602131,0.0188722460526378,0.0146565677637858,"Psen2/Pou2f2/Irak3/Nos2/Klf2",5
"GO:0046849","BP","GO:0046849","bone remodeling","4/119","108/28891",0.0010542169138927,0.0198735416235819,0.0154341941441429,"Acp5/Cd38/Fcgr4/Rac2",4
"GO:0071356","BP","GO:0071356","cellular response to tumor necrosis factor","5/119","186/28891",0.00105832546022396,0.0198735416235819,0.0154341941441429,"Pid1/Fabp4/Mmp8/Acod1/Ccl5",5
"GO:0014824","BP","GO:0014824","artery smooth muscle contraction","2/119","12/28891",0.00108078071968536,0.0198735416235819,0.0154341941441429,"Grip2/Cd38",2
"GO:0033632","BP","GO:0033632","regulation of cell-cell adhesion mediated by integrin","2/119","12/28891",0.00108078071968536,0.0198735416235819,0.0154341941441429,"Cxcl13/Ccl5",2
"GO:0045617","BP","GO:0045617","negative regulation of keratinocyte differentiation","2/119","12/28891",0.00108078071968536,0.0198735416235819,0.0154341941441429,"Reg3b/Reg3g",2
"GO:0106015","BP","GO:0106015","negative regulation of inflammatory response to wounding","2/119","12/28891",0.00108078071968536,0.0198735416235819,0.0154341941441429,"Reg3b/Reg3g",2
"GO:0002274","BP","GO:0002274","myeloid leukocyte activation","6/119","280/28891",0.00109215622153926,0.0198735416235819,0.0154341941441429,"Pla2g2a/Fcgr4/Rac2/C5ar1/Mmp8/Ccl5",6
"GO:1905521","BP","GO:1905521","regulation of macrophage migration","3/119","49/28891",0.00109330023327674,0.0198735416235819,0.0154341941441429,"C5ar1/Mmp14/Ccl5",3
"GO:0010837","BP","GO:0010837","regulation of keratinocyte proliferation","3/119","50/28891",0.00115961114780146,0.0205786584890896,0.0159818021549688,"Ctsl/Reg3g/Lrg1",3
"GO:0006979","BP","GO:0006979","response to oxidative stress","7/119","389/28891",0.00117112999091325,0.0205786584890896,0.0159818021549688,"Reg3b/Lcn2/Cd38/Gpx3/Gpx2/Sod2/Atp13a2",7
"GO:0021700","BP","GO:0021700","developmental maturation","7/119","389/28891",0.00117112999091325,0.0205786584890896,0.0159818021549688,"Grip2/Ctsl/Psen2/Pou2f2/Fam20c/Slc26a3/Klf2",7
"GO:0002429","BP","GO:0002429","immune response-activating cell surface receptor signaling pathway","6/119","284/28891",0.00117441187264213,0.0205786584890896,0.0159818021549688,"Cd38/Fpr1/Psen2/Fpr2/C5ar1/Acod1",6
"GO:0036230","BP","GO:0036230","granulocyte activation","3/119","51/28891",0.00122840719840804,0.0209583508851197,0.0162766789447419,"Pla2g2a/Fcgr4/Ccl5",3
"GO:0045429","BP","GO:0045429","positive regulation of nitric oxide biosynthetic process","3/119","51/28891",0.00122840719840804,0.0209583508851197,0.0162766789447419,"Sod2/Mmp8/Klf2",3
"GO:2000404","BP","GO:2000404","regulation of T cell migration","3/119","51/28891",0.00122840719840804,0.0209583508851197,0.0162766789447419,"Ecm1/Cxcl13/Ccl5",3
"GO:0034756","BP","GO:0034756","regulation of iron ion transport","2/119","13/28891",0.00127384845647947,0.0215446543291528,0.016732014050783,"Lcn2/Iscu",2
"GO:0010934","BP","GO:0010934","macrophage cytokine production","3/119","52/28891",0.00129972324587528,0.0216946041124573,0.0168484680835482,"Acp5/Psen2/Irak3",3
"GO:0001659","BP","GO:0001659","temperature homeostasis","5/119","195/28891",0.00130502245817866,0.0216946041124573,0.0168484680835482,"Lcn2/Gpx2/Fabp4/Id1/Ccl5",5
"GO:1904407","BP","GO:1904407","positive regulation of nitric oxide metabolic process","3/119","53/28891",0.00137359360423227,0.0224507526069896,0.0174357082890164,"Sod2/Mmp8/Klf2",3
"GO:1990748","BP","GO:1990748","cellular detoxification","3/119","53/28891",0.00137359360423227,0.0224507526069896,0.0174357082890164,"Gpx3/Gpx2/Sod2",3
"GO:0002768","BP","GO:0002768","immune response-regulating cell surface receptor signaling pathway","6/119","294/28891",0.00140086052506928,0.02252185044749,0.0174909243091047,"Cd38/Fpr1/Psen2/Fpr2/C5ar1/Acod1",6
"GO:0071674","BP","GO:0071674","mononuclear cell migration","5/119","199/28891",0.00142732023557077,0.02252185044749,0.0174909243091047,"Ecm1/Cxcl13/Fpr2/C5ar1/Ccl5",5
"GO:0002551","BP","GO:0002551","mast cell chemotaxis","2/119","14/28891",0.00148215776723842,0.02252185044749,0.0174909243091047,"Rac2/Ccl5",2
"GO:0006957","BP","GO:0006957","complement activation, alternative pathway","2/119","14/28891",0.00148215776723842,0.02252185044749,0.0174909243091047,"Cfd/Cfp",2
"GO:0010820","BP","GO:0010820","positive regulation of T cell chemotaxis","2/119","14/28891",0.00148215776723842,0.02252185044749,0.0174909243091047,"Cxcl13/Ccl5",2
"GO:0010936","BP","GO:0010936","negative regulation of macrophage cytokine production","2/119","14/28891",0.00148215776723842,0.02252185044749,0.0174909243091047,"Acp5/Irak3",2
"GO:0014820","BP","GO:0014820","tonic smooth muscle contraction","2/119","14/28891",0.00148215776723842,0.02252185044749,0.0174909243091047,"Grip2/Cd38",2
"GO:0032494","BP","GO:0032494","response to peptidoglycan","2/119","14/28891",0.00148215776723842,0.02252185044749,0.0174909243091047,"C5ar1/Irak3",2
"GO:0106014","BP","GO:0106014","regulation of inflammatory response to wounding","2/119","14/28891",0.00148215776723842,0.02252185044749,0.0174909243091047,"Reg3b/Reg3g",2
"GO:0007204","BP","GO:0007204","positive regulation of cytosolic calcium ion concentration","5/119","202/28891",0.00152444065581462,0.0229847835314685,0.0178504474997469,"Cd38/Fpr1/Cxcl13/Fpr2/C5ar1",5
"GO:0032963","BP","GO:0032963","collagen metabolic process","4/119","123/28891",0.0017034664951151,0.0247563946930586,0.0192263165387845,"Ctsl/Mmp14/Id1/Mmp8",4
"GO:0010819","BP","GO:0010819","regulation of T cell chemotaxis","2/119","15/28891",0.00170558194800506,0.0247563946930586,0.0192263165387845,"Cxcl13/Ccl5",2
"GO:0010838","BP","GO:0010838","positive regulation of keratinocyte proliferation","2/119","15/28891",0.00170558194800506,0.0247563946930586,0.0192263165387845,"Reg3g/Lrg1",2
"GO:0015846","BP","GO:0015846","polyamine transport","2/119","15/28891",0.00170558194800506,0.0247563946930586,0.0192263165387845,"Pou2f2/Atp13a2",2
"GO:1903543","BP","GO:1903543","positive regulation of exosomal secretion","2/119","15/28891",0.00170558194800506,0.0247563946930586,0.0192263165387845,"Sdc4/Atp13a2",2
"GO:0045765","BP","GO:0045765","regulation of angiogenesis","6/119","307/28891",0.00174339917153826,0.0251178621380883,0.0195070394632157,"Ecm1/Lrg1/C5ar1/Id1/Ccl5/Klf2",6
"GO:0045604","BP","GO:0045604","regulation of epidermal cell differentiation","3/119","58/28891",0.0017824233676328,0.0254912753679837,0.0197970397256429,"Reg3b/Reg3g/Klf7",3
"GO:1901342","BP","GO:1901342","regulation of vasculature development","6/119","311/28891",0.00186061237049005,0.0264152632160814,0.0205146273657566,"Ecm1/Lrg1/C5ar1/Id1/Ccl5/Klf2",6
"GO:0071222","BP","GO:0071222","cellular response to lipopolysaccharide","6/119","312/28891",0.00189082780056039,0.0265408289075386,0.0206121442198988,"Fcgr4/Cxcl13/Irak3/Nos2/Mmp8/Acod1",6
"GO:0050764","BP","GO:0050764","regulation of phagocytosis","4/119","127/28891",0.0019148765528725,0.0265408289075386,0.0206121442198988,"Siglece/Fpr2/Mertk/Cfp",4
"GO:0042454","BP","GO:0042454","ribonucleoside catabolic process","2/119","16/28891",0.00194399506473082,0.0265408289075386,0.0206121442198988,"Upp1/Xdh",2
"GO:0001818","BP","GO:0001818","negative regulation of cytokine production","6/119","314/28891",0.00195237366872958,0.0265408289075386,0.0206121442198988,"Acp5/Pglyrp1/Mertk/Irak3/Acod1/Klf2",6
"GO:0006826","BP","GO:0006826","iron ion transport","3/119","60/28891",0.00196497653608512,0.0265408289075386,0.0206121442198988,"Fth1/Lcn2/Iscu",3
"GO:0051339","BP","GO:0051339","regulation of lyase activity","3/119","60/28891",0.00196497653608512,0.0265408289075386,0.0206121442198988,"Iscu/Nos2/Cacna1d",3
"GO:0097237","BP","GO:0097237","cellular response to toxic substance","3/119","60/28891",0.00196497653608512,0.0265408289075386,0.0206121442198988,"Gpx3/Gpx2/Sod2",3
"GO:0043280","BP","GO:0043280","positive regulation of cysteine-type endopeptidase activity involved in apoptotic process","4/119","130/28891",0.0020848886956148,0.0279662656066951,0.0217191671739183,"Ctsd/S100a8/S100a9/Xdh",4
"GO:0042886","BP","GO:0042886","amide transport","7/119","432/28891",0.00212349702045992,0.0282890527725654,0.0219698502116798,"Cd38/S100a8/S100a9/Nos2/Klf7/Ccl5/Cacna1d",7
"GO:0060263","BP","GO:0060263","regulation of respiratory burst","2/119","17/28891",0.00219727194917016,0.0286825096720534,0.0222754167930708,"Jchain/Rac2",2
"GO:0097531","BP","GO:0097531","mast cell migration","2/119","17/28891",0.00219727194917016,0.0286825096720534,0.0222754167930708,"Rac2/Ccl5",2
"GO:1903541","BP","GO:1903541","regulation of exosomal secretion","2/119","17/28891",0.00219727194917016,0.0286825096720534,0.0222754167930708,"Sdc4/Atp13a2",2
"GO:0071219","BP","GO:0071219","cellular response to molecule of bacterial origin","6/119","322/28891",0.00221385630229484,0.0287063367197564,0.0222939213599515,"Fcgr4/Cxcl13/Irak3/Nos2/Mmp8/Acod1",6
"GO:0050796","BP","GO:0050796","regulation of insulin secretion","5/119","221/28891",0.00225639630510985,0.0290641775724414,0.0225718277994607,"Cd38/Nos2/Klf7/Ccl5/Cacna1d",5
"GO:0050829","BP","GO:0050829","defense response to Gram-negative bacterium","4/119","134/28891",0.00232742213785206,0.029781816171857,0.0231291604419509,"Reg3b/Lypd8/Reg3g/Dmbt1",4
"GO:0043616","BP","GO:0043616","keratinocyte proliferation","3/119","64/28891",0.00236403254059221,0.0300385609074122,0.023328553593363,"Ctsl/Reg3g/Lrg1",3
"GO:0097193","BP","GO:0097193","intrinsic apoptotic signaling pathway","6/119","327/28891",0.0023901969091884,0.0300385609074122,0.023328553593363,"S100a8/S100a9/Grina/Sod2/Ddit4/Ikbke",6
"GO:0033631","BP","GO:0033631","cell-cell adhesion mediated by integrin","2/119","18/28891",0.00246528819479549,0.0300385609074122,0.023328553593363,"Cxcl13/Ccl5",2
"GO:0045605","BP","GO:0045605","negative regulation of epidermal cell differentiation","2/119","18/28891",0.00246528819479549,0.0300385609074122,0.023328553593363,"Reg3b/Reg3g",2
"GO:0045683","BP","GO:0045683","negative regulation of epidermis development","2/119","18/28891",0.00246528819479549,0.0300385609074122,0.023328553593363,"Reg3b/Reg3g",2
"GO:0140131","BP","GO:0140131","positive regulation of lymphocyte chemotaxis","2/119","18/28891",0.00246528819479549,0.0300385609074122,0.023328553593363,"Cxcl13/Ccl5",2
"GO:0045682","BP","GO:0045682","regulation of epidermis development","3/119","65/28891",0.00247103842940152,0.0300385609074122,0.023328553593363,"Reg3b/Reg3g/Klf7",3
"GO:0071622","BP","GO:0071622","regulation of granulocyte chemotaxis","3/119","65/28891",0.00247103842940152,0.0300385609074122,0.023328553593363,"Rac2/C5ar1/Ccl5",3
"GO:0003158","BP","GO:0003158","endothelium development","4/119","137/28891",0.00252160059645471,0.0304628146590336,0.0236580376326414,"Lcn2/Id1/Cldn3/Xdh",4
"GO:0050708","BP","GO:0050708","regulation of protein secretion","6/119","331/28891",0.00253872819798497,0.0304804095375357,0.023671702170945,"Cd38/Nos2/Atp13a2/Klf7/Ccl5/Cacna1d",6
"GO:0030193","BP","GO:0030193","regulation of blood coagulation","3/119","66/28891",0.00258099705328577,0.0306099955404928,0.0237723412802636,"S100a9/F7/Tspan8",3
"GO:2000401","BP","GO:2000401","regulation of lymphocyte migration","3/119","66/28891",0.00258099705328577,0.0306099955404928,0.0237723412802636,"Ecm1/Cxcl13/Ccl5",3
"GO:0019221","BP","GO:0019221","cytokine-mediated signaling pathway","7/119","450/28891",0.00266571693958101,0.0314231481665761,0.024403852046563,"Ecm1/Cxcl13/Ebi3/Irak3/Mmp8/Ikbke/Ccl5",7
"GO:1905517","BP","GO:1905517","macrophage migration","3/119","67/28891",0.0026939355511089,0.0315644858247398,0.0245136177288603,"C5ar1/Mmp14/Ccl5",3
"GO:0015701","BP","GO:0015701","bicarbonate transport","2/119","19/28891",0.00274792015273225,0.0318137184349061,0.0247071768118469,"Car4/Slc26a3",2
"GO:0032695","BP","GO:0032695","negative regulation of interleukin-12 production","2/119","19/28891",0.00274792015273225,0.0318137184349061,0.0247071768118469,"Acp5/Irak3",2
"GO:1900046","BP","GO:1900046","regulation of hemostasis","3/119","68/28891",0.00280988058222557,0.0323385664640753,0.025114784400459,"S100a9/F7/Tspan8",3
"GO:0061082","BP","GO:0061082","myeloid leukocyte cytokine production","3/119","69/28891",0.00292885833072088,0.0332406248784787,0.0258153411990891,"Acp5/Psen2/Irak3",3
"GO:0072678","BP","GO:0072678","T cell migration","3/119","69/28891",0.00292885833072088,0.0332406248784787,0.0258153411990891,"Ecm1/Cxcl13/Ccl5",3
"GO:0048469","BP","GO:0048469","cell maturation","5/119","235/28891",0.00293953083758269,0.0332406248784787,0.0258153411990891,"Grip2/Pou2f2/Fam20c/Slc26a3/Klf2",5
"GO:0009159","BP","GO:0009159","deoxyribonucleoside monophosphate catabolic process","2/119","20/28891",0.00304504492771408,0.0340380022092178,0.0264346005521459,"Upp1/Xdh",2
"GO:0060081","BP","GO:0060081","membrane hyperpolarization","2/119","20/28891",0.00304504492771408,0.0340380022092178,0.0264346005521459,"Sod2/Slc26a3",2
"GO:0001959","BP","GO:0001959","regulation of cytokine-mediated signaling pathway","4/119","146/28891",0.00317044978703345,0.0350985678412992,0.0272582572600538,"Ecm1/Irak3/Mmp8/Ikbke",4
"GO:0098754","BP","GO:0098754","detoxification","3/119","71/28891",0.00317601436507386,0.0350985678412992,0.0272582572600538,"Gpx3/Gpx2/Sod2",3
"GO:0009895","BP","GO:0009895","negative regulation of catabolic process","6/119","349/28891",0.00329460584763951,0.0360000470430272,0.0279583642304122,"Psen2/Ddit4/Cirbp/Irak3/Nos2/Ikbke",6
"GO:0071216","BP","GO:0071216","cellular response to biotic stimulus","6/119","349/28891",0.00329460584763951,0.0360000470430272,0.0279583642304122,"Fcgr4/Cxcl13/Irak3/Nos2/Mmp8/Acod1",6
"GO:2001056","BP","GO:2001056","positive regulation of cysteine-type endopeptidase activity","4/119","148/28891",0.00332870310997789,0.0360689007046573,0.0280118373758264,"Ctsd/S100a8/S100a9/Xdh",4
"GO:1901623","BP","GO:1901623","regulation of lymphocyte chemotaxis","2/119","21/28891",0.00335654037405808,0.0360689007046573,0.0280118373758264,"Cxcl13/Ccl5",2
"GO:1990182","BP","GO:1990182","exosomal secretion","2/119","21/28891",0.00335654037405808,0.0360689007046573,0.0280118373758264,"Sdc4/Atp13a2",2
"GO:0009158","BP","GO:0009158","ribonucleoside monophosphate catabolic process","2/119","22/28891",0.00368228509165994,0.0382997032260887,0.0297443237069069,"Upp1/Xdh",2
"GO:0009164","BP","GO:0009164","nucleoside catabolic process","2/119","22/28891",0.00368228509165994,0.0382997032260887,0.0297443237069069,"Upp1/Xdh",2
"GO:0030810","BP","GO:0030810","positive regulation of nucleotide biosynthetic process","2/119","22/28891",0.00368228509165994,0.0382997032260887,0.0297443237069069,"Pid1/Nos2",2
"GO:0044851","BP","GO:0044851","hair cycle phase","2/119","22/28891",0.00368228509165994,0.0382997032260887,0.0297443237069069,"Ctsl/Psen2",2
"GO:0097734","BP","GO:0097734","extracellular exosome biogenesis","2/119","22/28891",0.00368228509165994,0.0382997032260887,0.0297443237069069,"Sdc4/Atp13a2",2
"GO:1900373","BP","GO:1900373","positive regulation of purine nucleotide biosynthetic process","2/119","22/28891",0.00368228509165994,0.0382997032260887,0.0297443237069069,"Pid1/Nos2",2
"GO:0001936","BP","GO:0001936","regulation of endothelial cell proliferation","4/119","153/28891",0.00374770555781036,0.0385676577245563,0.0299524225867884,"Pla2g2a/Ecm1/Lrg1/Xdh",4
"GO:0002793","BP","GO:0002793","positive regulation of peptide secretion","4/119","153/28891",0.00374770555781036,0.0385676577245563,0.0299524225867884,"Cd38/S100a8/S100a9/Cacna1d",4
"GO:0060759","BP","GO:0060759","regulation of response to cytokine stimulus","4/119","156/28891",0.00401554920105974,0.0409586289571066,0.0318092991765379,"Ecm1/Irak3/Mmp8/Ikbke",4
"GO:0010818","BP","GO:0010818","T cell chemotaxis","2/119","23/28891",0.00402215842200892,0.0409586289571066,0.0318092991765379,"Cxcl13/Ccl5",2
"GO:0006919","BP","GO:0006919","activation of cysteine-type endopeptidase activity involved in apoptotic process","3/119","78/28891",0.00414022083398586,0.0419412995942839,0.0325724610568515,"S100a8/S100a9/Xdh",3
"GO:0034765","BP","GO:0034765","regulation of monoatomic ion transmembrane transport","7/119","490/28891",0.00424854412808898,0.0428156390110521,0.0332514907216126,"Lcn2/Psen2/Slc31a2/Iscu/Glrx/Fxyd4/Cacna1d",7
"GO:0033630","BP","GO:0033630","positive regulation of cell adhesion mediated by integrin","2/119","24/28891",0.00437604044422269,0.0432050693604727,0.0335539302028296,"Cxcl13/Ccl5",2
"GO:0050872","BP","GO:0050872","white fat cell differentiation","2/119","24/28891",0.00437604044422269,0.0432050693604727,0.0335539302028296,"Wfdc21/Fabp4",2
"GO:0140112","BP","GO:0140112","extracellular vesicle biogenesis","2/119","24/28891",0.00437604044422269,0.0432050693604727,0.0335539302028296,"Sdc4/Atp13a2",2
"GO:1903428","BP","GO:1903428","positive regulation of reactive oxygen species biosynthetic process","2/119","24/28891",0.00437604044422269,0.0432050693604727,0.0335539302028296,"Lcn2/Sod2",2
"GO:0009125","BP","GO:0009125","nucleoside monophosphate catabolic process","2/119","25/28891",0.00474381197110156,0.0463164873554164,0.0359703203112014,"Upp1/Xdh",2
"GO:0010759","BP","GO:0010759","positive regulation of macrophage chemotaxis","2/119","25/28891",0.00474381197110156,0.0463164873554164,0.0359703203112014,"C5ar1/Ccl5",2
"GO:0071677","BP","GO:0071677","positive regulation of mononuclear cell migration","3/119","82/28891",0.0047626208077549,0.0463164873554164,0.0359703203112014,"Cxcl13/Fpr2/Ccl5",3
"GO:0090276","BP","GO:0090276","regulation of peptide hormone secretion","5/119","264/28891",0.00481146554464464,0.0465587088772827,0.0361584344412938,"Cd38/Nos2/Klf7/Ccl5/Cacna1d",5
"GO:0016485","BP","GO:0016485","protein processing","5/119","266/28891",0.00496575673779369,0.0475783096305849,0.036950276996287,"Psen2/Mmp14/Cpd/C1rl/F7",5
"GO:0030073","BP","GO:0030073","insulin secretion","5/119","266/28891",0.00496575673779369,0.0475783096305849,0.036950276996287,"Cd38/Nos2/Klf7/Ccl5/Cacna1d",5
"GO:0030194","BP","GO:0030194","positive regulation of blood coagulation","2/119","26/28891",0.00512535454520262,0.0483923038369859,0.0375824413508726,"S100a9/F7",2
"GO:0046386","BP","GO:0046386","deoxyribose phosphate catabolic process","2/119","26/28891",0.00512535454520262,0.0483923038369859,0.0375824413508726,"Upp1/Xdh",2
"GO:1900048","BP","GO:1900048","positive regulation of hemostasis","2/119","26/28891",0.00512535454520262,0.0483923038369859,0.0375824413508726,"S100a9/F7",2
"GO:0150076","BP","GO:0150076","neuroinflammatory response","3/119","85/28891",0.00526454010149517,0.0494663309053532,0.0384165524823065,"Psen2/C5ar1/Mmp8",3
"GO:0010950","BP","GO:0010950","positive regulation of endopeptidase activity","4/119","169/28891",0.00532610574600641,0.0497105120182624,0.0386061884704135,"Ctsd/S100a8/S100a9/Xdh",4
"GO:0002523","BP","GO:0002523","leukocyte migration involved in inflammatory response","2/119","27/28891",0.005520550434933,0.0497105120182624,0.0386061884704135,"S100a8/S100a9",2
"GO:0009264","BP","GO:0009264","deoxyribonucleotide catabolic process","2/119","27/28891",0.005520550434933,0.0497105120182624,0.0386061884704135,"Upp1/Xdh",2
"GO:0016226","BP","GO:0016226","iron-sulfur cluster assembly","2/119","27/28891",0.005520550434933,0.0497105120182624,0.0386061884704135,"Iscu/Xdh",2
"GO:0031163","BP","GO:0031163","metallo-sulfur cluster assembly","2/119","27/28891",0.005520550434933,0.0497105120182624,0.0386061884704135,"Iscu/Xdh",2
"GO:0034656","BP","GO:0034656","nucleobase-containing small molecule catabolic process","2/119","27/28891",0.005520550434933,0.0497105120182624,0.0386061884704135,"Upp1/Xdh",2
"GO:0035988","BP","GO:0035988","chondrocyte proliferation","2/119","27/28891",0.005520550434933,0.0497105120182624,0.0386061884704135,"Mmp14/Pbxip1",2
"GO:0045981","BP","GO:0045981","positive regulation of nucleotide metabolic process","2/119","27/28891",0.005520550434933,0.0497105120182624,0.0386061884704135,"Pid1/Nos2",2
"GO:1900544","BP","GO:1900544","positive regulation of purine nucleotide metabolic process","2/119","27/28891",0.005520550434933,0.0497105120182624,0.0386061884704135,"Pid1/Nos2",2
"GO:0019814","CC","GO:0019814","immunoglobulin complex","4/121","45/28573",3.9859298649454e-05,0.00821101552178753,0.00679705934864374,"Igkc/Igha/Jchain/Iglc2",4
"GO:0034364","CC","GO:0034364","high-density lipoprotein particle","3/121","35/28573",0.000439143178659566,0.0230987624372815,0.0191211012510966,"Saa3/Saa1/Hp",3
"GO:0034358","CC","GO:0034358","plasma lipoprotein particle","3/121","43/28573",0.000807862755587427,0.0230987624372815,0.0191211012510966,"Saa3/Saa1/Hp",3
"GO:1990777","CC","GO:1990777","lipoprotein particle","3/121","43/28573",0.000807862755587427,0.0230987624372815,0.0191211012510966,"Saa3/Saa1/Hp",3
"GO:0032994","CC","GO:0032994","protein-lipid complex","3/121","46/28573",0.000984571287485698,0.0230987624372815,0.0191211012510966,"Saa3/Saa1/Hp",3
"GO:0071748","CC","GO:0071748","monomeric IgA immunoglobulin complex","2/121","12/28573",0.00114170986231846,0.0230987624372815,0.0191211012510966,"Igha/Jchain",2
"GO:0030141","CC","GO:0030141","secretory granule","8/121","498/28573",0.00129986604353047,0.0230987624372815,0.0191211012510966,"Reg3b/Pla2g2a/Ctsl/Reg3g/Dmbt1/Cfp/Car4/Sprr2a3",8
"GO:0071735","CC","GO:0071735","IgG immunoglobulin complex","2/121","13/28573",0.00134555897692902,0.0230987624372815,0.0191211012510966,"Igkc/Iglc2",2
"GO:0071745","CC","GO:0071745","IgA immunoglobulin complex","2/121","13/28573",0.00134555897692902,0.0230987624372815,0.0191211012510966,"Igha/Jchain",2
"GO:0071746","CC","GO:0071746","IgA immunoglobulin complex, circulating","2/121","13/28573",0.00134555897692902,0.0230987624372815,0.0191211012510966,"Igha/Jchain",2
"GO:0071749","CC","GO:0071749","polymeric IgA immunoglobulin complex","2/121","13/28573",0.00134555897692902,0.0230987624372815,0.0191211012510966,"Igha/Jchain",2
"GO:0071751","CC","GO:0071751","secretory IgA immunoglobulin complex","2/121","13/28573",0.00134555897692902,0.0230987624372815,0.0191211012510966,"Igha/Jchain",2
"GO:0062023","CC","GO:0062023","collagen-containing extracellular matrix","7/121","396/28573",0.00152108952974742,0.0241034187021515,0.0199527533456747,"Reg3b/Ecm1/Ctsl/Ctsd/Reg3g/Dmbt1/Htra1",7
"GO:0042834","MF","GO:0042834","peptidoglycan binding","4/116","19/28407",9.75764843738089e-07,0.000186279426557057,0.000139238522165055,"Reg3b/Reg3g/Jchain/Pglyrp1",4
"GO:0016209","MF","GO:0016209","antioxidant activity","6/116","89/28407",1.79450328238279e-06,0.000186279426557057,0.000139238522165055,"S100a8/Gpx3/S100a9/Gpx2/Sod2/Hp",6
"GO:0004175","MF","GO:0004175","endopeptidase activity","11/116","436/28407",1.82032012922206e-06,0.000186279426557057,0.000139238522165055,"Ctsl/Ctsd/Psen2/Htra1/Mmp14/Hp/Cfd/Mmp8/Prss32/C1rl/F7",11
"GO:0005539","MF","GO:0005539","glycosaminoglycan binding","8/116","243/28407",7.3321374219597e-06,0.000562741547135407,0.000420633146838741,"Reg3b/Saa1/Reg3g/Jchain/Pglyrp1/Cxcl13/Dmbt1/Ccl5",8
"GO:0004252","MF","GO:0004252","serine-type endopeptidase activity","7/116","194/28407",1.54697973688313e-05,0.000949845558446241,0.000709982279243204,"Htra1/Hp/Cfd/Mmp8/Prss32/C1rl/F7",7
"GO:0004875","MF","GO:0004875","complement receptor activity","3/116","14/28407",2.33705417192522e-05,0.00116426401977907,0.000870253921864689,"Fpr1/Fpr2/C5ar1",3
"GO:0008236","MF","GO:0008236","serine-type peptidase activity","7/116","211/28407",2.65467366073403e-05,0.00116426401977907,0.000870253921864689,"Htra1/Hp/Cfd/Mmp8/Prss32/C1rl/F7",7
"GO:0017171","MF","GO:0017171","serine hydrolase activity","7/116","216/28407",3.08295025231371e-05,0.00118308215932538,0.000884319940795247,"Htra1/Hp/Cfd/Mmp8/Prss32/C1rl/F7",7
"GO:1901681","MF","GO:1901681","sulfur compound binding","7/116","301/28407",0.000243535457930128,0.00804121075440496,0.00601057412809972,"Fth1/Saa1/Acp5/Cxcl13/Dmbt1/Sult1a1/Ccl5",7
"GO:0140375","MF","GO:0140375","immune receptor activity","5/116","138/28407",0.000261928689068566,0.00804121075440496,0.00601057412809972,"Fpr1/Fcgr4/Fpr2/C5ar1/Ebi3",5
"GO:0008198","MF","GO:0008198","ferrous iron binding","3/116","35/28407",0.000394751124640519,0.0100990496053866,0.00754874957645904,"Fth1/Acp5/Iscu",3
"GO:0030547","MF","GO:0030547","signaling receptor inhibitor activity","3/116","35/28407",0.000394751124640519,0.0100990496053866,0.00754874957645904,"Ly6a/Ly6g/Ccl5",3
"GO:0004620","MF","GO:0004620","phospholipase activity","4/116","96/28407",0.000656585154805855,0.0154436477685655,0.0115436832283466,"Pla2g2a/Gdpd1/Gde1/Ccl5",4
"GO:0050786","MF","GO:0050786","RAGE receptor binding","2/116","10/28407",0.000728173030443648,0.0154436477685655,0.0115436832283466,"Fpr1/Fpr2",2
"GO:0005506","MF","GO:0005506","iron ion binding","5/116","174/28407",0.000754575623871278,0.0154436477685655,0.0115436832283466,"Fth1/Lcn2/Acp5/Iscu/Xdh",5
"GO:0015203","MF","GO:0015203","polyamine transmembrane transporter activity","2/116","12/28407",0.00106229478484713,0.0203827811842543,0.0152355436247812,"Pou2f2/Atp13a2",2
"GO:0016829","MF","GO:0016829","lyase activity","5/116","195/28407",0.0012545404991868,0.0226555254853146,0.0169343547258652,"Cd38/Car1/Car4/Hal/Acod1",5
"GO:0030550","MF","GO:0030550","acetylcholine receptor inhibitor activity","2/116","14/28407",0.00145687735589703,0.0248478526811326,0.0185730563500323,"Ly6a/Ly6g",2
"GO:0004089","MF","GO:0004089","carbonate dehydratase activity","2/116","15/28407",0.00167653138328803,0.0270892176141803,0.0202484122746145,"Car1/Car4",2
"GO:0016298","MF","GO:0016298","lipase activity","4/116","127/28407",0.00185416186076117,0.028461384562684,0.0212740676655756,"Pla2g2a/Gdpd1/Gde1/Ccl5",4
"GO:0008199","MF","GO:0008199","ferric iron binding","2/116","18/28407",0.00242347398043817,0.0338184778179327,0.0252783410399771,"Fth1/Acp5",2
"GO:0034987","MF","GO:0034987","immunoglobulin receptor binding","2/116","18/28407",0.00242347398043817,0.0338184778179327,0.0252783410399771,"Igha/Jchain",2
"GO:0070492","MF","GO:0070492","oligosaccharide binding","2/116","19/28407",0.00270137752439883,0.0360575173908888,0.0269519588246657,"Reg3b/Reg3g",2
"GO:0004622","MF","GO:0004622","lysophospholipase activity","2/116","21/28407",0.00329984880616912,0.0422105659789134,0.0315511859537223,"Gdpd1/Gde1",2
"GO:0033130","MF","GO:0033130","acetylcholine receptor binding","2/116","22/28407",0.003620179136093,0.0444557997912221,0.0332294337544537,"Ly6a/Ly6g",2
