"","ONTOLOGY","ID","Description","GeneRatio","BgRatio","pvalue","p.adjust","qvalue","geneID","Count"
"GO:0042742","BP","GO:0042742","defense response to bacterium","24/321","430/28891",1.23012546733012e-10,4.33127177046936e-07,3.40032576548305e-07,"Pla2g2a/Igha/Pglyrp1/Lcn2/Lypd8/Reg3g/Mmp7/Anxa3/Hp/Sprr2a3/Cxcl5/Jchain/Gsdmd/Cxcl13/Zg16/Slpi/Wfdc12/Rarres2/Arg2/Lyz2/Fcer1g/Optn/H2-Q1/Ighg2c",24
"GO:0006959","BP","GO:0006959","humoral immune response","20/321","337/28891",1.57228934851227e-09,1.90100868216471e-06,1.49241357848833e-06,"Igha/Pglyrp1/S100a9/Reg3g/C3/Mmp7/Cfd/Cxcl5/Jchain/Cxcl13/Slpi/Wfdc12/Rarres2/C1qa/C1qc/Serping1/C1qb/H2-Q1/Ighg2c/C4b",20
"GO:0050727","BP","GO:0050727","regulation of inflammatory response","22/321","411/28891",1.61971770704179e-09,1.90100868216471e-06,1.49241357848833e-06,"Pglyrp1/S100a8/S100a9/Reg3g/Fabp4/Sod1/C3/Socs3/Nupr1/Duoxa2/Gsdmd/Ido1/C2cd4b/Sting1/Sbno2/Ctla2a/Sema7a/Fcer1g/Tgfb1/Tnfrsf1b/H2-Q1/Lgals1",22
"GO:0044282","BP","GO:0044282","small molecule catabolic process","20/321","353/28891",3.47921679181598e-09,3.06258058099602e-06,2.4043219198181e-06,"Pkm/Eno1/Dcxr/Upp1/Gda/Urah/Ido1/Slc16a3/Acacb/Hk1/Arg2/Xdh/Ldhd/Mfsd2a/Amdhd2/Slc25a12/Haghl/Acot4/Cbr3/Tat",20
"GO:0006956","BP","GO:0006956","complement activation","9/321","67/28891",5.60402987380053e-08,3.94635783713034e-05,3.09814367338952e-05,"Igha/C3/Cfd/C1qa/C1qc/Serping1/C1qb/Ighg2c/C4b",9
"GO:0062012","BP","GO:0062012","regulation of small molecule metabolic process","19/321","389/28891",9.11228642974212e-08,5.34739341985367e-05,4.19804634464962e-05,"Eno1/Sod1/Nupr1/Aqp8/Nucb2/Tff3/Igfbp4/Slc7a11/Acacb/Ddit4/Trib3/Rdh16/Mfsd2a/H6pd/Me1/Gcg/Slc25a12/Cbfa2t3/Gpd1",19
"GO:0097193","BP","GO:0097193","intrinsic apoptotic signaling pathway","17/321","327/28891",1.8195199789376e-07,9.15218549405613e-05,7.18505182660172e-05,"S100a8/S100a9/P4hb/Eno1/Sod1/Nupr1/Muc1/Ddit4/Trib3/E2f2/Chac1/Gcg/Vnn1/Bnip3/Tnfrsf1b/Hmox1/Mllt11",17
"GO:0006958","BP","GO:0006958","complement activation, classical pathway","7/321","42/28891",3.78400595159989e-07,0.000143285372226974,0.000112488194881249,"Igha/C3/C1qa/C1qc/Serping1/C1qb/Ighg2c",7
"GO:1901136","BP","GO:1901136","carbohydrate derivative catabolic process","12/321","166/28891",3.8145130948201e-07,0.000143285372226974,0.000112488194881249,"Pglyrp1/Neu1/Upp1/Gda/Urah/Xdh/Ctsl/Vnn1/Amdhd2/Tgfb1/Gpd1/Galns",12
"GO:0050729","BP","GO:0050729","positive regulation of inflammatory response","12/321","167/28891",4.06945107148464e-07,0.000143285372226974,0.000112488194881249,"S100a8/S100a9/Fabp4/C3/Nupr1/Gsdmd/Ido1/C2cd4b/Fcer1g/Tgfb1/H2-Q1/Lgals1",12
"GO:0002526","BP","GO:0002526","acute inflammatory response","11/321","139/28891",4.74470504333872e-07,0.000151873695069051,0.000119230578409641,"Saa3/Saa1/Reg3g/C3/Hp/Nupr1/B4galt1/C2cd4b/Fcer1g/Vnn1/H2-Q1",11
"GO:0015711","BP","GO:0015711","organic anion transport","19/321","436/28891",5.22441688300779e-07,0.00015329309870892,0.000120344901182267,"Fabp4/Car4/Slc26a3/Slc51b/Slc25a1/Slc3a2/Aqp8/Slc25a4/Slc16a3/Slc7a11/Arg2/Slc37a2/Slc10a2/Mfsd2a/Slc13a2/Slc25a12/Slc6a9/Slc16a6/Rbp2",19
"GO:0019730","BP","GO:0019730","antimicrobial humoral response","13/321","221/28891",1.31403992409806e-06,0.000354065496947965,0.000277964093629309,"Igha/Pglyrp1/S100a9/Reg3g/Mmp7/Cxcl5/Jchain/Cxcl13/Slpi/Wfdc12/Rarres2/H2-Q1/Ighg2c",13
"GO:0019318","BP","GO:0019318","hexose metabolic process","14/321","259/28891",1.40781509720861e-06,0.000354065496947965,0.000277964093629309,"Pkm/Hk2/Eno1/Dcxr/B4galt1/Cbr2/Tff3/Igfbp4/Acacb/Hk1/H6pd/Gcg/Slc25a12/Gpd1",14
"GO:0006006","BP","GO:0006006","glucose metabolic process","13/321","225/28891",1.60516706141282e-06,0.000376786214882302,0.000295801312510179,"Pkm/Hk2/Eno1/Dcxr/Cbr2/Tff3/Igfbp4/Acacb/Hk1/H6pd/Gcg/Slc25a12/Gpd1",13
"GO:0016052","BP","GO:0016052","carbohydrate catabolic process","11/321","167/28891",2.9085134598286e-06,0.000638053828892751,0.000500913124163997,"Pkm/Hk2/Eno1/Neu1/Nupr1/Ddit4/Hk1/Slc25a12/Cbfa2t3/Gpd1/Gaa",11
"GO:0009636","BP","GO:0009636","response to toxic substance","10/321","136/28891",3.08063478874659e-06,0.000638053828892751,0.000500913124163997,"Lcn2/Prdx6/Sod1/Nupr1/Aqp8/Trpm6/Slc7a11/Muc2/Gpx3/Nxn",10
"GO:0006090","BP","GO:0006090","pyruvate metabolic process","10/321","137/28891",3.29091462514869e-06,0.00064373946639714,0.000505376713780143,"Pkm/Hk2/Eno1/Nupr1/Slc16a3/Ddit4/Hk1/Me1/Cbfa2t3/Gpd1",10
"GO:0002455","BP","GO:0002455","humoral immune response mediated by circulating immunoglobulin","7/321","58/28891",3.62227049766037e-06,0.000671263916961167,0.000526985170462944,"Igha/C3/C1qa/C1qc/Serping1/C1qb/Ighg2c",7
"GO:0005996","BP","GO:0005996","monosaccharide metabolic process","14/321","287/28891",4.65023920641837e-06,0.000818674612289953,0.000642712008213401,"Pkm/Hk2/Eno1/Dcxr/B4galt1/Cbr2/Tff3/Igfbp4/Acacb/Hk1/H6pd/Gcg/Slc25a12/Gpd1",14
"GO:0032102","BP","GO:0032102","negative regulation of response to external stimulus","18/321","485/28891",9.7000472240131e-06,0.00162637458455953,0.00127680822106558,"Pglyrp1/Reg3g/Sod1/Socs3/Plat/Nucb2/Cxcl13/Sema6b/Arg2/Ctla2a/Rnf125/Pyy/Sema7a/Gcg/Tgfb1/Tnfrsf1b/Serping1/H2-Q1",18
"GO:0043903","BP","GO:0043903","regulation of biological process involved in symbiotic interaction","7/321","68/28891",1.06218108506428e-05,0.00169997254568697,0.00133458733463101,"P4hb/Ly6e/Fbln1/Cxcl5/Ifitm1/Gsn/Lgals1",7
"GO:0045444","BP","GO:0045444","fat cell differentiation","13/321","270/28891",1.1684586702929e-05,0.00178875781656578,0.00140428945912547,"Lrg1/Fabp4/Zbtb16/Nucb2/Socs1/Trib3/Atf5/Rarres2/Tmem120a/Jdp2/Bnip3/Tgfb1/Lamb3",13
"GO:0001666","BP","GO:0001666","response to hypoxia","12/321","233/28891",1.29790109064891e-05,0.00185696405412109,0.00145783572433728,"P4hb/Eno1/Plat/Ak4/Egln3/Eif4ebp1/Hif3a/Ddit4/Bnip3/Cbfa2t3/Tgfb1/Hmox1",12
"GO:0009117","BP","GO:0009117","nucleotide metabolic process","18/321","497/28891",1.34660628304137e-05,0.00185696405412109,0.00145783572433728,"Eno1/Gars/Dcxr/Ak4/Upp1/Gda/Urah/Ido1/Acacb/Xdh/Ldhd/H6pd/Me1/Vnn1/Slc25a12/Tgfb1/Gpd1/Acot4",18
"GO:0098883","BP","GO:0098883","synapse pruning","4/321","14/28891",1.3712316219014e-05,0.00185696405412109,0.00145783572433728,"C3/C1qa/C1qc/C1qb",4
"GO:0046942","BP","GO:0046942","carboxylic acid transport","15/321","362/28891",1.50878489777963e-05,0.00196756726854892,0.00154466633199583,"Fabp4/Slc51b/Slc25a1/Slc3a2/Aqp8/Slc16a3/Slc7a11/Arg2/Slc10a2/Mfsd2a/Slc13a2/Slc25a12/Slc6a9/Slc16a6/Rbp2",15
"GO:0015849","BP","GO:0015849","organic acid transport","15/321","364/28891",1.60919261814315e-05,0.00202355971731501,0.0015886239906932,"Fabp4/Slc51b/Slc25a1/Slc3a2/Aqp8/Slc16a3/Slc7a11/Arg2/Slc10a2/Mfsd2a/Slc13a2/Slc25a12/Slc6a9/Slc16a6/Rbp2",15
"GO:0002274","BP","GO:0002274","myeloid leukocyte activation","13/321","280/28891",1.7165808721832e-05,0.00208416594860588,0.0016362037641935,"Pla2g2a/Anxa3/Sbno2/C1qa/Myo18a/Fcer1g/Tgfb1/Il4ra/Batf2/Ndrg1/Fes/Hmox1/Rac2",13
"GO:0002886","BP","GO:0002886","regulation of myeloid leukocyte mediated immunity","8/321","102/28891",1.88734358232619e-05,0.00214913734827899,0.00168721047447066,"C3/Cxcl5/Fcer1g/Il4ra/H2-Q1/Fes/Hmox1/Rac2",8
"GO:0097530","BP","GO:0097530","granulocyte migration","10/321","167/28891",1.89216863949584e-05,0.00214913734827899,0.00168721047447066,"S100a8/S100a9/Cxcl5/Rac3/Cxcl13/Rarres2/Fcer1g/Ccl4/Mpp1/Rac2",10
"GO:0045862","BP","GO:0045862","positive regulation of proteolysis","15/321","372/28891",2.07258727494149e-05,0.00225209521527097,0.00176803899469396,"S100a8/S100a9/Eno1/Nupr1/Tmem259/Prss22/Trib3/Xdh/Fzr1/Tnfrsf23/Gsn/Ctsl/Cideb/Cbfa2t3/Tnfrsf1b",15
"GO:0071621","BP","GO:0071621","granulocyte chemotaxis","9/321","135/28891",2.1178244619988e-05,0.00225209521527097,0.00176803899469396,"S100a8/S100a9/Cxcl5/Cxcl13/Rarres2/Fcer1g/Ccl4/Mpp1/Rac2",9
"GO:0006096","BP","GO:0006096","glycolytic process","8/321","104/28891",2.17470142911709e-05,0.00225209521527097,0.00176803899469396,"Pkm/Hk2/Eno1/Nupr1/Ddit4/Hk1/Cbfa2t3/Gpd1",8
"GO:1990266","BP","GO:1990266","neutrophil migration","9/321","138/28891",2.52245678643026e-05,0.00253759152714884,0.00199217188606492,"S100a8/S100a9/Cxcl5/Rac3/Cxcl13/Fcer1g/Ccl4/Mpp1/Rac2",9
"GO:0042180","BP","GO:0042180","cellular ketone metabolic process","12/321","255/28891",3.16528674517721e-05,0.00306598425763506,0.00240699402399129,"Nucb2/Ido1/Slc7a11/Acacb/Trib3/Slc37a2/Rdh16/Mfsd2a/H6pd/Gpd1/Haghl/Cbr3",12
"GO:0030593","BP","GO:0030593","neutrophil chemotaxis","8/321","110/28891",3.26585714472057e-05,0.00306598425763506,0.00240699402399129,"S100a8/S100a9/Cxcl5/Cxcl13/Fcer1g/Ccl4/Mpp1/Rac2",8
"GO:0001933","BP","GO:0001933","negative regulation of protein phosphorylation","14/321","342/28891",3.30892933229572e-05,0.00306598425763506,0.00240699402399129,"Fabp4/Mvp/Socs3/Fbln1/Spink1/Socs1/Trib3/Xdh/Ptprh/Mical1/Gstp3/Ptk6/Tgfb1/Heg1",14
"GO:0072593","BP","GO:0072593","reactive oxygen species metabolic process","12/321","257/28891",3.4157815837123e-05,0.00308383768109,0.00242101010494696,"Lcn2/Prdx6/Hk2/Sod1/Dcxr/Duoxa2/Ddit4/Gpx3/Arg2/Xdh/Bnip3/Tgfb1",12
"GO:2001233","BP","GO:2001233","regulation of apoptotic signaling pathway","16/321","437/28891",3.56114015875414e-05,0.00313469362474333,0.00246093527812852,"S100a8/S100a9/P4hb/Eno1/Sod1/Nupr1/Muc1/Slc25a4/Tnfrsf23/Ctsl/Gcg/Vnn1/Gstp3/Unc5b/Mal/Hmox1",16
"GO:0016064","BP","GO:0016064","immunoglobulin mediated immune response","13/321","303/28891",3.90145830761152e-05,0.00335049626856101,0.00263035417606877,"Igha/C3/Iglc2/C1qa/Fcer1g/Tgfb1/Il4ra/C1qc/Serping1/C1qb/H2-Q1/Ighg2c/C4b",13
"GO:0006163","BP","GO:0006163","purine nucleotide metabolic process","16/321","444/28891",4.30255931625254e-05,0.00353446214064425,0.00277477916899559,"Eno1/Dcxr/Ak4/Gda/Urah/Ido1/Acacb/Xdh/Ldhd/H6pd/Me1/Vnn1/Slc25a12/Tgfb1/Gpd1/Acot4",16
"GO:0019724","BP","GO:0019724","B cell mediated immunity","13/321","306/28891",4.31644055801485e-05,0.00353446214064425,0.00277477916899559,"Igha/C3/Iglc2/C1qa/Fcer1g/Tgfb1/Il4ra/C1qc/Serping1/C1qb/H2-Q1/Ighg2c/C4b",13
"GO:0036293","BP","GO:0036293","response to decreased oxygen levels","12/321","264/28891",4.43305992101051e-05,0.00354745545042682,0.00278497974941952,"P4hb/Eno1/Plat/Ak4/Egln3/Eif4ebp1/Hif3a/Ddit4/Bnip3/Cbfa2t3/Tgfb1/Hmox1",12
"GO:0043304","BP","GO:0043304","regulation of mast cell degranulation","5/321","38/28891",6.09782953386205e-05,0.00469177635042396,0.0036833449517073,"Fcer1g/Il4ra/Fes/Hmox1/Rac2",5
"GO:0009159","BP","GO:0009159","deoxyribonucleoside monophosphate catabolic process","4/321","20/28891",6.29640751629437e-05,0.00469177635042396,0.0036833449517073,"Upp1/Gda/Urah/Xdh",4
"GO:0062014","BP","GO:0062014","negative regulation of small molecule metabolic process","8/321","121/28891",6.45526192487255e-05,0.00469177635042396,0.0036833449517073,"Sod1/Nupr1/Acacb/Ddit4/Trib3/Mfsd2a/Slc25a12/Cbfa2t3",8
"GO:0071456","BP","GO:0071456","cellular response to hypoxia","8/321","121/28891",6.45526192487255e-05,0.00469177635042396,0.0036833449517073,"P4hb/Eno1/Ak4/Egln3/Eif4ebp1/Hif3a/Bnip3/Tgfb1",8
"GO:0009991","BP","GO:0009991","response to extracellular stimulus","16/321","460/28891",6.52931102444687e-05,0.00469177635042396,0.0036833449517073,"Slc39a4/Sod1/Alad/Bglap3/Krt20/Eif4ebp1/Gsdmd/Nucb2/Acacb/Tmigd1/Angptl4/Pyy/Mfsd2a/Gcg/Clic5/Fes",16
"GO:0010038","BP","GO:0010038","response to metal ion","13/321","320/28891",6.80326345129471e-05,0.00479085812240173,0.00376113048907366,"Fabp4/Sod1/Alad/Atp12a/Muc2/Xdh/Gsn/Slc13a2/Slc25a12/Bnip3/Tuba1a/Hmox1/Tat",13
"GO:0002444","BP","GO:0002444","myeloid leukocyte mediated immunity","9/321","158/28891",7.27485200091708e-05,0.0050225007637704,0.00394298479967147,"C3/Anxa3/Cxcl5/Fcer1g/Il4ra/H2-Q1/Fes/Hmox1/Rac2",9
"GO:0035821","BP","GO:0035821","modulation of process of another organism","4/321","21/28891",7.71001049500597e-05,0.00522056672171462,0.00409847926313475,"S100a9/Fbln1/Cxcl5/Slpi",4
"GO:0042326","BP","GO:0042326","negative regulation of phosphorylation","14/321","372/28891",8.15865972475926e-05,0.00542012092280705,0.00425514209279401,"Fabp4/Mvp/Socs3/Fbln1/Spink1/Socs1/Trib3/Xdh/Ptprh/Mical1/Gstp3/Ptk6/Tgfb1/Heg1",14
"GO:0001667","BP","GO:0001667","ameboidal-type cell migration","16/321","471/28891",8.59682114261969e-05,0.00548167195627669,0.0043034635965209,"Lcn2/Lrg1/S100a9/Anxa3/Dcn/Cxcl13/Tmigd1/Sema6b/Lama5/Ptp4a3/Itga3/Sema7a/Tgfb1/Amotl1/Hmox1/Akt3",16
"GO:0010631","BP","GO:0010631","epithelial cell migration","13/321","328/28891",8.7203645239634e-05,0.00548167195627669,0.0043034635965209,"Lcn2/Lrg1/S100a9/Anxa3/Dcn/Cxcl13/Tmigd1/Ptp4a3/Itga3/Tgfb1/Amotl1/Hmox1/Akt3",13
"GO:0033006","BP","GO:0033006","regulation of mast cell activation involved in immune response","5/321","41/28891",8.85933162518221e-05,0.00548167195627669,0.0043034635965209,"Fcer1g/Il4ra/Fes/Hmox1/Rac2",5
"GO:0090132","BP","GO:0090132","epithelium migration","13/321","330/28891",9.26700347178679e-05,0.00548167195627669,0.0043034635965209,"Lcn2/Lrg1/S100a9/Anxa3/Dcn/Cxcl13/Tmigd1/Ptp4a3/Itga3/Tgfb1/Amotl1/Hmox1/Akt3",13
"GO:0009158","BP","GO:0009158","ribonucleoside monophosphate catabolic process","4/321","22/28891",9.34110529328603e-05,0.00548167195627669,0.0043034635965209,"Upp1/Gda/Urah/Xdh",4
"GO:0009164","BP","GO:0009164","nucleoside catabolic process","4/321","22/28891",9.34110529328603e-05,0.00548167195627669,0.0043034635965209,"Upp1/Gda/Urah/Xdh",4
"GO:1905709","BP","GO:1905709","negative regulation of membrane permeability","4/321","22/28891",9.34110529328603e-05,0.00548167195627669,0.0043034635965209,"Hk2/Slc25a4/Bnip3/Heg1",4
"GO:0090130","BP","GO:0090130","tissue migration","13/321","332/28891",9.84304796953924e-05,0.00551400295123356,0.0043288454984198,"Lcn2/Lrg1/S100a9/Anxa3/Dcn/Cxcl13/Tmigd1/Ptp4a3/Itga3/Tgfb1/Amotl1/Hmox1/Akt3",13
"GO:0031667","BP","GO:0031667","response to nutrient levels","15/321","427/28891",9.86526521751933e-05,0.00551400295123356,0.0043288454984198,"Slc39a4/Sod1/Alad/Bglap3/Krt20/Eif4ebp1/Nucb2/Acacb/Tmigd1/Angptl4/Pyy/Mfsd2a/Gcg/Clic5/Fes",15
"GO:0050830","BP","GO:0050830","defense response to Gram-positive bacterium","10/321","203/28891",9.86600925668032e-05,0.00551400295123356,0.0043288454984198,"Pla2g2a/Pglyrp1/Reg3g/Mmp7/Sprr2a3/Gsdmd/Zg16/Rarres2/Lyz2/H2-Q1",10
"GO:0072521","BP","GO:0072521","purine-containing compound metabolic process","16/321","479/28891",0.000104415403213391,0.00574447866741171,0.00450978369799942,"Eno1/Dcxr/Ak4/Gda/Urah/Ido1/Acacb/Xdh/Ldhd/H6pd/Me1/Vnn1/Slc25a12/Tgfb1/Gpd1/Acot4",16
"GO:0010001","BP","GO:0010001","glial cell differentiation","12/321","292/28891",0.00011570141713851,0.00620897541298089,0.00487444339511437,"S100a8/S100a9/Sod1/Atf5/C1qa/Metrn/Tgfb1/Tnfrsf1b/Aspa/Ndrg1/Mal/Tuba1a",12
"GO:2000377","BP","GO:2000377","regulation of reactive oxygen species metabolic process","9/321","168/28891",0.000116385225009014,0.00620897541298089,0.00487444339511437,"Lcn2/Hk2/Sod1/Dcxr/Duoxa2/Arg2/Xdh/Bnip3/Tgfb1",9
"GO:0070613","BP","GO:0070613","regulation of protein processing","6/321","69/28891",0.000119521788555564,0.00624118339303579,0.00489972872243591,"Eno1/Ctsz/Plat/Ctla2a/Gsn/Chac1",6
"GO:0006109","BP","GO:0006109","regulation of carbohydrate metabolic process","10/321","208/28891",0.000120534072912932,0.00624118339303579,0.00489972872243591,"Nupr1/Tff3/Igfbp4/Acacb/Ddit4/Gcg/Slc25a12/Cbfa2t3/Tgfb1/Gpd1",10
"GO:0050829","BP","GO:0050829","defense response to Gram-negative bacterium","8/321","134/28891",0.000132022732012358,0.00673698607848569,0.00528896558755839,"Lypd8/Reg3g/Mmp7/Cxcl5/Gsdmd/Rarres2/Lyz2/Optn",8
"GO:0097529","BP","GO:0097529","myeloid leukocyte migration","11/321","253/28891",0.000135761349126661,0.00682879586107102,0.00536104214746783,"S100a8/S100a9/B4galt1/Cxcl5/Rac3/Cxcl13/Rarres2/Fcer1g/Ccl4/Mpp1/Rac2",11
"GO:0098754","BP","GO:0098754","detoxification","6/321","71/28891",0.000140166991160268,0.00695109825176484,0.00545705735784824,"Prdx6/Sod1/Aqp8/Muc2/Gpx3/Nxn",6
"GO:0046055","BP","GO:0046055","dGMP catabolic process","3/321","10/28891",0.000153893931008027,0.00748680112972521,0.00587761842976978,"Gda/Urah/Xdh",3
"GO:0009125","BP","GO:0009125","nucleoside monophosphate catabolic process","4/321","25/28891",0.00015734827708028,0.00748680112972521,0.00587761842976978,"Upp1/Gda/Urah/Xdh",4
"GO:0010884","BP","GO:0010884","positive regulation of lipid storage","4/321","25/28891",0.00015734827708028,0.00748680112972521,0.00587761842976978,"C3/Hilpda/Acacb/Ehd1",4
"GO:1903317","BP","GO:1903317","regulation of protein maturation","6/321","73/28891",0.000163538917455158,0.00765207224273242,0.00600736683938933,"Eno1/Ctsz/Plat/Ctla2a/Gsn/Chac1",6
"GO:0050900","BP","GO:0050900","leukocyte migration","14/321","398/28891",0.000165168273344977,0.00765207224273242,0.00600736683938933,"S100a8/S100a9/B4galt1/Cxcl5/Eps8/Rac3/Cxcl13/Rarres2/Itga3/Fcer1g/Ccl4/Tgfb1/Mpp1/Rac2",14
"GO:0006814","BP","GO:0006814","sodium ion transport","11/321","262/28891",0.000184053126062939,0.00811310824949137,0.00636930963487178,"Fxyd4/Fxyd3/Stom/Slc9a3/Atp12a/Slc10a2/Prss30/Slc13a2/Tgfb1/Slc6a9/Akt3",11
"GO:0006007","BP","GO:0006007","glucose catabolic process","4/321","26/28891",0.000184336455540843,0.00811310824949137,0.00636930963487178,"Pkm/Eno1/Hk1/Slc25a12",4
"GO:0046386","BP","GO:0046386","deoxyribose phosphate catabolic process","4/321","26/28891",0.000184336455540843,0.00811310824949137,0.00636930963487178,"Upp1/Gda/Urah/Xdh",4
"GO:0150146","BP","GO:0150146","cell junction disassembly","4/321","26/28891",0.000184336455540843,0.00811310824949137,0.00636930963487178,"C3/C1qa/C1qc/C1qb",4
"GO:0044403","BP","GO:0044403","biological process involved in symbiotic interaction","11/321","264/28891",0.000196564936723542,0.0085445079284394,0.00670798601476311,"Pglyrp1/P4hb/Ly6e/Stom/Fbln1/Cxcl5/Slc3a2/Muc2/Ifitm1/Gsn/Lgals1",11
"GO:0052547","BP","GO:0052547","regulation of peptidase activity","15/321","457/28891",0.000206340864273339,0.00886007540373691,0.00695572669553002,"S100a8/S100a9/Spink4/Spink6/Spink1/Prss22/Slpi/Wfdc12/Xdh/Mical1/Tnfrsf23/Gsn/Ctsl/Cideb/Serping1",15
"GO:0009172","BP","GO:0009172","purine deoxyribonucleoside monophosphate catabolic process","3/321","11/28891",0.000209863635778787,0.00887069732218589,0.00696406558186525,"Gda/Urah/Xdh",3
"GO:0009264","BP","GO:0009264","deoxyribonucleotide catabolic process","4/321","27/28891",0.000214509783380331,0.00887069732218589,0.00696406558186525,"Upp1/Gda/Urah/Xdh",4
"GO:0034656","BP","GO:0034656","nucleobase-containing small molecule catabolic process","4/321","27/28891",0.000214509783380331,0.00887069732218589,0.00696406558186525,"Upp1/Gda/Urah/Xdh",4
"GO:1905039","BP","GO:1905039","carboxylic acid transmembrane transport","8/321","144/28891",0.000216665711362677,0.00887069732218589,0.00696406558186525,"Slc25a1/Slc3a2/Slc16a3/Slc7a11/Arg2/Slc13a2/Slc25a12/Slc6a9",8
"GO:1903825","BP","GO:1903825","organic acid transmembrane transport","8/321","145/28891",0.000227140502180499,0.00919266331238549,0.00721682950666656,"Slc25a1/Slc3a2/Slc16a3/Slc7a11/Arg2/Slc13a2/Slc25a12/Slc6a9",8
"GO:0006935","BP","GO:0006935","chemotaxis","15/321","462/28891",0.000231785242369313,0.00927404361798126,0.00728071825911263,"Saa3/S100a8/S100a9/Cxcl5/Rac3/Cxcl13/Sema6b/Rarres2/Sema7a/Fcer1g/Ccl4/Tgfb1/Mpp1/Fes/Rac2",15
"GO:0036294","BP","GO:0036294","cellular response to decreased oxygen levels","8/321","146/28891",0.000238026783135494,0.00941676745415812,0.00739276561222716,"P4hb/Eno1/Ak4/Egln3/Eif4ebp1/Hif3a/Bnip3/Tgfb1",8
"GO:0042330","BP","GO:0042330","taxis","15/321","464/28891",0.000242697777569759,0.00949487638692355,0.00745408612746416,"Saa3/S100a8/S100a9/Cxcl5/Rac3/Cxcl13/Sema6b/Rarres2/Sema7a/Fcer1g/Ccl4/Tgfb1/Mpp1/Fes/Rac2",15
"GO:0016239","BP","GO:0016239","positive regulation of macroautophagy","6/321","79/28891",0.000252583857195471,0.00970693548532878,0.00762056610247489,"Slc25a4/Dcn/Sting1/Bnip3/Optn/Hmox1",6
"GO:0009261","BP","GO:0009261","ribonucleotide catabolic process","5/321","51/28891",0.00025363194111055,0.00970693548532878,0.00762056610247489,"Upp1/Gda/Urah/Xdh/Vnn1",5
"GO:0050792","BP","GO:0050792","regulation of viral process","9/321","187/28891",0.000259994410331099,0.00984344428791183,0.00772773425613431,"P4hb/Ly6e/Stom/Fbln1/Slpi/Ifitm1/Gsn/Lgals1/Oasl1",9
"GO:0006152","BP","GO:0006152","purine nucleoside catabolic process","3/321","12/28891",0.000277517813157545,0.0101458099559498,0.00796511067260324,"Gda/Urah/Xdh",3
"GO:0046054","BP","GO:0046054","dGMP metabolic process","3/321","12/28891",0.000277517813157545,0.0101458099559498,0.00796511067260324,"Gda/Urah/Xdh",3
"GO:0043542","BP","GO:0043542","endothelial cell migration","10/321","231/28891",0.000281395199301275,0.0101458099559498,0.00796511067260324,"Lcn2/S100a9/Anxa3/Dcn/Cxcl13/Ptp4a3/Tgfb1/Amotl1/Hmox1/Akt3",10
"GO:0010955","BP","GO:0010955","negative regulation of protein processing","4/321","29/28891",0.000285269862436533,0.0101458099559498,0.00796511067260324,"Ctsz/Plat/Ctla2a/Chac1",4
"GO:0031100","BP","GO:0031100","animal organ regeneration","4/321","29/28891",0.000285269862436533,0.0101458099559498,0.00796511067260324,"Pkm/Cxcl5/Tgfb1/Hmox1",4
"GO:1903318","BP","GO:1903318","negative regulation of protein maturation","4/321","29/28891",0.000285269862436533,0.0101458099559498,0.00796511067260324,"Ctsz/Plat/Ctla2a/Chac1",4
"GO:0002697","BP","GO:0002697","regulation of immune effector process","15/321","473/28891",0.000297478067137377,0.0102036921912092,0.00801055193474204,"Pglyrp1/C3/Cxcl5/Hk1/Sema7a/Myo18a/Fcer1g/Tgfb1/Il4ra/Tnfrsf1b/Serping1/H2-Q1/Fes/Hmox1/Rac2",15
"GO:0031400","BP","GO:0031400","negative regulation of protein modification process","15/321","473/28891",0.000297478067137377,0.0102036921912092,0.00801055193474204,"Fabp4/Mvp/Socs3/Fbln1/Spink1/Socs1/Trib3/Xdh/Ptprh/Mical1/Nxn/Gstp3/Ptk6/Tgfb1/Heg1",15
"GO:0070482","BP","GO:0070482","response to oxygen levels","12/321","324/28891",0.000301288362103525,0.0102036921912092,0.00801055193474204,"P4hb/Eno1/Plat/Ak4/Egln3/Eif4ebp1/Hif3a/Ddit4/Bnip3/Cbfa2t3/Tgfb1/Hmox1",12
"GO:0009161","BP","GO:0009161","ribonucleoside monophosphate metabolic process","5/321","53/28891",0.000304285055403853,0.0102036921912092,0.00801055193474204,"Ak4/Upp1/Gda/Urah/Xdh",5
"GO:0046596","BP","GO:0046596","regulation of viral entry into host cell","5/321","53/28891",0.000304285055403853,0.0102036921912092,0.00801055193474204,"P4hb/Ly6e/Ifitm1/Gsn/Lgals1",5
"GO:1990748","BP","GO:1990748","cellular detoxification","5/321","53/28891",0.000304285055403853,0.0102036921912092,0.00801055193474204,"Prdx6/Sod1/Aqp8/Gpx3/Nxn",5
"GO:0098869","BP","GO:0098869","cellular oxidant detoxification","4/321","30/28891",0.000326293085904909,0.0107371771539363,0.00842937180114404,"Prdx6/Sod1/Gpx3/Nxn",4
"GO:1901658","BP","GO:1901658","glycosyl compound catabolic process","4/321","30/28891",0.000326293085904909,0.0107371771539363,0.00842937180114404,"Upp1/Gda/Urah/Xdh",4
"GO:2001242","BP","GO:2001242","regulation of intrinsic apoptotic signaling pathway","9/321","194/28891",0.000340773777839019,0.0111098562201036,0.00872194873884271,"S100a8/S100a9/P4hb/Eno1/Sod1/Nupr1/Muc1/Gcg/Vnn1",9
"GO:0000255","BP","GO:0000255","allantoin metabolic process","3/321","13/28891",0.000357808860359236,0.0113759252946792,0.00893083000458227,"Gda/Urah/Xdh",3
"GO:0016241","BP","GO:0016241","regulation of macroautophagy","7/321","118/28891",0.000360181630087164,0.0113759252946792,0.00893083000458227,"Nupr1/Slc25a4/Dcn/Sting1/Bnip3/Optn/Hmox1",7
"GO:0010563","BP","GO:0010563","negative regulation of phosphorus metabolic process","14/321","430/28891",0.000361858458677667,0.0113759252946792,0.00893083000458227,"Fabp4/Mvp/Socs3/Fbln1/Spink1/Socs1/Trib3/Xdh/Ptprh/Mical1/Gstp3/Ptk6/Tgfb1/Heg1",14
"GO:0045936","BP","GO:0045936","negative regulation of phosphate metabolic process","14/321","430/28891",0.000361858458677667,0.0113759252946792,0.00893083000458227,"Fabp4/Mvp/Socs3/Fbln1/Spink1/Socs1/Trib3/Xdh/Ptprh/Mical1/Gstp3/Ptk6/Tgfb1/Heg1",14
"GO:0009162","BP","GO:0009162","deoxyribonucleoside monophosphate metabolic process","4/321","31/28891",0.000371373794230306,0.011571744508716,0.00908456063017032,"Upp1/Gda/Urah/Xdh",4
"GO:2000379","BP","GO:2000379","positive regulation of reactive oxygen species metabolic process","6/321","85/28891",0.000375937581096444,0.0116073112563143,0.00911248280514845,"Lcn2/Sod1/Dcxr/Duoxa2/Xdh/Tgfb1",6
"GO:0002275","BP","GO:0002275","myeloid cell activation involved in immune response","7/321","119/28891",0.000379108433534832,0.0116073112563143,0.00911248280514845,"Anxa3/Sbno2/Fcer1g/Il4ra/Fes/Hmox1/Rac2",7
"GO:0016054","BP","GO:0016054","organic acid catabolic process","10/321","241/28891",0.000393457137712999,0.011840705828098,0.00929571249333634,"Dcxr/Ido1/Slc16a3/Acacb/Arg2/Ldhd/Mfsd2a/Amdhd2/Acot4/Tat",10
"GO:0046395","BP","GO:0046395","carboxylic acid catabolic process","10/321","241/28891",0.000393457137712999,0.011840705828098,0.00929571249333634,"Dcxr/Ido1/Slc16a3/Acacb/Arg2/Ldhd/Mfsd2a/Amdhd2/Acot4/Tat",10
"GO:0002449","BP","GO:0002449","lymphocyte mediated immunity","15/321","489/28891",0.00042138619272924,0.0124602439829083,0.00978208962738374,"Igha/C3/Iglc2/Slfn2/C1qa/Fcer1g/Tgfb1/Il4ra/Tnfrsf1b/C1qc/Serping1/C1qb/H2-Q1/Ighg2c/C4b",15
"GO:0051701","BP","GO:0051701","biological process involved in interaction with host","8/321","159/28891",0.000422879642214772,0.0124602439829083,0.00978208962738374,"Pglyrp1/P4hb/Ly6e/Fbln1/Slc3a2/Ifitm1/Gsn/Lgals1",8
"GO:0043300","BP","GO:0043300","regulation of leukocyte degranulation","5/321","57/28891",0.00042819923940128,0.0124602439829083,0.00978208962738374,"Fcer1g/Il4ra/Fes/Hmox1/Rac2",5
"GO:0050732","BP","GO:0050732","negative regulation of peptidyl-tyrosine phosphorylation","5/321","57/28891",0.00042819923940128,0.0124602439829083,0.00978208962738374,"Mvp/Socs3/Spink1/Socs1/Ptk6",5
"GO:0002460","BP","GO:0002460","adaptive immune response based on somatic recombination of immune receptors built from immunoglobulin superfamily domains","15/321","491/28891",0.000439614105325559,0.0126875513512401,0.00996054047096564,"Igha/C3/Iglc2/Slfn2/C1qa/Fcer1g/Tgfb1/Il4ra/Tnfrsf1b/C1qc/Serping1/C1qb/H2-Q1/Ighg2c/C4b",15
"GO:0009120","BP","GO:0009120","deoxyribonucleoside metabolic process","3/321","14/28891",0.000451653372397478,0.0129290367822075,0.0101501220018466,"Gda/Urah/Xdh",3
"GO:0006979","BP","GO:0006979","response to oxidative stress","13/321","389/28891",0.000456500335001176,0.0129624006414447,0.0101763147683624,"Lcn2/Prdx6/Sod1/Slc7a11/Srxn1/Tmigd1/Gpx3/Bnip3/Agap3/Stc2/Hmox1/Aldh3b1/Tat",13
"GO:0052372","BP","GO:0052372","modulation by symbiont of entry into host","5/321","58/28891",0.000464378390061392,0.0130806104912493,0.0102691170720102,"P4hb/Ly6e/Ifitm1/Gsn/Lgals1",5
"GO:0071453","BP","GO:0071453","cellular response to oxygen levels","8/321","162/28891",0.000478870411491477,0.0133817676100118,0.0105055446998882,"P4hb/Eno1/Ak4/Egln3/Eif4ebp1/Hif3a/Bnip3/Tgfb1",8
"GO:0071375","BP","GO:0071375","cellular response to peptide hormone stimulus","11/321","296/28891",0.000518393234878719,0.0143721462992753,0.0112830554064775,"Pkm/Socs3/Bglap3/Eif4ebp1/Nucb2/Socs1/Trib3/Rarres2/Agtrap/Gcg/Akt3",11
"GO:0033003","BP","GO:0033003","regulation of mast cell activation","5/321","60/28891",0.000543588078120114,0.0143906857863302,0.0112976100913028,"Fcer1g/Il4ra/Fes/Hmox1/Rac2",5
"GO:0097237","BP","GO:0097237","cellular response to toxic substance","5/321","60/28891",0.000543588078120114,0.0143906857863302,0.0112976100913028,"Prdx6/Sod1/Aqp8/Gpx3/Nxn",5
"GO:0098739","BP","GO:0098739","import across plasma membrane","9/321","207/28891",0.000545671277455954,0.0143906857863302,0.0112976100913028,"Lcn2/Slc39a4/Slc3a2/Aqp8/Slc9a3/Slc7a11/Atp12a/Arg2/Slc6a9",9
"GO:0042063","BP","GO:0042063","gliogenesis","13/321","397/28891",0.000552130828853015,0.0143906857863302,0.0112976100913028,"S100a8/S100a9/Sod1/Atf5/C1qa/Metrn/Tgfb1/Tnfrsf1b/Lrp8/Aspa/Ndrg1/Mal/Tuba1a",13
"GO:0009155","BP","GO:0009155","purine deoxyribonucleotide catabolic process","3/321","15/28891",0.000559932960161103,0.0143906857863302,0.0112976100913028,"Gda/Urah/Xdh",3
"GO:0009169","BP","GO:0009169","purine ribonucleoside monophosphate catabolic process","3/321","15/28891",0.000559932960161103,0.0143906857863302,0.0112976100913028,"Gda/Urah/Xdh",3
"GO:0009170","BP","GO:0009170","purine deoxyribonucleoside monophosphate metabolic process","3/321","15/28891",0.000559932960161103,0.0143906857863302,0.0112976100913028,"Gda/Urah/Xdh",3
"GO:0032096","BP","GO:0032096","negative regulation of response to food","3/321","15/28891",0.000559932960161103,0.0143906857863302,0.0112976100913028,"Nucb2/Pyy/Gcg",3
"GO:0032105","BP","GO:0032105","negative regulation of response to extracellular stimulus","3/321","15/28891",0.000559932960161103,0.0143906857863302,0.0112976100913028,"Nucb2/Pyy/Gcg",3
"GO:0032108","BP","GO:0032108","negative regulation of response to nutrient levels","3/321","15/28891",0.000559932960161103,0.0143906857863302,0.0112976100913028,"Nucb2/Pyy/Gcg",3
"GO:0019216","BP","GO:0019216","regulation of lipid metabolic process","13/321","398/28891",0.000565197096961078,0.0144207172347823,0.0113211867019053,"Sod1/C3/Aqp8/Nucb2/Acacb/Trib3/Rarres2/Angptl4/Rdh16/Mfsd2a/H6pd/Cideb/Tgfb1",13
"GO:0043648","BP","GO:0043648","dicarboxylic acid metabolic process","6/321","94/28891",0.000643982160740853,0.0163126704170399,0.0128064911329457,"Slc7a11/Me1/Slc25a12/Aspa/Acot4/Tat",6
"GO:0045912","BP","GO:0045912","negative regulation of carbohydrate metabolic process","5/321","63/28891",0.000680887969554263,0.0169477893139834,0.0133051001475419,"Nupr1/Ddit4/Slc25a12/Cbfa2t3/Tgfb1",5
"GO:0009128","BP","GO:0009128","purine nucleoside monophosphate catabolic process","3/321","16/28891",0.000683495053276238,0.0169477893139834,0.0133051001475419,"Gda/Urah/Xdh",3
"GO:0042454","BP","GO:0042454","ribonucleoside catabolic process","3/321","16/28891",0.000683495053276238,0.0169477893139834,0.0133051001475419,"Upp1/Urah/Xdh",3
"GO:0006749","BP","GO:0006749","glutathione metabolic process","5/321","64/28891",0.000731954209027459,0.0178990823852353,0.0140519261404888,"Sod1/Slc7a11/Gpx3/Chac1/Gstp3",5
"GO:0022411","BP","GO:0022411","cellular component disassembly","14/321","462/28891",0.000732027226206728,0.0178990823852353,0.0140519261404888,"Hk2/Capg/C3/Eps8/Slc25a4/Sting1/Ddit4/Mical1/C1qa/Gsn/Bnip3/C1qc/Optn/C1qb",14
"GO:1903715","BP","GO:1903715","regulation of aerobic respiration","4/321","37/28891",0.000739750683454048,0.0179033636565322,0.0140552872126799,"Nupr1/Ak4/Bnip3/Cbfa2t3",4
"GO:0006631","BP","GO:0006631","fatty acid metabolic process","14/321","463/28891",0.000747456534368142,0.0179033636565322,0.0140552872126799,"Pla2g2a/Fabp4/C3/Nucb2/Cyp2d34/Acacb/Ces2c/Trib3/Ces2e/Mfsd2a/Gstp3/Cyp2d10/Fads3/Acot4",14
"GO:0031346","BP","GO:0031346","positive regulation of cell projection organization","14/321","463/28891",0.000747456534368142,0.0179033636565322,0.0140552872126799,"Lcn2/S100a9/Neu1/Cxcl5/Eps8/Itga3/Sema7a/Ehd1/Metrn/Ptk6/Lrp8/Espn/Fes/Rac2",14
"GO:0043299","BP","GO:0043299","leukocyte degranulation","6/321","97/28891",0.000760206412906751,0.0179643408043266,0.0141031581793933,"Anxa3/Fcer1g/Il4ra/Fes/Hmox1/Rac2",6
"GO:0045576","BP","GO:0045576","mast cell activation","6/321","97/28891",0.000760206412906751,0.0179643408043266,0.0141031581793933,"Fcer1g/Il4ra/Ndrg1/Fes/Hmox1/Rac2",6
"GO:0050873","BP","GO:0050873","brown fat cell differentiation","5/321","65/28891",0.000785827760114804,0.0182284536821911,0.0143105037054168,"Lrg1/Fabp4/Rarres2/Bnip3/Lamb3",5
"GO:0051259","BP","GO:0051259","protein complex oligomerization","10/321","264/28891",0.000796851250735339,0.0182284536821911,0.0143105037054168,"Pkm/Alad/Tgm2/Gsdmd/Trpm6/Sting1/Acacb/Tmem120a/Ehd1/Me1",10
"GO:0045861","BP","GO:0045861","negative regulation of proteolysis","12/321","362/28891",0.000803530391747593,0.0182284536821911,0.0143105037054168,"Ctsz/Spink4/Alad/Plat/Spink6/Spink1/Slpi/Wfdc12/Ctla2a/Mical1/Chac1/Serping1",12
"GO:0032869","BP","GO:0032869","cellular response to insulin stimulus","9/321","219/28891",0.00081550528340966,0.0182284536821911,0.0143105037054168,"Pkm/Socs3/Bglap3/Eif4ebp1/Nucb2/Socs1/Trib3/Rarres2/Akt3",9
"GO:0009167","BP","GO:0009167","purine ribonucleoside monophosphate metabolic process","4/321","38/28891",0.000819606258526451,0.0182284536821911,0.0143105037054168,"Ak4/Gda/Urah/Xdh",4
"GO:0019320","BP","GO:0019320","hexose catabolic process","4/321","38/28891",0.000819606258526451,0.0182284536821911,0.0143105037054168,"Pkm/Eno1/Hk1/Slc25a12",4
"GO:0006735","BP","GO:0006735","NADH regeneration","3/321","17/28891",0.000823153688005789,0.0182284536821911,0.0143105037054168,"Pkm/Eno1/Hk1",3
"GO:0010755","BP","GO:0010755","regulation of plasminogen activation","3/321","17/28891",0.000823153688005789,0.0182284536821911,0.0143105037054168,"Eno1/Ctsz/Plat",3
"GO:0061621","BP","GO:0061621","canonical glycolysis","3/321","17/28891",0.000823153688005789,0.0182284536821911,0.0143105037054168,"Pkm/Eno1/Hk1",3
"GO:0061718","BP","GO:0061718","glucose catabolic process to pyruvate","3/321","17/28891",0.000823153688005789,0.0182284536821911,0.0143105037054168,"Pkm/Eno1/Hk1",3
"GO:0009123","BP","GO:0009123","nucleoside monophosphate metabolic process","5/321","66/28891",0.00084260469714542,0.0182673401434344,0.0143410320682398,"Ak4/Upp1/Gda/Urah/Xdh",5
"GO:0009259","BP","GO:0009259","ribonucleotide metabolic process","12/321","364/28891",0.000842703162848354,0.0182673401434344,0.0143410320682398,"Eno1/Ak4/Upp1/Gda/Urah/Acacb/Xdh/Ldhd/Vnn1/Slc25a12/Tgfb1/Acot4",12
"GO:0016485","BP","GO:0016485","protein processing","10/321","266/28891",0.000843977788538943,0.0182673401434344,0.0143410320682398,"P4hb/Eno1/Ctsz/Plat/Hgfac/Ctla2a/Gsn/Chac1/Cideb/Srgn",10
"GO:0046718","BP","GO:0046718","viral entry into host cell","6/321","99/28891",0.000846258137198449,0.0182673401434344,0.0143410320682398,"P4hb/Ly6e/Slc3a2/Ifitm1/Gsn/Lgals1",6
"GO:0010594","BP","GO:0010594","regulation of endothelial cell migration","8/321","177/28891",0.000856038376502892,0.0182673401434344,0.0143410320682398,"Lcn2/Anxa3/Dcn/Cxcl13/Tgfb1/Amotl1/Hmox1/Akt3",8
"GO:2001235","BP","GO:2001235","positive regulation of apoptotic signaling pathway","8/321","177/28891",0.000856038376502892,0.0182673401434344,0.0143410320682398,"S100a8/S100a9/Sod1/Nupr1/Ctsl/Vnn1/Unc5b/Mal",8
"GO:0051402","BP","GO:0051402","neuron apoptotic process","12/321","369/28891",0.000947664302651162,0.0200542642736468,0.015743881966127,"Lcn2/Sod1/Nupr1/Egln3/Mybl2/Tnfrsf23/Bnip3/Tgfb1/Unc5b/Optn/Tuba1a/Hmox1",12
"GO:0015718","BP","GO:0015718","monocarboxylic acid transport","8/321","180/28891",0.000954312919678073,0.0200542642736468,0.015743881966127,"Fabp4/Slc51b/Aqp8/Slc16a3/Slc10a2/Mfsd2a/Slc16a6/Rbp2",8
"GO:0021782","BP","GO:0021782","glial cell development","7/321","139/28891",0.000956863504110383,0.0200542642736468,0.015743881966127,"S100a8/S100a9/Sod1/C1qa/Tgfb1/Ndrg1/Mal",7
"GO:0042060","BP","GO:0042060","wound healing","12/321","370/28891",0.000969911548408622,0.020207447112111,0.0158641403059548,"Lrg1/S100a9/Plet1/Reg3g/B4galt1/Plat/Fbln1/Slc7a11/Hgfac/Fcer1g/Serping1/Hmox1",12
"GO:0002028","BP","GO:0002028","regulation of sodium ion transport","6/321","102/28891",0.000989188872902193,0.0204878471852272,0.0160842723234747,"Fxyd4/Fxyd3/Stom/Slc9a3/Tgfb1/Akt3",6
"GO:0019731","BP","GO:0019731","antibacterial humoral response","7/321","140/28891",0.000997822377963318,0.020545804636309,0.0161297726348518,"Igha/Mmp7/Jchain/Slpi/Wfdc12/H2-Q1/Ighg2c",7
"GO:0043303","BP","GO:0043303","mast cell degranulation","5/321","69/28891",0.00103133102496638,0.0209395271043804,0.0164388699909126,"Fcer1g/Il4ra/Fes/Hmox1/Rac2",5
"GO:0019693","BP","GO:0019693","ribose phosphate metabolic process","12/321","373/28891",0.00103927896026216,0.0209395271043804,0.0164388699909126,"Eno1/Ak4/Upp1/Gda/Urah/Acacb/Xdh/Ldhd/Vnn1/Slc25a12/Tgfb1/Acot4",12
"GO:0051235","BP","GO:0051235","maintenance of location","12/321","373/28891",0.00103927896026216,0.0209395271043804,0.0164388699909126,"Hk2/C3/Hilpda/Acacb/Hk1/Ehd1/Gsn/Cideb/Tgfb1/Gaa/Srgn/Kdelr3",12
"GO:0044409","BP","GO:0044409","entry into host","6/321","103/28891",0.00104073196343839,0.0209395271043804,0.0164388699909126,"P4hb/Ly6e/Slc3a2/Ifitm1/Gsn/Lgals1",6
"GO:0050678","BP","GO:0050678","regulation of epithelial cell proliferation","13/321","426/28891",0.00105305120037758,0.0210670072530082,0.0165389500729158,"Pla2g2a/Lrg1/Reg3g/Nupr1/B4galt1/Tmigd1/Xdh/Lama5/Ctsl/Tgfb1/Egfl7/Hmox1/Akt3",13
"GO:0010810","BP","GO:0010810","regulation of cell-substrate adhesion","9/321","228/28891",0.00108208943310564,0.0215256321692936,0.0168990000079419,"Plet1/P4hb/Fbln1/Rac3/Gcnt2/Itga3/Rhod/Lgals1/Rac2",9
"GO:0009126","BP","GO:0009126","purine nucleoside monophosphate metabolic process","4/321","41/28891",0.00109545750105103,0.021651223082059,0.0169975969187841,"Ak4/Gda/Urah/Xdh",4
"GO:1902475","BP","GO:1902475","L-alpha-amino acid transmembrane transport","5/321","70/28891",0.00110070120184282,0.021651223082059,0.0169975969187841,"Slc3a2/Slc7a11/Arg2/Slc25a12/Slc6a9",5
"GO:0046434","BP","GO:0046434","organophosphate catabolic process","7/321","143/28891",0.00112902587578829,0.0220755698684888,0.0173307363262983,"Prdx6/Upp1/Gda/Urah/Xdh/Vnn1/Gpd1",7
"GO:0002699","BP","GO:0002699","positive regulation of immune effector process","11/321","326/28891",0.00113961632644386,0.0220755698684888,0.0173307363262983,"C3/Hk1/Sema7a/Myo18a/Fcer1g/Tgfb1/Il4ra/H2-Q1/Fes/Hmox1/Rac2",11
"GO:0006091","BP","GO:0006091","generation of precursor metabolites and energy","14/321","484/28891",0.00114108313435529,0.0220755698684888,0.0173307363262983,"Pkm/Hk2/Eno1/Nupr1/Ak4/Ddit4/Hk1/Slc37a2/H6pd/Slc25a12/Bnip3/Cbfa2t3/Gpd1/Gaa",14
"GO:0048525","BP","GO:0048525","negative regulation of viral process","6/321","105/28891",0.00114998227553332,0.0220800070121088,0.017334219768247,"Ly6e/Fbln1/Slpi/Ifitm1/Gsn/Oasl1",6
"GO:0070486","BP","GO:0070486","leukocyte aggregation","3/321","19/28891",0.00115385438518262,0.0220800070121088,0.017334219768247,"S100a8/S100a9/Rac2",3
"GO:0002448","BP","GO:0002448","mast cell mediated immunity","5/321","71/28891",0.00117346894507634,0.0223339684087233,0.0175335957312687,"Fcer1g/Il4ra/Fes/Hmox1/Rac2",5
"GO:0009154","BP","GO:0009154","purine ribonucleotide catabolic process","4/321","42/28891",0.00120027864776224,0.0225998990308601,0.0177423683029757,"Gda/Urah/Xdh/Vnn1",4
"GO:0018208","BP","GO:0018208","peptidyl-proline modification","4/321","42/28891",0.00120027864776224,0.0225998990308601,0.0177423683029757,"P4hb/Fkbp11/Fkbp5/Egln3",4
"GO:0002279","BP","GO:0002279","mast cell activation involved in immune response","5/321","72/28891",0.00124973552740004,0.0229174533396177,0.017991668775269,"Fcer1g/Il4ra/Fes/Hmox1/Rac2",5
"GO:0009166","BP","GO:0009166","nucleotide catabolic process","5/321","72/28891",0.00124973552740004,0.0229174533396177,0.017991668775269,"Upp1/Gda/Urah/Xdh/Vnn1",5
"GO:0031638","BP","GO:0031638","zymogen activation","5/321","72/28891",0.00124973552740004,0.0229174533396177,0.017991668775269,"Eno1/Ctsz/Plat/Hgfac/Cideb",5
"GO:0032507","BP","GO:0032507","maintenance of protein location in cell","5/321","72/28891",0.00124973552740004,0.0229174533396177,0.017991668775269,"Hk2/Hk1/Gsn/Srgn/Kdelr3",5
"GO:0043470","BP","GO:0043470","regulation of carbohydrate catabolic process","5/321","72/28891",0.00124973552740004,0.0229174533396177,0.017991668775269,"Nupr1/Ddit4/Slc25a12/Cbfa2t3/Gpd1",5
"GO:0031348","BP","GO:0031348","negative regulation of defense response","11/321","330/28891",0.00125619667553144,0.0229174533396177,0.017991668775269,"Pglyrp1/Reg3g/Sod1/Socs3/Arg2/Ctla2a/Rnf125/Tgfb1/Tnfrsf1b/Serping1/H2-Q1",11
"GO:0060326","BP","GO:0060326","cell chemotaxis","11/321","331/28891",0.00128682484689458,0.0233552076593598,0.0183353339552098,"Saa3/S100a8/S100a9/Cxcl5/Rac3/Cxcl13/Rarres2/Fcer1g/Ccl4/Mpp1/Rac2",11
"GO:0095500","BP","GO:0095500","acetylcholine receptor signaling pathway","4/321","43/28891",0.00131192255866036,0.0235301182387083,0.0184726499633322,"Ly6g/Ly6c1/Ly6a/Ly6e",4
"GO:0090559","BP","GO:0090559","regulation of membrane permeability","5/321","73/28891",0.0013296029251901,0.0235301182387083,0.0184726499633322,"Hk2/Slc25a4/Tmigd1/Bnip3/Heg1",5
"GO:2001244","BP","GO:2001244","positive regulation of intrinsic apoptotic signaling pathway","5/321","73/28891",0.0013296029251901,0.0235301182387083,0.0184726499633322,"S100a8/S100a9/Sod1/Nupr1/Vnn1",5
"GO:0001894","BP","GO:0001894","tissue homeostasis","10/321","283/28891",0.00134466840428223,0.0235301182387083,0.0184726499633322,"Sod1/Prom1/Rac3/Tff3/Gcnt2/Muc2/Mfsd2a/Tuba1a/Rac2/Akt3",10
"GO:0060249","BP","GO:0060249","anatomical structure homeostasis","10/321","283/28891",0.00134466840428223,0.0235301182387083,0.0184726499633322,"Sod1/Prom1/Rac3/Tff3/Gcnt2/Muc2/Mfsd2a/Tuba1a/Rac2/Akt3",10
"GO:0035795","BP","GO:0035795","negative regulation of mitochondrial membrane permeability","3/321","20/28891",0.00134636443989198,0.0235301182387083,0.0184726499633322,"Hk2/Slc25a4/Bnip3",3
"GO:0061620","BP","GO:0061620","glycolytic process through glucose-6-phosphate","3/321","20/28891",0.00134636443989198,0.0235301182387083,0.0184726499633322,"Pkm/Eno1/Hk1",3
"GO:0002366","BP","GO:0002366","leukocyte activation involved in immune response","11/321","333/28891",0.00134992442039735,0.0235301182387083,0.0184726499633322,"Pglyrp1/Anxa3/Slfn2/Sbno2/Fcer1g/Tgfb1/Il4ra/Lgals1/Fes/Hmox1/Rac2",11
"GO:0006953","BP","GO:0006953","acute-phase response","4/321","44/28891",0.00143062093821777,0.0248138735146047,0.0194804800817208,"Saa3/Saa1/Reg3g/Hp",4
"GO:0051260","BP","GO:0051260","protein homooligomerization","8/321","192/28891",0.00144149305659609,0.0248798875111512,0.0195323052973237,"Pkm/Alad/Tgm2/Gsdmd/Acacb/Tmem120a/Ehd1/Me1",8
"GO:0010595","BP","GO:0010595","positive regulation of endothelial cell migration","6/321","110/28891",0.00146158355658002,0.0251035887937476,0.0197079251326272,"Lcn2/Anxa3/Tgfb1/Amotl1/Hmox1/Akt3",6
"GO:0002263","BP","GO:0002263","cell activation involved in immune response","11/321","337/28891",0.00148375702410926,0.0253382650800737,0.0198921610488269,"Pglyrp1/Anxa3/Slfn2/Sbno2/Fcer1g/Tgfb1/Il4ra/Lgals1/Fes/Hmox1/Rac2",11
"GO:0010952","BP","GO:0010952","positive regulation of peptidase activity","8/321","193/28891",0.00148963955455134,0.0253382650800737,0.0198921610488269,"S100a8/S100a9/Prss22/Xdh/Tnfrsf23/Gsn/Ctsl/Cideb",8
"GO:0030595","BP","GO:0030595","leukocyte chemotaxis","9/321","240/28891",0.00154298475472081,0.0256326907168913,0.0201233040322147,"S100a8/S100a9/Cxcl5/Cxcl13/Rarres2/Fcer1g/Ccl4/Mpp1/Rac2",9
"GO:0009394","BP","GO:0009394","2'-deoxyribonucleotide metabolic process","4/321","45/28891",0.00155660474498467,0.0256326907168913,0.0201233040322147,"Upp1/Gda/Urah/Xdh",4
"GO:0019692","BP","GO:0019692","deoxyribose phosphate metabolic process","4/321","45/28891",0.00155660474498467,0.0256326907168913,0.0201233040322147,"Upp1/Gda/Urah/Xdh",4
"GO:0046365","BP","GO:0046365","monosaccharide catabolic process","4/321","45/28891",0.00155660474498467,0.0256326907168913,0.0201233040322147,"Pkm/Eno1/Hk1/Slc25a12",4
"GO:1905145","BP","GO:1905145","cellular response to acetylcholine","4/321","45/28891",0.00155660474498467,0.0256326907168913,0.0201233040322147,"Ly6g/Ly6c1/Ly6a/Ly6e",4
"GO:0034377","BP","GO:0034377","plasma lipoprotein particle assembly","3/321","21/28891",0.00155790849571563,0.0256326907168913,0.0201233040322147,"Mfsd2a/Cideb/Mttp",3
"GO:0043117","BP","GO:0043117","positive regulation of vascular permeability","3/321","21/28891",0.00155790849571563,0.0256326907168913,0.0201233040322147,"Ptp4a3/Ccl4/Tgfb1",3
"GO:0007159","BP","GO:0007159","leukocyte cell-cell adhesion","13/321","447/28891",0.00161652083141521,0.0264733481275021,0.0207832739451473,"Lrg1/S100a8/S100a9/Zbtb16/Ido1/Socs1/Arg2/Vnn1/Tgfb1/Il4ra/H2-Q1/Lgals1/Rac2",13
"GO:0006909","BP","GO:0006909","phagocytosis","9/321","242/28891",0.00163320105577887,0.0265000042276377,0.0208042006911244,"Sod1/C3/Anxa3/Tgm2/Rac3/Myo18a/Gsn/Fcer1g/Tgfb1",9
"GO:0097191","BP","GO:0097191","extrinsic apoptotic signaling pathway","9/321","242/28891",0.00163320105577887,0.0265000042276377,0.0208042006911244,"Lcn2/Tnfrsf23/Gstp3/Tgfb1/Unc5b/Tnfrsf1b/Mal/Hmox1/Mllt11",9
"GO:0034599","BP","GO:0034599","cellular response to oxidative stress","9/321","243/28891",0.00167986952293907,0.0271322045425158,0.021300518431859,"Lcn2/Sod1/Slc7a11/Srxn1/Tmigd1/Bnip3/Agap3/Hmox1/Aldh3b1",9
"GO:0043434","BP","GO:0043434","response to peptide hormone","12/321","396/28891",0.00172059857429332,0.0276631396350994,0.0217173364868746,"Pkm/Reg3g/Socs3/Bglap3/Eif4ebp1/Nucb2/Socs1/Trib3/Rarres2/Agtrap/Gcg/Akt3",12
"GO:0009150","BP","GO:0009150","purine ribonucleotide metabolic process","11/321","345/28891",0.00178411002277033,0.0282083820177264,0.0221453866809816,"Eno1/Ak4/Gda/Urah/Acacb/Xdh/Ldhd/Vnn1/Slc25a12/Tgfb1/Acot4",11
"GO:0006089","BP","GO:0006089","lactate metabolic process","3/321","22/28891",0.00178914493404976,0.0282083820177264,0.0221453866809816,"Ldhd/Slc25a12/Haghl",3
"GO:0009151","BP","GO:0009151","purine deoxyribonucleotide metabolic process","3/321","22/28891",0.00178914493404976,0.0282083820177264,0.0221453866809816,"Gda/Urah/Xdh",3
"GO:0045820","BP","GO:0045820","negative regulation of glycolytic process","3/321","22/28891",0.00178914493404976,0.0282083820177264,0.0221453866809816,"Nupr1/Ddit4/Cbfa2t3",3
"GO:0002718","BP","GO:0002718","regulation of cytokine production involved in immune response","7/321","155/28891",0.00179456903492494,0.0282083820177264,0.0221453866809816,"Hk1/Sema7a/Fcer1g/Tgfb1/Tnfrsf1b/H2-Q1/Hmox1",7
"GO:1901653","BP","GO:1901653","cellular response to peptide","11/321","346/28891",0.00182491217593007,0.0284060585185486,0.0223005753956587,"Pkm/Socs3/Bglap3/Eif4ebp1/Nucb2/Socs1/Trib3/Rarres2/Agtrap/Gcg/Akt3",11
"GO:0009262","BP","GO:0009262","deoxyribonucleotide metabolic process","4/321","47/28891",0.00183134770909132,0.0284060585185486,0.0223005753956587,"Upp1/Gda/Urah/Xdh",4
"GO:2000772","BP","GO:2000772","regulation of cellular senescence","4/321","47/28891",0.00183134770909132,0.0284060585185486,0.0223005753956587,"Arg2/Fzr1/Abi3/Akt3",4
"GO:1903900","BP","GO:1903900","regulation of viral life cycle","7/321","156/28891",0.00186138571197565,0.0287453468941503,0.0225669385025303,"P4hb/Ly6e/Slpi/Ifitm1/Gsn/Lgals1/Oasl1",7
"GO:0010822","BP","GO:0010822","positive regulation of mitochondrion organization","5/321","79/28891",0.00189021208252299,0.0290630425439453,0.0228163499365911,"Slc25a4/Dcn/Cideb/Bnip3/Mllt11",5
"GO:0048872","BP","GO:0048872","homeostasis of number of cells","12/321","401/28891",0.00190909682340256,0.0292257822400018,0.0229441110217626,"Pla2g2a/Sod1/Cxcl5/Rac3/Slc7a11/Muc2/Tnfrsf23/Fcer1g/Tgfb1/Tuba1a/Hmox1/Akt3",12
"GO:0043114","BP","GO:0043114","regulation of vascular permeability","4/321","48/28891",0.00198056352415711,0.029814588633332,0.0234063617546241,"C2cd4b/Ptp4a3/Ccl4/Tgfb1",4
"GO:1905144","BP","GO:1905144","response to acetylcholine","4/321","48/28891",0.00198056352415711,0.029814588633332,0.0234063617546241,"Ly6g/Ly6c1/Ly6a/Ly6e",4
"GO:1902075","BP","GO:1902075","cellular response to salt","8/321","202/28891",0.00198283940492127,0.029814588633332,0.0234063617546241,"Ly6g/Ly6c1/Ly6a/Ly6e/Fabp4/Tgm2/Slc13a2/Tuba1a",8
"GO:1901292","BP","GO:1901292","nucleoside phosphate catabolic process","5/321","80/28891",0.00199818990173937,0.029814588633332,0.0234063617546241,"Upp1/Gda/Urah/Xdh/Vnn1",5
"GO:0010632","BP","GO:0010632","regulation of epithelial cell migration","9/321","250/28891",0.00203730112859301,0.029814588633332,0.0234063617546241,"Lcn2/Anxa3/Dcn/Cxcl13/Itga3/Tgfb1/Amotl1/Hmox1/Akt3",9
"GO:0019058","BP","GO:0019058","viral life cycle","9/321","250/28891",0.00203730112859301,0.029814588633332,0.0234063617546241,"P4hb/Ly6e/Stom/Slc3a2/Slpi/Ifitm1/Gsn/Lgals1/Oasl1",9
"GO:0002544","BP","GO:0002544","chronic inflammatory response","3/321","23/28891",0.00204070316973389,0.029814588633332,0.0234063617546241,"S100a9/Ido1/Vnn1",3
"GO:0006144","BP","GO:0006144","purine nucleobase metabolic process","3/321","23/28891",0.00204070316973389,0.029814588633332,0.0234063617546241,"Gda/Urah/Xdh",3
"GO:0032095","BP","GO:0032095","regulation of response to food","3/321","23/28891",0.00204070316973389,0.029814588633332,0.0234063617546241,"Nucb2/Pyy/Gcg",3
"GO:0043605","BP","GO:0043605","amide catabolic process","3/321","23/28891",0.00204070316973389,0.029814588633332,0.0234063617546241,"Gda/Urah/Xdh",3
"GO:1900746","BP","GO:1900746","regulation of vascular endothelial growth factor signaling pathway","3/321","23/28891",0.00204070316973389,0.029814588633332,0.0234063617546241,"Dcn/Xdh/Ptp4a3",3
"GO:0046496","BP","GO:0046496","nicotinamide nucleotide metabolic process","5/321","81/28891",0.00211060412797864,0.0307084179116231,0.0241080749894385,"Dcxr/Ido1/H6pd/Me1/Gpd1",5
"GO:0043467","BP","GO:0043467","regulation of generation of precursor metabolites and energy","7/321","161/28891",0.00222490813307134,0.0322382779281653,0.0253091130926807,"Nupr1/Ak4/Ddit4/Slc25a12/Bnip3/Cbfa2t3/Gpd1",7
"GO:0010634","BP","GO:0010634","positive regulation of epithelial cell migration","7/321","162/28891",0.00230376144952978,0.0331086262783466,0.0259923922949336,"Lcn2/Anxa3/Itga3/Tgfb1/Amotl1/Hmox1/Akt3",7
"GO:0009116","BP","GO:0009116","nucleoside metabolic process","4/321","50/28891",0.00230381519672108,0.0331086262783466,0.0259923922949336,"Upp1/Gda/Urah/Xdh",4
"GO:0046037","BP","GO:0046037","GMP metabolic process","3/321","24/28891",0.00231318434094668,0.0331086262783466,0.0259923922949336,"Gda/Urah/Xdh",3
"GO:0050863","BP","GO:0050863","regulation of T cell activation","12/321","411/28891",0.0023370563147485,0.0333148796932367,0.0261543144365206,"Zbtb16/Ido1/Socs1/Arg2/Ctla2a/Vnn1/Tgfb1/Il4ra/Tnfrsf1b/H2-Q1/Lgals1/Rac2",12
"GO:0019362","BP","GO:0019362","pyridine nucleotide metabolic process","5/321","83/28891",0.00234916698836714,0.0333524877662932,0.0261838391827339,"Dcxr/Ido1/H6pd/Me1/Gpd1",5
"GO:0044000","BP","GO:0044000","movement in host","6/321","123/28891",0.00257301339031041,0.0363838560131845,0.0285636574210743,"P4hb/Ly6e/Slc3a2/Ifitm1/Gsn/Lgals1",6
"GO:1902547","BP","GO:1902547","regulation of cellular response to vascular endothelial growth factor stimulus","3/321","25/28891",0.00260716198601937,0.0367192694110967,0.0288269784222604,"Dcn/Xdh/Ptp4a3",3
"GO:0032868","BP","GO:0032868","response to insulin","9/321","262/28891",0.00278908458602134,0.0391249674397655,0.0307156054640052,"Pkm/Socs3/Bglap3/Eif4ebp1/Nucb2/Socs1/Trib3/Rarres2/Akt3",9
"GO:0002703","BP","GO:0002703","regulation of leukocyte mediated immunity","10/321","314/28891",0.00286637815333531,0.040049672531324,0.0314415581898853,"C3/Cxcl5/Fcer1g/Tgfb1/Il4ra/Tnfrsf1b/H2-Q1/Fes/Hmox1/Rac2",10
"GO:0050680","BP","GO:0050680","negative regulation of epithelial cell proliferation","7/321","169/28891",0.00291775507507603,0.0401905851700516,0.0315521836369918,"Pla2g2a/Nupr1/B4galt1/Tmigd1/Xdh/Ctsl/Tgfb1",7
"GO:0061615","BP","GO:0061615","glycolytic process through fructose-6-phosphate","3/321","26/28891",0.00292318270738613,0.0401905851700516,0.0315521836369918,"Pkm/Eno1/Hk1",3
"GO:0065005","BP","GO:0065005","protein-lipid complex assembly","3/321","26/28891",0.00292318270738613,0.0401905851700516,0.0315521836369918,"Mfsd2a/Cideb/Mttp",3
"GO:0007162","BP","GO:0007162","negative regulation of cell adhesion","10/321","315/28891",0.00293202550227159,0.0401905851700516,0.0315521836369918,"Plet1/Fbln1/Muc1/Ido1/Gcnt2/Socs1/Arg2/Tgfb1/Il4ra/Lgals1",10
"GO:0031589","BP","GO:0031589","cell-substrate adhesion","11/321","368/28891",0.00293353603768909,0.0401905851700516,0.0315521836369918,"Plet1/P4hb/Fbln1/Rac3/Gcnt2/Lama5/Itga3/Rhod/Lgals1/Rac2/Lamb3",11
"GO:0050764","BP","GO:0050764","regulation of phagocytosis","6/321","127/28891",0.00301721751761783,0.0411768328664045,0.0323264512495488,"Sod1/C3/Tgm2/Myo18a/Fcer1g/Tgfb1",6
"GO:0015807","BP","GO:0015807","L-amino acid transport","5/321","88/28891",0.00303067238794654,0.0412007624631651,0.0323452375157391,"Slc3a2/Slc7a11/Arg2/Slc25a12/Slc6a9",5
"GO:0006195","BP","GO:0006195","purine nucleotide catabolic process","4/321","54/28891",0.00305582996532639,0.0413829896458239,0.0324882975261016,"Gda/Urah/Xdh/Vnn1",4
"GO:0034728","BP","GO:0034728","nucleosome organization","5/321","89/28891",0.00318241752521412,0.0427636696778107,0.0335722197862243,"H1f4/H3c3/H1f3/H3c6/Ttc39aos1",5
"GO:0010565","BP","GO:0010565","regulation of cellular ketone metabolic process","7/321","172/28891",0.00321627057550753,0.0427636696778107,0.0335722197862243,"Nucb2/Slc7a11/Acacb/Trib3/Rdh16/Mfsd2a/H6pd",7
"GO:0016236","BP","GO:0016236","macroautophagy","9/321","268/28891",0.00323942832627969,0.0427636696778107,0.0335722197862243,"Nupr1/Slc25a4/Dcn/Sting1/Bnip3/Tgfb1/Optn/Gaa/Hmox1",9
"GO:0006575","BP","GO:0006575","cellular modified amino acid metabolic process","6/321","129/28891",0.00325967093279341,0.0427636696778107,0.0335722197862243,"Ckb/Duoxa2/Mboat2/Mfsd2a/Ctsl/Vnn1",6
"GO:0031639","BP","GO:0031639","plasminogen activation","3/321","27/28891",0.00326176682288686,0.0427636696778107,0.0335722197862243,"Eno1/Ctsz/Plat",3
"GO:0046716","BP","GO:0046716","muscle cell cellular homeostasis","3/321","27/28891",0.00326176682288686,0.0427636696778107,0.0335722197862243,"Sod1/Tgfb1/Gaa",3
"GO:0051016","BP","GO:0051016","barbed-end actin filament capping","3/321","27/28891",0.00326176682288686,0.0427636696778107,0.0335722197862243,"Capg/Eps8/Gsn",3
"GO:0071549","BP","GO:0071549","cellular response to dexamethasone stimulus","3/321","27/28891",0.00326176682288686,0.0427636696778107,0.0335722197862243,"Eif4ebp1/Ddit4/Tgfb1",3
"GO:0089718","BP","GO:0089718","amino acid import across plasma membrane","4/321","55/28891",0.00326709092397929,0.0427636696778107,0.0335722197862243,"Slc3a2/Slc7a11/Arg2/Slc6a9",4
"GO:1901293","BP","GO:1901293","nucleoside phosphate biosynthetic process","9/321","269/28891",0.00331975276653599,0.0431640637280278,0.0338865547615962,"Eno1/Gars/Ak4/Upp1/Ido1/Acacb/Ldhd/Slc25a12/Tgfb1",9
"GO:0030098","BP","GO:0030098","lymphocyte differentiation","13/321","486/28891",0.00332219859991353,0.0431640637280278,0.0338865547615962,"Igkc/Pglyrp1/Zbtb16/Aqp8/Ly6d/Socs1/Ctla2a/Ctsl/Fcer1g/Vnn1/Tgfb1/Il4ra/Lgals1",13
"GO:0046394","BP","GO:0046394","carboxylic acid biosynthetic process","10/321","321/28891",0.00335155397590904,0.0433853733425578,0.0340602969842768,"Pla2g2a/Pkm/Psat1/Ido1/Acacb/Trib3/Rdh16/Gstp3/Slc25a12/Fads3",10
"GO:0018108","BP","GO:0018108","peptidyl-tyrosine phosphorylation","10/321","322/28891",0.00342589535032477,0.0441852656721375,0.034688263697524,"Mvp/Socs3/Spink1/Socs1/Hk1/Abi3/Ptk6/Tgfb1/Lrp8/Fes",10
"GO:0055010","BP","GO:0055010","ventricular cardiac muscle tissue morphogenesis","4/321","56/28891",0.00348808359365915,0.0448231472017295,0.0351890415557008,"Ly6e/Tnni1/Tgfb1/Heg1",4
"GO:0007596","BP","GO:0007596","blood coagulation","7/321","175/28891",0.00353756418050951,0.0451610442544173,0.0354543123849683,"S100a9/Plat/Fbln1/Slc7a11/Hgfac/Fcer1g/Serping1",7
"GO:0002573","BP","GO:0002573","myeloid leukocyte differentiation","9/321","272/28891",0.0035701670211634,0.0451610442544173,0.0354543123849683,"Socs1/Sbno2/Igsf23/Fcer1g/Cbfa2t3/Tgfb1/C1qc/Batf2/Fes",9
"GO:0006520","BP","GO:0006520","amino acid metabolic process","9/321","272/28891",0.0035701670211634,0.0451610442544173,0.0354543123849683,"Gars/Psat1/Ido1/Slc7a11/Acy1/Arg2/Slc25a12/Aspa/Tat",9
"GO:0016053","BP","GO:0016053","organic acid biosynthetic process","10/321","324/28891",0.00357850932887885,0.0451610442544173,0.0354543123849683,"Pla2g2a/Pkm/Psat1/Ido1/Acacb/Trib3/Rdh16/Gstp3/Slc25a12/Fads3",10
"GO:0018212","BP","GO:0018212","peptidyl-tyrosine modification","10/321","324/28891",0.00357850932887885,0.0451610442544173,0.0354543123849683,"Mvp/Socs3/Spink1/Socs1/Hk1/Abi3/Ptk6/Tgfb1/Lrp8/Fes",10
"GO:0032640","BP","GO:0032640","tumor necrosis factor production","8/321","223/28891",0.00363506327611909,0.0457109206971975,0.0358860006131155,"Zg16/Tnfrsf8/Arg2/Fcer1g/Gstp3/Ccl4/Tgfb1/H2-Q1",8
"GO:0051881","BP","GO:0051881","regulation of mitochondrial membrane potential","5/321","92/28891",0.00367046679620441,0.0458287715937437,0.0359785211154639,"Sod1/Dcn/Bnip3/Tspan4/Mllt11",5
"GO:0072524","BP","GO:0072524","pyridine-containing compound metabolic process","5/321","92/28891",0.00367046679620441,0.0458287715937437,0.0359785211154639,"Dcxr/Ido1/H6pd/Me1/Gpd1",5
"GO:0006693","BP","GO:0006693","prostaglandin metabolic process","4/321","57/28891",0.00371901826190503,0.0459461870181319,0.0360706997442755,"Pla2g2a/Ces2c/Ces2e/Gstp3",4
"GO:0010883","BP","GO:0010883","regulation of lipid storage","4/321","57/28891",0.00371901826190503,0.0459461870181319,0.0360706997442755,"C3/Hilpda/Acacb/Ehd1",4
"GO:0032350","BP","GO:0032350","regulation of hormone metabolic process","4/321","57/28891",0.00371901826190503,0.0459461870181319,0.0360706997442755,"Duoxa2/Rdh16/H6pd/Stc2",4
"GO:0046486","BP","GO:0046486","glycerolipid metabolic process","11/321","380/28891",0.00373566712326798,0.0459905032903026,0.0361054908564656,"Pla2g2a/Prdx6/C3/Socs3/Cwh43/Mboat2/Socs1/Mfsd2a/Cideb/Gpd1/Mttp",11
"GO:0002367","BP","GO:0002367","cytokine production involved in immune response","7/321","178/28891",0.00388273087243229,0.047363108479263,0.0371830738476045,"Hk1/Sema7a/Fcer1g/Tgfb1/Tnfrsf1b/H2-Q1/Hmox1",7
"GO:0050817","BP","GO:0050817","coagulation","7/321","178/28891",0.00388273087243229,0.047363108479263,0.0371830738476045,"S100a9/Plat/Fbln1/Slc7a11/Hgfac/Fcer1g/Serping1",7
"GO:0071706","BP","GO:0071706","tumor necrosis factor superfamily cytokine production","8/321","226/28891",0.0039390089082128,0.047363108479263,0.0371830738476045,"Zg16/Tnfrsf8/Arg2/Fcer1g/Gstp3/Ccl4/Tgfb1/H2-Q1",8
"GO:0006110","BP","GO:0006110","regulation of glycolytic process","4/321","58/28891",0.00396010269685641,0.047363108479263,0.0371830738476045,"Nupr1/Ddit4/Cbfa2t3/Gpd1",4
"GO:0006692","BP","GO:0006692","prostanoid metabolic process","4/321","58/28891",0.00396010269685641,0.047363108479263,0.0371830738476045,"Pla2g2a/Ces2c/Ces2e/Gstp3",4
"GO:0042743","BP","GO:0042743","hydrogen peroxide metabolic process","4/321","58/28891",0.00396010269685641,0.047363108479263,0.0371830738476045,"Prdx6/Sod1/Duoxa2/Gpx3",4
"GO:0043536","BP","GO:0043536","positive regulation of blood vessel endothelial cell migration","4/321","58/28891",0.00396010269685641,0.047363108479263,0.0371830738476045,"Tgfb1/Amotl1/Hmox1/Akt3",4
"GO:0016032","BP","GO:0016032","viral process","10/321","329/28891",0.00398373038630599,0.047363108479263,0.0371830738476045,"P4hb/Ly6e/Stom/Fbln1/Slc3a2/Slpi/Ifitm1/Gsn/Lgals1/Oasl1",10
"GO:0007599","BP","GO:0007599","hemostasis","7/321","179/28891",0.00400328270599296,0.047363108479263,0.0371830738476045,"S100a9/Plat/Fbln1/Slc7a11/Hgfac/Fcer1g/Serping1",7
"GO:0046033","BP","GO:0046033","AMP metabolic process","3/321","29/28891",0.00400857890565759,0.047363108479263,0.0371830738476045,"Ak4/Urah/Xdh",3
"GO:0051560","BP","GO:0051560","mitochondrial calcium ion homeostasis","3/321","29/28891",0.00400857890565759,0.047363108479263,0.0371830738476045,"Tgm2/Bnip3/Mcub",3
"GO:0090200","BP","GO:0090200","positive regulation of release of cytochrome c from mitochondria","3/321","29/28891",0.00400857890565759,0.047363108479263,0.0371830738476045,"Cideb/Bnip3/Mllt11",3
"GO:0072330","BP","GO:0072330","monocarboxylic acid biosynthetic process","8/321","227/28891",0.00404456601268148,0.047628484717898,0.0373914111927533,"Pla2g2a/Pkm/Ido1/Acacb/Trib3/Rdh16/Gstp3/Fads3",8
"GO:0030042","BP","GO:0030042","actin filament depolymerization","4/321","59/28891",0.00421154204970039,0.0494294651899836,0.0388052962193446,"Capg/Eps8/Mical1/Gsn",4
"GO:0098862","CC","GO:0098862","cluster of actin-based cell projections","18/327","211/28573",4.93031432662937e-11,1.7453312716268e-08,1.46352488432577e-08,"Car4/Dcxr/Prom1/B4galt1/Slc26a3/Cdhr5/Eps8/Aqp8/Myo15b/Slc9a3/Ido1/Trpm6/Slc7a11/Myo18a/Rhoc/Espn/Clic5/Mttp",18
"GO:0005903","CC","GO:0005903","brush border","15/327","149/28573",2.01831827793858e-10,3.57242335195128e-08,2.995609233572e-08,"Car4/Dcxr/Prom1/B4galt1/Slc26a3/Cdhr5/Eps8/Aqp8/Myo15b/Slc9a3/Trpm6/Slc7a11/Myo18a/Espn/Mttp",15
"GO:0062023","CC","GO:0062023","collagen-containing extracellular matrix","21/327","396/28573",7.5852033752827e-09,8.95053998283358e-07,7.50535912922709e-07,"Pkm/Reg3g/Ctsz/Anxa3/Tgm2/Fbln1/Muc1/Tinagl1/Dcn/Zg16/Tgm3/Muc2/Rarres2/Lama5/Angptl4/Ctsl/Tgfb1/Serping1/Egfl7/Lgals1/Lamb3",21
"GO:0005902","CC","GO:0005902","microvillus","11/327","107/28573",4.35045735797537e-08,3.8501547618082e-06,3.22849730249751e-06,"Dcxr/Prom1/Cdhr5/Ceacam20/Lyz2/Slc10a2/Ptprh/Ctsl/Tgfb1/Espn/Mttp",11
"GO:0098858","CC","GO:0098858","actin-based cell projection","15/327","234/28573",9.63125969760507e-08,6.81893186590439e-06,5.71792680994659e-06,"Dcxr/Prom1/Cdhr5/Eps8/Ceacam20/Lyz2/Slc10a2/Itga3/Ptprh/Rhoc/Ctsl/Tgfb1/Espn/Clic5/Mttp",15
"GO:0000786","CC","GO:0000786","nucleosome","11/327","120/28573",1.42828572654222e-07,8.42688578659908e-06,7.06625569973518e-06,"Tgm2/H1f4/H3c3/H1f3/H2ac20/H2ac4/H2bc14/H3c6/H2ac15/H4c16/H2bc22",11
"GO:0031526","CC","GO:0031526","brush border membrane","9/327","82/28573",4.24805490679706e-07,2.14830205286594e-05,1.80143080258161e-05,"Car4/B4galt1/Slc26a3/Cdhr5/Aqp8/Slc9a3/Trpm6/Slc7a11/Mttp",9
"GO:0016324","CC","GO:0016324","apical plasma membrane","19/327","427/28573",5.95034102581116e-07,2.63302590392144e-05,2.2078896964194e-05,"Plet1/Slc39a4/Car4/Prom1/Slc26a3/Cdhr5/Slc3a2/Muc1/Ceacam20/Aqp8/Slc9a3/Trpm6/Slc16a3/Atp12a/Slc10a2/Slc13a2/Slc6a9/Mal/Amotl1",19
"GO:0043209","CC","GO:0043209","myelin sheath","12/327","208/28573",5.53790873267771e-06,0.000199812761279032,0.000167550397504273,"Pkm/Eno1/Sod1/Tufm/Ckb/Slc25a4/Ehd1/Gsn/Slc25a12/Ndrg1/Mal/Tuba1a",12
"GO:0030141","CC","GO:0030141","secretory granule","19/327","498/28573",5.64442828471841e-06,0.000199812761279032,0.000167550397504273,"Pla2g2a/Reg3g/Gars/Car4/Sod1/Anxa3/Sprr2a3/Plat/Tff3/Hilpda/Zg16/Ap2a2/Lyz2/Chgb/Ctsl/Gcg/Tgfb1/Slc6a9/Srgn",19
"GO:0031253","CC","GO:0031253","cell projection membrane","14/327","327/28573",2.79645737482766e-05,0.000899950827899084,0.000754642085838661,"Car4/Prom1/B4galt1/Slc26a3/Cdhr5/Eps8/Ceacam20/Aqp8/Slc9a3/Trpm6/Slc7a11/Itga3/Ehd1/Mttp",14
"GO:0045121","CC","GO:0045121","membrane raft","13/327","301/28573",4.92683649451969e-05,0.00138778496324638,0.00116370906819946,"Eno1/Stom/Slc25a4/Hk1/Arid3a/Tnfrsf23/Fcer1g/Unc5b/Tnfrsf1b/Lrp8/Mal/Tuba1a/Hmox1",13
"GO:0098857","CC","GO:0098857","membrane microdomain","13/327","302/28573",5.09638545824941e-05,0.00138778496324638,0.00116370906819946,"Eno1/Stom/Slc25a4/Hk1/Arid3a/Tnfrsf23/Fcer1g/Unc5b/Tnfrsf1b/Lrp8/Mal/Tuba1a/Hmox1",13
"GO:0032421","CC","GO:0032421","stereocilium bundle","6/327","70/28573",0.0001520315194541,0.00377157484485191,0.00316260513306048,"Prom1/Eps8/Ido1/Rhoc/Espn/Clic5",6
"GO:0019814","CC","GO:0019814","immunoglobulin complex","5/327","45/28573",0.000159812493425928,0.00377157484485191,0.00316260513306048,"Igha/Igkc/Iglc2/Jchain/Ighg2c",5
"GO:0005791","CC","GO:0005791","rough endoplasmic reticulum","5/327","46/28573",0.00017763465251314,0.00393016668685323,0.00329559026373063,"Pkm/Car4/Sec61a1/Hgfac/Lyz2",5
"GO:0071735","CC","GO:0071735","IgG immunoglobulin complex","3/327","13/28573",0.000390110787879661,0.00812348346525883,0.00681184162118046,"Igkc/Iglc2/Ighg2c",3
"GO:0032420","CC","GO:0032420","stereocilium","5/327","59/28573",0.000574713105258696,0.0113026910700877,0.0094777248937399,"Prom1/Eps8/Rhoc/Espn/Clic5",5
"GO:0031985","CC","GO:0031985","Golgi cisterna","5/327","69/28573",0.00117562974466093,0.0219038384005246,0.0183671793902704,"B4galt1/Nucb2/Lyz2/Chpf/H2-Q1",5
"GO:0070062","CC","GO:0070062","extracellular exosome","6/327","104/28573",0.00127246900200344,0.0225227013354609,0.0188861188718406,"Gars/Car4/Prom1/Muc1/Slc9a3/Acy1",6
"GO:0042571","CC","GO:0042571","immunoglobulin complex, circulating","3/327","23/28573",0.00221943373154043,0.037098627833249,0.0311085728485763,"Igha/Jchain/Ighg2c",3
"GO:0005793","CC","GO:0005793","endoplasmic reticulum-Golgi intermediate compartment","5/327","81/28573",0.00239817555819901,0.037098627833249,0.0311085728485763,"P4hb/Car4/Prom1/Nucb2/Sting1",5
"GO:1903561","CC","GO:1903561","extracellular vesicle","6/327","118/28573",0.00241980444118363,0.037098627833249,0.0311085728485763,"Gars/Car4/Prom1/Muc1/Slc9a3/Acy1",6
"GO:0031528","CC","GO:0031528","microvillus membrane","3/327","24/28573",0.00251516120903383,0.037098627833249,0.0311085728485763,"Cdhr5/Ceacam20/Mttp",3
"GO:0043230","CC","GO:0043230","extracellular organelle","6/327","127/28573",0.00348643599927187,0.0456194916688724,0.0382536326215344,"Gars/Car4/Prom1/Muc1/Slc9a3/Acy1",6
"GO:0065010","CC","GO:0065010","extracellular membrane-bounded organelle","6/327","127/28573",0.00348643599927187,0.0456194916688724,0.0382536326215344,"Gars/Car4/Prom1/Muc1/Slc9a3/Acy1",6
"GO:0005640","CC","GO:0005640","nuclear outer membrane","3/327","27/28573",0.00354396135284696,0.0456194916688724,0.0382536326215344,"Eno1/Nucb2/Syne4",3
"GO:0005788","CC","GO:0005788","endoplasmic reticulum lumen","5/327","89/28573",0.00360832137493906,0.0456194916688724,0.0382536326215344,"P4hb/Lyz2/Selenom/Rdh16/H6pd",5
"GO:0016323","CC","GO:0016323","basolateral plasma membrane","9/327","267/28573",0.00383350764529234,0.0467952312563272,0.0392395337921031,"B4galt1/Slc51b/Slc3a2/Aqp8/Slc16a3/Atp12a/Itga3/Slc6a9/Mttp",9
"GO:0008514","MF","GO:0008514","organic anion transmembrane transporter activity","15/322","250/28407",2.00600591340364e-07,0.000118354348890814,9.2698589050968e-05,"Slc39a4/Slc26a3/Slc51b/Slc25a1/Slc3a2/Slc25a4/Slc16a3/Slc7a11/Slc37a2/Slc10a2/Mfsd2a/Slc13a2/Slc25a12/Slc6a9/Slc16a6",15
"GO:0046943","MF","GO:0046943","carboxylic acid transmembrane transporter activity","12/322","174/28407",7.78252668603814e-07,0.000122008354266494,9.55605129758977e-05,"Slc26a3/Slc51b/Slc25a1/Slc3a2/Slc16a3/Slc7a11/Slc10a2/Mfsd2a/Slc13a2/Slc25a12/Slc6a9/Slc16a6",12
"GO:0016209","MF","GO:0016209","antioxidant activity","9/322","89/28407",7.93023884291185e-07,0.000122008354266494,9.55605129758977e-05,"S100a8/S100a9/Prdx6/Sod1/Hp/Srxn1/Gpx3/Nxn/Gstp3",9
"GO:0005342","MF","GO:0005342","organic acid transmembrane transporter activity","12/322","175/28407",8.27175283162668e-07,0.000122008354266494,9.55605129758977e-05,"Slc26a3/Slc51b/Slc25a1/Slc3a2/Slc16a3/Slc7a11/Slc10a2/Mfsd2a/Slc13a2/Slc25a12/Slc6a9/Slc16a6",12
"GO:0015291","MF","GO:0015291","secondary active transmembrane transporter activity","15/322","290/28407",1.3150511986751e-06,0.000155176041443662,0.000121538416045972,"Slc39a4/Slc26a3/Slc25a1/Slc3a2/Slc9a3/Slc25a4/Slc16a3/Slc7a11/Slc37a2/Slc10a2/Mfsd2a/Slc13a2/Slc25a12/Slc6a9/Slc16a6",15
"GO:0042834","MF","GO:0042834","peptidoglycan binding","5/322","19/28407",1.85154008048304e-06,0.000182068107914165,0.000142601069356501,"Pglyrp1/Reg3g/Jchain/Zg16/Hk1",5
"GO:0030527","MF","GO:0030527","structural constituent of chromatin","7/322","57/28407",3.66400552978804e-06,0.000308823323224992,0.000241879462793526,"H1f4/H1f3/H2ac20/H2bc14/H2ac15/H4c16/H2bc22",7
"GO:0030550","MF","GO:0030550","acetylcholine receptor inhibitor activity","4/322","14/28407",1.48290544767716e-05,0.00109364276766191,0.000856573015171412,"Ly6g/Ly6c1/Ly6a/Ly6e",4
"GO:0016810","MF","GO:0016810","hydrolase activity, acting on carbon-nitrogen (but not peptide) bonds","9/322","141/28407",3.49020832211713e-05,0.00228802545561012,0.00179204848351979,"Pglyrp1/Tgm2/Gda/Urah/Acy1/Arg2/Vnn1/Amdhd2/Aspa",9
"GO:0022804","MF","GO:0022804","active transmembrane transporter activity","16/322","435/28407",4.26915386504387e-05,0.00234581595608857,0.00183731169442084,"Slc39a4/Slc26a3/Slc25a1/Slc3a2/Slc9a3/Slc25a4/Slc16a3/Slc7a11/Atp12a/Slc37a2/Slc10a2/Mfsd2a/Slc13a2/Slc25a12/Slc6a9/Slc16a6",16
"GO:0034987","MF","GO:0034987","immunoglobulin receptor binding","4/322","18/28407",4.37355517236852e-05,0.00234581595608857,0.00183731169442084,"Igha/Jchain/Fes/Ighg2c",4
"GO:0016616","MF","GO:0016616","oxidoreductase activity, acting on the CH-OH group of donors, NAD or NADP as acceptor","9/322","149/28407",5.37650291512988e-05,0.00264344726660552,0.00207042524538773,"Akr1b8/Dcxr/Cbr2/Ldhd/Rdh16/H6pd/Me1/Gpd1/Cbr3",9
"GO:0016614","MF","GO:0016614","oxidoreductase activity, acting on CH-OH group of donors","9/322","158/28407",8.4613954696405e-05,0.00384017179006761,0.00300773490783172,"Akr1b8/Dcxr/Cbr2/Ldhd/Rdh16/H6pd/Me1/Gpd1/Cbr3",9
"GO:0033130","MF","GO:0033130","acetylcholine receptor binding","4/322","22/28407",0.000100875050861269,0.0042511628577249,0.0033296351374509,"Ly6g/Ly6c1/Ly6a/Ly6e",4
"GO:0005539","MF","GO:0005539","glycosaminoglycan binding","11/322","243/28407",0.000113309537601823,0.00445684181233837,0.00349072891278598,"Saa1/Pglyrp1/Reg3g/Mmp7/Jchain/Dcn/Cxcl13/Zg16/Hk1/Reg4/Aplp1",11
"GO:0019001","MF","GO:0019001","guanyl nucleotide binding","14/322","387/28407",0.000151758951976215,0.00506858709035903,0.00396986571394757,"Tufm/Tgm2/Ak4/H1f4/Rac3/Sting1/Tubb6/Ehd1/Rhoc/Rhod/Agap3/Rhof/Tuba1a/Rac2",14
"GO:0032561","MF","GO:0032561","guanyl ribonucleotide binding","14/322","387/28407",0.000151758951976215,0.00506858709035903,0.00396986571394757,"Tufm/Tgm2/Ak4/H1f4/Rac3/Sting1/Tubb6/Ehd1/Rhoc/Rhod/Agap3/Rhof/Tuba1a/Rac2",14
"GO:0004090","MF","GO:0004090","carbonyl reductase (NADPH) activity","3/322","10/28407",0.000163225685960714,0.00506858709035903,0.00396986571394757,"Dcxr/Cbr2/Cbr3",3
"GO:0010997","MF","GO:0010997","anaphase-promoting complex binding","3/322","10/28407",0.000163225685960714,0.00506858709035903,0.00396986571394757,"Clspn/Fzr1/Ccnf",3
"GO:0030548","MF","GO:0030548","acetylcholine receptor regulator activity","4/322","27/28407",0.000231445506382155,0.00650251660787959,0.00509296126825895,"Ly6g/Ly6c1/Ly6a/Ly6e",4
"GO:0099602","MF","GO:0099602","neurotransmitter receptor regulator activity","4/322","27/28407",0.000231445506382155,0.00650251660787959,0.00509296126825895,"Ly6g/Ly6c1/Ly6a/Ly6e",4
"GO:0046982","MF","GO:0046982","protein heterodimerization activity","12/322","312/28407",0.000256067979734083,0.00679996952446409,0.00532593509587821,"P4hb/Slc51b/Slc3a2/Itga3/Fcer1g/H2ac20/Jdp2/H2bc14/H2ac15/Tuba1a/Mttp/H2bc22",12
"GO:0061134","MF","GO:0061134","peptidase regulator activity","11/322","268/28407",0.000265083557733346,0.00679996952446409,0.00532593509587821,"C3/Spink4/Fbln1/Spink6/Spink1/Prss22/Slpi/Wfdc12/Ctsl/Tgfb1/Serping1",11
"GO:0005525","MF","GO:0005525","GTP binding","13/322","363/28407",0.000285932283659716,0.00702916863996802,0.00550545054941296,"Tufm/Tgm2/Ak4/H1f4/Rac3/Tubb6/Ehd1/Rhoc/Rhod/Agap3/Rhof/Tuba1a/Rac2",13
"GO:0022853","MF","GO:0022853","active monoatomic ion transmembrane transporter activity","10/322","234/28407",0.000364500194366154,0.00833585793892191,0.00652888784154633,"Slc39a4/Slc26a3/Slc9a3/Slc16a3/Atp12a/Slc10a2/Mfsd2a/Slc13a2/Slc25a12/Slc6a9",10
"GO:0016811","MF","GO:0016811","hydrolase activity, acting on carbon-nitrogen (but not peptide) bonds, in linear amides","6/322","83/28407",0.000367342892223677,0.00833585793892191,0.00652888784154633,"Pglyrp1/Tgm2/Acy1/Vnn1/Amdhd2/Aspa",6
"GO:0030246","MF","GO:0030246","carbohydrate binding","11/322","283/28407",0.000420355846438104,0.00918555368142523,0.00719439440882369,"Reg3g/Hk2/Clec2h/Egln3/Zg16/Hk1/Reg4/H6pd/Gaa/Lgals1/C4b",11
"GO:0046873","MF","GO:0046873","metal ion transmembrane transporter activity","14/322","437/28407",0.000516768498361293,0.0108890505011844,0.00852862296167698,"Lrg1/Fxyd4/Slc39a4/Sec61a1/Tmem37/Slc9a3/Trpm6/Atp12a/Slc10a2/Mfsd2a/Lrrc26/Slc13a2/Slc6a9/Kcnk6",14
"GO:0015297","MF","GO:0015297","antiporter activity","7/322","125/28407",0.000573731060345962,0.0116724595035903,0.0091422118145872,"Slc26a3/Slc25a1/Slc9a3/Slc25a4/Slc7a11/Slc37a2/Slc25a12",7
"GO:0030547","MF","GO:0030547","signaling receptor inhibitor activity","4/322","35/28407",0.000642997653613976,0.0126456205210749,0.00990441999777318,"Ly6g/Ly6c1/Ly6a/Ly6e",4
"GO:0050839","MF","GO:0050839","cell adhesion molecule binding","11/322","306/28407",0.000802073256898813,0.0152652652119452,0.0119562023693915,"P4hb/Prom1/Fbln1/Cdhr5/Tmigd1/Lama5/Itga3/Sema7a/Ptprh/Tspan4/Ndrg1",11
"GO:0004857","MF","GO:0004857","enzyme inhibitor activity","13/322","410/28407",0.000891351003785863,0.0164342841323019,0.0128718121928287,"Rps15/C3/Spink4/Anxa3/Socs3/Spink6/Spink1/Slpi/Socs1/Wfdc12/Trib3/Angptl4/Serping1",13
"GO:0099106","MF","GO:0099106","ion channel regulator activity","7/322","136/28407",0.000945039360652,0.0168961582662024,0.0132335655287473,"Lrg1/Fxyd4/Fxyd3/Sgk2/Prss30/Lrrc26/Mcub",7
"GO:0005179","MF","GO:0005179","hormone activity","7/322","139/28407",0.00107351682661257,0.0186286743441593,0.0145905228137126,"Reg3g/Retnlb/Pyy/Metrn/Gcg/Stc2/Thpo",7
"GO:0008028","MF","GO:0008028","monocarboxylic acid transmembrane transporter activity","5/322","69/28407",0.00112664249807746,0.0189919735390201,0.014875069373113,"Slc51b/Slc16a3/Slc10a2/Mfsd2a/Slc16a6",5
"GO:0005201","MF","GO:0005201","extracellular matrix structural constituent","7/322","145/28407",0.00137141047255491,0.0218684372650648,0.0171279999274995,"Fbln1/Tinagl1/Dcn/Muc2/Lama5/Creld1/Lamb3",7
"GO:0016247","MF","GO:0016247","channel regulator activity","7/322","145/28407",0.00137141047255491,0.0218684372650648,0.0171279999274995,"Lrg1/Fxyd4/Fxyd3/Sgk2/Prss30/Lrrc26/Mcub",7
"GO:0015293","MF","GO:0015293","symporter activity","7/322","150/28407",0.00166589679579348,0.025865239724162,0.0202584125582642,"Slc39a4/Slc16a3/Slc10a2/Mfsd2a/Slc13a2/Slc6a9/Slc16a6",7
"GO:0015175","MF","GO:0015175","neutral L-amino acid transmembrane transporter activity","4/322","46/28407",0.00181748139775462,0.0273433136533211,0.0214160833074183,"Slc3a2/Slc7a11/Slc25a12/Slc6a9",4
"GO:0015294","MF","GO:0015294","solute:monoatomic cation symporter activity","6/322","113/28407",0.00185378397649635,0.0273433136533211,0.0214160833074183,"Slc39a4/Slc16a3/Slc10a2/Mfsd2a/Slc13a2/Slc6a9",6
"GO:0003779","MF","GO:0003779","actin binding","13/322","448/28407",0.0019617877525497,0.027660155766703,0.0216642433212892,"P4hb/Capg/Ablim1/Eps8/Tnni1/Inf2/Pdlim7/Mical1/Myo18a/Gsn/Cald1/Rusc1/Espn",13
"GO:0050661","MF","GO:0050661","NADP binding","4/322","47/28407",0.0019690280376297,0.027660155766703,0.0216642433212892,"Akr1b8/H6pd/Me1/Cbr3",4
"GO:0008483","MF","GO:0008483","transaminase activity","3/322","25/28407",0.00275838165978165,0.037847562308632,0.029643318204263,"Tgm2/Psat1/Tat",3
"GO:0052689","MF","GO:0052689","carboxylic ester hydrolase activity","7/322","167/28407",0.00304790587656254,0.0408696469811796,0.0320103033447597,"Pla2g2a/Prdx6/Car1/Ces2c/Ces2e/H6pd/Acot4",7
"GO:0004602","MF","GO:0004602","glutathione peroxidase activity","3/322","27/28407",0.00344982111226603,0.0452309879163769,0.0354262331762523,"Prdx6/Gpx3/Gstp3",3
"GO:0004867","MF","GO:0004867","serine-type endopeptidase inhibitor activity","6/322","129/28407",0.003592505188022,0.0460777839333256,0.0360894685936306,"Spink4/Spink6/Spink1/Slpi/Wfdc12/Serping1",6
"GO:0016769","MF","GO:0016769","transferase activity, transferring nitrogenous groups","3/322","28/28407",0.00383168512020137,0.0480998770408257,0.0376732310810392,"Tgm2/Psat1/Tat",3
"GO:0048306","MF","GO:0048306","calcium-dependent protein binding","5/322","92/28407",0.00399322057584128,0.0490833362447157,0.0384435051051386,"S100a8/S100a9/Anxa3/Rac3/Lrp8",5
