"","ONTOLOGY","ID","Description","GeneRatio","BgRatio","pvalue","p.adjust","qvalue","geneID","Count"
"GO:0009615","BP","GO:0009615","response to virus","27/174","389/28891",7.0477288848148e-21,1.66396878970477e-17,1.2856541218299e-17,"Irf7/Isg15/Ifi27l2a/Oasl2/Zbp1/Igtp/Rtp4/Ifit1bl1/Gbp2b/Gm12250/Oas1g/Trim15/Ifitm3/Cxcl9/Lcn2/Ifit1/Oas1a/Plscr2/Ifit2/Oas3/Ddx60/Irgm2/Oasl1/Ifi44l/Trim31/Gbp7/Nlrp6",27
"GO:0051607","BP","GO:0051607","defense response to virus","25/174","328/28891",2.25916656687835e-20,1.91455378290931e-17,1.47926690554039e-17,"Irf7/Isg15/Oasl2/Zbp1/Igtp/Rtp4/Ifit1bl1/Gbp2b/Gm12250/Oas1g/Trim15/Ifitm3/Cxcl9/Ifit1/Oas1a/Plscr2/Ifit2/Oas3/Ddx60/Irgm2/Oasl1/Ifi44l/Trim31/Gbp7/Nlrp6",25
"GO:0140546","BP","GO:0140546","defense response to symbiont","25/174","329/28891",2.43272399353152e-20,1.91455378290931e-17,1.47926690554039e-17,"Irf7/Isg15/Oasl2/Zbp1/Igtp/Rtp4/Ifit1bl1/Gbp2b/Gm12250/Oas1g/Trim15/Ifitm3/Cxcl9/Ifit1/Oas1a/Plscr2/Ifit2/Oas3/Ddx60/Irgm2/Oasl1/Ifi44l/Trim31/Gbp7/Nlrp6",25
"GO:0042742","BP","GO:0042742","defense response to bacterium","26/174","430/28891",1.20755035233014e-18,7.12756595462864e-16,5.50706515944244e-16,"Reg3b/Reg3g/Dmbt1/Lypd8/Plac8/Isg15/Il18/Sprr2a3/Igtp/Gbp2b/Lbp/Slpi/Gm12250/Oas1g/Lcn2/Nos2/Oas1a/Oas3/Wfdc17/Wfdc18/Wfdc2/Irgm2/Gbp2/Scnn1b/Gbp7/Nlrp6",26
"GO:0045088","BP","GO:0045088","regulation of innate immune response","23/174","474/28891",1.52581780012038e-14,7.20491165216845e-12,5.56682578443921e-12,"Reg3g/Irf7/Isg15/Serpinb1a/Zbp1/Igtp/Gbp2b/Lbp/Gm12250/Oas1g/Trim15/Oas1a/Plscr2/Parp14/Oas3/Ddx60/Irgm2/Oasl1/Gbp2/Apoe/Trim31/Gbp7/Nlrp6",23
"GO:0035456","BP","GO:0035456","response to interferon-beta","12/174","74/28891",2.46303808086601e-14,9.69205484820776e-12,7.4884999897207e-12,"Igtp/Xaf1/Gbp2b/Oas1g/Ifitm3/Ifit1/Oas1a/Plscr2/Ifi47/Irgm2/Gbp2/Gbp7",12
"GO:0002218","BP","GO:0002218","activation of innate immune response","18/174","281/28891",1.21452245044858e-13,4.09641072215586e-11,3.1650637693645e-11,"Reg3g/Irf7/Zbp1/Igtp/Gbp2b/Lbp/Gm12250/Oas1g/Trim15/Oas1a/Oas3/Ddx60/Irgm2/Oasl1/Gbp2/Trim31/Gbp7/Nlrp6",18
"GO:0045089","BP","GO:0045089","positive regulation of innate immune response","19/174","385/28891",2.52757731248908e-12,7.45951254348339e-10,5.76354142439944e-10,"Reg3g/Irf7/Zbp1/Igtp/Gbp2b/Lbp/Gm12250/Oas1g/Trim15/Oas1a/Plscr2/Oas3/Ddx60/Irgm2/Oasl1/Gbp2/Trim31/Gbp7/Nlrp6",19
"GO:0002753","BP","GO:0002753","cytosolic pattern recognition receptor signaling pathway","13/174","150/28891",7.80699638457188e-12,2.02288492815807e-09,1.56296822510441e-09,"Irf7/Igtp/Gm12250/Oas1g/Trim15/Oas1a/Oas3/Ddx60/Irgm2/Oasl1/Gbp2/Trim31/Nlrp6",13
"GO:0002833","BP","GO:0002833","positive regulation of response to biotic stimulus","19/174","413/28891",8.56791583294396e-12,2.02288492815807e-09,1.56296822510441e-09,"Reg3g/Irf7/Zbp1/Igtp/Gbp2b/Lbp/Gm12250/Oas1g/Trim15/Oas1a/Plscr2/Oas3/Ddx60/Irgm2/Oasl1/Gbp2/Trim31/Gbp7/Nlrp6",19
"GO:0141060","BP","GO:0141060","disruption of anatomical structure in another organism","13/174","156/28891",1.28698806494125e-11,2.66658812301678e-09,2.06032110264967e-09,"Reg3b/Reg3g/Igtp/Gbp2b/Gm12250/Cxcl9/Nos2/Irgm2/Gbp2/Scnn1b/Cxcl11/Gbp7/Nlrp6",13
"GO:0002221","BP","GO:0002221","pattern recognition receptor signaling pathway","15/174","233/28891",1.35531797866164e-11,2.66658812301678e-09,2.06032110264967e-09,"Reg3g/Irf7/Igtp/Lbp/Gm12250/Oas1g/Trim15/Oas1a/Oas3/Ddx60/Irgm2/Oasl1/Gbp2/Trim31/Nlrp6",15
"GO:0002758","BP","GO:0002758","innate immune response-activating signaling pathway","15/174","244/28891",2.61194322022254e-11,4.74369072534264e-09,3.66518024343779e-09,"Reg3g/Irf7/Igtp/Lbp/Gm12250/Oas1g/Trim15/Oas1a/Oas3/Ddx60/Irgm2/Oasl1/Gbp2/Trim31/Nlrp6",15
"GO:0048525","BP","GO:0048525","negative regulation of viral process","11/174","105/28891",4.1985935173919e-11,7.08062806754448e-09,5.47079892153396e-09,"Isg15/Oasl2/Slpi/Oas1g/Trim15/Ifitm3/Oas1a/Plscr2/Oas3/Oasl1/Trim31",11
"GO:0045071","BP","GO:0045071","negative regulation of viral genome replication","9/174","56/28891",5.02964306278013e-11,7.91665818081593e-09,6.11675187915647e-09,"Isg15/Oasl2/Slpi/Oas1g/Ifitm3/Oas1a/Plscr2/Oas3/Oasl1",9
"GO:0031640","BP","GO:0031640","killing of cells of another organism","11/174","110/28891",7.0008565283606e-11,9.72295427262317e-09,7.51237421897766e-09,"Igtp/Gbp2b/Gm12250/Cxcl9/Nos2/Irgm2/Gbp2/Scnn1b/Cxcl11/Gbp7/Nlrp6",11
"GO:0141061","BP","GO:0141061","disruption of cell in another organism","11/174","110/28891",7.0008565283606e-11,9.72295427262317e-09,7.51237421897766e-09,"Igtp/Gbp2b/Gm12250/Cxcl9/Nos2/Irgm2/Gbp2/Scnn1b/Cxcl11/Gbp7/Nlrp6",11
"GO:0140888","BP","GO:0140888","interferon-mediated signaling pathway","10/174","84/28891",9.09781633930030e-11,1.19333024317156e-08,9.22018462924411e-09,"Irf7/Isg15/Zbp1/Igtp/Oas1g/Ifitm3/Oas1a/Parp14/Oas3/Irgm2",10
"GO:0050792","BP","GO:0050792","regulation of viral process","13/174","187/28891",1.26135202963107e-10,1.56739586418893e-08,1.21103771044357e-08,"Isg15/Stom/Oasl2/Slpi/Oas1g/Trim15/Ifitm3/Oas1a/Plscr2/Oas3/Oasl1/Trim31/Gbp7",13
"GO:0035458","BP","GO:0035458","cellular response to interferon-beta","9/174","63/28891",1.51565712181511e-10,1.78923323230273e-08,1.3824388379503e-08,"Igtp/Gbp2b/Oas1g/Ifit1/Oas1a/Ifi47/Irgm2/Gbp2/Gbp7",9
"GO:1903900","BP","GO:1903900","regulation of viral life cycle","12/174","156/28891",2.06064631462324e-10,2.31675521372642e-08,1.79002509435693e-08,"Isg15/Oasl2/Slpi/Oas1g/Trim15/Ifitm3/Oas1a/Plscr2/Oas3/Oasl1/Trim31/Gbp7",12
"GO:0045069","BP","GO:0045069","regulation of viral genome replication","10/174","92/28891",2.2797027978283e-10,2.44653559348755e-08,1.89029901848634e-08,"Isg15/Oasl2/Slpi/Oas1g/Ifitm3/Oas1a/Plscr2/Oas3/Oasl1/Gbp7",10
"GO:0019079","BP","GO:0019079","viral genome replication","11/174","125/28891",2.81709487448004e-10,2.89180912984668e-08,2.23433657550293e-08,"Isg15/Stom/Oasl2/Slpi/Oas1g/Ifitm3/Oas1a/Plscr2/Oas3/Oasl1/Gbp7",11
"GO:0019221","BP","GO:0019221","cytokine-mediated signaling pathway","18/174","450/28891",3.0098000848069e-10,2.96089083342879e-08,2.28771208200454e-08,"Irf7/Isg15/Il18/Oasl2/Zbp1/Igtp/Oas1g/Ifitm3/Cxcl9/Oas1a/Parp14/Oas3/Socs1/Irgm2/Oasl1/Cxcl11/Nlrp6/Card14",18
"GO:0019058","BP","GO:0019058","viral life cycle","14/174","250/28891",4.19735739640567e-10,3.96398432516551e-08,3.06274541809306e-08,"Isg15/Stom/Oasl2/Slpi/Oas1g/Trim15/Ifitm3/Oas1a/Plscr2/Oas3/Oasl1/Apoe/Trim31/Gbp7",14
"GO:0062207","BP","GO:0062207","regulation of pattern recognition receptor signaling pathway","11/174","141/28891",1.02822222860718e-09,9.33704877592903e-08,7.21420697237344e-08,"Irf7/Igtp/Lbp/Gm12250/Trim15/Ddx60/Irgm2/Oasl1/Gbp2/Trim31/Nlrp6",11
"GO:0002757","BP","GO:0002757","immune response-activating signaling pathway","17/174","440/28891",1.62351761353786e-09,1.41967595761588e-07,1.09690293343513e-07,"Reg3g/Cd38/Irf7/Igtp/Lbp/Gm12250/Oas1g/Trim15/Oas1a/Plscr2/Oas3/Ddx60/Irgm2/Oasl1/Gbp2/Trim31/Nlrp6",17
"GO:0002764","BP","GO:0002764","immune response-regulating signaling pathway","17/174","450/28891",2.27474205456485e-09,1.91809499672415e-07,1.48200300021086e-07,"Reg3g/Cd38/Irf7/Igtp/Lbp/Gm12250/Oas1g/Trim15/Oas1a/Plscr2/Oas3/Ddx60/Irgm2/Oasl1/Gbp2/Trim31/Nlrp6",17
"GO:0050727","BP","GO:0050727","regulation of inflammatory response","16/174","411/28891",4.50745220828254e-09,3.66968781508795e-07,2.83535922938426e-07,"Reg3b/Reg3g/Socs3/Il18/Zbp1/Igtp/S100a8/Lbp/S100a9/Gstp1/Ido1/Irgm2/Apoe/Mgll/Nlrp6/C3",16
"GO:0042832","BP","GO:0042832","defense response to protozoan","7/174","43/28891",6.83435646981302e-09,5.37863854174285e-07,4.15576833760911e-07,"Igtp/Gbp2b/Gm12250/Batf2/Irgm2/Gbp2/Gbp7",7
"GO:0032479","BP","GO:0032479","regulation of type I interferon production","10/174","136/28891",1.07052971762104e-08,8.15329246226863e-07,6.29958574070378e-07,"Irf7/Isg15/Igtp/Xaf1/Oas1g/Trim15/Oas1a/Oas3/Irgm2/Gbp7",10
"GO:0030522","BP","GO:0030522","intracellular receptor signaling pathway","14/174","328/28891",1.37059778328774e-08,9.98544986368201e-07,7.71518964478073e-07,"Irf7/Igtp/Gm12250/Oas1g/Trim15/Oas1a/Oas3/Ddx60/Irgm2/Oasl1/Gbp2/Trim31/Dhrs3/Nlrp6",14
"GO:0016032","BP","GO:0016032","viral process","14/174","329/28891",1.42409505525927e-08,9.98544986368201e-07,7.71518964478073e-07,"Isg15/Stom/Oasl2/Slpi/Oas1g/Trim15/Ifitm3/Oas1a/Plscr2/Oas3/Oasl1/Apoe/Trim31/Gbp7",14
"GO:0031348","BP","GO:0031348","negative regulation of defense response","14/174","330/28891",1.47948115199378e-08,9.98544986368201e-07,7.71518964478073e-07,"Reg3b/Reg3g/Isg15/Socs3/Igtp/Oas1g/Oas1a/Gstp1/Parp14/Oas3/Irgm2/Apoe/Trim31/Nlrp6",14
"GO:0032606","BP","GO:0032606","type I interferon production","10/174","141/28891",1.51538745188815e-08,9.98544986368201e-07,7.71518964478073e-07,"Irf7/Isg15/Igtp/Xaf1/Oas1g/Trim15/Oas1a/Oas3/Irgm2/Gbp7",10
"GO:0001562","BP","GO:0001562","response to protozoan","7/174","48/28891",1.52255906434796e-08,9.98544986368201e-07,7.71518964478073e-07,"Igtp/Gbp2b/Gm12250/Batf2/Irgm2/Gbp2/Gbp7",7
"GO:0001959","BP","GO:0001959","regulation of cytokine-mediated signaling pathway","10/174","146/28891",2.11646315935605e-08,1.3505323024972e-06,1.04347956050186e-06,"Irf7/Isg15/Zbp1/Igtp/Oas1g/Oas1a/Parp14/Oas3/Irgm2/Nlrp6",10
"GO:0001906","BP","GO:0001906","cell killing","13/174","286/28891",2.1950456304967e-08,1.36381650884282e-06,1.05374351181462e-06,"Il18/Igtp/Gbp2b/Gm12250/Cxcl9/Nos2/Irgm2/Gbp2/Scnn1b/Cxcl11/Gbp7/Nlrp6/C3",13
"GO:0032496","BP","GO:0032496","response to lipopolysaccharide","15/174","401/28891",2.3707824174245e-08,1.43523520193314e-06,1.10892467730004e-06,"Igtp/S100a8/Gbp2b/Lbp/Slpi/Mgst1/S100a9/Cxcl9/Nos2/Plscr2/Gstp1/Ido1/Irgm2/Gbp2/Cxcl11",15
"GO:0034341","BP","GO:0034341","response to type II interferon","10/174","150/28891",2.74000500961856e-08,1.61728795692736e-06,1.24958649517605e-06,"Igtp/Gbp2b/Ifitm3/Nos2/Parp14/Irgm2/Gbp2/Aqp4/Capg/Gbp7",10
"GO:0060700","BP","GO:0060700","regulation of ribonuclease activity","5/174","16/28891",3.09637499228431e-08,1.78305886750811e-06,1.37766825715757e-06,"Oasl2/Oas1g/Oas1a/Oas3/Oasl1",5
"GO:0060759","BP","GO:0060759","regulation of response to cytokine stimulus","10/174","156/28891",3.97973798040443e-08,2.23718127898449e-06,1.72854283710298e-06,"Irf7/Isg15/Zbp1/Igtp/Oas1g/Oas1a/Parp14/Oas3/Irgm2/Nlrp6",10
"GO:0002237","BP","GO:0002237","response to molecule of bacterial origin","15/174","421/28891",4.49126442859283e-08,2.43765850913956e-06,1.88344019988803e-06,"Igtp/S100a8/Gbp2b/Lbp/Slpi/Mgst1/S100a9/Cxcl9/Nos2/Plscr2/Gstp1/Ido1/Irgm2/Gbp2/Cxcl11",15
"GO:0032102","BP","GO:0032102","negative regulation of response to external stimulus","16/174","485/28891",4.54286210936639e-08,2.43765850913956e-06,1.88344019988803e-06,"Reg3b/Reg3g/Isg15/Socs3/Igtp/Oas1g/Plat/Oas1a/Gstp1/Parp14/Oas3/Irgm2/Apoe/Trim31/Pyy/Nlrp6",16
"GO:0071346","BP","GO:0071346","cellular response to type II interferon","9/174","122/28891",5.76566692864612e-08,3.025053248563e-06,2.33728673388158e-06,"Igtp/Gbp2b/Nos2/Parp14/Irgm2/Gbp2/Aqp4/Capg/Gbp7",9
"GO:0001818","BP","GO:0001818","negative regulation of cytokine production","13/174","314/28891",6.55346630688308e-08,3.36363781533716e-06,2.59889178714608e-06,"Serpinb1a/Igtp/Xaf1/Lbp/Oas1g/Oas1a/Gstp1/Oas3/Ido1/Irgm2/Aqp4/Gbp7/Nlrp6",13
"GO:0006814","BP","GO:0006814","sodium ion transport","12/174","262/28891",7.15454060101669e-08,3.59401497000009e-06,2.77689112241029e-06,"Stom/Slc9a3/Atp12a/Slc13a2/Fxyd4/Slc10a2/Prss30/Slc6a14/Scnn1b/Slc9a2/Chp2/Slc5a8",12
"GO:0039531","BP","GO:0039531","regulation of viral-induced cytoplasmic pattern recognition receptor signaling pathway","8/174","92/28891",8.91423997561295e-08,4.38469178800462e-06,3.38780216617045e-06,"Igtp/Gm12250/Trim15/Ddx60/Irgm2/Oasl1/Gbp2/Trim31",8
"GO:0120254","BP","GO:0120254","olefinic compound metabolic process","10/174","173/28891",1.05621086008415e-07,5.08921191971159e-06,3.93214483464196e-06,"Rdh16/Cyp2d34/Cyp4f14/Gstp1/Dhrs9/Scnn1b/Mgll/Clcn2/Cyp2d12/Aldh1a1",10
"GO:0060337","BP","GO:0060337","type I interferon-mediated signaling pathway","7/174","66/28891",1.47027597188846e-07,6.80651288162483e-06,5.25900569511395e-06,"Irf7/Isg15/Zbp1/Oas1g/Ifitm3/Oas1a/Oas3",7
"GO:0071357","BP","GO:0071357","cellular response to type I interferon","7/174","66/28891",1.47027597188846e-07,6.80651288162483e-06,5.25900569511395e-06,"Irf7/Isg15/Zbp1/Oas1g/Ifitm3/Oas1a/Oas3",7
"GO:0002526","BP","GO:0002526","acute inflammatory response","9/174","139/28891",1.774954846346e-07,8.05897767735172e-06,6.22671406622998e-06,"Reg3b/Reg3g/Saa1/Saa3/Lbp/Gstp1/B4galt1/Nlrp6/C3",9
"GO:0034340","BP","GO:0034340","response to type I interferon","7/174","73/28891",2.96909676237732e-07,1.32264857659865e-05,1.02193539010922e-05,"Irf7/Isg15/Zbp1/Oas1g/Ifitm3/Oas1a/Oas3",7
"GO:0060338","BP","GO:0060338","regulation of type I interferon-mediated signaling pathway","6/174","47/28891",3.82962442773426e-07,1.64395332252374e-05,1.27018930780162e-05,"Irf7/Isg15/Zbp1/Oas1g/Oas1a/Oas3",6
"GO:0141084","BP","GO:0141084","inflammasome-mediated signaling pathway","6/174","47/28891",3.82962442773426e-07,1.64395332252374e-05,1.27018930780162e-05,"Igtp/Gm12250/Irgm2/Gbp2/Trim31/Nlrp6",6
"GO:0050830","BP","GO:0050830","defense response to Gram-positive bacterium","10/174","203/28891",4.65886789006806e-07,1.96421198008048e-05,1.51763497246014e-05,"Reg3b/Reg3g/Dmbt1/Il18/Sprr2a3/Gbp2b/Lbp/Gbp2/Gbp7/Nlrp6",10
"GO:0032069","BP","GO:0032069","regulation of nuclease activity","5/174","28/28891",6.57070823389706e-07,2.72165651582999e-05,2.10286932028506e-05,"Oasl2/Oas1g/Oas1a/Oas3/Oasl1",5
"GO:0140374","BP","GO:0140374","antiviral innate immune response","6/174","55/28891",9.93547764690958e-07,4.04442460764716e-05,3.12489705301167e-05,"Zbp1/Oas1g/Oas1a/Ifit2/Trim31/Nlrp6",6
"GO:0019730","BP","GO:0019730","antimicrobial humoral response","10/174","221/28891",1.0115649765426e-06,4.04797442307981e-05,3.1276397936634e-05,"Reg3b/Reg3g/Dmbt1/Slpi/S100a9/Cxcl9/Wfdc17/Wfdc18/Wfdc2/Cxcl11",10
"GO:0050732","BP","GO:0050732","negative regulation of peptidyl-tyrosine phosphorylation","6/174","57/28891",1.23136560128953e-06,4.84542364107428e-05,3.74378348602587e-05,"Socs3/Spink1/Il18/Parp14/Ptk6/Socs1",6
"GO:0035455","BP","GO:0035455","response to interferon-alpha","5/174","32/28891",1.32034625506829e-06,5.11038935773151e-05,3.94850743750361e-05,"Oas1g/Ifitm3/Ifit1/Oas1a/Ifit2",5
"GO:0001961","BP","GO:0001961","positive regulation of cytokine-mediated signaling pathway","6/174","59/28891",1.51378455039199e-06,5.76458923141209e-05,4.45397050225692e-05,"Irf7/Zbp1/Igtp/Parp14/Irgm2/Nlrp6",6
"GO:0044282","BP","GO:0044282","small molecule catabolic process","12/174","353/28891",1.70683778585388e-06,6.39657779746193e-05,4.94227215185427e-05,"Gda/Upp1/Sult1b1/Nos2/Cyp4f14/Tat/Ido1/Xdh/Hao2/Eno3/Apoe/Aldh1a1",12
"GO:0015711","BP","GO:0015711","organic anion transport","13/174","436/28891",2.66331256116378e-06,9.78333635603863e-05,7.55902802336875e-05,"Car4/Slc51b/Slc26a3/Aqp8/Mgst1/Slc13a2/Nos2/Slc10a2/Slc6a14/Abcg2/Apoe/Fabp6/Slc5a8",13
"GO:0060760","BP","GO:0060760","positive regulation of response to cytokine stimulus","6/174","65/28891",2.69342169903647e-06,9.78333635603863e-05,7.55902802336875e-05,"Irf7/Zbp1/Igtp/Parp14/Irgm2/Nlrp6",6
"GO:0062208","BP","GO:0062208","positive regulation of pattern recognition receptor signaling pathway","6/174","69/28891",3.83200967276436e-06,0.000137081436930252,0.000105915036090919,"Lbp/Gm12250/Trim15/Ddx60/Oasl1/Gbp2",6
"GO:0052547","BP","GO:0052547","regulation of peptidase activity","13/174","457/28891",4.43905286512092e-06,0.000156426922605231,0.000120862193483968,"Spink1/Serpinb1a/S100a8/Slpi/S100a9/Cideb/Xdh/Wfdc18/Wfdc2/Serpina10/Tnfsf10/Efna1/Nlrp6",13
"GO:0141085","BP","GO:0141085","regulation of inflammasome-mediated signaling pathway","5/174","41/28891",4.7027987897421e-06,0.000163283940332075,0.000126160221402834,"Igtp/Gm12250/Irgm2/Gbp2/Trim31",5
"GO:0035457","BP","GO:0035457","cellular response to interferon-alpha","4/174","20/28891",5.7108867413783e-06,0.000195411646324553,0.000150983474032168,"Oas1g/Ifit1/Oas1a/Ifit2",4
"GO:0006953","BP","GO:0006953","acute-phase response","5/174","44/28891",6.71638990197326e-06,0.000226534236550841,0.000175030130828867,"Reg3b/Reg3g/Saa1/Saa3/Lbp",5
"GO:0006959","BP","GO:0006959","humoral immune response","11/174","337/28891",6.85557130729802e-06,0.000227971885303248,0.000176140920319458,"Reg3b/Reg3g/Dmbt1/Slpi/S100a9/Cxcl9/Wfdc17/Wfdc18/Wfdc2/Cxcl11/C3",11
"GO:0140632","BP","GO:0140632","canonical inflammasome complex assembly","5/174","45/28891",7.51926261676056e-06,0.00024656915330794,0.00019050997243927,"Igtp/Gm12250/Irgm2/Trim31/Nlrp6",5
"GO:0050729","BP","GO:0050729","positive regulation of inflammatory response","8/174","167/28891",8.2684632086672e-06,0.000267422488159771,0.000206622159201446,"Il18/Zbp1/S100a8/Lbp/S100a9/Ido1/Nlrp6/C3",8
"GO:0009410","BP","GO:0009410","response to xenobiotic stimulus","11/174","346/28891",8.78263834528543e-06,0.00028021363693539,0.000216505152949924,"Cd38/Sult1b1/Mgst1/Lcn2/Cyp2d34/Nos2/Gstp1/Scnn1b/Pam/Cyp2d12/Aldh1a1",11
"GO:0035725","BP","GO:0035725","sodium ion transmembrane transport","8/174","169/28891",9.02097198236939e-06,0.000283980198004988,0.000219415360637841,"Stom/Slc9a3/Atp12a/Fxyd4/Slc6a14/Scnn1b/Slc9a2/Chp2",8
"GO:0050728","BP","GO:0050728","negative regulation of inflammatory response","8/174","172/28891",1.02576692091551e-05,0.000318662592142306,0.00024621247561587,"Reg3b/Reg3g/Socs3/Igtp/Gstp1/Irgm2/Apoe/Nlrp6",8
"GO:0070269","BP","GO:0070269","pyroptosis","5/174","50/28891",1.27265108749745e-05,0.000390224573711882,0.000301504351966246,"Zbp1/Gbp2b/Gm12250/Gbp2/Nlrp6",5
"GO:0032481","BP","GO:0032481","positive regulation of type I interferon production","6/174","85/28891",1.29117600098008e-05,0.000390829043373585,0.000301971391322331,"Irf7/Isg15/Oas1g/Trim15/Oas1a/Oas3",6
"GO:0015718","BP","GO:0015718","monocarboxylic acid transport","8/174","180/28891",1.4274322485187e-05,0.000426603485918058,0.000329612270044359,"Slc51b/Aqp8/Nos2/Slc10a2/Abcg2/Apoe/Fabp6/Slc5a8",8
"GO:0032728","BP","GO:0032728","positive regulation of interferon-beta production","5/174","52/28891",1.54598074889255e-05,0.000456257568516914,0.00035252429445142,"Irf7/Isg15/Oas1g/Oas1a/Oas3",5
"GO:0034308","BP","GO:0034308","primary alcohol metabolic process","6/174","89/28891",1.68182969178782e-05,0.000490222210161858,0.000378766842867875,"Sult1b1/Rdh16/Dhrs9/Scnn1b/Clcn2/Aldh1a1",6
"GO:0039529","BP","GO:0039529","RIG-I signaling pathway","4/174","26/28891",1.71314005580745e-05,0.000493258984361144,0.000381113185714288,"Trim15/Oas3/Ddx60/Oasl1",4
"GO:0050829","BP","GO:0050829","defense response to Gram-negative bacterium","7/174","134/28891",1.75816901962193e-05,0.000500124946424984,0.000386418124414052,"Reg3b/Reg3g/Dmbt1/Lypd8/Igtp/Lbp/Irgm2",7
"GO:0002832","BP","GO:0002832","negative regulation of response to biotic stimulus","8/174","187/28891",1.88037048439075e-05,0.000528518418291258,0.000408356146547515,"Isg15/Igtp/Oas1g/Oas1a/Parp14/Oas3/Irgm2/Trim31",8
"GO:0046426","BP","GO:0046426","negative regulation of receptor signaling pathway via JAK-STAT","4/174","27/28891",2.00164485555138e-05,0.000549521337669395,0.000424583908772403,"Socs3/Parp14/Socs1/Gbp7",4
"GO:0060339","BP","GO:0060339","negative regulation of type I interferon-mediated signaling pathway","4/174","27/28891",2.00164485555138e-05,0.000549521337669395,0.000424583908772403,"Isg15/Oas1g/Oas1a/Oas3",4
"GO:0071222","BP","GO:0071222","cellular response to lipopolysaccharide","10/174","312/28891",2.11539044540622e-05,0.000574073200184378,0.000443553737675618,"Igtp/Gbp2b/Lbp/Cxcl9/Nos2/Plscr2/Gstp1/Irgm2/Gbp2/Cxcl11",10
"GO:0033559","BP","GO:0033559","unsaturated fatty acid metabolic process","7/174","140/28891",2.33407573032147e-05,0.000626221909010112,0.000483846081417118,"Ces2e/Ces2c/Cyp2d34/Cyp4f14/Gstp1/Mgll/Cyp2d12",7
"GO:1900246","BP","GO:1900246","positive regulation of RIG-I signaling pathway","3/174","10/28891",2.49773768250887e-05,0.00066260209757342,0.000511954985663852,"Trim15/Ddx60/Oasl1",3
"GO:0071219","BP","GO:0071219","cellular response to molecule of bacterial origin","10/174","322/28891",2.76715562394635e-05,0.000725917158681925,0.000560874935239651,"Igtp/Gbp2b/Lbp/Cxcl9/Nos2/Plscr2/Gstp1/Irgm2/Gbp2/Cxcl11",10
"GO:1904893","BP","GO:1904893","negative regulation of receptor signaling pathway via STAT","4/174","30/28891",3.08188571044249e-05,0.0007995969409181,0.000617803115812242,"Socs3/Parp14/Socs1/Gbp7",4
"GO:0006690","BP","GO:0006690","icosanoid metabolic process","7/174","147/28891",3.19401957517455e-05,0.000817974893267166,0.000632002715188479,"Ces2e/Ces2c/Cyp2d34/Cyp4f14/Gstp1/Mgll/Cyp2d12",7
"GO:0031400","BP","GO:0031400","negative regulation of protein modification process","12/174","473/28891",3.22201038008668e-05,0.000817974893267166,0.000632002715188479,"Ppp1r14d/Isg15/Socs3/Spink1/Il18/Gstp1/Parp14/Xdh/Ptk6/Socs1/Apoe/Ptprh",12
"GO:0044403","BP","GO:0044403","biological process involved in symbiotic interaction","9/174","264/28891",3.41201580994888e-05,0.00084090237333135,0.000649717476084277,"Stom/Gbp2b/Ifitm3/Gbp2/Scnn1b/Apoe/Trim31/Gbp7/Nlrp6",9
"GO:0071659","BP","GO:0071659","negative regulation of IP-10 production","3/174","11/28891",3.41917102244005e-05,0.00084090237333135,0.000649717476084277,"Oas1g/Oas1a/Oas3",3
"GO:2000342","BP","GO:2000342","negative regulation of chemokine (C-X-C motif) ligand 2 production","3/174","11/28891",3.41917102244005e-05,0.00084090237333135,0.000649717476084277,"Oas1g/Oas1a/Oas3",3
"GO:0071605","BP","GO:0071605","monocyte chemotactic protein-1 production","4/174","31/28891",3.52187641946111e-05,0.000848484716974254,0.000655575922118809,"Oas1g/Oas1a/Gstp1/Oas3",4
"GO:0071637","BP","GO:0071637","regulation of monocyte chemotactic protein-1 production","4/174","31/28891",3.52187641946111e-05,0.000848484716974254,0.000655575922118809,"Oas1g/Oas1a/Gstp1/Oas3",4
"GO:0072521","BP","GO:0072521","purine-containing compound metabolic process","12/174","479/28891",3.63994862209153e-05,0.000868072595632131,0.000670710362794749,"Gda/Oasl2/Ndufa12/Sult1b1/Nos2/Oas1a/Ak4/Ido1/Xdh/Atp5mc1/Abcg2/Pde9a",12
"GO:0006885","BP","GO:0006885","regulation of pH","6/174","106/28891",4.53784060591814e-05,0.00105057534105804,0.00081171986270473,"Car4/Slc26a3/Slc9a3/Atp12a/Slc9a2/Chp2",6
"GO:0071612","BP","GO:0071612","IP-10 production","3/174","12/28891",4.53869905920879e-05,0.00105057534105804,0.00081171986270473,"Oas1g/Oas1a/Oas3",3
"GO:0071658","BP","GO:0071658","regulation of IP-10 production","3/174","12/28891",4.53869905920879e-05,0.00105057534105804,0.00081171986270473,"Oas1g/Oas1a/Oas3",3
"GO:0001933","BP","GO:0001933","negative regulation of protein phosphorylation","10/174","342/28891",4.59898390121549e-05,0.00105419427094852,0.000814516004170306,"Socs3/Spink1/Il18/Gstp1/Parp14/Xdh/Ptk6/Socs1/Apoe/Ptprh",10
"GO:0009117","BP","GO:0009117","nucleotide metabolic process","12/174","497/28891",5.18879931559388e-05,0.00117795722924203,0.000910140608696781,"Gda/Upp1/Oasl2/Ndufa12/Sult1b1/Nos2/Oas1a/Ak4/Ido1/Xdh/Atp5mc1/Pde9a",12
"GO:0071216","BP","GO:0071216","cellular response to biotic stimulus","10/174","349/28891",5.44735622942123e-05,0.00122487695787272,0.0009463928166002,"Igtp/Gbp2b/Lbp/Cxcl9/Nos2/Plscr2/Gstp1/Irgm2/Gbp2/Cxcl11",10
"GO:0032682","BP","GO:0032682","negative regulation of chemokine production","4/174","35/28891",5.75159389890345e-05,0.00128108615050104,0.000989822465422013,"Oas1g/Oas1a/Gstp1/Oas3",4
"GO:0042532","BP","GO:0042532","negative regulation of tyrosine phosphorylation of STAT protein","3/174","13/28891",5.87417788657359e-05,0.0012961620551589,0.00100147076019991,"Socs3/Parp14/Socs1",3
"GO:0001523","BP","GO:0001523","retinoid metabolic process","5/174","69/28891",6.15542027954856e-05,0.00134564326666798,0.0010397020803565,"Isx/Rdh16/Dhrs9/Dhrs3/Aldh1a1",5
"GO:0010563","BP","GO:0010563","negative regulation of phosphorus metabolic process","11/174","430/28891",6.41518114477253e-05,0.00137693115298254,0.00106387645204697,"Ppp1r14d/Socs3/Spink1/Il18/Gstp1/Parp14/Xdh/Ptk6/Socs1/Apoe/Ptprh",11
"GO:0045936","BP","GO:0045936","negative regulation of phosphate metabolic process","11/174","430/28891",6.41518114477253e-05,0.00137693115298254,0.00106387645204697,"Ppp1r14d/Socs3/Spink1/Il18/Gstp1/Parp14/Xdh/Ptk6/Socs1/Apoe/Ptprh",11
"GO:0052548","BP","GO:0052548","regulation of endopeptidase activity","10/174","360/28891",7.04907828691118e-05,0.00148874838020798,0.0011502712690432,"Spink1/Serpinb1a/S100a8/S100a9/Cideb/Xdh/Serpina10/Tnfsf10/Efna1/Nlrp6",10
"GO:0016101","BP","GO:0016101","diterpenoid metabolic process","5/174","71/28891",7.06225406960162e-05,0.00148874838020798,0.0011502712690432,"Isx/Rdh16/Dhrs9/Dhrs3/Aldh1a1",5
"GO:0046942","BP","GO:0046942","carboxylic acid transport","10/174","362/28891",7.37959429575171e-05,0.00152406962356725,0.00117756198650975,"Slc51b/Aqp8/Slc13a2/Nos2/Slc10a2/Slc6a14/Abcg2/Apoe/Fabp6/Slc5a8",10
"GO:0043254","BP","GO:0043254","regulation of protein-containing complex assembly","11/174","437/28891",7.4056573355591e-05,0.00152406962356725,0.00117756198650975,"Isg15/Gda/Igtp/Xaf1/Gm12250/Irgm2/Gbp2/Apoe/Trim31/Capg/Rhoc",11
"GO:0032642","BP","GO:0032642","regulation of chemokine production","6/174","116/28891",7.51137215822167e-05,0.00152406962356725,0.00117756198650975,"Il18/Lbp/Oas1g/Oas1a/Gstp1/Oas3",6
"GO:0032608","BP","GO:0032608","interferon-beta production","5/174","72/28891",7.55256865554289e-05,0.00152406962356725,0.00117756198650975,"Irf7/Isg15/Oas1g/Oas1a/Oas3",5
"GO:0032648","BP","GO:0032648","regulation of interferon-beta production","5/174","72/28891",7.55256865554289e-05,0.00152406962356725,0.00117756198650975,"Irf7/Isg15/Oas1g/Oas1a/Oas3",5
"GO:0015849","BP","GO:0015849","organic acid transport","10/174","364/28891",7.72319377400791e-05,0.00153508286691099,0.00118607129376792,"Slc51b/Aqp8/Slc13a2/Nos2/Slc10a2/Slc6a14/Abcg2/Apoe/Fabp6/Slc5a8",10
"GO:0010950","BP","GO:0010950","positive regulation of endopeptidase activity","7/174","169/28891",7.73718175190208e-05,0.00153508286691099,0.00118607129376792,"S100a8/S100a9/Cideb/Xdh/Tnfsf10/Efna1/Nlrp6",7
"GO:0006163","BP","GO:0006163","purine nucleotide metabolic process","11/174","444/28891",8.52443917866338e-05,0.00167718340840202,0.00129586430672137,"Gda/Oasl2/Ndufa12/Sult1b1/Nos2/Oas1a/Ak4/Ido1/Xdh/Atp5mc1/Pde9a",11
"GO:1900225","BP","GO:1900225","regulation of NLRP3 inflammasome complex assembly","4/174","39/28891",8.86702066330648e-05,0.00172199155277132,0.00133048501346561,"Igtp/Gm12250/Irgm2/Trim31",4
"GO:0007260","BP","GO:0007260","tyrosine phosphorylation of STAT protein","5/174","75/28891",9.18199347641089e-05,0.00172199155277132,0.00133048501346561,"Socs3/Il18/Parp14/Ptk6/Socs1",5
"GO:0042326","BP","GO:0042326","negative regulation of phosphorylation","10/174","372/28891",9.23692583223512e-05,0.00172199155277132,0.00133048501346561,"Socs3/Spink1/Il18/Gstp1/Parp14/Xdh/Ptk6/Socs1/Apoe/Ptprh",10
"GO:0044406","BP","GO:0044406","adhesion of symbiont to host","3/174","15/28891",9.26272457441583e-05,0.00172199155277132,0.00133048501346561,"Gbp2b/Gbp2/Gbp7",3
"GO:0060330","BP","GO:0060330","regulation of response to type II interferon","3/174","15/28891",9.26272457441583e-05,0.00172199155277132,0.00133048501346561,"Igtp/Parp14/Irgm2",3
"GO:0060334","BP","GO:0060334","regulation of type II interferon-mediated signaling pathway","3/174","15/28891",9.26272457441583e-05,0.00172199155277132,0.00133048501346561,"Igtp/Parp14/Irgm2",3
"GO:1900226","BP","GO:1900226","negative regulation of NLRP3 inflammasome complex assembly","3/174","15/28891",9.26272457441583e-05,0.00172199155277132,0.00133048501346561,"Igtp/Irgm2/Trim31",3
"GO:0001960","BP","GO:0001960","negative regulation of cytokine-mediated signaling pathway","5/174","76/28891",9.781082143492e-05,0.0018041511672488,0.00139396507850918,"Isg15/Oas1g/Oas1a/Parp14/Oas3",5
"GO:0006721","BP","GO:0006721","terpenoid metabolic process","5/174","78/28891",0.00011068965154403,0.00202587804105004,0.0015652808333399,"Isx/Rdh16/Dhrs9/Dhrs3/Aldh1a1",5
"GO:0141086","BP","GO:0141086","negative regulation of inflammasome-mediated signaling pathway","3/174","16/28891",0.000113498290703245,0.00203128151789175,0.00156945579282035,"Igtp/Irgm2/Trim31",3
"GO:0098659","BP","GO:0098659","inorganic cation import across plasma membrane","6/174","125/28891",0.000113565929844011,0.00203128151789175,0.00156945579282035,"Aqp8/Slc9a3/Atp12a/Lcn2/Scnn1b/Slc9a2",6
"GO:0099587","BP","GO:0099587","inorganic ion import across plasma membrane","6/174","125/28891",0.000113565929844011,0.00203128151789175,0.00156945579282035,"Aqp8/Slc9a3/Atp12a/Lcn2/Scnn1b/Slc9a2",6
"GO:0032602","BP","GO:0032602","chemokine production","6/174","126/28891",0.000118655488618535,0.00209635095633849,0.00161973125006558,"Il18/Lbp/Oas1g/Oas1a/Gstp1/Oas3",6
"GO:0044546","BP","GO:0044546","NLRP3 inflammasome complex assembly","4/174","42/28891",0.000118979681554154,0.00209635095633849,0.00161973125006558,"Igtp/Gm12250/Irgm2/Trim31",4
"GO:0060761","BP","GO:0060761","negative regulation of response to cytokine stimulus","5/174","80/28891",0.000124830956086099,0.00218315472088355,0.00168679958594315,"Isg15/Oas1g/Oas1a/Parp14/Oas3",5
"GO:0001676","BP","GO:0001676","long-chain fatty acid metabolic process","6/174","128/28891",0.000129377227999106,0.00224602673019036,0.00173537721457005,"Cyp2d34/Cyp4f14/Gstp1/Pam/Mgll/Cyp2d12",6
"GO:0019755","BP","GO:0019755","one-carbon compound transport","4/174","43/28891",0.000130569166391112,0.00225017373612713,0.00173858137038646,"Car4/Slc26a3/Aqp8/Aqp4",4
"GO:0006979","BP","GO:0006979","response to oxidative stress","10/174","389/28891",0.000133042330493031,0.00227618074126121,0.0017586755052969,"Reg3b/Cd38/Ndufa12/Mgst1/Ndufb4b/Lcn2/Gstp1/Tat/Apoe/Aldh1a1",10
"GO:0018119","BP","GO:0018119","peptidyl-cysteine S-nitrosylation","3/174","17/28891",0.0001372096564227,0.00233058991952514,0.00180071438531268,"S100a8/S100a9/Nos2",3
"GO:0032480","BP","GO:0032480","negative regulation of type I interferon production","4/174","45/28891",0.000156167632471564,0.00263365557332402,0.00203487599303174,"Igtp/Xaf1/Irgm2/Gbp7",4
"GO:0017014","BP","GO:0017014","protein nitrosylation","3/174","18/28891",0.000163923388763615,0.00272551493571053,0.00210585050205593,"S100a8/S100a9/Nos2",3
"GO:0039535","BP","GO:0039535","regulation of RIG-I signaling pathway","3/174","18/28891",0.000163923388763615,0.00272551493571053,0.00210585050205593,"Trim15/Ddx60/Oasl1",3
"GO:0032722","BP","GO:0032722","positive regulation of chemokine production","5/174","86/28891",0.000175660741121242,0.00289435095303706,0.00223630049783242,"Il18/Lbp/Oas1g/Oas1a/Oas3",5
"GO:0010952","BP","GO:0010952","positive regulation of peptidase activity","7/174","193/28891",0.000176529664225894,0.00289435095303706,0.00223630049783242,"S100a8/S100a9/Cideb/Xdh/Tnfsf10/Efna1/Nlrp6",7
"GO:0007249","BP","GO:0007249","canonical NF-kappaB signal transduction","8/174","258/28891",0.000179563281834201,0.00292378557524517,0.0022590429576673,"Saa3/Igtp/Gstp1/Irgm2/Tgm2/Gbp7/Tnfsf10/Nlrp6",8
"GO:0002138","BP","GO:0002138","retinoic acid biosynthetic process","3/174","19/28891",0.000193798349413879,0.00309160745247411,0.00238870938502313,"Rdh16/Dhrs9/Aldh1a1",3
"GO:0016102","BP","GO:0016102","diterpenoid biosynthetic process","3/174","19/28891",0.000193798349413879,0.00309160745247411,0.00238870938502313,"Rdh16/Dhrs9/Aldh1a1",3
"GO:0070486","BP","GO:0070486","leukocyte aggregation","3/174","19/28891",0.000193798349413879,0.00309160745247411,0.00238870938502313,"S100a8/S100a9/Gstp1",3
"GO:0009159","BP","GO:0009159","deoxyribonucleoside monophosphate catabolic process","3/174","20/28891",0.000226990254591379,0.00359680530933052,0.00277904705903822,"Gda/Upp1/Xdh",3
"GO:1901293","BP","GO:1901293","nucleoside phosphate biosynthetic process","8/174","269/28891",0.00023825105361771,0.00375007158394276,0.00289746719943503,"Upp1/Oasl2/Ndufa12/Nos2/Oas1a/Ak4/Ido1/Atp5mc1",8
"GO:0009261","BP","GO:0009261","ribonucleotide catabolic process","4/174","51/28891",0.000254672183971404,0.00395579622602951,0.0030564189392136,"Gda/Upp1/Xdh/Pde9a",4
"GO:0018198","BP","GO:0018198","peptidyl-cysteine modification","4/174","51/28891",0.000254672183971404,0.00395579622602951,0.0030564189392136,"S100a8/S100a9/Nos2/Rab3b",4
"GO:0035821","BP","GO:0035821","modulation of process of another organism","3/174","21/28891",0.000263651713363706,0.00404208893020591,0.00312309240778744,"Slpi/S100a9/Nos2",3
"GO:0071639","BP","GO:0071639","positive regulation of monocyte chemotactic protein-1 production","3/174","21/28891",0.000263651713363706,0.00404208893020591,0.00312309240778744,"Oas1g/Oas1a/Oas3",3
"GO:0098739","BP","GO:0098739","import across plasma membrane","7/174","207/28891",0.000270698383943578,0.00412334764187605,0.00318587639642934,"Aqp8/Slc9a3/Atp12a/Lcn2/Slc6a14/Scnn1b/Slc9a2",7
"GO:2001056","BP","GO:2001056","positive regulation of cysteine-type endopeptidase activity","6/174","148/28891",0.000284638190526151,0.00430788953738617,0.00332846143172618,"S100a8/S100a9/Cideb/Xdh/Tnfsf10/Nlrp6",6
"GO:0009161","BP","GO:0009161","ribonucleoside monophosphate metabolic process","4/174","53/28891",0.000295636681267034,0.00441771015488271,0.00341331358185057,"Gda/Upp1/Ak4/Xdh",4
"GO:0043124","BP","GO:0043124","negative regulation of canonical NF-kappaB signal transduction","4/174","53/28891",0.000295636681267034,0.00441771015488271,0.00341331358185057,"Igtp/Gstp1/Irgm2/Nlrp6",4
"GO:0009158","BP","GO:0009158","ribonucleoside monophosphate catabolic process","3/174","22/28891",0.000303932265587736,0.00445704396927108,0.00344370458492021,"Gda/Upp1/Xdh",3
"GO:0009164","BP","GO:0009164","nucleoside catabolic process","3/174","22/28891",0.000303932265587736,0.00445704396927108,0.00344370458492021,"Gda/Upp1/Xdh",3
"GO:0098719","BP","GO:0098719","sodium ion import across plasma membrane","3/174","22/28891",0.000303932265587736,0.00445704396927108,0.00344370458492021,"Slc9a3/Scnn1b/Slc9a2",3
"GO:0006066","BP","GO:0006066","alcohol metabolic process","9/174","354/28891",0.000312748724003207,0.00455802307019489,0.00352172539764495,"Saa1/Aqp8/Sult1b1/Rdh16/Dhrs9/Scnn1b/Apoe/Clcn2/Aldh1a1",9
"GO:0061844","BP","GO:0061844","antimicrobial humoral immune response mediated by antimicrobial peptide","6/174","151/28891",0.0003169907464659,0.00459150400249074,0.00354759421133616,"Reg3b/Reg3g/Dmbt1/S100a9/Cxcl9/Cxcl11",6
"GO:0060333","BP","GO:0060333","type II interferon-mediated signaling pathway","3/174","23/28891",0.000347978419472447,0.00500961614862468,0.00387064570568518,"Igtp/Parp14/Irgm2",3
"GO:0043122","BP","GO:0043122","regulation of canonical NF-kappaB signal transduction","7/174","217/28891",0.00035993446891674,0.00515033503704499,0.0039793711938291,"Igtp/Gstp1/Irgm2/Tgm2/Gbp7/Tnfsf10/Nlrp6",7
"GO:0045861","BP","GO:0045861","negative regulation of proteolysis","9/174","362/28891",0.000367970455007139,0.00523360388115575,0.00404370829757369,"Spink1/Serpinb1a/Tm4sf20/Slpi/Plat/Wfdc18/Wfdc2/Serpina10/Efna1",9
"GO:0006869","BP","GO:0006869","lipid transport","10/174","445/28891",0.000388752209823493,0.00546447176824848,0.00422208679389849,"Slc51b/Aqp8/Lbp/Nos2/Plscr2/Slc10a2/Abcg2/Apoe/Fabp6/Slc5a8",10
"GO:0002028","BP","GO:0002028","regulation of sodium ion transport","5/174","102/28891",0.000388831536241315,0.00546447176824848,0.00422208679389849,"Stom/Slc9a3/Fxyd4/Scnn1b/Chp2",5
"GO:0016114","BP","GO:0016114","terpenoid biosynthetic process","3/174","24/28891",0.000395933688768289,0.00553135762829544,0.00427376569688847,"Rdh16/Dhrs9/Aldh1a1",3
"GO:0042060","BP","GO:0042060","wound healing","9/174","370/28891",0.00043100626926883,0.00598591648084534,0.00462497749004881,"Reg3g/Lrg1/S100a9/Plat/B4galt1/Scnn1b/Apoe/Serpina10/Nlrp6",9
"GO:0009125","BP","GO:0009125","nucleoside monophosphate catabolic process","3/174","25/28891",0.000447938629586404,0.00618469651727192,0.00477856352768998,"Gda/Upp1/Xdh",3
"GO:0006720","BP","GO:0006720","isoprenoid metabolic process","5/174","106/28891",0.000464037823344385,0.00636972849369822,0.00492152722065985,"Isx/Rdh16/Dhrs9/Dhrs3/Aldh1a1",5
"GO:0046386","BP","GO:0046386","deoxyribose phosphate catabolic process","3/174","26/28891",0.000504130876850969,0.00688007514592565,0.00531584307625634,"Gda/Upp1/Xdh",3
"GO:0006631","BP","GO:0006631","fatty acid metabolic process","10/174","463/28891",0.000529094092209915,0.00717925949257247,0.00554700581851049,"Ces2e/Ces2c/Cyp2d34/Cyp4f14/Gstp1/Hao2/Pam/Mgll/Cyp2d12/C3",10
"GO:0030593","BP","GO:0030593","neutrophil chemotaxis","5/174","110/28891",0.0005497094394319,0.00741636563713551,0.00573020426186756,"S100a8/Lbp/S100a9/Cxcl9/Cxcl11",5
"GO:0002523","BP","GO:0002523","leukocyte migration involved in inflammatory response","3/174","27/28891",0.000564645180387901,0.00748947904997659,0.00578669484099487,"S100a8/Lbp/S100a9",3
"GO:0009264","BP","GO:0009264","deoxyribonucleotide catabolic process","3/174","27/28891",0.000564645180387901,0.00748947904997659,0.00578669484099487,"Gda/Upp1/Xdh",3
"GO:0034656","BP","GO:0034656","nucleobase-containing small molecule catabolic process","3/174","27/28891",0.000564645180387901,0.00748947904997659,0.00578669484099487,"Gda/Upp1/Xdh",3
"GO:0043457","BP","GO:0043457","regulation of cellular respiration","4/174","63/28891",0.000573916861795688,0.00756993134469061,0.00584885575708278,"Oas1g/Oas1a/Ak4/Cox7a1",4
"GO:0009123","BP","GO:0009123","nucleoside monophosphate metabolic process","4/174","66/28891",0.000684746394694801,0.00898159021041347,0.0069395643392169,"Gda/Upp1/Ak4/Xdh",4
"GO:0072567","BP","GO:0072567","chemokine (C-X-C motif) ligand 2 production","3/174","29/28891",0.000699164744103729,0.00906993385070826,0.00700782244957641,"Oas1g/Oas1a/Oas3",3
"GO:2000341","BP","GO:2000341","regulation of chemokine (C-X-C motif) ligand 2 production","3/174","29/28891",0.000699164744103729,0.00906993385070826,0.00700782244957641,"Oas1g/Oas1a/Oas3",3
"GO:1902600","BP","GO:1902600","proton transmembrane transport","5/174","117/28891",0.000727543622529831,0.00938650542509798,0.00725241931460568,"Slc9a3/Atp12a/Atp5mc1/Slc9a2/Chp2",5
"GO:0042445","BP","GO:0042445","hormone metabolic process","7/174","246/28891",0.000757846899441315,0.00972432896511383,0.00751343636574256,"Sult1b1/Rdh16/Dhrs9/Scnn1b/Mep1a/Clcn2/Aldh1a1",7
"GO:1901658","BP","GO:1901658","glycosyl compound catabolic process","3/174","30/28891",0.000773425398214764,0.00987058035235166,0.00762643650131543,"Gda/Upp1/Xdh",3
"GO:0009162","BP","GO:0009162","deoxyribonucleoside monophosphate metabolic process","3/174","31/28891",0.000852518966145496,0.0107063685056889,0.00827220251024717,"Gda/Upp1/Xdh",3
"GO:0015721","BP","GO:0015721","bile acid and bile salt transport","3/174","31/28891",0.000852518966145496,0.0107063685056889,0.00827220251024717,"Slc51b/Aqp8/Slc10a2",3
"GO:0042044","BP","GO:0042044","fluid transport","3/174","31/28891",0.000852518966145496,0.0107063685056889,0.00827220251024717,"Aqp8/Aqp4/Scnn1b",3
"GO:0042509","BP","GO:0042509","regulation of tyrosine phosphorylation of STAT protein","4/174","71/28891",0.000901849974038778,0.0112659671360082,0.00870457257036593,"Socs3/Il18/Parp14/Socs1",4
"GO:0007263","BP","GO:0007263","nitric oxide mediated signal transduction","3/174","32/28891",0.000936566301057562,0.0115771363183084,0.00894499531404109,"Spink1/Nos2/Apoe",3
"GO:0042572","BP","GO:0042572","retinol metabolic process","3/174","32/28891",0.000936566301057562,0.0115771363183084,0.00894499531404109,"Rdh16/Dhrs9/Aldh1a1",3
"GO:0009166","BP","GO:0009166","nucleotide catabolic process","4/174","72/28891",0.00095045728506721,0.0116876544273109,0.00903038637621423,"Gda/Upp1/Xdh/Pde9a",4
"GO:0006612","BP","GO:0006612","protein targeting to membrane","5/174","126/28891",0.00101546267462557,0.0124223180040983,0.00959801917167227,"Slc51b/Sec61g/Stom/Rtp4/Irgm2",5
"GO:0032691","BP","GO:0032691","negative regulation of interleukin-1 beta production","3/174","33/28891",0.00102568558008853,0.0124826992504588,0.00964467232931859,"Serpinb1a/Gstp1/Aqp4",3
"GO:0070633","BP","GO:0070633","transepithelial transport","3/174","34/28891",0.00111999233798372,0.0135605226152798,0.0104774451915022,"Aqp8/Scnn1b/Abcg2",3
"GO:0051259","BP","GO:0051259","protein complex oligomerization","7/174","264/28891",0.00114231631896114,0.0137602491278942,0.0106317625175062,"Isg15/Gm12250/Oas1g/Oas1a/Tgm2/Aqp4/Nlrp6",7
"GO:1901657","BP","GO:1901657","glycosyl compound metabolic process","4/174","76/28891",0.00116339377956204,0.0139213048500174,0.0107562011213269,"Gda/Upp1/Xdh/Abcg2",4
"GO:0045824","BP","GO:0045824","negative regulation of innate immune response","5/174","130/28891",0.00116747918691379,0.0139213048500174,0.0107562011213269,"Isg15/Oas1g/Oas1a/Parp14/Oas3",5
"GO:0050730","BP","GO:0050730","regulation of peptidyl-tyrosine phosphorylation","7/174","266/28891",0.00119305082850255,0.0141547387240931,0.0109365622099705,"Socs3/Spink1/Il18/Parp14/Ptk6/Socs1/Efna1",7
"GO:0009165","BP","GO:0009165","nucleotide biosynthetic process","7/174","267/28891",0.00121907203299295,0.0143911453494818,0.0111192201746147,"Upp1/Oasl2/Ndufa12/Nos2/Oas1a/Ido1/Atp5mc1",7
"GO:0050878","BP","GO:0050878","regulation of body fluid levels","8/174","348/28891",0.00128424964076466,0.0150851413027132,0.0116554314084585,"S100a9/Plat/Xdh/Aqp4/Scnn1b/Apoe/Serpina10/Nlrp6",8
"GO:0010822","BP","GO:0010822","positive regulation of mitochondrion organization","4/174","79/28891",0.00134355145507636,0.0157035890368084,0.0121332708267188,"Igtp/Cideb/Irgm2/Tnfsf10",4
"GO:0071621","BP","GO:0071621","granulocyte chemotaxis","5/174","135/28891",0.00138043954873243,0.0160552599731885,0.0124049869740902,"S100a8/Lbp/S100a9/Cxcl9/Cxcl11",5
"GO:1901292","BP","GO:1901292","nucleoside phosphate catabolic process","4/174","80/28891",0.00140769463923374,0.0162919953099553,0.0125878989153358,"Gda/Upp1/Xdh/Pde9a",4
"GO:0009636","BP","GO:0009636","response to toxic substance","5/174","136/28891",0.00142625069110178,0.0163690741156054,0.0126474533281367,"Aqp8/Lcn2/Slc6a14/Abcg2/Aldh1a1",5
"GO:0039532","BP","GO:0039532","negative regulation of viral-induced cytoplasmic pattern recognition receptor signaling pathway","3/174","37/28891",0.00143515389323605,0.0163690741156054,0.0126474533281367,"Igtp/Irgm2/Trim31",3
"GO:0042573","BP","GO:0042573","retinoic acid metabolic process","3/174","37/28891",0.00143515389323605,0.0163690741156054,0.0126474533281367,"Rdh16/Dhrs9/Aldh1a1",3
"GO:1902075","BP","GO:1902075","cellular response to salt","6/174","202/28891",0.00144982441608813,0.0164569011845388,0.0127153123131615,"Ly6a/Ly6g/Ly6c1/Slc13a2/Tgm2/Chp2",6
"GO:0019369","BP","GO:0019369","arachidonic acid metabolic process","4/174","81/28891",0.00147394368417199,0.0166506269776559,0.012864993224226,"Cyp2d34/Cyp4f14/Mgll/Cyp2d12",4
"GO:1990266","BP","GO:1990266","neutrophil migration","5/174","138/28891",0.00152122171628184,0.0171028784387687,0.01321442222715,"S100a8/Lbp/S100a9/Cxcl9/Cxcl11",5
"GO:0008202","BP","GO:0008202","steroid metabolic process","8/174","358/28891",0.00153522343595737,0.017178495413722,0.0132728471664461,"Saa1/Aqp8/Rdh16/Dhrs9/Scnn1b/Apoe/Fabp6/Clcn2",8
"GO:0009167","BP","GO:0009167","purine ribonucleoside monophosphate metabolic process","3/174","38/28891",0.00155131422443289,0.0171955534454745,0.0132860269381873,"Gda/Ak4/Xdh",3
"GO:1903901","BP","GO:1903901","negative regulation of viral life cycle","3/174","38/28891",0.00155131422443289,0.0171955534454745,0.0132860269381873,"Trim15/Ifitm3/Trim31",3
"GO:0046055","BP","GO:0046055","dGMP catabolic process","2/174","10/28891",0.00157218181232233,0.0172647500413629,0.0133394912154448,"Gda/Xdh",2
"GO:0071351","BP","GO:0071351","cellular response to interleukin-18","2/174","10/28891",0.00157218181232233,0.0172647500413629,0.0133394912154448,"Il18/Nlrp6",2
"GO:0019731","BP","GO:0019731","antibacterial humoral response","5/174","140/28891",0.0016207666048899,0.0177158794173382,0.0136880532469503,"Dmbt1/Slpi/Wfdc17/Wfdc18/Wfdc2",5
"GO:0007259","BP","GO:0007259","receptor signaling pathway via JAK-STAT","6/174","208/28891",0.00168164441125228,0.0182966011749615,0.0141367439471269,"Socs3/Il18/Parp14/Ptk6/Socs1/Gbp7",6
"GO:0009259","BP","GO:0009259","ribonucleotide metabolic process","8/174","364/28891",0.00170354483855577,0.0184498594671108,0.0142551579199283,"Gda/Upp1/Ndufa12/Sult1b1/Ak4/Xdh/Atp5mc1/Pde9a",8
"GO:2000379","BP","GO:2000379","positive regulation of reactive oxygen species metabolic process","4/174","85/28891",0.00176072176847833,0.0189820278327732,0.0146663341733859,"Il18/Lcn2/Gstp1/Xdh",4
"GO:0032760","BP","GO:0032760","positive regulation of tumor necrosis factor production","5/174","143/28891",0.00177894725841729,0.0190913385323783,0.0147507923389338,"Il18/Lbp/Oas1g/Oas1a/Oas3",5
"GO:1903557","BP","GO:1903557","positive regulation of tumor necrosis factor superfamily cytokine production","5/174","145/28891",0.00189050249498835,0.0201210691220316,0.0155464066468181,"Il18/Lbp/Oas1g/Oas1a/Oas3",5
"GO:0009172","BP","GO:0009172","purine deoxyribonucleoside monophosphate catabolic process","2/174","11/28891",0.00191395739056632,0.0201210691220316,0.0155464066468181,"Gda/Xdh",2
"GO:0042045","BP","GO:0042045","epithelial fluid transport","2/174","11/28891",0.00191395739056632,0.0201210691220316,0.0155464066468181,"Aqp8/Scnn1b",2
"GO:1901526","BP","GO:1901526","positive regulation of mitophagy","2/174","11/28891",0.00191395739056632,0.0201210691220316,0.0155464066468181,"Igtp/Irgm2",2
"GO:0008299","BP","GO:0008299","isoprenoid biosynthetic process","3/174","41/28891",0.00193455429508732,0.0201210691220316,0.0155464066468181,"Rdh16/Dhrs9/Aldh1a1",3
"GO:0009126","BP","GO:0009126","purine nucleoside monophosphate metabolic process","3/174","41/28891",0.00193455429508732,0.0201210691220316,0.0155464066468181,"Gda/Ak4/Xdh",3
"GO:0032692","BP","GO:0032692","negative regulation of interleukin-1 production","3/174","41/28891",0.00193455429508732,0.0201210691220316,0.0155464066468181,"Serpinb1a/Gstp1/Aqp4",3
"GO:0045862","BP","GO:0045862","positive regulation of proteolysis","8/174","372/28891",0.00195034566521693,0.0201963426121806,0.0156045661949259,"S100a8/S100a9/Cideb/Xdh/Apoe/Tnfsf10/Efna1/Nlrp6",8
"GO:0019693","BP","GO:0019693","ribose phosphate metabolic process","8/174","373/28891",0.00198308034759488,0.0204456449810983,0.0157971879677404,"Gda/Upp1/Ndufa12/Sult1b1/Ak4/Xdh/Atp5mc1/Pde9a",8
"GO:0140962","BP","GO:0140962","multicellular organismal-level chemical homeostasis","4/174","88/28891",0.00199968320921478,0.020456556636956,0.0158056187841212,"Oas1g/Oas1a/Aqp4/Scnn1b",4
"GO:0010959","BP","GO:0010959","regulation of metal ion transport","9/174","461/28891",0.0020014674219131,0.020456556636956,0.0158056187841212,"Stom/Spink1/Slc9a3/Cxcl9/Fxyd4/Lcn2/Scnn1b/Cxcl11/Chp2",9
"GO:0032680","BP","GO:0032680","regulation of tumor necrosis factor production","6/174","216/28891",0.00203330310719876,0.0206035563780956,0.0159191971302257,"Il18/Lbp/Oas1g/Oas1a/Gstp1/Oas3",6
"GO:0097696","BP","GO:0097696","receptor signaling pathway via STAT","6/174","216/28891",0.00203330310719876,0.0206035563780956,0.0159191971302257,"Socs3/Il18/Parp14/Ptk6/Socs1/Gbp7",6
"GO:0010821","BP","GO:0010821","regulation of mitochondrion organization","5/174","148/28891",0.00206731942608021,0.0208392296699401,0.016101288489715,"Higd1a/Igtp/Cideb/Irgm2/Tnfsf10",5
"GO:0009154","BP","GO:0009154","purine ribonucleotide catabolic process","3/174","42/28891",0.00207421388074372,0.0208392296699401,0.016101288489715,"Gda/Xdh/Pde9a",3
"GO:1903555","BP","GO:1903555","regulation of tumor necrosis factor superfamily cytokine production","6/174","219/28891",0.00217857499736958,0.0217949812236846,0.0168397434007203,"Il18/Lbp/Oas1g/Oas1a/Gstp1/Oas3",6
"GO:0095500","BP","GO:0095500","acetylcholine receptor signaling pathway","3/174","43/28891",0.00221998723432017,0.0219560664308736,0.0169642047859756,"Ly6a/Ly6g/Ly6c1",3
"GO:0002176","BP","GO:0002176","male germ cell proliferation","2/174","12/28891",0.00228767147056117,0.0219560664308736,0.0169642047859756,"Eif2s2/Il18",2
"GO:0006152","BP","GO:0006152","purine nucleoside catabolic process","2/174","12/28891",0.00228767147056117,0.0219560664308736,0.0169642047859756,"Gda/Xdh",2
"GO:0014824","BP","GO:0014824","artery smooth muscle contraction","2/174","12/28891",0.00228767147056117,0.0219560664308736,0.0169642047859756,"Cd38/Scnn1b",2
"GO:0045617","BP","GO:0045617","negative regulation of keratinocyte differentiation","2/174","12/28891",0.00228767147056117,0.0219560664308736,0.0169642047859756,"Reg3b/Reg3g",2
"GO:0046054","BP","GO:0046054","dGMP metabolic process","2/174","12/28891",0.00228767147056117,0.0219560664308736,0.0169642047859756,"Gda/Xdh",2
"GO:0070944","BP","GO:0070944","neutrophil-mediated killing of bacterium","2/174","12/28891",0.00228767147056117,0.0219560664308736,0.0169642047859756,"Scnn1b/Nlrp6",2
"GO:0106015","BP","GO:0106015","negative regulation of inflammatory response to wounding","2/174","12/28891",0.00228767147056117,0.0219560664308736,0.0169642047859756,"Reg3b/Reg3g",2
"GO:1904415","BP","GO:1904415","regulation of xenophagy","2/174","12/28891",0.00228767147056117,0.0219560664308736,0.0169642047859756,"Igtp/Irgm2",2
"GO:1904417","BP","GO:1904417","positive regulation of xenophagy","2/174","12/28891",0.00228767147056117,0.0219560664308736,0.0169642047859756,"Igtp/Irgm2",2
"GO:0008207","BP","GO:0008207","C21-steroid hormone metabolic process","3/174","44/28891",0.00237196524336506,0.0226729147351615,0.0175180727328005,"Dhrs9/Scnn1b/Clcn2",3
"GO:0032640","BP","GO:0032640","tumor necrosis factor production","6/174","223/28891",0.00238429475428299,0.0226988706244441,0.0175381273733973,"Il18/Lbp/Oas1g/Oas1a/Gstp1/Oas3",6
"GO:0006605","BP","GO:0006605","protein targeting","7/174","303/28891",0.00249316901668001,0.0236400483870743,0.0182653219442251,"Slc51b/Sec61g/Stom/Igtp/Rtp4/Irgm2/Gbp2",7
"GO:0009394","BP","GO:0009394","2'-deoxyribonucleotide metabolic process","3/174","45/28891",0.00253023650128602,0.023683750324767,0.0182990879479352,"Gda/Upp1/Xdh",3
"GO:0019692","BP","GO:0019692","deoxyribose phosphate metabolic process","3/174","45/28891",0.00253023650128602,0.023683750324767,0.0182990879479352,"Gda/Upp1/Xdh",3
"GO:1905145","BP","GO:1905145","cellular response to acetylcholine","3/174","45/28891",0.00253023650128602,0.023683750324767,0.0182990879479352,"Ly6a/Ly6g/Ly6c1",3
"GO:1903035","BP","GO:1903035","negative regulation of response to wounding","4/174","94/28891",0.00254316762610567,0.023683750324767,0.0182990879479352,"Reg3b/Reg3g/Plat/Apoe",4
"GO:0071706","BP","GO:0071706","tumor necrosis factor superfamily cytokine production","6/174","226/28891",0.00254793417301602,0.023683750324767,0.0182990879479352,"Il18/Lbp/Oas1g/Oas1a/Gstp1/Oas3",6
"GO:0072330","BP","GO:0072330","monocarboxylic acid biosynthetic process","6/174","227/28891",0.00260431244572115,0.0241128693503828,0.018630643832548,"Rdh16/Gstp1/Ido1/Dhrs9/Mgll/Aldh1a1",6
"GO:0031333","BP","GO:0031333","negative regulation of protein-containing complex assembly","5/174","157/28891",0.00267026583791857,0.0244538887294161,0.0188941301268767,"Igtp/Xaf1/Irgm2/Trim31/Capg",5
"GO:0000255","BP","GO:0000255","allantoin metabolic process","2/174","13/28891",0.00269293141450579,0.0244538887294161,0.0188941301268767,"Gda/Xdh",2
"GO:0061762","BP","GO:0061762","CAMKK-AMPK signaling cascade","2/174","13/28891",0.00269293141450579,0.0244538887294161,0.0188941301268767,"Igtp/Irgm2",2
"GO:0070673","BP","GO:0070673","response to interleukin-18","2/174","13/28891",0.00269293141450579,0.0244538887294161,0.0188941301268767,"Il18/Nlrp6",2
"GO:1905671","BP","GO:1905671","regulation of lysosome organization","2/174","13/28891",0.00269293141450579,0.0244538887294161,0.0188941301268767,"Igtp/Irgm2",2
"GO:0051701","BP","GO:0051701","biological process involved in interaction with host","5/174","159/28891",0.00281988312126779,0.0255085978900891,0.0197090439570764,"Gbp2b/Ifitm3/Gbp2/Trim31/Gbp7",5
"GO:0009262","BP","GO:0009262","deoxyribonucleotide metabolic process","3/174","47/28891",0.00286600184494934,0.0257286325320357,0.0198790522205211,"Gda/Upp1/Xdh",3
"GO:0140975","BP","GO:0140975","disruption of cellular anatomical structure in another organism","3/174","47/28891",0.00286600184494934,0.0257286325320357,0.0198790522205211,"Reg3b/Reg3g/Gm12250",3
"GO:0001666","BP","GO:0001666","response to hypoxia","6/174","233/28891",0.00296249016452862,0.0263941104847248,0.0203932292160004,"Cd38/Higd1a/Il18/Plat/Nos2/Ak4",6
"GO:0006164","BP","GO:0006164","purine nucleotide biosynthetic process","6/174","233/28891",0.00296249016452862,0.0263941104847248,0.0203932292160004,"Oasl2/Ndufa12/Nos2/Oas1a/Ido1/Atp5mc1",6
"GO:1905144","BP","GO:1905144","response to acetylcholine","3/174","48/28891",0.00304366191314127,0.0269649302314909,0.0208342691951108,"Ly6a/Ly6g/Ly6c1",3
"GO:0002755","BP","GO:0002755","MyD88-dependent toll-like receptor signaling pathway","2/174","14/28891",0.00312934810818658,0.0269649302314909,0.0208342691951108,"Reg3g/Irf7",2
"GO:0009120","BP","GO:0009120","deoxyribonucleoside metabolic process","2/174","14/28891",0.00312934810818658,0.0269649302314909,0.0208342691951108,"Gda/Xdh",2
"GO:0014820","BP","GO:0014820","tonic smooth muscle contraction","2/174","14/28891",0.00312934810818658,0.0269649302314909,0.0208342691951108,"Cd38/Scnn1b",2
"GO:0019747","BP","GO:0019747","regulation of isoprenoid metabolic process","2/174","14/28891",0.00312934810818658,0.0269649302314909,0.0208342691951108,"Isx/Rdh16",2
"GO:0032341","BP","GO:0032341","aldosterone metabolic process","2/174","14/28891",0.00312934810818658,0.0269649302314909,0.0208342691951108,"Scnn1b/Clcn2",2
"GO:0036093","BP","GO:0036093","germ cell proliferation","2/174","14/28891",0.00312934810818658,0.0269649302314909,0.0208342691951108,"Eif2s2/Il18",2
"GO:0061635","BP","GO:0061635","regulation of protein complex stability","2/174","14/28891",0.00312934810818658,0.0269649302314909,0.0208342691951108,"Igtp/Irgm2",2
"GO:0106014","BP","GO:0106014","regulation of inflammatory response to wounding","2/174","14/28891",0.00312934810818658,0.0269649302314909,0.0208342691951108,"Reg3b/Reg3g",2
"GO:0015850","BP","GO:0015850","organic hydroxy compound transport","7/174","318/28891",0.00325598499239919,0.0279541111529254,0.0215985530787667,"Slc51b/Aqp8/Slc10a2/Tgm2/Apoe/Rab3b/Slc5a8",7
"GO:0032611","BP","GO:0032611","interleukin-1 beta production","4/174","101/28891",0.0032961771137983,0.028196645527818,0.0217859456072176,"Serpinb1a/Gstp1/Aqp4/Nlrp6",4
"GO:0050777","BP","GO:0050777","negative regulation of immune response","6/174","239/28891",0.00335631155901348,0.0286074064650932,0.0221033172402446,"Isg15/Oas1g/Oas1a/Parp14/Oas3/Nlrp6",6
"GO:0010038","BP","GO:0010038","response to metal ion","7/174","320/28891",0.00336982237937548,0.0286192468982212,0.0221124656700405,"Atp12a/Slc13a2/Plscr2/Tat/Xdh/Pam/Chp2",7
"GO:1901136","BP","GO:1901136","carbohydrate derivative catabolic process","5/174","166/28891",0.00339148196418169,0.0286999602775375,0.0221748283113634,"Gda/Upp1/Xdh/Pde9a/Aldh1a1",5
"GO:0009116","BP","GO:0009116","nucleoside metabolic process","3/174","50/28891",0.00341893542798226,0.0287820363729778,0.0222382438459933,"Gda/Upp1/Xdh",3
"GO:2000116","BP","GO:2000116","regulation of cysteine-type endopeptidase activity","6/174","240/28891",0.00342556214350139,0.0287820363729778,0.0222382438459933,"S100a8/S100a9/Cideb/Xdh/Tnfsf10/Nlrp6",6
"GO:0097530","BP","GO:0097530","granulocyte migration","5/174","167/28891",0.00347945092437613,0.0288480849338192,0.0222892758154701,"S100a8/Lbp/S100a9/Cxcl9/Cxcl11",5
"GO:0018108","BP","GO:0018108","peptidyl-tyrosine phosphorylation","7/174","322/28891",0.00348667369764258,0.0288480849338192,0.0222892758154701,"Socs3/Spink1/Il18/Parp14/Ptk6/Socs1/Efna1",7
"GO:0072522","BP","GO:0072522","purine-containing compound biosynthetic process","6/174","241/28891",0.00349587144249916,0.0288480849338192,0.0222892758154701,"Oasl2/Ndufa12/Nos2/Oas1a/Ido1/Atp5mc1",6
"GO:0009155","BP","GO:0009155","purine deoxyribonucleotide catabolic process","2/174","15/28891",0.00359653593317773,0.0288480849338192,0.0222892758154701,"Gda/Xdh",2
"GO:0009169","BP","GO:0009169","purine ribonucleoside monophosphate catabolic process","2/174","15/28891",0.00359653593317773,0.0288480849338192,0.0222892758154701,"Gda/Xdh",2
"GO:0009170","BP","GO:0009170","purine deoxyribonucleoside monophosphate metabolic process","2/174","15/28891",0.00359653593317773,0.0288480849338192,0.0222892758154701,"Gda/Xdh",2
"GO:0010838","BP","GO:0010838","positive regulation of keratinocyte proliferation","2/174","15/28891",0.00359653593317773,0.0288480849338192,0.0222892758154701,"Reg3g/Lrg1",2
"GO:0015670","BP","GO:0015670","carbon dioxide transport","2/174","15/28891",0.00359653593317773,0.0288480849338192,0.0222892758154701,"Car4/Aqp4",2
"GO:0018410","BP","GO:0018410","C-terminal protein amino acid modification","2/174","15/28891",0.00359653593317773,0.0288480849338192,0.0222892758154701,"Igtp/Irgm2",2
"GO:0060046","BP","GO:0060046","regulation of acrosome reaction","2/174","15/28891",0.00359653593317773,0.0288480849338192,0.0222892758154701,"Spink1/B4galt1",2
"GO:0070943","BP","GO:0070943","neutrophil-mediated killing of symbiont cell","2/174","15/28891",0.00359653593317773,0.0288480849338192,0.0222892758154701,"Scnn1b/Nlrp6",2
"GO:0097202","BP","GO:0097202","activation of cysteine-type endopeptidase activity","2/174","15/28891",0.00359653593317773,0.0288480849338192,0.0222892758154701,"Cideb/Nlrp6",2
"GO:1903599","BP","GO:1903599","positive regulation of autophagy of mitochondrion","2/174","15/28891",0.00359653593317773,0.0288480849338192,0.0222892758154701,"Igtp/Irgm2",2
"GO:0018212","BP","GO:0018212","peptidyl-tyrosine modification","7/174","324/28891",0.00360659017891072,0.0288480849338192,0.0222892758154701,"Socs3/Spink1/Il18/Parp14/Ptk6/Socs1/Efna1",7
"GO:0090199","BP","GO:0090199","regulation of release of cytochrome c from mitochondria","3/174","51/28891",0.00361670188073295,0.0288480849338192,0.0222892758154701,"Higd1a/Cideb/Tnfsf10",3
"GO:0050687","BP","GO:0050687","negative regulation of defense response to virus","3/174","52/28891",0.00382131996228732,0.0303775637406073,0.0234710171704552,"Igtp/Irgm2/Trim31",3
"GO:0003018","BP","GO:0003018","vascular process in circulatory system","6/174","247/28891",0.00394051379726562,0.0312199767628998,0.0241219018391428,"Cd38/Il18/Scnn1b/Abcg2/Apoe/Mgll",6
"GO:0090207","BP","GO:0090207","regulation of triglyceride metabolic process","3/174","53/28891",0.00403286095914854,0.031383766809606,0.0242484531001793,"Cideb/Apoe/C3",3
"GO:1902930","BP","GO:1902930","regulation of alcohol biosynthetic process","3/174","53/28891",0.00403286095914854,0.031383766809606,0.0242484531001793,"Aqp8/Apoe/Clcn2",3
"GO:1990748","BP","GO:1990748","cellular detoxification","3/174","53/28891",0.00403286095914854,0.031383766809606,0.0242484531001793,"Aqp8/Abcg2/Aldh1a1",3
"GO:0060326","BP","GO:0060326","cell chemotaxis","7/174","331/28891",0.00405118092847481,0.031383766809606,0.0242484531001793,"Saa3/S100a8/Lbp/S100a9/Cxcl9/Gstp1/Cxcl11",7
"GO:0008212","BP","GO:0008212","mineralocorticoid metabolic process","2/174","16/28891",0.0040941127392455,0.031383766809606,0.0242484531001793,"Scnn1b/Clcn2",2
"GO:0009074","BP","GO:0009074","aromatic amino acid family catabolic process","2/174","16/28891",0.0040941127392455,0.031383766809606,0.0242484531001793,"Tat/Ido1",2
"GO:0009128","BP","GO:0009128","purine nucleoside monophosphate catabolic process","2/174","16/28891",0.0040941127392455,0.031383766809606,0.0242484531001793,"Gda/Xdh",2
"GO:0042454","BP","GO:0042454","ribonucleoside catabolic process","2/174","16/28891",0.0040941127392455,0.031383766809606,0.0242484531001793,"Upp1/Xdh",2
"GO:0099004","BP","GO:0099004","calmodulin dependent kinase signaling pathway","2/174","16/28891",0.0040941127392455,0.031383766809606,0.0242484531001793,"Igtp/Irgm2",2
"GO:0110096","BP","GO:0110096","cellular response to aldehyde","2/174","16/28891",0.0040941127392455,0.031383766809606,0.0242484531001793,"Scnn1b/Aldh1a1",2
"GO:1903034","BP","GO:1903034","regulation of response to wounding","5/174","174/28891",0.00414177055465623,0.0316463439467423,0.0244513315320022,"Reg3b/Reg3g/S100a9/Plat/Apoe",5
"GO:0006195","BP","GO:0006195","purine nucleotide catabolic process","3/174","54/28891",0.00425139412081437,0.0322750531165361,0.0249370993784779,"Gda/Xdh/Pde9a",3
"GO:0032941","BP","GO:0032941","secretion by tissue","3/174","54/28891",0.00425139412081437,0.0322750531165361,0.0249370993784779,"Aqp4/Scnn1b/Nlrp6",3
"GO:0097529","BP","GO:0097529","myeloid leukocyte migration","6/174","253/28891",0.00442576674677332,0.0334911387472174,0.0258766996361612,"S100a8/Lbp/S100a9/Cxcl9/B4galt1/Cxcl11",6
"GO:0006821","BP","GO:0006821","chloride transport","4/174","110/28891",0.00447038782872876,0.0337207209700595,0.0260540847727827,"Slc26a3/Ttyh1/Clcn2/Slc5a8",4
"GO:0060100","BP","GO:0060100","positive regulation of phagocytosis, engulfment","2/174","17/28891",0.00462169981695521,0.0342063738803488,0.0264293211773086,"Lbp/C3",2
"GO:0061000","BP","GO:0061000","negative regulation of dendritic spine development","2/174","17/28891",0.00462169981695521,0.0342063738803488,0.0264293211773086,"Apoe/Efna1",2
"GO:0070942","BP","GO:0070942","neutrophil mediated cytotoxicity","2/174","17/28891",0.00462169981695521,0.0342063738803488,0.0264293211773086,"Scnn1b/Nlrp6",2
"GO:0098792","BP","GO:0098792","xenophagy","2/174","17/28891",0.00462169981695521,0.0342063738803488,0.0264293211773086,"Igtp/Irgm2",2
"GO:1904478","BP","GO:1904478","regulation of intestinal absorption","2/174","17/28891",0.00462169981695521,0.0342063738803488,0.0264293211773086,"Isx/Abcg2",2
"GO:1905155","BP","GO:1905155","positive regulation of membrane invagination","2/174","17/28891",0.00462169981695521,0.0342063738803488,0.0264293211773086,"Lbp/C3",2
"GO:0010466","BP","GO:0010466","negative regulation of peptidase activity","6/174","257/28891",0.0047728922766616,0.0352149958287439,0.0272086260376794,"Spink1/Serpinb1a/Slpi/Wfdc18/Wfdc2/Serpina10",6
"GO:0015908","BP","GO:0015908","fatty acid transport","4/174","113/28891",0.00491701196852239,0.0361653123292254,0.027942881591898,"Nos2/Apoe/Fabp6/Slc5a8",4
"GO:0006693","BP","GO:0006693","prostaglandin metabolic process","3/174","57/28891",0.00494960910212613,0.0362920095966453,0.0280407733703321,"Ces2e/Ces2c/Gstp1",3
"GO:0009150","BP","GO:0009150","purine ribonucleotide metabolic process","7/174","345/28891",0.00506383836913427,0.0370146204010093,0.0285990936734877,"Gda/Ndufa12/Sult1b1/Ak4/Xdh/Atp5mc1/Pde9a",7
"GO:0002830","BP","GO:0002830","positive regulation of type 2 immune response","2/174","18/28891",0.00517892187047916,0.0370681538060291,0.0286404558932872,"Il18/Ido1",2
"GO:0033194","BP","GO:0033194","response to hydroperoxide","2/174","18/28891",0.00517892187047916,0.0370681538060291,0.0286404558932872,"Cd38/Mgst1",2
"GO:0045605","BP","GO:0045605","negative regulation of epidermal cell differentiation","2/174","18/28891",0.00517892187047916,0.0370681538060291,0.0286404558932872,"Reg3b/Reg3g",2
"GO:0045683","BP","GO:0045683","negative regulation of epidermis development","2/174","18/28891",0.00517892187047916,0.0370681538060291,0.0286404558932872,"Reg3b/Reg3g",2
"GO:1901096","BP","GO:1901096","regulation of autophagosome maturation","2/174","18/28891",0.00517892187047916,0.0370681538060291,0.0286404558932872,"Igtp/Irgm2",2
"GO:0006692","BP","GO:0006692","prostanoid metabolic process","3/174","58/28891",0.00519676362126033,0.0370681538060291,0.0286404558932872,"Ces2e/Ces2c/Gstp1",3
"GO:0032757","BP","GO:0032757","positive regulation of interleukin-8 production","3/174","58/28891",0.00519676362126033,0.0370681538060291,0.0286404558932872,"Il18/Lbp/Nos2",3
"GO:0034142","BP","GO:0034142","toll-like receptor 4 signaling pathway","3/174","58/28891",0.00519676362126033,0.0370681538060291,0.0286404558932872,"Lbp/Oas1g/Oas1a",3
"GO:0051702","BP","GO:0051702","biological process involved in interaction with symbiont","4/174","115/28891",0.0052308313210744,0.0371987733405321,0.0287413781845972,"Stom/Scnn1b/Apoe/Nlrp6",4
"GO:0036293","BP","GO:0036293","response to decreased oxygen levels","6/174","264/28891",0.00542801570681981,0.0384189456671293,0.0296841359999711,"Cd38/Higd1a/Il18/Plat/Nos2/Ak4",6
"GO:1901616","BP","GO:1901616","organic hydroxy compound catabolic process","3/174","59/28891",0.00545122693709797,0.0384189456671293,0.0296841359999711,"Sult1b1/Cyp4f14/Apoe",3
"GO:2000649","BP","GO:2000649","regulation of sodium ion transmembrane transporter activity","3/174","59/28891",0.00545122693709797,0.0384189456671293,0.0296841359999711,"Stom/Fxyd4/Chp2",3
"GO:0007589","BP","GO:0007589","body fluid secretion","4/174","117/28891",0.00555778981902844,0.0390533981033516,0.030174341342031,"Xdh/Aqp4/Scnn1b/Nlrp6",4
"GO:0030857","BP","GO:0030857","negative regulation of epithelial cell differentiation","3/174","60/28891",0.00571305663693084,0.0395701334442361,0.0305735933742889,"Reg3b/Reg3g/Xdh",3
"GO:0072523","BP","GO:0072523","purine-containing compound catabolic process","3/174","60/28891",0.00571305663693084,0.0395701334442361,0.0305735933742889,"Gda/Xdh/Pde9a",3
"GO:0097237","BP","GO:0097237","cellular response to toxic substance","3/174","60/28891",0.00571305663693084,0.0395701334442361,0.0305735933742889,"Aqp8/Abcg2/Aldh1a1",3
"GO:0015669","BP","GO:0015669","gas transport","2/174","19/28891",0.0057654069906045,0.0395701334442361,0.0305735933742889,"Car4/Aqp4",2
"GO:0015701","BP","GO:0015701","bicarbonate transport","2/174","19/28891",0.0057654069906045,0.0395701334442361,0.0305735933742889,"Car4/Slc26a3",2
"GO:0032897","BP","GO:0032897","negative regulation of viral transcription","2/174","19/28891",0.0057654069906045,0.0395701334442361,0.0305735933742889,"Ifitm3/Trim31",2
"GO:0070431","BP","GO:0070431","nucleotide-binding oligomerization domain containing 2 signaling pathway","2/174","19/28891",0.0057654069906045,0.0395701334442361,0.0305735933742889,"Igtp/Irgm2",2
"GO:1901524","BP","GO:1901524","regulation of mitophagy","2/174","19/28891",0.0057654069906045,0.0395701334442361,0.0305735933742889,"Igtp/Irgm2",2
"GO:0001974","BP","GO:0001974","blood vessel remodeling","3/174","61/28891",0.00598230845509628,0.0407200369828055,0.031462058490471,"Il18/Nos2/Tgm2",3
"GO:0098926","BP","GO:0098926","postsynaptic signal transduction","3/174","61/28891",0.00598230845509628,0.0407200369828055,0.031462058490471,"Ly6a/Ly6g/Ly6c1",3
"GO:0051346","BP","GO:0051346","negative regulation of hydrolase activity","7/174","356/28891",0.00598468989116202,0.0407200369828055,0.031462058490471,"Ppp1r14d/Spink1/Serpinb1a/Slpi/Wfdc18/Wfdc2/Serpina10",7
"GO:0090150","BP","GO:0090150","establishment of protein localization to membrane","6/174","270/28891",0.0060400303071014,0.0409784814800759,0.0316617438663241,"Slc51b/Sec61g/Stom/Rtp4/Mal/Irgm2",6
"GO:0071466","BP","GO:0071466","cellular response to xenobiotic stimulus","5/174","191/28891",0.006117607679703,0.0413858788876183,0.0319765166910731,"Sult1b1/Cyp2d34/Nos2/Gstp1/Cyp2d12",5
"GO:0035313","BP","GO:0035313","wound healing, spreading of epidermal cells","2/174","20/28891",0.00638078662793929,0.0426771592877186,0.0329742156738297,"Lrg1/Scnn1b",2
"GO:0060099","BP","GO:0060099","regulation of phagocytosis, engulfment","2/174","20/28891",0.00638078662793929,0.0426771592877186,0.0329742156738297,"Lbp/C3",2
"GO:0060457","BP","GO:0060457","negative regulation of digestive system process","2/174","20/28891",0.00638078662793929,0.0426771592877186,0.0329742156738297,"Isx/Abcg2",2
"GO:1902004","BP","GO:1902004","positive regulation of amyloid-beta formation","2/174","20/28891",0.00638078662793929,0.0426771592877186,0.0329742156738297,"Apoe/Efna1",2
"GO:0032612","BP","GO:0032612","interleukin-1 production","4/174","122/28891",0.0064342219882699,0.0429129890234611,0.0331564279086284,"Serpinb1a/Gstp1/Aqp4/Nlrp6",4
"GO:0090303","BP","GO:0090303","positive regulation of wound healing","3/174","63/28891",0.0065432922700084,0.0435175015478587,0.0336235003822819,"Reg3g/S100a9/Plat",3
"GO:0006833","BP","GO:0006833","water transport","2/174","21/28891",0.00702469556631566,0.0456895488486812,0.0353017178959694,"Aqp8/Aqp4",2
"GO:0034377","BP","GO:0034377","plasma lipoprotein particle assembly","2/174","21/28891",0.00702469556631566,0.0456895488486812,0.0353017178959694,"Cideb/Apoe",2
"GO:0043117","BP","GO:0043117","positive regulation of vascular permeability","2/174","21/28891",0.00702469556631566,0.0456895488486812,0.0353017178959694,"Il18/Apoe",2
"GO:0045540","BP","GO:0045540","regulation of cholesterol biosynthetic process","2/174","21/28891",0.00702469556631566,0.0456895488486812,0.0353017178959694,"Aqp8/Apoe",2
"GO:0060340","BP","GO:0060340","positive regulation of type I interferon-mediated signaling pathway","2/174","21/28891",0.00702469556631566,0.0456895488486812,0.0353017178959694,"Irf7/Zbp1",2
"GO:0106118","BP","GO:0106118","regulation of sterol biosynthetic process","2/174","21/28891",0.00702469556631566,0.0456895488486812,0.0353017178959694,"Aqp8/Apoe",2
"GO:0150104","BP","GO:0150104","transport across blood-brain barrier","2/174","21/28891",0.00702469556631566,0.0456895488486812,0.0353017178959694,"Abcg2/Apoe",2
"GO:1905153","BP","GO:1905153","regulation of membrane invagination","2/174","21/28891",0.00702469556631566,0.0456895488486812,0.0353017178959694,"Lbp/C3",2
"GO:0050764","BP","GO:0050764","regulation of phagocytosis","4/174","127/28891",0.00739785332021387,0.0479497372730832,0.0370480370468594,"Lbp/Plscr2/Tgm2/C3",4
"GO:0034764","BP","GO:0034764","positive regulation of transmembrane transport","6/174","282/28891",0.00741281410617339,0.0479497372730832,0.0370480370468594,"Cxcl9/Lcn2/Cxcl11/Clcn2/Chp2/C3",6
"GO:0030193","BP","GO:0030193","regulation of blood coagulation","3/174","66/28891",0.00744172347055754,0.0480052161584326,0.0370909024287495,"S100a9/Plat/Apoe",3
"GO:0061041","BP","GO:0061041","regulation of wound healing","4/174","128/28891",0.0076013483897419,0.0488496732456267,0.0377433664302241,"Reg3g/S100a9/Plat/Apoe",4
"GO:0009151","BP","GO:0009151","purine deoxyribonucleotide metabolic process","2/174","22/28891",0.00769677189638846,0.0488496732456267,0.0377433664302241,"Gda/Xdh",2
"GO:0010232","BP","GO:0010232","vascular transport","2/174","22/28891",0.00769677189638846,0.0488496732456267,0.0377433664302241,"Abcg2/Apoe",2
"GO:0043374","BP","GO:0043374","CD8-positive, alpha-beta T cell differentiation","2/174","22/28891",0.00769677189638846,0.0488496732456267,0.0377433664302241,"Igtp/Socs1",2
"GO:0044794","BP","GO:0044794","positive regulation by host of viral process","2/174","22/28891",0.00769677189638846,0.0488496732456267,0.0377433664302241,"Stom/Apoe",2
"GO:0070423","BP","GO:0070423","nucleotide-binding oligomerization domain containing signaling pathway","2/174","22/28891",0.00769677189638846,0.0488496732456267,0.0377433664302241,"Igtp/Irgm2",2
"GO:0001836","BP","GO:0001836","release of cytochrome c from mitochondria","3/174","67/28891",0.00775657779807016,0.0489659897894215,0.037833237613441,"Higd1a/Cideb/Tnfsf10",3
"GO:0140895","BP","GO:0140895","cell surface toll-like receptor signaling pathway","3/174","67/28891",0.00775657779807016,0.0489659897894215,0.037833237613441,"Lbp/Oas1g/Oas1a",3
"GO:0006805","BP","GO:0006805","xenobiotic metabolic process","4/174","129/28891",0.00780849574403622,0.049162289204452,0.0379849070159011,"Sult1b1/Cyp2d34/Gstp1/Cyp2d12",4
"GO:0098862","CC","GO:0098862","cluster of actin-based cell projections","14/183","211/28573",1.01110889322425e-10,2.33566154334801e-08,1.979644780418e-08,"Car4/Muc17/Slc26a3/Aqp8/Slc9a3/Myo15b/Coro2a/Ido1/B4galt1/Slc6a14/Abcg2/Rhoc/Slc9a2/Slc5a8",14
"GO:0005903","CC","GO:0005903","brush border","12/183","149/28573",2.45249386727725e-10,2.72695257413008e-08,2.3112926807391e-08,"Car4/Muc17/Slc26a3/Aqp8/Slc9a3/Myo15b/Coro2a/B4galt1/Slc6a14/Abcg2/Slc9a2/Slc5a8",12
"GO:0016324","CC","GO:0016324","apical plasma membrane","18/183","427/28573",3.54149684951959e-10,2.72695257413008e-08,2.3112926807391e-08,"Car4/Muc17/Slc26a3/Aqp8/Il18/Slc9a3/Atp12a/Slc13a2/S100g/Ceacam20/Cyp4f14/Mal/Slc10a2/Slc6a14/Scnn1b/Abcg2/Slc9a2/Slc5a8",18
"GO:0031526","CC","GO:0031526","brush border membrane","9/183","82/28573",2.91761569906003e-09,1.68492306620717e-07,1.42809610532939e-07,"Car4/Muc17/Slc26a3/Aqp8/Slc9a3/B4galt1/Slc6a14/Abcg2/Slc5a8",9
"GO:0031253","CC","GO:0031253","cell projection membrane","12/183","327/28573",1.46802345705199e-06,6.78226837158019e-05,5.74847080024569e-05,"Car4/Muc17/Slc26a3/Aqp8/Slc9a3/Ceacam20/B4galt1/Slc6a14/Aqp4/Abcg2/Ttyh1/Slc5a8",12
"GO:0043230","CC","GO:0043230","extracellular organelle","7/183","127/28573",1.8439341277364e-05,0.000608498262153011,0.000515746989111233,"Car4/Slc9a3/Gbp2b/Gbp2/Scnn1b/Apoe/Gbp7",7
"GO:0065010","CC","GO:0065010","extracellular membrane-bounded organelle","7/183","127/28573",1.8439341277364e-05,0.000608498262153011,0.000515746989111233,"Car4/Slc9a3/Gbp2b/Gbp2/Scnn1b/Apoe/Gbp7",7
"GO:0034364","CC","GO:0034364","high-density lipoprotein particle","4/183","35/28573",7.29919278400657e-05,0.0021076419163819,0.00178638139187529,"Saa1/Saa3/Apol9a/Apoe",4
"GO:0034358","CC","GO:0034358","plasma lipoprotein particle","4/183","43/28573",0.000165302181018956,0.00381848038153788,0.00323644270205534,"Saa1/Saa3/Apol9a/Apoe",4
"GO:1990777","CC","GO:1990777","lipoprotein particle","4/183","43/28573",0.000165302181018956,0.00381848038153788,0.00323644270205534,"Saa1/Saa3/Apol9a/Apoe",4
"GO:0032994","CC","GO:0032994","protein-lipid complex","4/183","46/28573",0.00021533281675833,0.00452198915192494,0.00383271807818655,"Saa1/Saa3/Apol9a/Apoe",4
"GO:0016323","CC","GO:0016323","basolateral plasma membrane","8/183","267/28573",0.000342636481843074,0.00659575227547917,0.00559038470375542,"Cd38/Slc51b/Aqp8/Atp12a/S100g/Cldn8/B4galt1/Aqp4",8
"GO:0005902","CC","GO:0005902","microvillus","5/183","107/28573",0.000639914724416399,0.0113707924107837,0.00963758208432795,"Muc17/Iqgap2/Ceacam20/Slc10a2/Ptprh",5
"GO:0009925","CC","GO:0009925","basal plasma membrane","8/183","301/28573",0.00075325347195064,0.0124286822871856,0.01053422148743,"Cd38/Slc51b/Aqp8/Atp12a/S100g/Cldn8/B4galt1/Aqp4",8
"GO:0098858","CC","GO:0098858","actin-based cell projection","7/183","234/28573",0.000810849083521768,0.0124870758862352,0.0105837143533368,"Muc17/Iqgap2/Ceacam20/Slc10a2/Ptprh/Rhoc/Ttyh1",7
"GO:0045178","CC","GO:0045178","basal part of cell","8/183","325/28573",0.00123151599889226,0.0177800122340071,0.0150698668285501,"Cd38/Slc51b/Aqp8/Atp12a/S100g/Cldn8/B4galt1/Aqp4",8
"GO:0003725","MF","GO:0003725","double-stranded RNA binding","8/178","82/28407",4.87319631251354e-08,2.15395277013098e-05,1.53377441835952e-05,"Oasl2/Zbp1/Oas1g/Oas1a/Oas3/Ddx60/Oasl1/Nlrp6",8
"GO:0004866","MF","GO:0004866","endopeptidase inhibitor activity","10/178","198/28407",5.31776188883619e-07,0.000107660211907208,7.66620703983218e-05,"Spink1/Serpinb1a/Gbp2b/Slpi/Wfdc17/Wfdc18/Wfdc2/Gbp2/Serpina10/C3",10
"GO:0030414","MF","GO:0030414","peptidase inhibitor activity","10/178","205/28407",7.30725420184673e-07,0.000107660211907208,7.66620703983218e-05,"Spink1/Serpinb1a/Gbp2b/Slpi/Wfdc17/Wfdc18/Wfdc2/Gbp2/Serpina10/C3",10
"GO:0061135","MF","GO:0061135","endopeptidase regulator activity","10/178","217/28407",1.22529400592667e-06,0.000135394987654897,9.64112915189671e-05,"Spink1/Serpinb1a/Gbp2b/Slpi/Wfdc17/Wfdc18/Wfdc2/Gbp2/Serpina10/C3",10
"GO:0004857","MF","GO:0004857","enzyme inhibitor activity","13/178","410/28407",2.10077038607711e-06,0.000185708102129217,0.000132237967460433,"Ppp1r14d/Socs3/Spink1/Serpinb1a/Gbp2b/Slpi/Wfdc17/Wfdc18/Socs1/Wfdc2/Gbp2/Serpina10/C3",13
"GO:0061134","MF","GO:0061134","peptidase regulator activity","10/178","268/28407",8.01023823587989e-06,0.00050871431529641,0.000362242391697134,"Spink1/Serpinb1a/Gbp2b/Slpi/Wfdc17/Wfdc18/Wfdc2/Gbp2/Serpina10/C3",10
"GO:0015081","MF","GO:0015081","sodium ion transmembrane transporter activity","8/178","160/28407",8.05656155446804e-06,0.00050871431529641,0.000362242391697134,"Slc9a3/Atp12a/Slc13a2/Slc10a2/Slc6a14/Scnn1b/Slc9a2/Slc5a8",8
"GO:0004867","MF","GO:0004867","serine-type endopeptidase inhibitor activity","7/178","129/28407",1.77119730736661e-05,0.000886619061817931,0.000631338650830105,"Spink1/Serpinb1a/Slpi/Wfdc17/Wfdc18/Wfdc2/Serpina10",7
"GO:0022853","MF","GO:0022853","active monoatomic ion transmembrane transporter activity","9/178","234/28407",1.80533293130348e-05,0.000886619061817931,0.000631338650830105,"Slc26a3/Slc9a3/Atp12a/Slc13a2/Slc10a2/Slc6a14/Slc9a2/Slc5a8/Cox7a1",9
"GO:0003925","MF","GO:0003925","G protein activity","5/178","55/28407",2.46468795931071e-05,0.0010501780805507,0.000747804825159944,"Igtp/Gbp2b/Gm12250/Irgm2/Gbp2",5
"GO:0016779","MF","GO:0016779","nucleotidyltransferase activity","7/178","137/28407",2.61356535883659e-05,0.0010501780805507,0.000747804825159944,"Polr2l/Oasl2/Oas1g/Oas1a/Parp14/Oas3/Oasl1",7
"GO:0070566","MF","GO:0070566","adenylyltransferase activity","4/178","30/28407",3.59594023208905e-05,0.0013245046521528,0.000943145727539146,"Oasl2/Oas1g/Oas1a/Oas3",4
"GO:0031406","MF","GO:0031406","carboxylic acid binding","8/178","218/28407",7.38331165835298e-05,0.00246611565998,0.00175605759069783,"Dmbt1/Nos2/Cyp4f14/Gstp1/Tat/Ido1/Pam/Fabp6",8
"GO:0030550","MF","GO:0030550","acetylcholine receptor inhibitor activity","3/178","14/28407",8.36917079178732e-05,0.00246611565998,0.00175605759069783,"Ly6a/Ly6g/Ly6c1",3
"GO:0050700","MF","GO:0050700","CARD domain binding","3/178","14/28407",8.36917079178732e-05,0.00246611565998,0.00175605759069783,"Igtp/Irgm2/Card14",3
"GO:0005343","MF","GO:0005343","organic acid:sodium symporter activity","4/178","38/28407",9.31426446366381e-05,0.00257306555808713,0.00183221386489176,"Slc13a2/Slc10a2/Slc6a14/Slc5a8",4
"GO:0046943","MF","GO:0046943","carboxylic acid transmembrane transporter activity","7/178","174/28407",0.000118706019156358,0.00286153679378284,0.00203762681910233,"Slc51b/Slc26a3/Slc13a2/Slc10a2/Slc6a14/Abcg2/Slc5a8",7
"GO:0043177","MF","GO:0043177","organic acid binding","8/178","234/28407",0.000120642863677255,0.00286153679378284,0.00203762681910233,"Dmbt1/Nos2/Cyp4f14/Gstp1/Tat/Ido1/Pam/Fabp6",8
"GO:0005342","MF","GO:0005342","organic acid transmembrane transporter activity","7/178","175/28407",0.000123007237741796,0.00286153679378284,0.00203762681910233,"Slc51b/Slc26a3/Slc13a2/Slc10a2/Slc6a14/Abcg2/Slc5a8",7
"GO:0003924","MF","GO:0003924","GTPase activity","9/178","305/28407",0.000139281783606922,0.00307812741771299,0.00219185543676157,"Igtp/Gbp2b/Gm12250/Ifi47/Irgm2/Gbp2/Gbp7/Rhoc/Rab3b",9
"GO:0016209","MF","GO:0016209","antioxidant activity","5/178","89/28407",0.000247703171979415,0.0052135620007096,0.00371244352991705,"S100a8/Mgst1/S100a9/Gstp1/Apoe",5
"GO:0033130","MF","GO:0033130","acetylcholine receptor binding","3/178","22/28407",0.000341253053778623,0.00685608408046143,0.00488204129568461,"Ly6a/Ly6g/Ly6c1",3
"GO:0016709","MF","GO:0016709","oxidoreductase activity, acting on paired donors, with incorporation or reduction of molecular oxygen, NAD(P)H as one donor, and incorporation of one atom of oxygen","4/178","55/28407",0.000396125326261141,0.0076124954003228,0.00542066235936299,"Cyp2d34/Nos2/Cyp4f14/Cyp2d12",4
"GO:0022804","MF","GO:0022804","active transmembrane transporter activity","10/178","435/28407",0.000443984062008734,0.00813469431947323,0.00579250679095617,"Slc26a3/Slc9a3/Atp12a/Slc13a2/Slc10a2/Slc6a14/Abcg2/Slc9a2/Slc5a8/Cox7a1",10
"GO:0046873","MF","GO:0046873","metal ion transmembrane transporter activity","10/178","437/28407",0.000460107144766586,0.00813469431947323,0.00579250679095617,"Lrg1/Slc9a3/Atp12a/Slc13a2/Fxyd4/Slc10a2/Slc6a14/Scnn1b/Slc9a2/Slc5a8",10
"GO:0005525","MF","GO:0005525","GTP binding","9/178","363/28407",0.000499814697508057,0.00849684985763697,0.00605038844351859,"Igtp/Gbp2b/Ak4/Irgm2/Tgm2/Gbp2/Gbp7/Rhoc/Rab3b",9
"GO:0004745","MF","GO:0004745","NAD-retinol dehydrogenase activity","3/178","26/28407",0.000565627437551975,0.00925953064436937,0.00659347383345187,"Rdh16/Dhrs9/Dhrs3",3
"GO:0030548","MF","GO:0030548","acetylcholine receptor regulator activity","3/178","27/28407",0.00063340978858245,0.00965403884667045,0.0068743929867932,"Ly6a/Ly6g/Ly6c1",3
"GO:0099602","MF","GO:0099602","neurotransmitter receptor regulator activity","3/178","27/28407",0.00063340978858245,0.00965403884667045,0.0068743929867932,"Ly6a/Ly6g/Ly6c1",3
"GO:0019001","MF","GO:0019001","guanyl nucleotide binding","9/178","387/28407",0.000787883009377478,0.011233686778866,0.00799921968773739,"Igtp/Gbp2b/Ak4/Irgm2/Tgm2/Gbp2/Gbp7/Rhoc/Rab3b",9
"GO:0032561","MF","GO:0032561","guanyl ribonucleotide binding","9/178","387/28407",0.000787883009377478,0.011233686778866,0.00799921968773739,"Igtp/Gbp2b/Ak4/Irgm2/Tgm2/Gbp2/Gbp7/Rhoc/Rab3b",9
"GO:0005539","MF","GO:0005539","glycosaminoglycan binding","7/178","243/28407",0.000888747401383183,0.0122758234816052,0.00874129845439381,"Reg3b/Reg3g/Dmbt1/Saa1/Apoe/Serpina10/Cxcl11",7
"GO:0008028","MF","GO:0008028","monocarboxylic acid transmembrane transporter activity","4/178","69/28407",0.000938031582157113,0.0125639381610135,0.00894645751403435,"Slc51b/Slc10a2/Abcg2/Slc5a8",4
"GO:0005319","MF","GO:0005319","lipid transporter activity","6/178","181/28407",0.00101154665776644,0.0128674525372373,0.0091625823020575,"Slc51b/Plscr2/Slc10a2/Cideb/Apoe/Slc5a8",6
"GO:0015078","MF","GO:0015078","proton transmembrane transporter activity","5/178","122/28407",0.00104798492980164,0.0128674525372373,0.0091625823020575,"Slc9a3/Atp12a/Atp5mc1/Slc9a2/Cox7a1",5
"GO:0008514","MF","GO:0008514","organic anion transmembrane transporter activity","7/178","250/28407",0.00104802780846276,0.0128674525372373,0.0091625823020575,"Slc51b/Slc26a3/Slc13a2/Slc10a2/Slc6a14/Abcg2/Slc5a8",7
"GO:0015108","MF","GO:0015108","chloride transmembrane transporter activity","5/178","128/28407",0.00129794253706325,0.0155051513887015,0.0110408198743076,"Clca4b/Slc26a3/Apol9a/Ttyh1/Clcn2",5
"GO:0030547","MF","GO:0030547","signaling receptor inhibitor activity","3/178","35/28407",0.00136616727079042,0.0158906824655096,0.0113153466472669,"Ly6a/Ly6g/Ly6c1",3
"GO:0047044","MF","GO:0047044","androstan-3-alpha,17-beta-diol dehydrogenase activity","2/178","10/28407",0.00169986275302707,0.0188204408751416,0.0134015523259522,"Rdh16/Dhrs9",2
"GO:0015370","MF","GO:0015370","solute:sodium symporter activity","4/178","81/28407",0.00170320731901734,0.0188204408751416,0.0134015523259522,"Slc13a2/Slc10a2/Slc6a14/Slc5a8",4
"GO:0001530","MF","GO:0001530","lipopolysaccharide binding","3/178","39/28407",0.00187294359790301,0.0201912456164178,0.0143776671572016,"Dmbt1/Lbp/Nlrp6",3
"GO:0015250","MF","GO:0015250","water channel activity","2/178","11/28407",0.00206906189523814,0.0212680315743083,0.0151444187680833,"Aqp8/Aqp4",2
"GO:0019911","MF","GO:0019911","structural constituent of myelin sheath","2/178","11/28407",0.00206906189523814,0.0212680315743083,0.0151444187680833,"Mall/Mal",2
"GO:0005254","MF","GO:0005254","chloride channel activity","4/178","89/28407",0.00240462810447959,0.0225670291147601,0.016069401536826,"Clca4b/Apol9a/Ttyh1/Clcn2",4
"GO:0015291","MF","GO:0015291","secondary active transmembrane transporter activity","7/178","290/28407",0.00243507382878459,0.0225670291147601,0.016069401536826,"Slc26a3/Slc9a3/Slc13a2/Slc10a2/Slc6a14/Slc9a2/Slc5a8",7
"GO:0008509","MF","GO:0008509","monoatomic anion transmembrane transporter activity","5/178","148/28407",0.0024532854219456,0.0225670291147601,0.016069401536826,"Clca4b/Slc26a3/Apol9a/Ttyh1/Clcn2",5
"GO:0004382","MF","GO:0004382","GDP phosphatase activity","2/178","12/28407",0.00247266380298979,0.0225670291147601,0.016069401536826,"Gbp2b/Gbp2",2
"GO:0050253","MF","GO:0050253","retinyl-palmitate esterase activity","2/178","12/28407",0.00247266380298979,0.0225670291147601,0.016069401536826,"Ces2e/Ces2c",2
"GO:0015103","MF","GO:0015103","inorganic anion transmembrane transporter activity","5/178","150/28407",0.00259989951962121,0.0225670291147601,0.016069401536826,"Clca4b/Slc26a3/Apol9a/Ttyh1/Clcn2",5
"GO:0140313","MF","GO:0140313","molecular sequestering activity","3/178","45/28407",0.00282926683905355,0.0225670291147601,0.016069401536826,"Xaf1/Trim15/Lcn2",3
"GO:0004497","MF","GO:0004497","monooxygenase activity","5/178","153/28407",0.00283159515435341,0.0225670291147601,0.016069401536826,"Cyp2d34/Nos2/Cyp4f14/Pam/Cyp2d12",5
"GO:0015386","MF","GO:0015386","potassium:proton antiporter activity","2/178","13/28407",0.00291022773651883,0.0225670291147601,0.016069401536826,"Slc9a3/Slc9a2",2
"GO:0031386","MF","GO:0031386","protein tag activity","2/178","13/28407",0.00291022773651883,0.0225670291147601,0.016069401536826,"Uba52/Isg15",2
"GO:0062187","MF","GO:0062187","anandamide 8,9 epoxidase activity","2/178","13/28407",0.00291022773651883,0.0225670291147601,0.016069401536826,"Cyp2d34/Cyp2d12",2
"GO:0062188","MF","GO:0062188","anandamide 11,12 epoxidase activity","2/178","13/28407",0.00291022773651883,0.0225670291147601,0.016069401536826,"Cyp2d34/Cyp2d12",2
"GO:0070513","MF","GO:0070513","death domain binding","2/178","13/28407",0.00291022773651883,0.0225670291147601,0.016069401536826,"Igtp/Irgm2",2
"GO:0141047","MF","GO:0141047","molecular tag activity","2/178","13/28407",0.00291022773651883,0.0225670291147601,0.016069401536826,"Uba52/Isg15",2
"GO:0033764","MF","GO:0033764","steroid dehydrogenase activity, acting on the CH-OH group of donors, NAD or NADP as acceptor","3/178","47/28407",0.00320357626398471,0.0225972458173337,0.0160909180742624,"Rdh16/Dhrs9/Akr1b8",3
"GO:0016614","MF","GO:0016614","oxidoreductase activity, acting on CH-OH group of donors","5/178","158/28407",0.00325041864771008,0.0225972458173337,0.0160909180742624,"Rdh16/Hao2/Dhrs9/Akr1b8/Dhrs3",5
"GO:0005229","MF","GO:0005229","intracellular calcium activated chloride channel activity","2/178","14/28407",0.00338131707461899,0.0225972458173337,0.0160909180742624,"Clca4b/Ttyh1",2
"GO:0005372","MF","GO:0005372","water transmembrane transporter activity","2/178","14/28407",0.00338131707461899,0.0225972458173337,0.0160909180742624,"Aqp8/Aqp4",2
"GO:0015385","MF","GO:0015385","sodium:proton antiporter activity","2/178","14/28407",0.00338131707461899,0.0225972458173337,0.0160909180742624,"Slc9a3/Slc9a2",2
"GO:0052650","MF","GO:0052650","NADP-retinol dehydrogenase activity","2/178","14/28407",0.00338131707461899,0.0225972458173337,0.0160909180742624,"Akr1b8/Dhrs3",2
"GO:0062186","MF","GO:0062186","anandamide epoxidase activity","2/178","14/28407",0.00338131707461899,0.0225972458173337,0.0160909180742624,"Cyp2d34/Cyp2d12",2
"GO:0062189","MF","GO:0062189","anandamide 14,15 epoxidase activity","2/178","14/28407",0.00338131707461899,0.0225972458173337,0.0160909180742624,"Cyp2d34/Cyp2d12",2
"GO:1901612","MF","GO:1901612","cardiolipin binding","2/178","14/28407",0.00338131707461899,0.0225972458173337,0.0160909180742624,"Igtp/Irgm2",2
"GO:0015079","MF","GO:0015079","potassium ion transmembrane transporter activity","5/178","160/28407",0.00342982341196568,0.0225972458173337,0.0160909180742624,"Lrg1/Slc9a3/Atp12a/Fxyd4/Slc9a2",5
"GO:0005253","MF","GO:0005253","monoatomic anion channel activity","4/178","100/28407",0.00366198374492283,0.0225972458173337,0.0160909180742624,"Clca4b/Apol9a/Ttyh1/Clcn2",4
"GO:0020037","MF","GO:0020037","heme binding","5/178","164/28407",0.00380982485628469,0.0225972458173337,0.0160909180742624,"Cyp2d34/Nos2/Cyp4f14/Ido1/Cyp2d12",5
"GO:0016229","MF","GO:0016229","steroid dehydrogenase activity","3/178","50/28407",0.00381960609477736,0.0225972458173337,0.0160909180742624,"Rdh16/Dhrs9/Akr1b8",3
"GO:0004089","MF","GO:0004089","carbonate dehydratase activity","2/178","15/28407",0.00388549928080852,0.0225972458173337,0.0160909180742624,"Car4/Car1",2
"GO:0010181","MF","GO:0010181","FMN binding","2/178","15/28407",0.00388549928080852,0.0225972458173337,0.0160909180742624,"Nos2/Hao2",2
"GO:0045236","MF","GO:0045236","CXCR chemokine receptor binding","2/178","15/28407",0.00388549928080852,0.0225972458173337,0.0160909180742624,"Cxcl9/Cxcl11",2
"GO:0046935","MF","GO:0046935","1-phosphatidylinositol-3-kinase regulator activity","2/178","15/28407",0.00388549928080852,0.0225972458173337,0.0160909180742624,"Socs3/Socs1",2
"GO:0061778","MF","GO:0061778","intracellular chloride channel activity","2/178","15/28407",0.00388549928080852,0.0225972458173337,0.0160909180742624,"Clca4b/Ttyh1",2
"GO:0140161","MF","GO:0140161","monocarboxylate:sodium symporter activity","2/178","15/28407",0.00388549928080852,0.0225972458173337,0.0160909180742624,"Slc10a2/Slc5a8",2
"GO:0051879","MF","GO:0051879","Hsp90 protein binding","3/178","51/28407",0.0040398339485975,0.0231896961724688,0.0165127867481976,"Gbp2b/Nos2/Gbp2",3
"GO:1901618","MF","GO:1901618","organic hydroxy compound transmembrane transporter activity","3/178","53/28407",0.00450308811218749,0.0255174993023958,0.0181703555404057,"Slc51b/Slc10a2/Slc5a8",3
"GO:0046906","MF","GO:0046906","tetrapyrrole binding","5/178","173/28407",0.00477365833753541,0.0267083162682361,0.0190183057018399,"Cyp2d34/Nos2/Cyp4f14/Ido1/Cyp2d12",5
"GO:1901611","MF","GO:1901611","phosphatidylglycerol binding","2/178","17/28407",0.00499143237396431,0.0275776638661528,0.0196373457870438,"Igtp/Irgm2",2
"GO:0001758","MF","GO:0001758","retinal dehydrogenase activity","2/178","18/28407",0.00559233831070555,0.0286943201839124,0.0204324880566559,"Akr1b8/Aldh1a1",2
"GO:0015355","MF","GO:0015355","secondary active monocarboxylate transmembrane transporter activity","2/178","18/28407",0.00559233831070555,0.0286943201839124,0.0204324880566559,"Slc10a2/Slc5a8",2
"GO:0017110","MF","GO:0017110","nucleoside diphosphate phosphatase activity","2/178","18/28407",0.00559233831070555,0.0286943201839124,0.0204324880566559,"Gbp2b/Gbp2",2
"GO:0022821","MF","GO:0022821","solute:potassium antiporter activity","2/178","18/28407",0.00559233831070555,0.0286943201839124,0.0204324880566559,"Slc9a3/Slc9a2",2
"GO:0047023","MF","GO:0047023","androsterone dehydrogenase activity","2/178","18/28407",0.00559233831070555,0.0286943201839124,0.0204324880566559,"Rdh16/Dhrs9",2
"GO:0051400","MF","GO:0051400","BH domain binding","2/178","18/28407",0.00559233831070555,0.0286943201839124,0.0204324880566559,"Igtp/Irgm2",2
"GO:0015294","MF","GO:0015294","solute:monoatomic cation symporter activity","4/178","113/28407",0.00564797704977461,0.0286943201839124,0.0204324880566559,"Slc13a2/Slc10a2/Slc6a14/Slc5a8",4
"GO:0016836","MF","GO:0016836","hydro-lyase activity","3/178","59/28407",0.0060803953431789,0.0305401675191486,0.0217468685120872,"Car4/Car1/Eno3",3
"GO:0042834","MF","GO:0042834","peptidoglycan binding","2/178","19/28407",0.00622464714921395,0.0305699337772507,0.0217680642995903,"Reg3b/Reg3g",2
"GO:0070492","MF","GO:0070492","oligosaccharide binding","2/178","19/28407",0.00622464714921395,0.0305699337772507,0.0217680642995903,"Reg3b/Reg3g",2
"GO:0019207","MF","GO:0019207","kinase regulator activity","6/178","266/28407",0.00678635782843834,0.0329623094524148,0.0234716135419672,"Socs3/Igtp/Nos2/Gstp1/Socs1/Irgm2",6
"GO:0005504","MF","GO:0005504","fatty acid binding","3/178","62/28407",0.00697775751204078,0.033523574133935,0.0238712756990869,"Cyp4f14/Gstp1/Fabp6",3
"GO:0016829","MF","GO:0016829","lyase activity","5/178","195/28407",0.00783784982180604,0.037250856142347,0.0265253774388229,"Car4/Cd38/Car1/Eno3/Pam",5
"GO:0106435","MF","GO:0106435","carboxylesterase activity","2/178","22/28407",0.00830588436511048,0.0390553286104131,0.0278102959145357,"Ces2e/Ces2c",2
"GO:0016597","MF","GO:0016597","amino acid binding","3/178","68/28407",0.00899745144703072,0.0418618267325008,0.0298087311098303,"Nos2/Tat/Ido1",3
"GO:0015125","MF","GO:0015125","bile acid transmembrane transporter activity","2/178","24/28407",0.00984292884721566,0.0448512840254569,0.0319374468292727,"Slc51b/Slc10a2",2
"GO:0051139","MF","GO:0051139","metal cation:proton antiporter activity","2/178","24/28407",0.00984292884721566,0.0448512840254569,0.0319374468292727,"Slc9a3/Slc9a2",2
"GO:0008483","MF","GO:0008483","transaminase activity","2/178","25/28407",0.010655125188929,0.0478134682847807,0.0340467421222897,"Tat/Tgm2",2
"GO:0099106","MF","GO:0099106","ion channel regulator activity","4/178","136/28407",0.01070935149365,0.0478134682847807,0.0340467421222897,"Lrg1/Fxyd4/Prss30/Sgk2",4
