"","ONTOLOGY","ID","Description","GeneRatio","BgRatio","pvalue","p.adjust","qvalue","geneID","Count"
"GO:0035456","BP","GO:0035456","response to interferon-beta","4/28","74/28891",7.74811024767112e-07,0.000646967205680538,0.000410242047850376,"Gbp7/Ifitm3/Ifi202b/Gbp3",4
"GO:0008053","BP","GO:0008053","mitochondrial fusion","3/28","35/28891",5.22566060427647e-06,0.00218171330228542,0.00138342488629003,"Bcl2a1b/Bcl2a1a/Bcl2a1d",3
"GO:0034341","BP","GO:0034341","response to type II interferon","4/28","150/28891",1.29705931657008e-05,0.0024585852656265,0.00155898945932572,"Gbp7/Ifitm3/Gbp3/Cxcl16",4
"GO:0051607","BP","GO:0051607","defense response to virus","5/28","328/28891",1.45079856440284e-05,0.0024585852656265,0.00155898945932572,"Gbp7/Ifitm3/Zbp1/Gbp3/Rtp4",5
"GO:0140546","BP","GO:0140546","defense response to symbiont","5/28","329/28891",1.47220674588413e-05,0.0024585852656265,0.00155898945932572,"Gbp7/Ifitm3/Zbp1/Gbp3/Rtp4",5
"GO:0048284","BP","GO:0048284","organelle fusion","4/28","171/28891",2.17110013297977e-05,0.00302144768506352,0.00191590064366461,"Bcl2a1b/Bcl2a1a/Bcl2a1d/Anxa1",4
"GO:0035458","BP","GO:0035458","cellular response to interferon-beta","3/28","63/28891",3.11352815923795e-05,0.00342791568815301,0.00217364209409513,"Gbp7/Ifi202b/Gbp3",3
"GO:0009615","BP","GO:0009615","response to virus","5/28","389/28891",3.28423059942803e-05,0.00342791568815301,0.00217364209409513,"Gbp7/Ifitm3/Zbp1/Gbp3/Rtp4",5
"GO:0001836","BP","GO:0001836","release of cytochrome c from mitochondria","3/28","67/28891",3.74624372409462e-05,0.00347568167735445,0.00220393051838549,"Bcl2a1b/Bcl2a1a/Bcl2a1d",3
"GO:0042742","BP","GO:0042742","defense response to bacterium","5/28","430/28891",5.28730257275557e-05,0.00379409047269845,0.00240583360575773,"Gbp7/Reg3b/Lypd8/Gbp3/Slamf8",5
"GO:0043122","BP","GO:0043122","regulation of canonical NF-kappaB signal transduction","4/28","217/28891",5.50199990964728e-05,0.00379409047269845,0.00240583360575773,"Gbp7/Nup62/Gbp3/Tmem106a",4
"GO:0038034","BP","GO:0038034","signal transduction in absence of ligand","3/28","78/28891",5.90696720300358e-05,0.00379409047269845,0.00240583360575773,"Bcl2a1b/Bcl2a1a/Bcl2a1d",3
"GO:0097192","BP","GO:0097192","extrinsic apoptotic signaling pathway in absence of ligand","3/28","78/28891",5.90696720300358e-05,0.00379409047269845,0.00240583360575773,"Bcl2a1b/Bcl2a1a/Bcl2a1d",3
"GO:0044406","BP","GO:0044406","adhesion of symbiont to host","2/28","15/28891",9.43655504340428e-05,0.00537885840371605,0.00341073530043388,"Gbp7/Gbp3",2
"GO:0045069","BP","GO:0045069","regulation of viral genome replication","3/28","92/28891",9.66261988691506e-05,0.00537885840371605,0.00341073530043388,"Gbp7/Ifitm3/Gbp3",3
"GO:0007249","BP","GO:0007249","canonical NF-kappaB signal transduction","4/28","258/28891",0.000107460262408263,0.00560808244443124,0.00355608631522082,"Gbp7/Nup62/Gbp3/Tmem106a",4
"GO:0008630","BP","GO:0008630","intrinsic apoptotic signaling pathway in response to DNA damage","3/28","113/28891",0.000177717673923819,0.00872907398390522,0.00553510773892761,"Bcl2a1b/Bcl2a1a/Bcl2a1d",3
"GO:0008637","BP","GO:0008637","apoptotic mitochondrial changes","3/28","120/28891",0.000212202838563927,0.00984385390004885,0.00624198992968745,"Bcl2a1b/Bcl2a1a/Bcl2a1d",3
"GO:0019079","BP","GO:0019079","viral genome replication","3/28","125/28891",0.00023931539643341,0.0103002038326811,0.00653136152264559,"Gbp7/Ifitm3/Gbp3",3
"GO:0042398","BP","GO:0042398","cellular modified amino acid biosynthetic process","2/28","24/28891",0.000246711469046255,0.0103002038326811,0.00653136152264559,"Ckmt1/Gatm",2
"GO:0046426","BP","GO:0046426","negative regulation of receptor signaling pathway via JAK-STAT","2/28","27/28891",0.000313188854637067,0.0124529854105691,0.00789644079611251,"Gbp7/Gbp3",2
"GO:0045070","BP","GO:0045070","positive regulation of viral genome replication","2/28","30/28891",0.000387442697746514,0.0140658544616669,0.00891916141723097,"Gbp7/Gbp3",2
"GO:1904893","BP","GO:1904893","negative regulation of receptor signaling pathway via STAT","2/28","30/28891",0.000387442697746514,0.0140658544616669,0.00891916141723097,"Gbp7/Gbp3",2
"GO:0141060","BP","GO:0141060","disruption of anatomical structure in another organism","3/28","156/28891",0.000458130528404569,0.0153015596487126,0.0097027223489473,"Gbp7/Reg3b/Gbp3",3
"GO:1903900","BP","GO:1903900","regulation of viral life cycle","3/28","156/28891",0.000458130528404569,0.0153015596487126,0.0097027223489473,"Gbp7/Ifitm3/Gbp3",3
"GO:0051701","BP","GO:0051701","biological process involved in interaction with host","3/28","159/28891",0.000484308731124805,0.015553761172662,0.00986264339092213,"Gbp7/Ifitm3/Gbp3",3
"GO:0043434","BP","GO:0043434","response to peptide hormone","4/28","396/28891",0.000548589094013684,0.016965625685238,0.01075790698982,"Reg3b/Serpina3g/Gatm/Anxa1",4
"GO:0045577","BP","GO:0045577","regulation of B cell differentiation","2/28","38/28891",0.000623148507898764,0.0181565257593373,0.0115130569895325,"Slamf8/Id2",2
"GO:0050727","BP","GO:0050727","regulation of inflammatory response","4/28","411/28891",0.000630585924575788,0.0181565257593373,0.0115130569895325,"Reg3b/Zbp1/Slamf8/Anxa1",4
"GO:0050792","BP","GO:0050792","regulation of viral process","3/28","187/28891",0.000775928236823174,0.0214955194423093,0.0136303136205251,"Gbp7/Ifitm3/Gbp3",3
"GO:0042832","BP","GO:0042832","defense response to protozoan","2/28","43/28891",0.000798037248756392,0.0214955194423093,0.0136303136205251,"Gbp7/Gbp3",2
"GO:0032480","BP","GO:0032480","negative regulation of type I interferon production","2/28","45/28891",0.000873877120534916,0.022802731113958,0.0144592168299034,"Gbp7/Gbp3",2
"GO:0071674","BP","GO:0071674","mononuclear cell migration","3/28","199/28891",0.000928766937846414,0.0230530286033872,0.0146179305231689,"Cxcl16/Slamf8/Anxa1",3
"GO:0050830","BP","GO:0050830","defense response to Gram-positive bacterium","3/28","203/28891",0.000983652132135779,0.0230530286033872,0.0146179305231689,"Gbp7/Reg3b/Gbp3",3
"GO:1901652","BP","GO:1901652","response to peptide","4/28","464/28891",0.000990546874721689,0.0230530286033872,0.0146179305231689,"Reg3b/Serpina3g/Gatm/Anxa1",4
"GO:0001562","BP","GO:0001562","response to protozoan","2/28","48/28891",0.000993903029607112,0.0230530286033872,0.0146179305231689,"Gbp7/Gbp3",2
"GO:0045088","BP","GO:0045088","regulation of innate immune response","4/28","474/28891",0.00107188589313163,0.0236893843500766,0.0150214438425321,"Gbp7/Zbp1/Gbp3/Slamf8",4
"GO:0070269","BP","GO:0070269","pyroptosis","2/28","50/28891",0.00107807976682984,0.0236893843500766,0.0150214438425321,"Zbp1/Gbp3",2
"GO:0030098","BP","GO:0030098","lymphocyte differentiation","4/28","486/28891",0.00117558044904959,0.0251694788450361,0.0159599720883116,"Bcl2a1d/Slamf8/Id2/Anxa1",4
"GO:0045619","BP","GO:0045619","regulation of lymphocyte differentiation","3/28","224/28891",0.0013055794249208,0.0272539704952217,0.0172817487035569,"Slamf8/Id2/Anxa1",3
"GO:0030595","BP","GO:0030595","leukocyte chemotaxis","3/28","240/28891",0.0015907038187722,0.0323833947729192,0.0205343177696544,"Cxcl16/Slamf8/Anxa1",3
"GO:0097191","BP","GO:0097191","extrinsic apoptotic signaling pathway","3/28","242/28891",0.00162886536582348,0.0323833947729192,0.0205343177696544,"Bcl2a1b/Bcl2a1a/Bcl2a1d",3
"GO:0045620","BP","GO:0045620","negative regulation of lymphocyte differentiation","2/28","63/28891",0.00170544460313036,0.0331173545026476,0.0209997217961951,"Id2/Anxa1",2
"GO:0019058","BP","GO:0019058","viral life cycle","3/28","250/28891",0.00178725302404346,0.0332178662348375,0.0210634563077507,"Gbp7/Ifitm3/Gbp3",3
"GO:0002548","BP","GO:0002548","monocyte chemotaxis","2/28","65/28891",0.0018141742221639,0.0332178662348375,0.0210634563077507,"Slamf8/Anxa1",2
"GO:0060337","BP","GO:0060337","type I interferon-mediated signaling pathway","2/28","66/28891",0.00186974815932618,0.0332178662348375,0.0210634563077507,"Ifitm3/Zbp1",2
"GO:0071357","BP","GO:0071357","cellular response to type I interferon","2/28","66/28891",0.00186974815932618,0.0332178662348375,0.0210634563077507,"Ifitm3/Zbp1",2
"GO:0048524","BP","GO:0048524","positive regulation of viral process","2/28","69/28891",0.00204128849284932,0.035509914406858,0.0225168445592809,"Gbp7/Gbp3",2
"GO:0044403","BP","GO:0044403","biological process involved in symbiotic interaction","3/28","264/28891",0.00208701384587088,0.035564419618412,0.0225514063259517,"Gbp7/Ifitm3/Gbp3",3
"GO:0042098","BP","GO:0042098","T cell proliferation","3/28","270/28891",0.0022244925389595,0.0371490254006236,0.0235562052020343,"Ebi3/Slfn2/Anxa1",3
"GO:0034340","BP","GO:0034340","response to type I interferon","2/28","73/28891",0.0022811963749774,0.0373489994726692,0.0236830088052349,"Ifitm3/Zbp1",2
"GO:0002218","BP","GO:0002218","activation of innate immune response","3/28","281/28891",0.00249092912121313,0.0399985733887108,0.0253631042099231,"Gbp7/Zbp1/Gbp3",3
"GO:0140888","BP","GO:0140888","interferon-mediated signaling pathway","2/28","84/28891",0.00300613403607881,0.04736079094577,0.0300314879870436,"Ifitm3/Zbp1",2
"GO:0043230","CC","GO:0043230","extracellular organelle","3/28","127/28573",0.000258992665727359,0.00841726163613915,0.00627034874918868,"Gbp7/Gbp3/Anxa1",3
"GO:0065010","CC","GO:0065010","extracellular membrane-bounded organelle","3/28","127/28573",0.000258992665727359,0.00841726163613915,0.00627034874918868,"Gbp7/Gbp3/Anxa1",3
"GO:0005741","CC","GO:0005741","mitochondrial outer membrane","3/28","202/28573",0.00100104716478558,0.0186614877135892,0.0139016750578964,"Bcl2a1b/Bcl2a1a/Bcl2a1d",3
"GO:0019867","CC","GO:0019867","outer membrane","3/28","229/28573",0.00143549905489148,0.0186614877135892,0.0139016750578964,"Bcl2a1b/Bcl2a1a/Bcl2a1d",3
"GO:0031968","CC","GO:0031968","organelle outer membrane","3/28","229/28573",0.00143549905489148,0.0186614877135892,0.0139016750578964,"Bcl2a1b/Bcl2a1a/Bcl2a1d",3
"GO:0051400","MF","GO:0051400","BH domain binding","3/25","18/28407",4.87027997529331e-07,4.09103517924638e-05,2.40950693514511e-05,"Bcl2a1b/Bcl2a1a/Bcl2a1d",3
