"","ONTOLOGY","ID","Description","GeneRatio","BgRatio","pvalue","p.adjust","qvalue","geneID","Count"
"GO:0009615","BP","GO:0009615","response to virus","24/183","389/28891",5.8488364533664e-17,1.44349283669083e-13,1.16792028968801e-13,"Isg15/Irf7/Duox2/Lgals9/Zbp1/Trim31/Oas1g/Ifit1/Oasl1/Oasl2/Lcn2/Trim15/Rtp4/Ifit1bl1/Oas3/Bst2/Ifit2/Ddx60/Gm12250/Dhx58/Trim30a/Oas2/Mx2/Rrp1b",24
"GO:0140546","BP","GO:0140546","defense response to symbiont","21/183","329/28891",2.94689192684955e-15,3.63646463773234e-12,2.94223893959663e-12,"Zg16/Isg15/Irf7/Zbp1/Trim31/Oas1g/Ifit1/Oasl1/Oasl2/Trim15/Rtp4/Ifit1bl1/Oas3/Bst2/Ifit2/Ddx60/Gm12250/Dhx58/Trim30a/Oas2/Mx2",21
"GO:0051607","BP","GO:0051607","defense response to virus","20/183","328/28891",3.3114639298904e-14,2.72423099298983e-11,2.20415686842178e-11,"Isg15/Irf7/Zbp1/Trim31/Oas1g/Ifit1/Oasl1/Oasl2/Trim15/Rtp4/Ifit1bl1/Oas3/Bst2/Ifit2/Ddx60/Gm12250/Dhx58/Trim30a/Oas2/Mx2",20
"GO:0048525","BP","GO:0048525","negative regulation of viral process","13/183","105/28891",1.44393344536762e-13,8.90906935791819e-11,7.20826775226939e-11,"Isg15/Slpi/Trim31/Oas1g/Oasl1/Oasl2/Trim15/Oas3/Bst2/Trim30a/Oas2/Mx2/Fam111a",13
"GO:0050792","BP","GO:0050792","regulation of viral process","15/183","187/28891",1.18214154018212e-12,5.83505064233895e-10,4.7211000036326e-10,"Stom/Isg15/Slpi/Trim31/Oas1g/Oasl1/Oasl2/Trim15/Oas3/Bst2/Trim30a/Oas2/Mx2/Fam111a/Top2a",15
"GO:1903900","BP","GO:1903900","regulation of viral life cycle","14/183","156/28891",1.47210633834887e-12,6.0552640717417e-10,4.89927319973301e-10,"Isg15/Slpi/Trim31/Oas1g/Oasl1/Oasl2/Trim15/Oas3/Bst2/Trim30a/Oas2/Mx2/Fam111a/Top2a",14
"GO:0045071","BP","GO:0045071","negative regulation of viral genome replication","10/183","56/28891",2.24572433520908e-12,7.91778237042285e-10,6.40622415622799e-10,"Isg15/Slpi/Oas1g/Oasl1/Oasl2/Oas3/Bst2/Oas2/Mx2/Fam111a",10
"GO:0019058","BP","GO:0019058","viral life cycle","16/183","250/28891",6.51081322647082e-12,2.00858588036625e-09,1.62513324876515e-09,"Stom/Isg15/Slpi/Trim31/Oas1g/Oasl1/Oasl2/Trim15/Oas3/Bst2/Apoe/Trim30a/Oas2/Mx2/Fam111a/Top2a",16
"GO:0045069","BP","GO:0045069","regulation of viral genome replication","11/183","92/28891",1.67564612113002e-11,4.59499402994322e-09,3.71777858688147e-09,"Isg15/Slpi/Oas1g/Oasl1/Oasl2/Oas3/Bst2/Oas2/Mx2/Fam111a/Top2a",11
"GO:0019079","BP","GO:0019079","viral genome replication","12/183","125/28891",2.74277896966786e-11,6.76917849714027e-09,5.47689653206308e-09,"Stom/Isg15/Slpi/Oas1g/Oasl1/Oasl2/Oas3/Bst2/Oas2/Mx2/Fam111a/Top2a",12
"GO:0016032","BP","GO:0016032","viral process","17/183","329/28891",4.14051348877354e-11,9.28980662753918e-09,7.51631970163005e-09,"Stom/Isg15/Slpi/Trim31/Oas1g/Oasl1/Oasl2/Trim15/Oas3/Bst2/Apoe/Trim30a/Oas2/Mx2/Rrp1b/Fam111a/Top2a",17
"GO:0042742","BP","GO:0042742","defense response to bacterium","18/183","430/28891",3.3281718094126e-10,6.84494002135857e-08,5.53819466882078e-08,"Reg3b/Reg3g/Lypd8/Il18/Pla2g2a/Zg16/Isg15/Lgals9/Slpi/Oas1g/Lbp/Lcn2/Oas3/Tac1/Gm12250/Wfdc17/Oas2/Trf",18
"GO:0045088","BP","GO:0045088","regulation of innate immune response","17/183","474/28891",1.05878799287554e-08,2.01006828185911e-06,1.62633264978535e-06,"Reg3g/Pla2g5/Isg15/Irf7/Lgals9/Zbp1/Trim31/Oas1g/Oasl1/Lbp/Trim15/Oas3/Apoe/Ddx60/Gm12250/Dhx58/Trim30a",17
"GO:0045089","BP","GO:0045089","positive regulation of innate immune response","15/183","385/28891",2.72879854211998e-08,4.81048200139436e-06,3.89212844691849e-06,"Reg3g/Pla2g5/Irf7/Lgals9/Zbp1/Trim31/Oas1g/Oasl1/Lbp/Trim15/Oas3/Ddx60/Gm12250/Dhx58/Trim30a",15
"GO:0002218","BP","GO:0002218","activation of innate immune response","13/183","281/28891",3.25095603368828e-08,5.29338792413136e-06,4.2828443623975e-06,"Reg3g/Irf7/Zbp1/Trim31/Oas1g/Oasl1/Lbp/Trim15/Oas3/Ddx60/Gm12250/Dhx58/Trim30a",13
"GO:0002221","BP","GO:0002221","pattern recognition receptor signaling pathway","12/183","233/28891",3.45291094569843e-08,5.29338792413136e-06,4.2828443623975e-06,"Reg3g/Irf7/Trim31/Oas1g/Oasl1/Lbp/Trim15/Oas3/Ddx60/Gm12250/Dhx58/Trim30a",12
"GO:0006690","BP","GO:0006690","icosanoid metabolic process","10/183","147/28891",3.64617482618448e-08,5.29338792413136e-06,4.2828443623975e-06,"Pla2g2a/Pla2g5/Ces2e/Cyp2d34/Akr1c18/Ces2c/Cyp4f14/Cyp4f40/Cyp2d9/Cyp2d26",10
"GO:0060700","BP","GO:0060700","regulation of ribonuclease activity","5/183","16/28891",3.98443113872875e-08,5.46309780576808e-06,4.42015547963066e-06,"Oas1g/Oasl1/Oasl2/Oas3/Oas2",5
"GO:0002753","BP","GO:0002753","cytosolic pattern recognition receptor signaling pathway","10/183","150/28891",4.41831909969892e-08,5.73916396739839e-06,4.6435187435617e-06,"Irf7/Trim31/Oas1g/Oasl1/Trim15/Oas3/Ddx60/Gm12250/Dhx58/Trim30a",10
"GO:0002758","BP","GO:0002758","innate immune response-activating signaling pathway","12/183","244/28891",5.73010200168346e-08,7.07094587007739e-06,5.72105447220711e-06,"Reg3g/Irf7/Trim31/Oas1g/Oasl1/Lbp/Trim15/Oas3/Ddx60/Gm12250/Dhx58/Trim30a",12
"GO:0002833","BP","GO:0002833","positive regulation of response to biotic stimulus","15/183","413/28891",6.83642381336828e-08,8.03442570066329e-06,6.50059948569405e-06,"Reg3g/Pla2g5/Irf7/Lgals9/Zbp1/Trim31/Oas1g/Oasl1/Lbp/Trim15/Oas3/Ddx60/Gm12250/Dhx58/Trim30a",15
"GO:0015718","BP","GO:0015718","monocarboxylic acid transport","10/183","180/28891",2.44742737418083e-07,2.74556852703559e-05,2.22142092288088e-05,"Slc51b/Pla2g5/Slc10a2/Aqp8/Abcg2/Apoe/Slc51a/Mfsd2a/Fabp6/Pla2g12b",10
"GO:0002526","BP","GO:0002526","acute inflammatory response","9/183","139/28891",2.72292375522302e-07,2.92181557734366e-05,2.36402121906548e-05,"Reg3b/Reg3g/Saa1/Nupr1/Saa3/Lbp/B4galt1/C3/Tac1",9
"GO:0033559","BP","GO:0033559","unsaturated fatty acid metabolic process","9/183","140/28891",2.89427232222605e-07,2.97627670468912e-05,2.40808534879948e-05,"Pla2g2a/Ces2e/Cyp2d34/Akr1c18/Ces2c/Cyp4f14/Cyp4f40/Cyp2d9/Cyp2d26",9
"GO:0062207","BP","GO:0062207","regulation of pattern recognition receptor signaling pathway","9/183","141/28891",3.07490580741036e-07,3.01412193641333e-05,2.43870566978422e-05,"Irf7/Trim31/Oasl1/Lbp/Trim15/Ddx60/Gm12250/Dhx58/Trim30a",9
"GO:1900246","BP","GO:1900246","positive regulation of RIG-I signaling pathway","4/183","10/28891",3.17533105132685e-07,3.01412193641333e-05,2.43870566978422e-05,"Oasl1/Trim15/Ddx60/Dhx58",4
"GO:0050727","BP","GO:0050727","regulation of inflammatory response","14/183","411/28891",4.1143921672072e-07,3.6808395855566e-05,2.97814240970778e-05,"Reg3b/Reg3g/Il18/Nupr1/Pla2g5/Lgals9/Socs3/Zbp1/S100a8/Lbp/S100a9/C3/Apoe/Tac1",14
"GO:0034340","BP","GO:0034340","response to type I interferon","7/183","73/28891",4.17599304682272e-07,3.6808395855566e-05,2.97814240970778e-05,"Isg15/Irf7/Zbp1/Oas1g/Oas3/Oas2/Mx2",7
"GO:0032102","BP","GO:0032102","negative regulation of response to external stimulus","15/183","485/28891",5.33186514230531e-07,4.53760109352052e-05,3.67134235025524e-05,"Reg3b/Reg3g/Pla2g5/Isg15/Lgals9/Socs3/Trim31/Oas1g/Oas3/Apoe/Plat/Dhx58/Trim30a/Nucb2/Sema6b",15
"GO:0039529","BP","GO:0039529","RIG-I signaling pathway","5/183","26/28891",5.69980400461729e-07,4.68903876113182e-05,3.79386954272245e-05,"Oasl1/Trim15/Oas3/Ddx60/Dhx58",5
"GO:0032069","BP","GO:0032069","regulation of nuclease activity","5/183","28/28891",8.42890042562188e-07,6.71049233884993e-05,5.42941395837172e-05,"Oas1g/Oasl1/Oasl2/Oas3/Oas2",5
"GO:0006869","BP","GO:0006869","lipid transport","14/183","445/28891",1.0569619666562e-06,8.15181916783596e-05,6.59558174587768e-05,"Slc51b/Pla2g5/Slc10a2/Aqp8/Abcg2/Lbp/Apoe/Slc51a/Tac1/Prap1/Mfsd2a/Fabp6/Nucb2/Pla2g12b",14
"GO:0032481","BP","GO:0032481","positive regulation of type I interferon production","7/183","85/28891",1.1867575719993e-06,8.87550814452807e-05,7.1811136015396e-05,"Isg15/Irf7/Oas1g/Trim15/Oas3/Dhx58/Oas2",7
"GO:0031348","BP","GO:0031348","negative regulation of defense response","12/183","330/28891",1.4410518981927e-06,0.000104603414257047,8.46339148876643e-05,"Reg3b/Reg3g/Pla2g5/Isg15/Lgals9/Socs3/Trim31/Oas1g/Oas3/Apoe/Dhx58/Trim30a",12
"GO:0039531","BP","GO:0039531","regulation of viral-induced cytoplasmic pattern recognition receptor signaling pathway","7/183","92/28891",2.02934800507439e-06,0.000143098025043531,0.000115779644078981,"Trim31/Oasl1/Trim15/Ddx60/Gm12250/Dhx58/Trim30a",7
"GO:0032479","BP","GO:0032479","regulation of type I interferon production","8/183","136/28891",2.62298277776265e-06,0.000179820041542173,0.000145491179222683,"Isg15/Irf7/Oas1g/Trim15/Oas3/Xaf1/Dhx58/Oas2",8
"GO:0032606","BP","GO:0032606","type I interferon production","8/183","141/28891",3.43449951152649e-06,0.000229090399849929,0.000185355492841131,"Isg15/Irf7/Oas1g/Trim15/Oas3/Xaf1/Dhx58/Oas2",8
"GO:0060337","BP","GO:0060337","type I interferon-mediated signaling pathway","6/183","66/28891",3.94341167018946e-06,0.000249547179539169,0.000201906934908216,"Isg15/Irf7/Zbp1/Oas1g/Oas3/Oas2",6
"GO:0071357","BP","GO:0071357","cellular response to type I interferon","6/183","66/28891",3.94341167018946e-06,0.000249547179539169,0.000201906934908216,"Isg15/Irf7/Zbp1/Oas1g/Oas3/Oas2",6
"GO:0039535","BP","GO:0039535","regulation of RIG-I signaling pathway","4/183","18/28891",4.4468722398599e-06,0.000274372017199356,0.000221992543131953,"Oasl1/Trim15/Ddx60/Dhx58",4
"GO:0015711","BP","GO:0015711","organic anion transport","13/183","436/28891",4.64630321131101e-06,0.000279684788427209,0.000226291070394274,"Car4/Slc51b/Pla2g5/Slc10a2/Aqp8/Slc13a2/Slc26a3/Abcg2/Apoe/Slc51a/Mfsd2a/Fabp6/Pla2g12b",13
"GO:0062208","BP","GO:0062208","positive regulation of pattern recognition receptor signaling pathway","6/183","69/28891",5.12172970573569e-06,0.000294270543202574,0.000238092305917975,"Oasl1/Lbp/Trim15/Ddx60/Gm12250/Dhx58",6
"GO:0002757","BP","GO:0002757","immune response-activating signaling pathway","13/183","440/28891",5.12707996665749e-06,0.000294270543202574,0.000238092305917975,"Reg3g/Cd38/Irf7/Trim31/Oas1g/Oasl1/Lbp/Trim15/Oas3/Ddx60/Gm12250/Dhx58/Trim30a",13
"GO:0002764","BP","GO:0002764","immune response-regulating signaling pathway","13/183","450/28891",6.52676385649069e-06,0.000357956737729312,0.000289620375105564,"Reg3g/Cd38/Irf7/Trim31/Oas1g/Oasl1/Lbp/Trim15/Oas3/Ddx60/Gm12250/Dhx58/Trim30a",13
"GO:0019221","BP","GO:0019221","cytokine-mediated signaling pathway","13/183","450/28891",6.52676385649069e-06,0.000357956737729312,0.000289620375105564,"Il18/Isg15/Irf7/Duox2/Zbp1/Oas1g/Oasl1/Oasl2/Oas3/Socs1/Ccl7/Oas2/Ccl6",13
"GO:0071827","BP","GO:0071827","plasma lipoprotein particle organization","5/183","42/28891",6.79007636196631e-06,0.000364302357855062,0.000294754573424487,"Pla2g5/Apoe/Cideb/Mfsd2a/Pla2g12b",5
"GO:0006953","BP","GO:0006953","acute-phase response","5/183","44/28891",8.58017463894233e-06,0.00044136829792232,0.000357108104221889,"Reg3b/Reg3g/Saa1/Saa3/Lbp",5
"GO:0030522","BP","GO:0030522","intracellular receptor signaling pathway","11/183","328/28891",8.58414841988304e-06,0.00044136829792232,0.000357108104221889,"Irf7/Trim31/Oas1g/Oasl1/Trim15/Akr1c18/Oas3/Ddx60/Gm12250/Dhx58/Trim30a",11
"GO:0006631","BP","GO:0006631","fatty acid metabolic process","13/183","463/28891",8.84528854121462e-06,0.000445513716728932,0.000360462134536716,"Pla2g2a/Pla2g5/Ces2e/Cyp2d34/Akr1c18/Ces2c/C3/Cyp4f14/Cyp4f40/Mfsd2a/Cyp2d9/Cyp2d26/Nucb2",13
"GO:0071825","BP","GO:0071825","protein-lipid complex organization","5/183","46/28891",1.07194445525764e-05,0.000529111783115171,0.000428100764552367,"Pla2g5/Apoe/Cideb/Mfsd2a/Pla2g12b",5
"GO:0060338","BP","GO:0060338","regulation of type I interferon-mediated signaling pathway","5/183","47/28891",1.19342765698046e-05,0.000566839790064483,0.000458626239764704,"Isg15/Irf7/Zbp1/Oas1g/Oas3",5
"GO:0050729","BP","GO:0050729","positive regulation of inflammatory response","8/183","167/28891",1.19431398230766e-05,0.000566839790064483,0.000458626239764704,"Il18/Nupr1/Zbp1/S100a8/Lbp/S100a9/C3/Tac1",8
"GO:0120254","BP","GO:0120254","olefinic compound metabolic process","8/183","173/28891",1.54305863215248e-05,0.000718541264934402,0.00058136687690035,"Aldh1a1/Cyp2d34/Akr1c18/Rdh16/Cyp4f14/Cyp4f40/Cyp2d9/Cyp2d26",8
"GO:0140888","BP","GO:0140888","interferon-mediated signaling pathway","6/183","84/28891",1.60552190576255e-05,0.000733782974707774,0.000593698841175743,"Isg15/Irf7/Zbp1/Oas1g/Oas3/Oas2",6
"GO:0032728","BP","GO:0032728","positive regulation of interferon-beta production","5/183","52/28891",1.97091575023979e-05,0.000884403649380328,0.000715565010182753,"Isg15/Irf7/Oas1g/Oas3/Oas2",5
"GO:0046942","BP","GO:0046942","carboxylic acid transport","11/183","362/28891",2.14469056985248e-05,0.0009451957725707,0.000764751505828976,"Slc51b/Pla2g5/Slc10a2/Aqp8/Slc13a2/Abcg2/Apoe/Slc51a/Mfsd2a/Fabp6/Pla2g12b",11
"GO:0015849","BP","GO:0015849","organic acid transport","11/183","364/28891",2.25591046008098e-05,0.000976769651838571,0.000790297717963734,"Slc51b/Pla2g5/Slc10a2/Aqp8/Slc13a2/Abcg2/Apoe/Slc51a/Mfsd2a/Fabp6/Pla2g12b",11
"GO:0140374","BP","GO:0140374","antiviral innate immune response","5/183","55/28891",2.59791367825821e-05,0.00110545706171401,0.000894417830790531,"Zbp1/Trim31/Oas1g/Ifit2/Dhx58",5
"GO:0050732","BP","GO:0050732","negative regulation of peptidyl-tyrosine phosphorylation","5/183","57/28891",3.09506615667831e-05,0.00129468191096306,0.00104751837631021,"Spink1/Il18/Socs3/Ptk6/Socs1",5
"GO:0015721","BP","GO:0015721","bile acid and bile salt transport","4/183","31/28891",4.28751401372474e-05,0.00176359743097878,0.00142691475158524,"Slc51b/Slc10a2/Aqp8/Slc51a",4
"GO:0035455","BP","GO:0035455","response to interferon-alpha","4/183","32/28891",4.87584481817339e-05,0.00197271885430359,0.00159611348059964,"Oas1g/Ifit1/Bst2/Ifit2",4
"GO:0034374","BP","GO:0034374","low-density lipoprotein particle remodeling","3/183","13/28891",6.8235067282721e-05,0.00271619590409283,0.00219765573234842,"Pla2g5/Apoe/Pla2g12b",3
"GO:0097006","BP","GO:0097006","regulation of plasma lipoprotein particle levels","5/183","70/28891",8.37125298596073e-05,0.00327940513799224,0.00265334451367878,"Pla2g5/Apoe/Cideb/Mfsd2a/Pla2g12b",5
"GO:0032640","BP","GO:0032640","tumor necrosis factor production","8/183","223/28891",9.33968180876889e-05,0.00357905089175917,0.00289578586610388,"Il18/Zg16/Lgals9/Oas1g/Lbp/Oas3/Trim30a/Oas2",8
"GO:0032608","BP","GO:0032608","interferon-beta production","5/183","72/28891",9.57915154785242e-05,0.00357905089175917,0.00289578586610388,"Isg15/Irf7/Oas1g/Oas3/Oas2",5
"GO:0032648","BP","GO:0032648","regulation of interferon-beta production","5/183","72/28891",9.57915154785242e-05,0.00357905089175917,0.00289578586610388,"Isg15/Irf7/Oas1g/Oas3/Oas2",5
"GO:1903901","BP","GO:1903901","negative regulation of viral life cycle","4/183","38/28891",9.71622405785512e-05,0.00357905089175917,0.00289578586610388,"Trim31/Trim15/Bst2/Trim30a",4
"GO:0071706","BP","GO:0071706","tumor necrosis factor superfamily cytokine production","8/183","226/28891",0.000102454938334616,0.00371851158543872,0.00300862256998091,"Il18/Zg16/Lgals9/Oas1g/Lbp/Oas3/Trim30a/Oas2",8
"GO:0055090","BP","GO:0055090","acylglycerol homeostasis","4/183","39/28891",0.000107733131032371,0.00379468787808928,0.00307025629307147,"Il18/Apoe/Pla2g12b/Angptl8",4
"GO:0070328","BP","GO:0070328","triglyceride homeostasis","4/183","39/28891",0.000107733131032371,0.00379468787808928,0.00307025629307147,"Il18/Apoe/Pla2g12b/Angptl8",4
"GO:0035456","BP","GO:0035456","response to interferon-beta","5/183","74/28891",0.000109166466509052,0.00379468787808928,0.00307025629307147,"Oas1g/Ifit1/Bst2/Xaf1/Ifi202b",5
"GO:0019369","BP","GO:0019369","arachidonic acid metabolic process","5/183","81/28891",0.000167541396272098,0.00574294674999358,0.00464657936737091,"Cyp2d34/Cyp4f14/Cyp4f40/Cyp2d9/Cyp2d26",5
"GO:0002832","BP","GO:0002832","negative regulation of response to biotic stimulus","7/183","187/28891",0.00019822264038841,0.00670155447230953,0.00542218239101389,"Isg15/Lgals9/Trim31/Oas1g/Oas3/Dhx58/Trim30a",7
"GO:0032722","BP","GO:0032722","positive regulation of chemokine production","5/183","86/28891",0.000221999906117897,0.00730020464663807,0.00590654619750594,"Il18/Lgals9/Oas1g/Lbp/Oas3",5
"GO:0002138","BP","GO:0002138","retinoic acid biosynthetic process","3/183","19/28891",0.000224803708729535,0.00730020464663807,0.00590654619750594,"Aldh1a1/Akr1c18/Rdh16",3
"GO:0016102","BP","GO:0016102","diterpenoid biosynthetic process","3/183","19/28891",0.000224803708729535,0.00730020464663807,0.00590654619750594,"Aldh1a1/Akr1c18/Rdh16",3
"GO:0009636","BP","GO:0009636","response to toxic substance","6/183","136/28891",0.00023662244839667,0.00758421042393483,0.00613633335076532,"Nupr1/Aqp8/Abcg2/Lcn2/Aldh1a1/Trpm6",6
"GO:0019216","BP","GO:0019216","regulation of lipid metabolic process","10/183","398/28891",0.000240903940683399,0.00762244776418755,0.00616727092410807,"Aqp8/Akr1c18/Rdh16/C3/Apoe/Hsd17b13/Cideb/Mfsd2a/Nucb2/Angptl8",10
"GO:0035457","BP","GO:0035457","cellular response to interferon-alpha","3/183","20/28891",0.000263244699259785,0.00822389769333099,0.00665389999328196,"Oas1g/Ifit1/Ifit2",3
"GO:0006814","BP","GO:0006814","sodium ion transport","8/183","262/28891",0.000280605436130235,0.00865667770461774,0.00700405937288231,"Slc9a3/Stom/Prss30/Slc10a2/Slc13a2/Atp12a/Fxyd4/Slc5a9",8
"GO:0034377","BP","GO:0034377","plasma lipoprotein particle assembly","3/183","21/28891",0.000305690616127667,0.00920054195857419,0.00744409626179955,"Apoe/Cideb/Mfsd2a",3
"GO:0150104","BP","GO:0150104","transport across blood-brain barrier","3/183","21/28891",0.000305690616127667,0.00920054195857419,0.00744409626179955,"Abcg2/Apoe/Mfsd2a",3
"GO:0032760","BP","GO:0032760","positive regulation of tumor necrosis factor production","6/183","143/28891",0.000310045846207573,0.00921919455952155,0.00745918795505092,"Il18/Lgals9/Oas1g/Lbp/Oas3/Oas2",6
"GO:1902075","BP","GO:1902075","cellular response to salt","7/183","202/28891",0.00031696701481475,0.00931279276860479,0.00753491763287694,"Ly6a/Ly6g/Ly6c1/Slc13a2/Lgmn/Akr1c18/Tgm2",7
"GO:0050830","BP","GO:0050830","defense response to Gram-positive bacterium","7/183","203/28891",0.00032655870681227,0.00948172809897272,0.00767160206591796,"Reg3b/Reg3g/Il18/Pla2g2a/Zg16/Lbp/Tac1",7
"GO:1903557","BP","GO:1903557","positive regulation of tumor necrosis factor superfamily cytokine production","6/183","145/28891",0.000333998275077558,0.00958497375455131,0.00775513742744342,"Il18/Lgals9/Oas1g/Lbp/Oas3/Oas2",6
"GO:0010232","BP","GO:0010232","vascular transport","3/183","22/28891",0.000352312023258966,0.00999432268279457,0.00808633887625237,"Abcg2/Apoe/Mfsd2a",3
"GO:0090207","BP","GO:0090207","regulation of triglyceride metabolic process","4/183","53/28891",0.000357957811340396,0.0100390895271375,0.00812255942718579,"C3/Apoe/Cideb/Mfsd2a",4
"GO:0044282","BP","GO:0044282","small molecule catabolic process","9/183","353/28891",0.00044306908406465,0.0122864550502422,0.0099408876696705,"Gda/Aldh1a1/Akr1c18/Apoe/Tat/Cyp4f14/Xdh/Cyp4f40/Mfsd2a",9
"GO:0006691","BP","GO:0006691","leukotriene metabolic process","3/183","24/28891",0.000458745263683515,0.0124415748436364,0.010066394045201,"Pla2g5/Cyp4f14/Cyp4f40",3
"GO:0016114","BP","GO:0016114","terpenoid biosynthetic process","3/183","24/28891",0.000458745263683515,0.0124415748436364,0.010066394045201,"Aldh1a1/Akr1c18/Rdh16",3
"GO:0006693","BP","GO:0006693","prostaglandin metabolic process","4/183","57/28891",0.000473455995133892,0.0125747248838047,0.0101741248420104,"Pla2g2a/Ces2e/Akr1c18/Ces2c",4
"GO:0032680","BP","GO:0032680","regulation of tumor necrosis factor production","7/183","216/28891",0.000473844981439966,0.0125747248838047,0.0101741248420104,"Il18/Lgals9/Oas1g/Lbp/Oas3/Trim30a/Oas2",7
"GO:0006692","BP","GO:0006692","prostanoid metabolic process","4/183","58/28891",0.000506030682766974,0.013285997075201,0.0107496103606825,"Pla2g2a/Ces2e/Akr1c18/Ces2c",4
"GO:1903555","BP","GO:1903555","regulation of tumor necrosis factor superfamily cytokine production","7/183","219/28891",0.000514385292025814,0.0133631884286285,0.0108120653625814,"Il18/Lgals9/Oas1g/Lbp/Oas3/Trim30a/Oas2",7
"GO:1901616","BP","GO:1901616","organic hydroxy compound catabolic process","4/183","59/28891",0.000540168911858905,0.0138135119018171,0.0111764190385341,"Akr1c18/Apoe/Cyp4f14/Cyp4f40",4
"GO:0019730","BP","GO:0019730","antimicrobial humoral response","7/183","221/28891",0.000542913555298322,0.0138135119018171,0.0111764190385341,"Reg3b/Reg3g/Slpi/S100a9/Tac1/Wfdc17/Trf",7
"GO:0046890","BP","GO:0046890","regulation of lipid biosynthetic process","7/183","222/28891",0.000557642348457118,0.0140434828162466,0.0113624869497653,"Aqp8/Akr1c18/Rdh16/C3/Apoe/Hsd17b13/Mfsd2a",7
"GO:0065005","BP","GO:0065005","protein-lipid complex assembly","3/183","26/28891",0.000583836392234167,0.0145546284447871,0.011776051420183,"Apoe/Cideb/Mfsd2a",3
"GO:0042060","BP","GO:0042060","wound healing","9/183","370/28891",0.000620474719602631,0.0153133160797929,0.0123899004535388,"Reg3g/Plet1/Lrg1/Duox2/B4galt1/S100a9/Apoe/Plat/Hgfac",9
"GO:0002523","BP","GO:0002523","leukocyte migration involved in inflammatory response","3/183","27/28891",0.000653766927022801,0.0155143920758872,0.0125525896818042,"S100a8/Lbp/S100a9",3
"GO:0034368","BP","GO:0034368","protein-lipid complex remodeling","3/183","27/28891",0.000653766927022801,0.0155143920758872,0.0125525896818042,"Pla2g5/Apoe/Pla2g12b",3
"GO:0034369","BP","GO:0034369","plasma lipoprotein particle remodeling","3/183","27/28891",0.000653766927022801,0.0155143920758872,0.0125525896818042,"Pla2g5/Apoe/Pla2g12b",3
"GO:0060339","BP","GO:0060339","negative regulation of type I interferon-mediated signaling pathway","3/183","27/28891",0.000653766927022801,0.0155143920758872,0.0125525896818042,"Isg15/Oas1g/Oas3",3
"GO:0030593","BP","GO:0030593","neutrophil chemotaxis","5/183","110/28891",0.00069049788462347,0.0161397623598,0.0130585725482132,"S100a8/Lbp/S100a9/Ccl7/Ccl6",5
"GO:0090303","BP","GO:0090303","positive regulation of wound healing","4/183","63/28891",0.000693198869586225,0.0161397623598,0.0130585725482132,"Reg3g/Duox2/S100a9/Plat",4
"GO:2000377","BP","GO:2000377","regulation of reactive oxygen species metabolic process","6/183","168/28891",0.000727438518464592,0.016778675360473,0.0135755127351434,"Il18/Hk2/Lcn2/Akr1c18/Xdh/Trim30a",6
"GO:0050832","BP","GO:0050832","defense response to fungus","4/183","64/28891",0.000735786933537361,0.0168140939997241,0.0136041697165728,"Pla2g5/Zbp1/Tac1/Gm12250",4
"GO:0050680","BP","GO:0050680","negative regulation of epithelial cell proliferation","6/183","169/28891",0.000750311916438976,0.0169887138511137,0.0137454534571196,"Pla2g2a/Nupr1/B4galt1/Tmigd1/Apoe/Xdh",6
"GO:0015908","BP","GO:0015908","fatty acid transport","5/183","113/28891",0.00077992240253678,0.0174986226314616,0.0141580172020313,"Pla2g5/Apoe/Mfsd2a/Fabp6/Pla2g12b",5
"GO:0034367","BP","GO:0034367","protein-containing complex remodeling","3/183","29/28891",0.000809144228837493,0.0179907023132516,0.0145561555439044,"Pla2g5/Apoe/Pla2g12b",3
"GO:0050728","BP","GO:0050728","negative regulation of inflammatory response","6/183","172/28891",0.000822280878569389,0.0181195465027612,0.0146604025060727,"Reg3b/Reg3g/Pla2g5/Lgals9/Socs3/Apoe",6
"GO:1903034","BP","GO:1903034","regulation of response to wounding","6/183","174/28891",0.000873141822705218,0.0187997247155508,0.0152107300969887,"Reg3b/Reg3g/Duox2/S100a9/Apoe/Plat",6
"GO:0015909","BP","GO:0015909","long-chain fatty acid transport","4/183","67/28891",0.000874623447983296,0.0187997247155508,0.0152107300969887,"Pla2g5/Apoe/Mfsd2a/Pla2g12b",4
"GO:0032642","BP","GO:0032642","regulation of chemokine production","5/183","116/28891",0.000877719368263375,0.0187997247155508,0.0152107300969887,"Il18/Lgals9/Oas1g/Lbp/Oas3",5
"GO:0006979","BP","GO:0006979","response to oxidative stress","9/183","389/28891",0.000883617531200927,0.0187997247155508,0.0152107300969887,"Reg3b/Cd38/Ndufa12/Ndufb4b/Lcn2/Aldh1a1/Tmigd1/Apoe/Tat",9
"GO:0001818","BP","GO:0001818","negative regulation of cytokine production","8/183","314/28891",0.000921720862415247,0.0194427956276994,0.0157310344219678,"Lgals9/Oas1g/Lbp/Oas3/Bst2/Xaf1/Dhx58/Trim30a",8
"GO:0015850","BP","GO:0015850","organic hydroxy compound transport","8/183","318/28891",0.000999614182701236,0.0209071847703953,0.0169158617714919,"Slc51b/Slc10a2/Aqp8/Apoe/Slc51a/Tac1/Tgm2/Nucb2",8
"GO:0050900","BP","GO:0050900","leukocyte migration","9/183","398/28891",0.00103663153624815,0.0214992153904238,0.0173948697413776,"Lgals9/S100a8/Chst4/Lbp/B4galt1/Lgmn/S100a9/Ccl7/Ccl6",9
"GO:0031638","BP","GO:0031638","zymogen activation","4/183","72/28891",0.00114547907745916,0.0235586863597434,0.0190611737714038,"Lgmn/Plat/Cideb/Hgfac",4
"GO:0097529","BP","GO:0097529","myeloid leukocyte migration","7/183","253/28891",0.00119666528222875,0.0244080158391781,0.0197483605079421,"S100a8/Lbp/B4galt1/Lgmn/S100a9/Ccl7/Ccl6",7
"GO:0098659","BP","GO:0098659","inorganic cation import across plasma membrane","5/183","125/28891",0.0012261810288282,0.0246033721881952,0.0199064220084476,"Slc9a3/Aqp8/Slc39a4/Atp12a/Lcn2",5
"GO:0099587","BP","GO:0099587","inorganic ion import across plasma membrane","5/183","125/28891",0.0012261810288282,0.0246033721881952,0.0199064220084476,"Slc9a3/Aqp8/Slc39a4/Atp12a/Lcn2",5
"GO:0032602","BP","GO:0032602","chemokine production","5/183","126/28891",0.00127039402790013,0.0250826596868602,0.0202942102814867,"Il18/Lgals9/Oas1g/Lbp/Oas3",5
"GO:1905954","BP","GO:1905954","positive regulation of lipid localization","5/183","126/28891",0.00127039402790013,0.0250826596868602,0.0202942102814867,"C3/Apoe/Tac1/Prap1/Nucb2",5
"GO:0072593","BP","GO:0072593","reactive oxygen species metabolic process","7/183","257/28891",0.00130947799817387,0.0256491404721676,0.020752546052931,"Il18/Duox2/Hk2/Lcn2/Akr1c18/Xdh/Trim30a",7
"GO:0007260","BP","GO:0007260","tyrosine phosphorylation of STAT protein","4/183","75/28891",0.00133354197726673,0.0259148157471991,0.0209675021208039,"Il18/Socs3/Ptk6/Socs1",4
"GO:0001676","BP","GO:0001676","long-chain fatty acid metabolic process","5/183","128/28891",0.00136233992807269,0.0260639918021968,0.021088199457804,"Cyp2d34/Cyp4f14/Cyp4f40/Cyp2d9/Cyp2d26",5
"GO:0061041","BP","GO:0061041","regulation of wound healing","5/183","128/28891",0.00136233992807269,0.0260639918021968,0.021088199457804,"Reg3g/Duox2/S100a9/Apoe/Plat",5
"GO:0009620","BP","GO:0009620","response to fungus","4/183","76/28891",0.00140074267328062,0.0263895642569204,0.0213516179285925,"Pla2g5/Zbp1/Tac1/Gm12250",4
"GO:1901657","BP","GO:1901657","glycosyl compound metabolic process","4/183","76/28891",0.00140074267328062,0.0263895642569204,0.0213516179285925,"Gda/Abcg2/Akr1c18/Xdh",4
"GO:0006959","BP","GO:0006959","humoral immune response","8/183","337/28891",0.00144469972937901,0.0270115070614197,0.0218548276445932,"Reg3b/Reg3g/Slpi/S100a9/C3/Tac1/Wfdc17/Trf",8
"GO:0045824","BP","GO:0045824","negative regulation of innate immune response","5/183","130/28891",0.00145910451307907,0.0270757138216478,0.0219067768999684,"Isg15/Lgals9/Oas1g/Oas3/Dhx58",5
"GO:0016485","BP","GO:0016485","protein processing","7/183","266/28891",0.00159374700035622,0.0293534895289488,0.0237497098167772,"Lgmn/Chac1/Plat/Cideb/Hgfac/Fam111a/Angptl8",7
"GO:0050678","BP","GO:0050678","regulation of epithelial cell proliferation","9/183","426/28891",0.00165509298090788,0.0297639493360242,0.0240818100701347,"Reg3g/Il18/Pla2g2a/Lrg1/Nupr1/B4galt1/Tmigd1/Apoe/Xdh",9
"GO:0039532","BP","GO:0039532","negative regulation of viral-induced cytoplasmic pattern recognition receptor signaling pathway","3/183","37/28891",0.00165784448900585,0.0297639493360242,0.0240818100701347,"Trim31/Dhx58/Trim30a",3
"GO:0042573","BP","GO:0042573","retinoic acid metabolic process","3/183","37/28891",0.00165784448900585,0.0297639493360242,0.0240818100701347,"Aldh1a1/Akr1c18/Rdh16",3
"GO:0050829","BP","GO:0050829","defense response to Gram-negative bacterium","5/183","134/28891",0.00166769647171896,0.0297639493360242,0.0240818100701347,"Reg3b/Reg3g/Lypd8/Lbp/Tac1",5
"GO:1903036","BP","GO:1903036","positive regulation of response to wounding","4/183","80/28891",0.00169323754398982,0.0297639493360242,0.0240818100701347,"Reg3g/Duox2/S100a9/Plat",4
"GO:0071621","BP","GO:0071621","granulocyte chemotaxis","5/183","135/28891",0.00172309387982916,0.0297639493360242,0.0240818100701347,"S100a8/Lbp/S100a9/Ccl7/Ccl6",5
"GO:0034379","BP","GO:0034379","very-low-density lipoprotein particle assembly","2/183","10/28891",0.00173663237616997,0.0297639493360242,0.0240818100701347,"Cideb/Mfsd2a",2
"GO:0042758","BP","GO:0042758","long-chain fatty acid catabolic process","2/183","10/28891",0.00173663237616997,0.0297639493360242,0.0240818100701347,"Cyp4f14/Cyp4f40",2
"GO:0046055","BP","GO:0046055","dGMP catabolic process","2/183","10/28891",0.00173663237616997,0.0297639493360242,0.0240818100701347,"Gda/Xdh",2
"GO:1901523","BP","GO:1901523","icosanoid catabolic process","2/183","10/28891",0.00173663237616997,0.0297639493360242,0.0240818100701347,"Cyp4f14/Cyp4f40",2
"GO:0071347","BP","GO:0071347","cellular response to interleukin-1","4/183","81/28891",0.00177249448672841,0.0301690785741083,0.0244095973961799,"Saa3/Zbp1/Ccl7/Ccl6",4
"GO:0009167","BP","GO:0009167","purine ribonucleoside monophosphate metabolic process","3/183","38/28891",0.00179161725315675,0.0302856943889786,0.0245039504631461,"Gda/Ak4/Xdh",3
"GO:1990266","BP","GO:1990266","neutrophil migration","5/183","138/28891",0.00189739207322524,0.0318555349436727,0.0257740978367939,"S100a8/Lbp/S100a9/Ccl7/Ccl6",5
"GO:1900225","BP","GO:1900225","regulation of NLRP3 inflammasome complex assembly","3/183","39/28891",0.00193194093000045,0.0322164203732508,0.0260660877966633,"Trim31/Gm12250/Trim30a",3
"GO:0006730","BP","GO:0006730","one-carbon metabolic process","3/183","40/28891",0.00207892690693028,0.0341214289650857,0.0276074173619243,"Car4/Car1/Mthfd2",3
"GO:0009172","BP","GO:0009172","purine deoxyribonucleoside monophosphate catabolic process","2/183","11/28891",0.00211372045832809,0.0341214289650857,0.0276074173619243,"Gda/Xdh",2
"GO:0071659","BP","GO:0071659","negative regulation of IP-10 production","2/183","11/28891",0.00211372045832809,0.0341214289650857,0.0276074173619243,"Oas1g/Oas3",2
"GO:2000342","BP","GO:2000342","negative regulation of chemokine (C-X-C motif) ligand 2 production","2/183","11/28891",0.00211372045832809,0.0341214289650857,0.0276074173619243,"Oas1g/Oas3",2
"GO:2000379","BP","GO:2000379","positive regulation of reactive oxygen species metabolic process","4/183","85/28891",0.00211530738721966,0.0341214289650857,0.0276074173619243,"Il18/Lcn2/Akr1c18/Xdh",4
"GO:0008299","BP","GO:0008299","isoprenoid biosynthetic process","3/183","41/28891",0.00223268368429475,0.0353222008515348,0.0285789537726527,"Aldh1a1/Akr1c18/Rdh16",3
"GO:0009126","BP","GO:0009126","purine nucleoside monophosphate metabolic process","3/183","41/28891",0.00223268368429475,0.0353222008515348,0.0285789537726527,"Gda/Ak4/Xdh",3
"GO:0141085","BP","GO:0141085","regulation of inflammasome-mediated signaling pathway","3/183","41/28891",0.00223268368429475,0.0353222008515348,0.0285789537726527,"Trim31/Gm12250/Trim30a",3
"GO:0044546","BP","GO:0044546","NLRP3 inflammasome complex assembly","3/183","42/28891",0.00239331691460947,0.0375615136965025,0.0303907666477289,"Trim31/Gm12250/Trim30a",3
"GO:0001959","BP","GO:0001959","regulation of cytokine-mediated signaling pathway","5/183","146/28891",0.00242504018017074,0.0375615136965025,0.0303907666477289,"Isg15/Irf7/Zbp1/Oas1g/Oas3",5
"GO:0006152","BP","GO:0006152","purine nucleoside catabolic process","2/183","12/28891",0.00252591768675059,0.0375615136965025,0.0303907666477289,"Gda/Xdh",2
"GO:0045617","BP","GO:0045617","negative regulation of keratinocyte differentiation","2/183","12/28891",0.00252591768675059,0.0375615136965025,0.0303907666477289,"Reg3b/Reg3g",2
"GO:0046054","BP","GO:0046054","dGMP metabolic process","2/183","12/28891",0.00252591768675059,0.0375615136965025,0.0303907666477289,"Gda/Xdh",2
"GO:0071612","BP","GO:0071612","IP-10 production","2/183","12/28891",0.00252591768675059,0.0375615136965025,0.0303907666477289,"Oas1g/Oas3",2
"GO:0071658","BP","GO:0071658","regulation of IP-10 production","2/183","12/28891",0.00252591768675059,0.0375615136965025,0.0303907666477289,"Oas1g/Oas3",2
"GO:0106015","BP","GO:0106015","negative regulation of inflammatory response to wounding","2/183","12/28891",0.00252591768675059,0.0375615136965025,0.0303907666477289,"Reg3b/Reg3g",2
"GO:1900052","BP","GO:1900052","regulation of retinoic acid biosynthetic process","2/183","12/28891",0.00252591768675059,0.0375615136965025,0.0303907666477289,"Akr1c18/Rdh16",2
"GO:0007616","BP","GO:0007616","long-term memory","3/183","43/28891",0.00256092944134826,0.0375615136965025,0.0303907666477289,"Lcn2/Apoe/Tac1",3
"GO:0019755","BP","GO:0019755","one-carbon compound transport","3/183","43/28891",0.00256092944134826,0.0375615136965025,0.0303907666477289,"Car4/Aqp8/Slc26a3",3
"GO:0095500","BP","GO:0095500","acetylcholine receptor signaling pathway","3/183","43/28891",0.00256092944134826,0.0375615136965025,0.0303907666477289,"Ly6a/Ly6g/Ly6c1",3
"GO:2001056","BP","GO:2001056","positive regulation of cysteine-type endopeptidase activity","5/183","148/28891",0.00257208096219973,0.0375615136965025,0.0303907666477289,"S100a8/Lgmn/S100a9/Xdh/Cideb",5
"GO:0045862","BP","GO:0045862","positive regulation of proteolysis","8/183","372/28891",0.00266600343903115,0.0387040969854639,0.0313152230578457,"Nupr1/S100a8/Lgmn/S100a9/Apoe/Xdh/Cideb/Angptl8",8
"GO:0046627","BP","GO:0046627","negative regulation of insulin receptor signaling pathway","3/183","44/28891",0.00273562133731734,0.0394825348567204,0.0319450518737519,"Socs3/Socs1/Nucb2",3
"GO:0006935","BP","GO:0006935","chemotaxis","9/183","462/28891",0.00285216427113903,0.0409252408207624,0.0331123355101025,"Saa3/Lgals9/S100a8/Lbp/Lgmn/S100a9/Ccl7/Sema6b/Ccl6",9
"GO:0140632","BP","GO:0140632","canonical inflammasome complex assembly","3/183","45/28891",0.00291748994261656,0.0409876763685112,0.033162851689442,"Trim31/Gm12250/Trim30a",3
"GO:1905145","BP","GO:1905145","cellular response to acetylcholine","3/183","45/28891",0.00291748994261656,0.0409876763685112,0.033162851689442,"Ly6a/Ly6g/Ly6c1",3
"GO:0042330","BP","GO:0042330","taxis","9/183","464/28891",0.00293470578684434,0.0409876763685112,0.033162851689442,"Saa3/Lgals9/S100a8/Lbp/Lgmn/S100a9/Ccl7/Sema6b/Ccl6",9
"GO:0000255","BP","GO:0000255","allantoin metabolic process","2/183","13/28891",0.00297276907210839,0.0409876763685112,0.033162851689442,"Gda/Xdh",2
"GO:0034756","BP","GO:0034756","regulation of iron ion transport","2/183","13/28891",0.00297276907210839,0.0409876763685112,0.033162851689442,"Lcn2/Trf",2
"GO:0042532","BP","GO:0042532","negative regulation of tyrosine phosphorylation of STAT protein","2/183","13/28891",0.00297276907210839,0.0409876763685112,0.033162851689442,"Socs3/Socs1",2
"GO:2000271","BP","GO:2000271","positive regulation of fibroblast apoptotic process","2/183","13/28891",0.00297276907210839,0.0409876763685112,0.033162851689442,"Nupr1/Socs1",2
"GO:0046486","BP","GO:0046486","glycerolipid metabolic process","8/183","380/28891",0.00303439673671448,0.0415699290749466,0.0336339484155821,"Pla2g2a/Pla2g5/Socs3/Socs1/C3/Apoe/Cideb/Mfsd2a",8
"GO:1903035","BP","GO:1903035","negative regulation of response to wounding","4/183","94/28891",0.00304868604642032,0.0415699290749466,0.0336339484155821,"Reg3b/Reg3g/Apoe/Plat",4
"GO:2000241","BP","GO:2000241","regulation of reproductive process","6/183","225/28891",0.0031987447648756,0.043376385053368,0.0350955397279874,"Spink1/Il18/Nupr1/B4galt1/Tac1/Plat",6
"GO:0060759","BP","GO:0060759","regulation of response to cytokine stimulus","5/183","156/28891",0.00322545766473718,0.0434996148446522,0.0351952441185299,"Isg15/Irf7/Zbp1/Oas1g/Oas3",5
"GO:0070555","BP","GO:0070555","response to interleukin-1","4/183","96/28891",0.00328879117876225,0.0438286706718156,0.0354614809623962,"Saa3/Zbp1/Ccl7/Ccl6",4
"GO:0140975","BP","GO:0140975","disruption of cellular anatomical structure in another organism","3/183","47/28891",0.00330313320298124,0.0438286706718156,0.0354614809623962,"Reg3b/Reg3g/Gm12250",3
"GO:0141084","BP","GO:0141084","inflammasome-mediated signaling pathway","3/183","47/28891",0.00330313320298124,0.0438286706718156,0.0354614809623962,"Trim31/Gm12250/Trim30a",3
"GO:0002755","BP","GO:0002755","MyD88-dependent toll-like receptor signaling pathway","2/183","14/28891",0.00345382392549436,0.0446284683147649,0.0361085918250913,"Reg3g/Irf7",2
"GO:0009120","BP","GO:0009120","deoxyribonucleoside metabolic process","2/183","14/28891",0.00345382392549436,0.0446284683147649,0.0361085918250913,"Gda/Xdh",2
"GO:0019747","BP","GO:0019747","regulation of isoprenoid metabolic process","2/183","14/28891",0.00345382392549436,0.0446284683147649,0.0361085918250913,"Akr1c18/Rdh16",2
"GO:0106014","BP","GO:0106014","regulation of inflammatory response to wounding","2/183","14/28891",0.00345382392549436,0.0446284683147649,0.0361085918250913,"Reg3b/Reg3g",2
"GO:2001140","BP","GO:2001140","positive regulation of phospholipid transport","2/183","14/28891",0.00345382392549436,0.0446284683147649,0.0361085918250913,"Apoe/Prap1",2
"GO:0062012","BP","GO:0062012","regulation of small molecule metabolic process","8/183","389/28891",0.00349502465979786,0.0448471304244304,0.0362855098588862,"Nupr1/Tff3/Aqp8/Akr1c18/Rdh16/Apoe/Mfsd2a/Nucb2",8
"GO:1905144","BP","GO:1905144","response to acetylcholine","3/183","48/28891",0.00350708921066251,0.0448471304244304,0.0362855098588862,"Ly6a/Ly6g/Ly6c1",3
"GO:1900077","BP","GO:1900077","negative regulation of cellular response to insulin stimulus","3/183","49/28891",0.00371858470599939,0.0473065312082809,0.038275394396532,"Socs3/Socs1/Nucb2",3
"GO:0009155","BP","GO:0009155","purine deoxyribonucleotide catabolic process","2/183","15/28891",0.00396863582268882,0.0480127118156668,0.0388467603490232,"Gda/Xdh",2
"GO:0009169","BP","GO:0009169","purine ribonucleoside monophosphate catabolic process","2/183","15/28891",0.00396863582268882,0.0480127118156668,0.0388467603490232,"Gda/Xdh",2
"GO:0009170","BP","GO:0009170","purine deoxyribonucleoside monophosphate metabolic process","2/183","15/28891",0.00396863582268882,0.0480127118156668,0.0388467603490232,"Gda/Xdh",2
"GO:0010744","BP","GO:0010744","positive regulation of macrophage derived foam cell differentiation","2/183","15/28891",0.00396863582268882,0.0480127118156668,0.0388467603490232,"Il18/Pla2g5",2
"GO:0010838","BP","GO:0010838","positive regulation of keratinocyte proliferation","2/183","15/28891",0.00396863582268882,0.0480127118156668,0.0388467603490232,"Reg3g/Lrg1",2
"GO:0046794","BP","GO:0046794","transport of virus","2/183","15/28891",0.00396863582268882,0.0480127118156668,0.0388467603490232,"Trim15/Bst2",2
"GO:0060046","BP","GO:0060046","regulation of acrosome reaction","2/183","15/28891",0.00396863582268882,0.0480127118156668,0.0388467603490232,"Spink1/B4galt1",2
"GO:0097202","BP","GO:0097202","activation of cysteine-type endopeptidase activity","2/183","15/28891",0.00396863582268882,0.0480127118156668,0.0388467603490232,"Lgmn/Cideb",2
"GO:1900226","BP","GO:1900226","negative regulation of NLRP3 inflammasome complex assembly","2/183","15/28891",0.00396863582268882,0.0480127118156668,0.0388467603490232,"Trim31/Trim30a",2
"GO:2001138","BP","GO:2001138","regulation of phospholipid transport","2/183","15/28891",0.00396863582268882,0.0480127118156668,0.0388467603490232,"Apoe/Prap1",2
"GO:0016324","CC","GO:0016324","apical plasma membrane","18/184","427/28573",3.87233327721566e-10,8.2867932132415e-08,7.09248410774236e-08,"Car4/Il18/Plet1/Slc9a3/Mal/Slc10a2/Aqp8/Slc13a2/Slc26a3/Prom1/Slc39a4/Abcg2/Atp12a/Bst2/Trpm6/Ceacam20/Cyp4f14/Trf",18
"GO:0031526","CC","GO:0031526","brush border membrane","7/184","82/28573",1.03629025925603e-06,0.000110883057740396,9.49023711108157e-05,"Car4/Slc9a3/Aqp8/Slc26a3/Abcg2/B4galt1/Trpm6",7
"GO:0034364","CC","GO:0034364","high-density lipoprotein particle","5/184","35/28573",2.91050530967896e-06,0.000207616045423766,0.000177694008380399,"Saa1/Saa3/Apoe/Apol9a/Apol9b",5
"GO:0005903","CC","GO:0005903","brush border","8/184","149/28573",5.83357579831299e-06,0.000295237093722342,0.000252686937076672,"Car4/Slc9a3/Aqp8/Slc26a3/Prom1/Abcg2/B4galt1/Trpm6",8
"GO:0034358","CC","GO:0034358","plasma lipoprotein particle","5/184","43/28573",8.27767552492547e-06,0.000295237093722342,0.000252686937076672,"Saa1/Saa3/Apoe/Apol9a/Apol9b",5
"GO:1990777","CC","GO:1990777","lipoprotein particle","5/184","43/28573",8.27767552492547e-06,0.000295237093722342,0.000252686937076672,"Saa1/Saa3/Apoe/Apol9a/Apol9b",5
"GO:0098862","CC","GO:0098862","cluster of actin-based cell projections","9/184","211/28573",9.86204958460475e-06,0.000301496944443631,0.000258044605672365,"Car4/Slc9a3/Aqp8/Slc26a3/Prom1/Abcg2/B4galt1/Trpm6/Rhoc",9
"GO:0032994","CC","GO:0032994","protein-lipid complex","5/184","46/28573",1.16047318987606e-05,0.000310426578291846,0.000265687282945309,"Saa1/Saa3/Apoe/Apol9a/Apol9b",5
"GO:0031253","CC","GO:0031253","cell projection membrane","9/184","327/28573",0.000286421867892182,0.00681047552543633,0.00582893625885844,"Car4/Slc9a3/Aqp8/Slc26a3/Prom1/Abcg2/B4galt1/Trpm6/Ceacam20",9
"GO:0034361","CC","GO:0034361","very-low-density lipoprotein particle","3/184","27/28573",0.00068575482278083,0.0133410483704634,0.0114183099678339,"Apoe/Apol9a/Apol9b",3
"GO:0034385","CC","GO:0034385","triglyceride-rich plasma lipoprotein particle","3/184","27/28573",0.00068575482278083,0.0133410483704634,0.0114183099678339,"Apoe/Apol9a/Apol9b",3
"GO:0009925","CC","GO:0009925","basal plasma membrane","8/184","301/28573",0.000780439755386643,0.0139178423043951,0.0119119752137961,"Slc51b/Cd38/Aqp8/Cldn8/Atp12a/B4galt1/Slc51a/Trf",8
"GO:0045178","CC","GO:0045178","basal part of cell","8/184","325/28573",0.00127504725770887,0.0209892394730537,0.0179642285701493,"Slc51b/Cd38/Aqp8/Cldn8/Atp12a/B4galt1/Slc51a/Trf",8
"GO:0016323","CC","GO:0016323","basolateral plasma membrane","7/184","267/28573",0.00178710496225545,0.027317175851619,0.0233801701828908,"Slc51b/Cd38/Aqp8/Cldn8/Atp12a/B4galt1/Slc51a",7
"GO:0005791","CC","GO:0005791","rough endoplasmic reticulum","3/184","46/28573",0.00325386505837633,0.0464218081661689,0.039731404923332,"Car4/Sec61g/Hgfac",3
"GO:0003725","MF","GO:0003725","double-stranded RNA binding","8/182","82/28407",5.7881552729425e-08,2.34999104081465e-05,1.7669105570035e-05,"Zbp1/Oas1g/Oasl1/Oasl2/Oas3/Ddx60/Dhx58/Oas2",8
"GO:0016709","MF","GO:0016709","oxidoreductase activity, acting on paired donors, with incorporation or reduction of molecular oxygen, NAD(P)H as one donor, and incorporation of one atom of oxygen","6/182","55/28407",1.42258413946396e-06,0.000288784580311183,0.000217131263391867,"Cyp2d34/Akr1c18/Cyp4f14/Cyp4f40/Cyp2d9/Cyp2d26",6
"GO:0008483","MF","GO:0008483","transaminase activity","4/182","25/28407",1.85609622531361e-05,0.00244667426536978,0.00183960471080435,"Psat1/Tat/Tgm2/Phykpl",4
"GO:0016769","MF","GO:0016769","transferase activity, transferring nitrogenous groups","4/182","28/28407",2.95945572595701e-05,0.00244667426536978,0.00183960471080435,"Psat1/Tat/Tgm2/Phykpl",4
"GO:0016779","MF","GO:0016779","nucleotidyltransferase activity","7/182","137/28407",3.01314564700712e-05,0.00244667426536978,0.00183960471080435,"Polr2l/Oas1g/Oasl1/Oasl2/Oas3/Parp12/Oas2",7
"GO:0070566","MF","GO:0070566","adenylyltransferase activity","4/182","30/28407",3.92167651157758e-05,0.00265366777283416,0.00199523892694298,"Oas1g/Oasl2/Oas3/Oas2",4
"GO:0062187","MF","GO:0062187","anandamide 8,9 epoxidase activity","3/182","13/28407",7.05683167154056e-05,0.00302439383806194,0.00227398032936988,"Cyp2d34/Cyp2d9/Cyp2d26",3
"GO:0062188","MF","GO:0062188","anandamide 11,12 epoxidase activity","3/182","13/28407",7.05683167154056e-05,0.00302439383806194,0.00227398032936988,"Cyp2d34/Cyp2d9/Cyp2d26",3
"GO:0008028","MF","GO:0008028","monocarboxylic acid transmembrane transporter activity","5/182","69/28407",8.23888307519111e-05,0.00302439383806194,0.00227398032936988,"Slc51b/Slc10a2/Abcg2/Slc51a/Mfsd2a",5
"GO:0030550","MF","GO:0030550","acetylcholine receptor inhibitor activity","3/182","14/28407",8.93909508786781e-05,0.00302439383806194,0.00227398032936988,"Ly6a/Ly6g/Ly6c1",3
"GO:0062186","MF","GO:0062186","anandamide epoxidase activity","3/182","14/28407",8.93909508786781e-05,0.00302439383806194,0.00227398032936988,"Cyp2d34/Cyp2d9/Cyp2d26",3
"GO:0062189","MF","GO:0062189","anandamide 14,15 epoxidase activity","3/182","14/28407",8.93909508786781e-05,0.00302439383806194,0.00227398032936988,"Cyp2d34/Cyp2d9/Cyp2d26",3
"GO:0046873","MF","GO:0046873","metal ion transmembrane transporter activity","11/182","437/28407",0.000128101967986019,0.00358201559602246,0.00269324480903944,"Lrg1/Slc9a3/Slc10a2/Slc13a2/Slc39a4/Atp12a/Trpm6/Fxyd4/Tmem37/Mfsd2a/Slc5a9",11
"GO:0046943","MF","GO:0046943","carboxylic acid transmembrane transporter activity","7/182","174/28407",0.000136243514797746,0.00358201559602246,0.00269324480903944,"Slc51b/Slc10a2/Slc13a2/Slc26a3/Abcg2/Slc51a/Mfsd2a",7
"GO:0022853","MF","GO:0022853","active monoatomic ion transmembrane transporter activity","8/182","234/28407",0.000140627198836598,0.00358201559602246,0.00269324480903944,"Slc9a3/Slc10a2/Slc13a2/Slc26a3/Slc39a4/Atp12a/Mfsd2a/Slc5a9",8
"GO:0005342","MF","GO:0005342","organic acid transmembrane transporter activity","7/182","175/28407",0.000141163176197929,0.00358201559602246,0.00269324480903944,"Slc51b/Slc10a2/Slc13a2/Slc26a3/Abcg2/Slc51a/Mfsd2a",7
"GO:0016712","MF","GO:0016712","oxidoreductase activity, acting on paired donors, with incorporation or reduction of molecular oxygen, reduced flavin or flavoprotein as one donor, and incorporation of one atom of oxygen","5/182","80/28407",0.000166508111650519,0.0039766054900065,0.00298992893985451,"Cyp2d34/Cyp4f14/Cyp4f40/Cyp2d9/Cyp2d26",5
"GO:0140313","MF","GO:0140313","molecular sequestering activity","4/182","45/28407",0.000197820528252644,0.00432693873021481,0.00325333739113896,"Slc39a4/Lcn2/Trim15/Xaf1",4
"GO:0008514","MF","GO:0008514","organic anion transmembrane transporter activity","8/182","250/28407",0.000220656382900243,0.00432693873021481,0.00325333739113896,"Slc51b/Slc10a2/Slc13a2/Slc26a3/Slc39a4/Abcg2/Slc51a/Mfsd2a",8
"GO:0042834","MF","GO:0042834","peptidoglycan binding","3/182","19/28407",0.000232416655872457,0.00432693873021481,0.00325333739113896,"Reg3b/Reg3g/Zg16",3
"GO:0070492","MF","GO:0070492","oligosaccharide binding","3/182","19/28407",0.000232416655872457,0.00432693873021481,0.00325333739113896,"Reg3b/Reg3g/Lgals9",3
"GO:0033764","MF","GO:0033764","steroid dehydrogenase activity, acting on the CH-OH group of donors, NAD or NADP as acceptor","4/182","47/28407",0.000234464660257945,0.00432693873021481,0.00325333739113896,"Hsd17b2/Akr1c18/Rdh16/Hsd17b13",4
"GO:0016229","MF","GO:0016229","steroid dehydrogenase activity","4/182","50/28407",0.000298240745559017,0.00526459750856351,0.00395834399140114,"Hsd17b2/Akr1c18/Rdh16/Hsd17b13",4
"GO:0033130","MF","GO:0033130","acetylcholine receptor binding","3/182","22/28407",0.000364185158649847,0.00616079893382658,0.00463217964949367,"Ly6a/Ly6g/Ly6c1",3
"GO:0004497","MF","GO:0004497","monooxygenase activity","6/182","153/28407",0.00047186384085043,0.00740411451919227,0.00556700339788893,"Cyp2d34/Akr1c18/Cyp4f14/Cyp4f40/Cyp2d9/Cyp2d26",6
"GO:0015125","MF","GO:0015125","bile acid transmembrane transporter activity","3/182","24/28407",0.000474155116992609,0.00740411451919227,0.00556700339788893,"Slc51b/Slc10a2/Slc51a",3
"GO:0015081","MF","GO:0015081","sodium ion transmembrane transporter activity","6/182","160/28407",0.000597482093044721,0.00874907494639278,0.00657825183939306,"Slc9a3/Slc10a2/Slc13a2/Atp12a/Mfsd2a/Slc5a9",6
"GO:0004745","MF","GO:0004745","NAD-retinol dehydrogenase activity","3/182","26/28407",0.000603384479061571,0.00874907494639278,0.00657825183939306,"Akr1c18/Rdh16/Hsd17b13",3
"GO:0030548","MF","GO:0030548","acetylcholine receptor regulator activity","3/182","27/28407",0.000675620783976824,0.00914340127648635,0.00687473780186944,"Ly6a/Ly6g/Ly6c1",3
"GO:0099602","MF","GO:0099602","neurotransmitter receptor regulator activity","3/182","27/28407",0.000675620783976824,0.00914340127648635,0.00687473780186944,"Ly6a/Ly6g/Ly6c1",3
"GO:0052689","MF","GO:0052689","carboxylic ester hydrolase activity","6/182","167/28407",0.000747636529691473,0.00979162680821735,0.00736212541971229,"Pla2g2a/Car1/Pla2g5/Ces2e/Ces2c/Pla2g12b",6
"GO:0015294","MF","GO:0015294","solute:monoatomic cation symporter activity","5/182","113/28407",0.000820355520212646,0.0102866104877187,0.00773429359978853,"Slc10a2/Slc13a2/Slc39a4/Mfsd2a/Slc5a9",5
"GO:0016814","MF","GO:0016814","hydrolase activity, acting on carbon-nitrogen (but not peptide) bonds, in cyclic amidines","3/182","29/28407",0.00083610380811507,0.0102866104877187,0.00773429359978853,"Gda/Zbp1/Mthfd2",3
"GO:0005506","MF","GO:0005506","iron ion binding","6/182","174/28407",0.000925429880203324,0.0110507215106632,0.0083088131659122,"Lcn2/Cyp4f14/Xdh/Cyp2d9/Cyp2d26/Trf",6
"GO:0005539","MF","GO:0005539","glycosaminoglycan binding","7/182","243/28407",0.00101166009127138,0.011735257058748,0.00882350154793083,"Reg3b/Reg3g/Saa1/Zg16/Pla2g5/Apoe/Ccl7",7
"GO:0005319","MF","GO:0005319","lipid transporter activity","6/182","181/28407",0.00113412843532691,0.0127904484650758,0.00961687854516974,"Slc51b/Slc10a2/Apoe/Slc51a/Cideb/Mfsd2a",6
"GO:0004623","MF","GO:0004623","phospholipase A2 activity","3/182","34/28407",0.00133745853933439,0.0146758964045882,0.0110345085748784,"Pla2g2a/Pla2g5/Pla2g12b",3
"GO:0015108","MF","GO:0015108","chloride transmembrane transporter activity","5/182","128/28407",0.0014317477130956,0.0151572735719272,0.0113964462946821,"Clca4b/Slc26a3/Apol9a/Apol9b/Clca4a",5
"GO:0030547","MF","GO:0030547","signaling receptor inhibitor activity","3/182","35/28407",0.00145599425937232,0.0151572735719272,0.0113964462946821,"Ly6a/Ly6g/Ly6c1",3
"GO:0004866","MF","GO:0004866","endopeptidase inhibitor activity","6/182","198/28407",0.00179094338477251,0.018178075355441,0.0136677258311586,"Spink1/Spink4/Slpi/Bst2/C3/Wfdc17",6
"GO:0015370","MF","GO:0015370","solute:sodium symporter activity","4/182","81/28407",0.00184701812400804,0.0182899843499333,0.0137518679322807,"Slc10a2/Slc13a2/Mfsd2a/Slc5a9",4
"GO:0022804","MF","GO:0022804","active transmembrane transporter activity","9/182","435/28407",0.00205765086493599,0.0198906250277146,0.0149553571636952,"Slc9a3/Slc10a2/Slc13a2/Slc26a3/Slc39a4/Abcg2/Atp12a/Mfsd2a/Slc5a9",9
"GO:0030414","MF","GO:0030414","peptidase inhibitor activity","6/182","205/28407",0.00213237549058992,0.0201335918413839,0.0151380389784841,"Spink1/Spink4/Slpi/Bst2/C3/Wfdc17",6
"GO:0050253","MF","GO:0050253","retinyl-palmitate esterase activity","2/182","12/28407",0.0025829395213101,0.02277412473328,0.0171234020550978,"Ces2e/Ces2c",2
"GO:0005254","MF","GO:0005254","chloride channel activity","4/182","89/28407",0.00260538193021853,0.02277412473328,0.0171234020550978,"Clca4b/Apol9a/Apol9b/Clca4a",4
"GO:0008509","MF","GO:0008509","monoatomic anion transmembrane transporter activity","5/182","148/28407",0.00270007199603342,0.02277412473328,0.0171234020550978,"Clca4b/Slc26a3/Apol9a/Apol9b/Clca4a",5
"GO:0033293","MF","GO:0033293","monocarboxylic acid binding","4/182","90/28407",0.00271311539688387,0.02277412473328,0.0171234020550978,"Akr1c18/Cyp4f14/Cyp4f40/Fabp6",4
"GO:0015291","MF","GO:0015291","secondary active transmembrane transporter activity","7/182","290/28407",0.00275648737588314,0.02277412473328,0.0171234020550978,"Slc9a3/Slc10a2/Slc13a2/Slc26a3/Slc39a4/Mfsd2a/Slc5a9",7
"GO:0061135","MF","GO:0061135","endopeptidase regulator activity","6/182","217/28407",0.00282923040848794,0.02277412473328,0.0171234020550978,"Spink1/Spink4/Slpi/Bst2/C3/Wfdc17",6
"GO:0015103","MF","GO:0015103","inorganic anion transmembrane transporter activity","5/182","150/28407",0.00286078906748099,0.02277412473328,0.0171234020550978,"Clca4b/Slc26a3/Apol9a/Apol9b/Clca4a",5
"GO:0015293","MF","GO:0015293","symporter activity","5/182","150/28407",0.00286078906748099,0.02277412473328,0.0171234020550978,"Slc10a2/Slc13a2/Slc39a4/Mfsd2a/Slc5a9",5
"GO:0031386","MF","GO:0031386","protein tag activity","2/182","13/28407",0.00303973428578187,0.0228542985190267,0.0171836830970125,"Uba52/Isg15",2
"GO:0050051","MF","GO:0050051","leukotriene-B4 20-monooxygenase activity","2/182","13/28407",0.00303973428578187,0.0228542985190267,0.0171836830970125,"Cyp4f14/Cyp4f40",2
"GO:0141047","MF","GO:0141047","molecular tag activity","2/182","13/28407",0.00303973428578187,0.0228542985190267,0.0171836830970125,"Uba52/Isg15",2
"GO:0005229","MF","GO:0005229","intracellular calcium activated chloride channel activity","2/182","14/28407",0.0035314581749324,0.0260685821640464,0.0196004377173282,"Clca4b/Clca4a",2
"GO:0016705","MF","GO:0016705","oxidoreductase activity, acting on paired donors, with incorporation or reduction of molecular oxygen","6/182","229/28407",0.00368417312129917,0.026710255129419,0.0200828985935481,"Cyp2d34/Akr1c18/Cyp4f14/Cyp4f40/Cyp2d9/Cyp2d26",6
"GO:0005253","MF","GO:0005253","monoatomic anion channel activity","4/182","100/28407",0.00396295816579245,0.0274567640251834,0.0206441834775815,"Clca4b/Apol9a/Apol9b/Clca4a",4
"GO:0004089","MF","GO:0004089","carbonate dehydratase activity","2/182","15/28407",0.00405764985593844,0.0274567640251834,0.0206441834775815,"Car4/Car1",2
"GO:0046935","MF","GO:0046935","1-phosphatidylinositol-3-kinase regulator activity","2/182","15/28407",0.00405764985593844,0.0274567640251834,0.0206441834775815,"Socs3/Socs1",2
"GO:0061778","MF","GO:0061778","intracellular chloride channel activity","2/182","15/28407",0.00405764985593844,0.0274567640251834,0.0206441834775815,"Clca4b/Clca4a",2
"GO:0047498","MF","GO:0047498","calcium-dependent phospholipase A2 activity","2/182","16/28407",0.00461785241694187,0.0297594933536254,0.0223755589125003,"Pla2g2a/Pla2g5",2
"GO:0102033","MF","GO:0102033","long-chain fatty acid omega-hydroxylase activity","2/182","16/28407",0.00461785241694187,0.0297594933536254,0.0223755589125003,"Cyp4f14/Cyp4f40",2
"GO:0120250","MF","GO:0120250","fatty acid omega-hydroxylase activity","2/182","16/28407",0.00461785241694187,0.0297594933536254,0.0223755589125003,"Cyp4f14/Cyp4f40",2
"GO:0030170","MF","GO:0030170","pyridoxal phosphate binding","3/182","53/28407",0.00479024367341767,0.0299205989447319,0.0224966909358887,"Psat1/Tat/Phykpl",3
"GO:1901618","MF","GO:1901618","organic hydroxy compound transmembrane transporter activity","3/182","53/28407",0.00479024367341767,0.0299205989447319,0.0224966909358887,"Slc51b/Slc10a2/Slc51a",3
"GO:0070279","MF","GO:0070279","vitamin B6 binding","3/182","54/28407",0.0050484069327668,0.0309609370459739,0.0232789000345669,"Psat1/Tat/Phykpl",3
"GO:0004857","MF","GO:0004857","enzyme inhibitor activity","8/182","410/28407",0.005109317197242,0.0309609370459739,0.0232789000345669,"Spink1/Socs3/Spink4/Slpi/Bst2/Socs1/C3/Wfdc17",8
"GO:0004303","MF","GO:0004303","estradiol 17-beta-dehydrogenase [NAD(P)] activity","2/182","17/28407",0.00521161332984968,0.0311163972341025,0.023395787394062,"Hsd17b2/Hsd17b13",2
"GO:0001758","MF","GO:0001758","retinal dehydrogenase activity","2/182","18/28407",0.00583848441342488,0.0338632095978643,0.0254610598480183,"Aldh1a1/Akr1c18",2
"GO:0047023","MF","GO:0047023","androsterone dehydrogenase activity","2/182","18/28407",0.00583848441342488,0.0338632095978643,0.0254610598480183,"Akr1c18/Rdh16",2
"GO:0005216","MF","GO:0005216","monoatomic ion channel activity","8/182","437/28407",0.0073992970103807,0.0418172913923424,0.0314415724754454,"Lrg1/Clca4b/Trpm6/Fxyd4/Tmem37/Apol9a/Apol9b/Clca4a",8
"GO:0005504","MF","GO:0005504","fatty acid binding","3/182","62/28407",0.00741587433558782,0.0418172913923424,0.0314415724754454,"Cyp4f14/Cyp4f40/Fabp6",3
"GO:0061134","MF","GO:0061134","peptidase regulator activity","6/182","268/28407",0.007802926605487,0.0433970986551743,0.0326293974850934,"Spink1/Spink4/Slpi/Bst2/C3/Wfdc17",6
"GO:0016829","MF","GO:0016829","lyase activity","5/182","195/28407",0.00858105235972722,0.0469241641642983,0.035281326439322,"Car4/Cd38/Car1/Chac1/Phykpl",5
"GO:0106435","MF","GO:0106435","carboxylesterase activity","2/182","22/28407",0.0086682569269024,0.0469241641642983,0.035281326439322,"Ces2e/Ces2c",2
