"","ONTOLOGY","ID","Description","GeneRatio","BgRatio","pvalue","p.adjust","qvalue","geneID","Count"
"GO:0009615","BP","GO:0009615","response to virus","24/140","389/28891",9.55427658167564e-20,1.82964396539088e-16,1.44923290044154e-16,"Ifi27l2a/Irf7/Isg15/Oasl2/Lgals9/Rtp4/Oas1a/Plscr2/Zbp1/Ifit1bl1/Oas1g/Ifit1/Oas3/Ifi44l/Dhx58/Oasl1/Ddx60/Stat2/Oas2/Trim30a/Ifit2/Lcn2/Cxcl9/Rsad2",24
"GO:0140546","BP","GO:0140546","defense response to symbiont","22/140","329/28891",6.55448597736139e-19,6.27592032332354e-16,4.97106015440935e-16,"Zg16/Irf7/Isg15/Oasl2/Rtp4/Oas1a/Plscr2/Zbp1/Ifit1bl1/Oas1g/Ifit1/Oas3/Ifi44l/Dhx58/Oasl1/Ddx60/Stat2/Oas2/Trim30a/Ifit2/Cxcl9/Rsad2",22
"GO:0051607","BP","GO:0051607","defense response to virus","21/140","328/28891",1.05534669776081e-17,6.73662975403981e-15,5.33598102271341e-15,"Irf7/Isg15/Oasl2/Rtp4/Oas1a/Plscr2/Zbp1/Ifit1bl1/Oas1g/Ifit1/Oas3/Ifi44l/Dhx58/Oasl1/Ddx60/Stat2/Oas2/Trim30a/Ifit2/Cxcl9/Rsad2",21
"GO:0045071","BP","GO:0045071","negative regulation of viral genome replication","10/140","56/28891",1.51737366278272e-13,7.26442641057226e-11,5.75404065281551e-11,"Isg15/Oasl2/Oas1a/Plscr2/Oas1g/Slpi/Oas3/Oasl1/Oas2/Rsad2",10
"GO:0048525","BP","GO:0048525","negative regulation of viral process","11/140","105/28891",3.92405324506335e-12,1.50291239285926e-09,1.19043383708132e-09,"Isg15/Oasl2/Oas1a/Plscr2/Oas1g/Slpi/Oas3/Oasl1/Oas2/Trim30a/Rsad2",11
"GO:0045088","BP","GO:0045088","regulation of innate immune response","18/140","474/28891",1.82271077020072e-11,5.81748520822398e-09,4.60794073659516e-09,"Reg3g/Irf7/Isg15/Lgals9/Pla2g5/Oas1a/Plscr2/Zbp1/Oas1g/Apoe/Oas3/Dhx58/Oasl1/Ddx60/Stat2/Trim30a/Lbp/Rsad2",18
"GO:0045069","BP","GO:0045069","regulation of viral genome replication","10/140","92/28891",2.65116547890583e-11,6.4400981496909e-09,5.1011028905893e-09,"Isg15/Oasl2/Oas1a/Plscr2/Oas1g/Slpi/Oas3/Oasl1/Oas2/Rsad2",10
"GO:0019079","BP","GO:0019079","viral genome replication","11/140","125/28891",2.69038042806931e-11,6.4400981496909e-09,5.1011028905893e-09,"Isg15/Oasl2/Stom/Oas1a/Plscr2/Oas1g/Slpi/Oas3/Oasl1/Oas2/Rsad2",11
"GO:0060700","BP","GO:0060700","regulation of ribonuclease activity","6/140","16/28891",8.94313711554079e-11,1.90290084180674e-08,1.50725854777711e-08,"Oasl2/Oas1a/Oas1g/Oas3/Oasl1/Oas2",6
"GO:0050792","BP","GO:0050792","regulation of viral process","12/140","187/28891",1.34356818177117e-10,2.5729330680918e-08,2.03798078940238e-08,"Isg15/Oasl2/Stom/Oas1a/Plscr2/Oas1g/Slpi/Oas3/Oasl1/Oas2/Trim30a/Rsad2",12
"GO:1903900","BP","GO:1903900","regulation of viral life cycle","11/140","156/28891",2.97115824373612e-10,4.82871003961733e-08,3.82474710297572e-08,"Isg15/Oasl2/Oas1a/Plscr2/Oas1g/Slpi/Oas3/Oasl1/Oas2/Trim30a/Rsad2",11
"GO:0019058","BP","GO:0019058","viral life cycle","13/140","250/28891",3.02582352352e-10,4.82871003961733e-08,3.82474710297572e-08,"Isg15/Oasl2/Stom/Oas1a/Plscr2/Oas1g/Slpi/Apoe/Oas3/Oasl1/Oas2/Trim30a/Rsad2",13
"GO:0045089","BP","GO:0045089","positive regulation of innate immune response","15/140","385/28891",6.83266883689502e-10,1.00650467866569e-07,7.97236906393986e-08,"Reg3g/Irf7/Lgals9/Pla2g5/Oas1a/Plscr2/Zbp1/Oas1g/Oas3/Dhx58/Oasl1/Ddx60/Trim30a/Lbp/Rsad2",15
"GO:0060337","BP","GO:0060337","type I interferon-mediated signaling pathway","8/140","66/28891",1.12615622864233e-09,1.43772611856671e-07,1.13880078980603e-07,"Irf7/Isg15/Oas1a/Zbp1/Oas1g/Oas3/Stat2/Oas2",8
"GO:0071357","BP","GO:0071357","cellular response to type I interferon","8/140","66/28891",1.12615622864233e-09,1.43772611856671e-07,1.13880078980603e-07,"Irf7/Isg15/Oas1a/Zbp1/Oas1g/Oas3/Stat2/Oas2",8
"GO:0002833","BP","GO:0002833","positive regulation of response to biotic stimulus","15/140","413/28891",1.78002218054007e-09,2.1304640473339e-07,1.68750786984095e-07,"Reg3g/Irf7/Lgals9/Pla2g5/Oas1a/Plscr2/Zbp1/Oas1g/Oas3/Dhx58/Oasl1/Ddx60/Trim30a/Lbp/Rsad2",15
"GO:0034340","BP","GO:0034340","response to type I interferon","8/140","73/28891",2.5616834340151e-09,2.8856610447876e-07,2.28568781945248e-07,"Irf7/Isg15/Oas1a/Zbp1/Oas1g/Oas3/Stat2/Oas2",8
"GO:0060338","BP","GO:0060338","regulation of type I interferon-mediated signaling pathway","7/140","47/28891",2.88538166602085e-09,3.0697254946833e-07,2.43148244487488e-07,"Irf7/Isg15/Oas1a/Zbp1/Oas1g/Oas3/Stat2",7
"GO:0042742","BP","GO:0042742","defense response to bacterium","15/140","430/28891",3.07230473869334e-09,3.09655977610408e-07,2.45273746728926e-07,"Reg3g/Reg3b/Lypd8/Zg16/Isg15/Pla2g2a/Lgals9/Il18/Oas1a/Oas1g/Slpi/Oas3/Oas2/Lcn2/Lbp",15
"GO:0032069","BP","GO:0032069","regulation of nuclease activity","6/140","28/28891",4.01107290571337e-09,3.84060230722055e-07,3.04208213533314e-07,"Oasl2/Oas1a/Oas1g/Oas3/Oasl1/Oas2",6
"GO:0140888","BP","GO:0140888","interferon-mediated signaling pathway","8/140","84/28891",7.94471248033849e-09,7.24482114278486e-07,5.73851162113672e-07,"Irf7/Isg15/Oas1a/Zbp1/Oas1g/Oas3/Stat2/Oas2",8
"GO:0016032","BP","GO:0016032","viral process","13/140","329/28891",8.39322107612862e-09,7.24505880334853e-07,5.73869986842118e-07,"Isg15/Oasl2/Stom/Oas1a/Plscr2/Oas1g/Slpi/Apoe/Oas3/Oasl1/Oas2/Trim30a/Rsad2",13
"GO:0031348","BP","GO:0031348","negative regulation of defense response","13/140","330/28891",8.70163720506612e-09,7.24505880334853e-07,5.73869986842118e-07,"Reg3g/Reg3b/Isg15/Lgals9/Pla2g5/Oas1a/Oas1g/Socs3/Apoe/Oas3/Dhx58/Stat2/Trim30a",13
"GO:0002218","BP","GO:0002218","activation of innate immune response","12/140","281/28891",1.36818892927896e-08,1.0917007498205e-06,8.64719406618851e-07,"Reg3g/Irf7/Oas1a/Zbp1/Oas1g/Oas3/Dhx58/Oasl1/Ddx60/Trim30a/Lbp/Rsad2",12
"GO:0002221","BP","GO:0002221","pattern recognition receptor signaling pathway","11/140","233/28891",2.01748759334924e-08,1.54539549650552e-06,1.22408405137526e-06,"Reg3g/Irf7/Oas1a/Oas1g/Oas3/Dhx58/Oasl1/Ddx60/Trim30a/Lbp/Rsad2",11
"GO:0002758","BP","GO:0002758","innate immune response-activating signaling pathway","11/140","244/28891",3.23847646710812e-08,2.38526247481233e-06,1.88932979315903e-06,"Reg3g/Irf7/Oas1a/Oas1g/Oas3/Dhx58/Oasl1/Ddx60/Trim30a/Lbp/Rsad2",11
"GO:0019221","BP","GO:0019221","cytokine-mediated signaling pathway","14/140","450/28891",4.42246868686451e-08,3.13667686494279e-06,2.48451359757184e-06,"Irf7/Isg15/Oasl2/Il18/Oas1a/Zbp1/Oas1g/Socs1/Oas3/Oasl1/Stat2/Oas2/Ccl7/Cxcl9",14
"GO:0002753","BP","GO:0002753","cytosolic pattern recognition receptor signaling pathway","9/140","150/28891",5.28861745650886e-08,3.61703658186231e-06,2.86499915595085e-06,"Irf7/Oas1a/Oas1g/Oas3/Dhx58/Oasl1/Ddx60/Trim30a/Rsad2",9
"GO:0060339","BP","GO:0060339","negative regulation of type I interferon-mediated signaling pathway","5/140","27/28891",1.84247901343132e-07,1.21667148645551e-05,9.63706808840119e-06,"Isg15/Oas1a/Oas1g/Oas3/Stat2",5
"GO:0032481","BP","GO:0032481","positive regulation of type I interferon production","7/140","85/28891",1.94304813667484e-07,1.21707995293508e-05,9.64030348868734e-06,"Irf7/Isg15/Oas1a/Oas1g/Oas3/Dhx58/Oas2",7
"GO:0032728","BP","GO:0032728","positive regulation of interferon-beta production","6/140","52/28891",1.97020775670952e-07,1.21707995293508e-05,9.64030348868734e-06,"Irf7/Isg15/Oas1a/Oas1g/Oas3/Oas2",6
"GO:0032479","BP","GO:0032479","regulation of type I interferon production","8/140","136/28891",3.47219104731172e-07,2.07788932987561e-05,1.64586424315006e-05,"Irf7/Isg15/Xaf1/Oas1a/Oas1g/Oas3/Dhx58/Oas2",8
"GO:0032606","BP","GO:0032606","type I interferon production","8/140","141/28891",4.57637831549916e-07,2.65568620429724e-05,2.10352827835225e-05,"Irf7/Isg15/Xaf1/Oas1a/Oas1g/Oas3/Dhx58/Oas2",8
"GO:0032102","BP","GO:0032102","negative regulation of response to external stimulus","13/140","485/28891",7.42472373938845e-07,4.18186645909673e-05,3.31239223172098e-05,"Reg3g/Reg3b/Isg15/Lgals9/Pla2g5/Oas1a/Oas1g/Socs3/Apoe/Oas3/Dhx58/Stat2/Trim30a",13
"GO:0050727","BP","GO:0050727","regulation of inflammatory response","12/140","411/28891",8.29752741657036e-07,4.5399328579235e-05,3.59601113000839e-05,"Reg3g/Reg3b/Lgals9/S100a8/Pla2g5/Il18/Zbp1/Socs3/Apoe/S100a9/C2cd4b/Lbp",12
"GO:0032608","BP","GO:0032608","interferon-beta production","6/140","72/28891",1.39654098074099e-06,7.2280431841054e-05,5.72522205760389e-05,"Irf7/Isg15/Oas1a/Oas1g/Oas3/Oas2",6
"GO:0032648","BP","GO:0032648","regulation of interferon-beta production","6/140","72/28891",1.39654098074099e-06,7.2280431841054e-05,5.72522205760389e-05,"Irf7/Isg15/Oas1a/Oas1g/Oas3/Oas2",6
"GO:0032640","BP","GO:0032640","tumor necrosis factor production","9/140","223/28891",1.51047974767748e-06,7.6120229389536e-05,6.02936652743281e-05,"Zg16/Lgals9/Il18/Oas1a/Oas1g/Oas3/Oas2/Trim30a/Lbp",9
"GO:0035456","BP","GO:0035456","response to interferon-beta","6/140","74/28891",1.64276938982885e-06,7.881683858306e-05,6.242960802429e-05,"Xaf1/Oas1a/Plscr2/Oas1g/Ifit1/Ifi202b",6
"GO:0071706","BP","GO:0071706","tumor necrosis factor superfamily cytokine production","9/140","226/28891",1.68650603000322e-06,7.881683858306e-05,6.242960802429e-05,"Zg16/Lgals9/Il18/Oas1a/Oas1g/Oas3/Oas2/Trim30a/Lbp",9
"GO:0002757","BP","GO:0002757","immune response-activating signaling pathway","12/140","440/28891",1.68746234042061e-06,7.881683858306e-05,6.242960802429e-05,"Reg3g/Irf7/Oas1a/Plscr2/Oas1g/Oas3/Dhx58/Oasl1/Ddx60/Trim30a/Lbp/Rsad2",12
"GO:0002764","BP","GO:0002764","immune response-regulating signaling pathway","12/140","450/28891",2.12808293399551e-06,9.7030448061938e-05,7.68563285184844e-05,"Reg3g/Irf7/Oas1a/Plscr2/Oas1g/Oas3/Dhx58/Oasl1/Ddx60/Trim30a/Lbp/Rsad2",12
"GO:0006953","BP","GO:0006953","acute-phase response","5/140","44/28891",2.3198658839676e-06,0.00010331495739065,8.1834191892223e-05,"Reg3g/Reg3b/Saa1/Saa3/Lbp",5
"GO:0035457","BP","GO:0035457","cellular response to interferon-alpha","4/140","20/28891",2.40924311950209e-06,0.000104856831223784,8.30554864880983e-05,"Oas1a/Oas1g/Ifit1/Ifit2",4
"GO:0015718","BP","GO:0015718","monocarboxylic acid transport","8/140","180/28891",2.88099738761677e-06,0.000122602444384136,9.71115142820062e-05,"Slc51b/Aqp8/Pla2g5/Slc10a2/Apoe/Pla2g12b/Fabp6/Slc51a",8
"GO:0045824","BP","GO:0045824","negative regulation of innate immune response","7/140","130/28891",3.46997949652378e-06,0.000144456755127022,0.000114421978363633,"Isg15/Lgals9/Oas1a/Oas1g/Oas3/Dhx58/Stat2",7
"GO:0002832","BP","GO:0002832","negative regulation of response to biotic stimulus","8/140","187/28891",3.82271240723558e-06,0.000155755197018216,0.000123371300757592,"Isg15/Lgals9/Oas1a/Oas1g/Oas3/Dhx58/Stat2/Trim30a",8
"GO:0032722","BP","GO:0032722","positive regulation of chemokine production","6/140","86/28891",3.97537833660007e-06,0.00015860103155394,0.000125625442610542,"Lgals9/Il18/Oas1a/Oas1g/Oas3/Lbp",6
"GO:0062207","BP","GO:0062207","regulation of pattern recognition receptor signaling pathway","7/140","141/28891",5.93905078707199e-06,0.000232107801168222,0.000183849026512798,"Irf7/Dhx58/Oasl1/Ddx60/Trim30a/Lbp/Rsad2",7
"GO:0032760","BP","GO:0032760","positive regulation of tumor necrosis factor production","7/140","143/28891",6.51597858181837e-06,0.000249561979683644,0.0001976742133979,"Lgals9/Il18/Oas1a/Oas1g/Oas3/Oas2/Lbp",7
"GO:0140374","BP","GO:0140374","antiviral innate immune response","5/140","55/28891",7.12003086896473e-06,0.000262610299620101,0.000208009587331353,"Oas1a/Zbp1/Oas1g/Dhx58/Ifit2",5
"GO:1903557","BP","GO:1903557","positive regulation of tumor necrosis factor superfamily cytokine production","7/140","145/28891",7.13874192053264e-06,0.000262610299620101,0.000208009587331353,"Lgals9/Il18/Oas1a/Oas1g/Oas3/Oas2/Lbp",7
"GO:0039529","BP","GO:0039529","RIG-I signaling pathway","4/140","26/28891",7.26806573361114e-06,0.000262610299620101,0.000208009587331353,"Oas3/Dhx58/Oasl1/Ddx60",4
"GO:0001959","BP","GO:0001959","regulation of cytokine-mediated signaling pathway","7/140","146/28891",7.46819143946583e-06,0.000264844196418094,0.000209779022695327,"Irf7/Isg15/Oas1a/Zbp1/Oas1g/Oas3/Stat2",7
"GO:0006690","BP","GO:0006690","icosanoid metabolic process","7/140","147/28891",7.81017056796384e-06,0.000271935938866377,0.000215396283032266,"Pla2g2a/Pla2g5/Ces2e/Cyp2d34/Ces2c/Cyp4f14/Dpep1",7
"GO:0050732","BP","GO:0050732","negative regulation of peptidyl-tyrosine phosphorylation","5/140","57/28891",8.5034727904688e-06,0.000290788399888353,0.000230329028027548,"Spink1/Il18/Socs3/Socs1/Ptk6",5
"GO:0015711","BP","GO:0015711","organic anion transport","11/140","436/28891",9.66959904827341e-06,0.000324864599604273,0.000257320262761994,"Car4/Slc51b/Aqp8/Slc26a3/Pla2g5/Slc10a2/Apoe/Slc13a2/Pla2g12b/Fabp6/Slc51a",11
"GO:0032680","BP","GO:0032680","regulation of tumor necrosis factor production","8/140","216/28891",1.09949315881843e-05,0.000363022310196084,0.000287544399611135,"Lgals9/Il18/Oas1a/Oas1g/Oas3/Oas2/Trim30a/Lbp",8
"GO:0060759","BP","GO:0060759","regulation of response to cytokine stimulus","7/140","156/28891",1.15160053783908e-05,0.000373782208468109,0.000296067149870851,"Irf7/Isg15/Oas1a/Zbp1/Oas1g/Oas3/Stat2",7
"GO:1903555","BP","GO:1903555","regulation of tumor necrosis factor superfamily cytokine production","8/140","219/28891",1.21514526106891e-05,0.000387833862491162,0.000307197249333387,"Lgals9/Il18/Oas1a/Oas1g/Oas3/Oas2/Trim30a/Lbp",8
"GO:1900246","BP","GO:1900246","positive regulation of RIG-I signaling pathway","3/140","10/28891",1.30357227014297e-05,0.00040923621267603,0.000324149722394481,"Dhx58/Oasl1/Ddx60",3
"GO:0015721","BP","GO:0015721","bile acid and bile salt transport","4/140","31/28891",1.50119467247109e-05,0.000463675451255183,0.000367270207645303,"Slc51b/Aqp8/Slc10a2/Slc51a",4
"GO:0030593","BP","GO:0030593","neutrophil chemotaxis","6/140","110/28891",1.64669298815877e-05,0.000500542392432387,0.000396471945854099,"S100a8/S100a9/Ccl7/Lbp/Cxcl9/Dpep1",6
"GO:0035455","BP","GO:0035455","response to interferon-alpha","4/140","32/28891",1.70921202112425e-05,0.000511428284445771,0.000405094493822375,"Oas1a/Oas1g/Ifit1/Ifit2",4
"GO:0071659","BP","GO:0071659","negative regulation of IP-10 production","3/140","11/28891",1.78604596373258e-05,0.000518223942507257,0.000410477230261348,"Oas1a/Oas1g/Oas3",3
"GO:2000342","BP","GO:2000342","negative regulation of chemokine (C-X-C motif) ligand 2 production","3/140","11/28891",1.78604596373258e-05,0.000518223942507257,0.000410477230261348,"Oas1a/Oas1g/Oas3",3
"GO:0062208","BP","GO:0062208","positive regulation of pattern recognition receptor signaling pathway","5/140","69/28891",2.17848344377831e-05,0.000622656088781414,0.000493196330319647,"Dhx58/Oasl1/Ddx60/Lbp/Rsad2",5
"GO:0032642","BP","GO:0032642","regulation of chemokine production","6/140","116/28891",2.22767467431837e-05,0.000627352500194069,0.000496916285710954,"Lgals9/Il18/Oas1a/Oas1g/Oas3/Lbp",6
"GO:0071612","BP","GO:0071612","IP-10 production","3/140","12/28891",2.37293868119683e-05,0.000649168224927419,0.000514196186406712,"Oas1a/Oas1g/Oas3",3
"GO:0071658","BP","GO:0071658","regulation of IP-10 production","3/140","12/28891",2.37293868119683e-05,0.000649168224927419,0.000514196186406712,"Oas1a/Oas1g/Oas3",3
"GO:0034374","BP","GO:0034374","low-density lipoprotein particle remodeling","3/140","13/28891",3.0738689274806e-05,0.000829078731848642,0.000656700537360941,"Pla2g5/Apoe/Pla2g12b",3
"GO:0030522","BP","GO:0030522","intracellular receptor signaling pathway","9/140","328/28891",3.34467888538568e-05,0.000889591675765775,0.000704631911380229,"Irf7/Oas1a/Oas1g/Oas3/Dhx58/Oasl1/Ddx60/Trim30a/Rsad2",9
"GO:0001960","BP","GO:0001960","negative regulation of cytokine-mediated signaling pathway","5/140","76/28891",3.48522804799098e-05,0.000914275576972977,0.000724183650635184,"Isg15/Oas1a/Oas1g/Oas3/Stat2",5
"GO:0032602","BP","GO:0032602","chemokine production","6/140","126/28891",3.55413715654785e-05,0.00091975306145799,0.000728522282017845,"Lgals9/Il18/Oas1a/Oas1g/Oas3/Lbp",6
"GO:0060761","BP","GO:0060761","negative regulation of response to cytokine stimulus","5/140","80/28891",4.46527965924832e-05,0.0011401347396614,0.000903083226523063,"Isg15/Oas1a/Oas1g/Oas3/Stat2",5
"GO:0071827","BP","GO:0071827","plasma lipoprotein particle organization","4/140","42/28891",5.12394620024438e-05,0.0012910996017721,0.00102266017653077,"Pla2g5/Apoe/Cideb/Pla2g12b",4
"GO:0071621","BP","GO:0071621","granulocyte chemotaxis","6/140","135/28891",5.23116713795102e-05,0.00130099806093197,0.00103050059409261,"S100a8/S100a9/Ccl7/Lbp/Cxcl9/Dpep1",6
"GO:1990266","BP","GO:1990266","neutrophil migration","6/140","138/28891",5.91284634688643e-05,0.00145167958388301,0.00114985311550113,"S100a8/S100a9/Ccl7/Lbp/Cxcl9/Dpep1",6
"GO:0002526","BP","GO:0002526","acute inflammatory response","6/140","139/28891",6.15520671241083e-05,0.00149205327269199,0.00118183249468141,"Reg3g/Reg3b/Saa1/Saa3/C2cd4b/Lbp",6
"GO:0006869","BP","GO:0006869","lipid transport","10/140","445/28891",6.56870157542573e-05,0.00157238293961753,0.00124546039081427,"Slc51b/Aqp8/Pla2g5/Plscr2/Slc10a2/Apoe/Pla2g12b/Fabp6/Slc51a/Lbp",10
"GO:0046942","BP","GO:0046942","carboxylic acid transport","9/140","362/28891",7.15047178231668e-05,0.00169051277322672,0.00133902921875482,"Slc51b/Aqp8/Pla2g5/Slc10a2/Apoe/Slc13a2/Pla2g12b/Fabp6/Slc51a",9
"GO:0071825","BP","GO:0071825","protein-lipid complex organization","4/140","46/28891",7.35897239026213e-05,0.00171858928382341,0.00136126819183154,"Pla2g5/Apoe/Cideb/Pla2g12b",4
"GO:0015849","BP","GO:0015849","organic acid transport","9/140","364/28891",7.457240126568e-05,0.00172055600510575,0.00136282600157064,"Slc51b/Aqp8/Pla2g5/Slc10a2/Apoe/Slc13a2/Pla2g12b/Fabp6/Slc51a",9
"GO:0039535","BP","GO:0039535","regulation of RIG-I signaling pathway","3/140","18/28891",8.61572438160211e-05,0.00196418002271048,0.00155579684635196,"Dhx58/Oasl1/Ddx60",3
"GO:0039531","BP","GO:0039531","regulation of viral-induced cytoplasmic pattern recognition receptor signaling pathway","5/140","92/28891",8.7193069380561e-05,0.00196440856310323,0.00155597786968902,"Dhx58/Oasl1/Ddx60/Trim30a/Rsad2",5
"GO:0006979","BP","GO:0006979","response to oxidative stress","9/140","389/28891",0.000123272584664052,0.00274496511199603,0.00217424473073315,"Reg3b/Ndufa12/Ndufb4b/Aldh1a1/Apoe/Tmigd1/Lcn2/Tat/Stc2",9
"GO:0071639","BP","GO:0071639","positive regulation of monocyte chemotactic protein-1 production","3/140","21/28891",0.000138939791424588,0.00305827242043777,0.00242241064056662,"Oas1a/Oas1g/Oas3",3
"GO:0001818","BP","GO:0001818","negative regulation of cytokine production","8/140","314/28891",0.000153745604520953,0.00334571400747302,0.00265008870950591,"Lgals9/Xaf1/Oas1a/Oas1g/Oas3/Dhx58/Trim30a/Lbp",8
"GO:0050729","BP","GO:0050729","positive regulation of inflammatory response","6/140","167/28891",0.000168838521251008,0.00359250853550756,0.00284557086693219,"S100a8/Il18/Zbp1/S100a9/C2cd4b/Lbp",6
"GO:0097530","BP","GO:0097530","granulocyte migration","6/140","167/28891",0.000168838521251008,0.00359250853550756,0.00284557086693219,"S100a8/S100a9/Ccl7/Lbp/Cxcl9/Dpep1",6
"GO:0050777","BP","GO:0050777","negative regulation of immune response","7/140","239/28891",0.000171611878908893,0.00361139283637946,0.00286052883178387,"Isg15/Lgals9/Oas1a/Oas1g/Oas3/Dhx58/Stat2",7
"GO:0050728","BP","GO:0050728","negative regulation of inflammatory response","6/140","172/28891",0.000198122703596763,0.00412396714551958,0.00326653107417546,"Reg3g/Reg3b/Lgals9/Pla2g5/Socs3/Apoe",6
"GO:0006691","BP","GO:0006691","leukotriene metabolic process","3/140","24/28891",0.000209200086234842,0.00426189537382684,0.0033757819066563,"Pla2g5/Cyp4f14/Dpep1",3
"GO:0035634","BP","GO:0035634","response to stilbenoid","3/140","24/28891",0.000209200086234842,0.00426189537382684,0.0033757819066563,"Saa3/Usp18/Ly6d",3
"GO:0035458","BP","GO:0035458","cellular response to interferon-beta","4/140","63/28891",0.000252036820591194,0.00508053169928566,0.004024211174204,"Oas1a/Oas1g/Ifit1/Ifi202b",4
"GO:0001933","BP","GO:0001933","negative regulation of protein phosphorylation","8/140","342/28891",0.000273980287872518,0.00546533595079033,0.00432900871517871,"Spink1/Il18/Socs3/Socs1/Apoe/Ptk6/Xdh/Ptprh",8
"GO:0002523","BP","GO:0002523","leukocyte migration involved in inflammatory response","3/140","27/28891",0.000299127655151689,0.00574803005678019,0.0045529263772545,"S100a8/S100a9/Lbp",3
"GO:0034368","BP","GO:0034368","protein-lipid complex remodeling","3/140","27/28891",0.000299127655151689,0.00574803005678019,0.0045529263772545,"Pla2g5/Apoe/Pla2g12b",3
"GO:0034369","BP","GO:0034369","plasma lipoprotein particle remodeling","3/140","27/28891",0.000299127655151689,0.00574803005678019,0.0045529263772545,"Pla2g5/Apoe/Pla2g12b",3
"GO:0006814","BP","GO:0006814","sodium ion transport","7/140","262/28891",0.000300158227508104,0.00574803005678019,0.0045529263772545,"Slc9a3/Stom/Atp12a/Prss30/Slc10a2/Slc13a2/Fxyd4",7
"GO:0034367","BP","GO:0034367","protein-containing complex remodeling","3/140","29/28891",0.000371039777960573,0.00689845800771357,0.00546416269842806,"Pla2g5/Apoe/Pla2g12b",3
"GO:0072567","BP","GO:0072567","chemokine (C-X-C motif) ligand 2 production","3/140","29/28891",0.000371039777960573,0.00689845800771357,0.00546416269842806,"Oas1a/Oas1g/Oas3",3
"GO:2000341","BP","GO:2000341","regulation of chemokine (C-X-C motif) ligand 2 production","3/140","29/28891",0.000371039777960573,0.00689845800771357,0.00546416269842806,"Oas1a/Oas1g/Oas3",3
"GO:0097006","BP","GO:0097006","regulation of plasma lipoprotein particle levels","4/140","70/28891",0.000377924293054226,0.00695889443460425,0.00551203346448522,"Pla2g5/Apoe/Cideb/Pla2g12b",4
"GO:0071605","BP","GO:0071605","monocyte chemotactic protein-1 production","3/140","31/28891",0.000453214916223264,0.00818779777893915,0.00648542894019586,"Oas1a/Oas1g/Oas3",3
"GO:0071637","BP","GO:0071637","regulation of monocyte chemotactic protein-1 production","3/140","31/28891",0.000453214916223264,0.00818779777893915,0.00648542894019586,"Oas1a/Oas1g/Oas3",3
"GO:0042326","BP","GO:0042326","negative regulation of phosphorylation","8/140","372/28891",0.000478890654213035,0.00851777668511887,0.00674680016669303,"Spink1/Il18/Socs3/Socs1/Apoe/Ptk6/Xdh/Ptprh",8
"GO:0050830","BP","GO:0050830","defense response to Gram-positive bacterium","6/140","203/28891",0.000480375917489732,0.00851777668511887,0.00674680016669303,"Reg3g/Reg3b/Zg16/Pla2g2a/Il18/Lbp",6
"GO:0007260","BP","GO:0007260","tyrosine phosphorylation of STAT protein","4/140","75/28891",0.000491703055330512,0.00863863624732046,0.00684253117075101,"Il18/Socs3/Socs1/Ptk6",4
"GO:0031400","BP","GO:0031400","negative regulation of protein modification process","9/140","473/28891",0.000517803190802254,0.00901448282169378,0.00714023347316792,"Spink1/Isg15/Il18/Socs3/Socs1/Apoe/Ptk6/Xdh/Ptprh",9
"GO:0033559","BP","GO:0033559","unsaturated fatty acid metabolic process","5/140","140/28891",0.000614136372349521,0.010595235613057,0.008392323495075,"Pla2g2a/Ces2e/Cyp2d34/Ces2c/Cyp4f14",5
"GO:0032682","BP","GO:0032682","negative regulation of chemokine production","3/140","35/28891",0.000650628849595629,0.0111245914908538,0.00881161816040696,"Oas1a/Oas1g/Oas3",3
"GO:0032496","BP","GO:0032496","response to lipopolysaccharide","8/140","401/28891",0.000781130626220338,0.0132377446832916,0.0104854143678017,"Lgals9/S100a8/Plscr2/Slpi/S100a9/Trim30a/Lbp/Cxcl9",8
"GO:0055090","BP","GO:0055090","acylglycerol homeostasis","3/140","39/28891",0.000895729537179713,0.0149158440321665,0.0118146111036702,"Il18/Apoe/Pla2g12b",3
"GO:0070328","BP","GO:0070328","triglyceride homeostasis","3/140","39/28891",0.000895729537179713,0.0149158440321665,0.0118146111036702,"Il18/Apoe/Pla2g12b",3
"GO:0046055","BP","GO:0046055","dGMP catabolic process","2/140","10/28891",0.00102276925491604,0.0167401976338821,0.0132596535882502,"Gda/Xdh",2
"GO:1901523","BP","GO:1901523","icosanoid catabolic process","2/140","10/28891",0.00102276925491604,0.0167401976338821,0.0132596535882502,"Cyp4f14/Dpep1",2
"GO:0002237","BP","GO:0002237","response to molecule of bacterial origin","8/140","421/28891",0.00106742718707774,0.0173230768072362,0.0137213432344249,"Lgals9/S100a8/Plscr2/Slpi/S100a9/Trim30a/Lbp/Cxcl9",8
"GO:0030595","BP","GO:0030595","leukocyte chemotaxis","6/140","240/28891",0.00114742757624412,0.0184649059538444,0.0146257685746818,"S100a8/S100a9/Ccl7/Lbp/Cxcl9/Dpep1",6
"GO:0060326","BP","GO:0060326","cell chemotaxis","7/140","331/28891",0.00119093995854212,0.0187196394058292,0.0148275390319087,"S100a8/Saa3/S100a9/Ccl7/Lbp/Cxcl9/Dpep1",7
"GO:0019755","BP","GO:0019755","one-carbon compound transport","3/140","43/28891",0.0011925827715463,0.0187196394058292,0.0148275390319087,"Car4/Aqp8/Slc26a3",3
"GO:0095500","BP","GO:0095500","acetylcholine receptor signaling pathway","3/140","43/28891",0.0011925827715463,0.0187196394058292,0.0148275390319087,"Ly6a/Ly6g/Ly6c1",3
"GO:0010563","BP","GO:0010563","negative regulation of phosphorus metabolic process","8/140","430/28891",0.00122102478455499,0.0188569553421195,0.0149363048772814,"Spink1/Il18/Socs3/Socs1/Apoe/Ptk6/Xdh/Ptprh",8
"GO:0045936","BP","GO:0045936","negative regulation of phosphate metabolic process","8/140","430/28891",0.00122102478455499,0.0188569553421195,0.0149363048772814,"Spink1/Il18/Socs3/Socs1/Apoe/Ptk6/Xdh/Ptprh",8
"GO:0009172","BP","GO:0009172","purine deoxyribonucleoside monophosphate catabolic process","2/140","11/28891",0.00124608232053353,0.0190899811505737,0.0151208810432742,"Gda/Xdh",2
"GO:1905145","BP","GO:1905145","cellular response to acetylcholine","3/140","45/28891",0.00136160955173808,0.020694303901416,0.0163916404682922,"Ly6a/Ly6g/Ly6c1",3
"GO:0006152","BP","GO:0006152","purine nucleoside catabolic process","2/140","12/28891",0.00149055290727784,0.0219450421342449,0.0173823310240192,"Gda/Xdh",2
"GO:0045617","BP","GO:0045617","negative regulation of keratinocyte differentiation","2/140","12/28891",0.00149055290727784,0.0219450421342449,0.0173823310240192,"Reg3g/Reg3b",2
"GO:0046054","BP","GO:0046054","dGMP metabolic process","2/140","12/28891",0.00149055290727784,0.0219450421342449,0.0173823310240192,"Gda/Xdh",2
"GO:0106015","BP","GO:0106015","negative regulation of inflammatory response to wounding","2/140","12/28891",0.00149055290727784,0.0219450421342449,0.0173823310240192,"Reg3g/Reg3b",2
"GO:0097529","BP","GO:0097529","myeloid leukocyte migration","6/140","253/28891",0.00150120131571075,0.0219450421342449,0.0173823310240192,"S100a8/S100a9/Ccl7/Lbp/Cxcl9/Dpep1",6
"GO:0043114","BP","GO:0043114","regulation of vascular permeability","3/140","48/28891",0.00164216368714703,0.0236446876758388,0.0187285941684121,"Il18/Apoe/C2cd4b",3
"GO:1905144","BP","GO:1905144","response to acetylcholine","3/140","48/28891",0.00164216368714703,0.0236446876758388,0.0187285941684121,"Ly6a/Ly6g/Ly6c1",3
"GO:0044282","BP","GO:0044282","small molecule catabolic process","7/140","353/28891",0.00171886745178663,0.024564411717697,0.0194570934644504,"Gda/Aldh1a1/Apoe/Cyp4f14/Xdh/Dpep1/Tat",7
"GO:0000255","BP","GO:0000255","allantoin metabolic process","2/140","13/28891",0.00175597367418748,0.0247256587210958,0.0195848147407443,"Gda/Xdh",2
"GO:0042532","BP","GO:0042532","negative regulation of tyrosine phosphorylation of STAT protein","2/140","13/28891",0.00175597367418748,0.0247256587210958,0.0195848147407443,"Socs3/Socs1",2
"GO:0052547","BP","GO:0052547","regulation of peptidase activity","8/140","457/28891",0.00179011894515649,0.0248426926580656,0.0196775155257785,"Spink1/S100a8/Spink4/Slpi/S100a9/Cideb/Xdh/Dpep1",8
"GO:0006885","BP","GO:0006885","regulation of pH","4/140","106/28891",0.00179023059363606,0.0248426926580656,0.0196775155257785,"Car4/Slc9a3/Slc26a3/Atp12a",4
"GO:0006935","BP","GO:0006935","chemotaxis","8/140","462/28891",0.00191540309908847,0.0263884671565066,0.0209018997787693,"Lgals9/S100a8/Saa3/S100a9/Ccl7/Lbp/Cxcl9/Dpep1",8
"GO:0140894","BP","GO:0140894","endolysosomal toll-like receptor signaling pathway","3/140","51/28891",0.00195640796204973,0.0266062575317548,0.0210744081919795,"Oas1a/Oas1g/Rsad2",3
"GO:0042330","BP","GO:0042330","taxis","8/140","464/28891",0.00196741426378064,0.0266062575317548,0.0210744081919795,"Lgals9/S100a8/Saa3/S100a9/Ccl7/Lbp/Cxcl9/Dpep1",8
"GO:0032635","BP","GO:0032635","interleukin-6 production","5/140","182/28891",0.00197289220339905,0.0266062575317548,0.0210744081919795,"Zg16/Lgals9/Il18/Trim30a/Lbp",5
"GO:0002755","BP","GO:0002755","MyD88-dependent toll-like receptor signaling pathway","2/140","14/28891",0.002042138767952,0.0269703154526075,0.0213627728828953,"Reg3g/Irf7",2
"GO:0009120","BP","GO:0009120","deoxyribonucleoside metabolic process","2/140","14/28891",0.002042138767952,0.0269703154526075,0.0213627728828953,"Gda/Xdh",2
"GO:0106014","BP","GO:0106014","regulation of inflammatory response to wounding","2/140","14/28891",0.002042138767952,0.0269703154526075,0.0213627728828953,"Reg3g/Reg3b",2
"GO:0015908","BP","GO:0015908","fatty acid transport","4/140","113/28891",0.00226072928185885,0.0296527162654774,0.0234874613926359,"Pla2g5/Apoe/Pla2g12b/Fabp6",4
"GO:0009155","BP","GO:0009155","purine deoxyribonucleotide catabolic process","2/140","15/28891",0.00234884381353201,0.0297883172378397,0.0235948688414055,"Gda/Xdh",2
"GO:0009169","BP","GO:0009169","purine ribonucleoside monophosphate catabolic process","2/140","15/28891",0.00234884381353201,0.0297883172378397,0.0235948688414055,"Gda/Xdh",2
"GO:0009170","BP","GO:0009170","purine deoxyribonucleoside monophosphate metabolic process","2/140","15/28891",0.00234884381353201,0.0297883172378397,0.0235948688414055,"Gda/Xdh",2
"GO:0010744","BP","GO:0010744","positive regulation of macrophage derived foam cell differentiation","2/140","15/28891",0.00234884381353201,0.0297883172378397,0.0235948688414055,"Pla2g5/Il18",2
"GO:0010838","BP","GO:0010838","positive regulation of keratinocyte proliferation","2/140","15/28891",0.00234884381353201,0.0297883172378397,0.0235948688414055,"Reg3g/Lrg1",2
"GO:0002274","BP","GO:0002274","myeloid leukocyte activation","6/140","280/28891",0.00249591697332658,0.0314452697626342,0.024907315502518,"Pla2g2a/Lgals9/Pla2g5/Il18/Plscr2/Lbp",6
"GO:0009128","BP","GO:0009128","purine nucleoside monophosphate catabolic process","2/140","16/28891",0.00267588590483415,0.0332508190400471,0.0263374633704592,"Gda/Xdh",2
"GO:0032782","BP","GO:0032782","bile acid secretion","2/140","16/28891",0.00267588590483415,0.0332508190400471,0.0263374633704592,"Slc51b/Slc51a",2
"GO:0006693","BP","GO:0006693","prostaglandin metabolic process","3/140","57/28891",0.00269131955676621,0.0332508190400471,0.0263374633704592,"Pla2g2a/Ces2e/Ces2c",3
"GO:0006692","BP","GO:0006692","prostanoid metabolic process","3/140","58/28891",0.00282814190127134,0.0344961257384371,0.0273238516911298,"Pla2g2a/Ces2e/Ces2c",3
"GO:0034142","BP","GO:0034142","toll-like receptor 4 signaling pathway","3/140","58/28891",0.00282814190127134,0.0344961257384371,0.0273238516911298,"Oas1a/Oas1g/Lbp",3
"GO:0018119","BP","GO:0018119","peptidyl-cysteine S-nitrosylation","2/140","17/28891",0.00302306359544078,0.0366402961092981,0.0290222161294481,"S100a8/S100a9",2
"GO:0030857","BP","GO:0030857","negative regulation of epithelial cell differentiation","3/140","60/28891",0.00311446790289437,0.037276287712767,0.0295259753162552,"Reg3g/Reg3b/Xdh",3
"GO:0043030","BP","GO:0043030","regulation of macrophage activation","3/140","60/28891",0.00311446790289437,0.037276287712767,0.0295259753162552,"Lgals9/Pla2g5/Lbp",3
"GO:0098659","BP","GO:0098659","inorganic cation import across plasma membrane","4/140","125/28891",0.00325444706373498,0.0381893455481722,0.0302491944124866,"Slc9a3/Aqp8/Atp12a/Lcn2",4
"GO:0099587","BP","GO:0099587","inorganic ion import across plasma membrane","4/140","125/28891",0.00325444706373498,0.0381893455481722,0.0302491944124866,"Slc9a3/Aqp8/Atp12a/Lcn2",4
"GO:0098926","BP","GO:0098926","postsynaptic signal transduction","3/140","61/28891",0.00326405419137912,0.0381893455481722,0.0302491944124866,"Ly6a/Ly6g/Ly6c1",3
"GO:0006612","BP","GO:0006612","protein targeting to membrane","4/140","126/28891",0.00334870201535201,0.0381893455481722,0.0302491944124866,"Sec61g/Slc51b/Stom/Rtp4",4
"GO:0050900","BP","GO:0050900","leukocyte migration","7/140","398/28891",0.00335233774910178,0.0381893455481722,0.0302491944124866,"Lgals9/S100a8/S100a9/Ccl7/Lbp/Cxcl9/Dpep1",7
"GO:0002830","BP","GO:0002830","positive regulation of type 2 immune response","2/140","18/28891",0.00339017688939388,0.0381893455481722,0.0302491944124866,"Il18/Rsad2",2
"GO:0017014","BP","GO:0017014","protein nitrosylation","2/140","18/28891",0.00339017688939388,0.0381893455481722,0.0302491944124866,"S100a8/S100a9",2
"GO:0045605","BP","GO:0045605","negative regulation of epidermal cell differentiation","2/140","18/28891",0.00339017688939388,0.0381893455481722,0.0302491944124866,"Reg3g/Reg3b",2
"GO:0045683","BP","GO:0045683","negative regulation of epidermis development","2/140","18/28891",0.00339017688939388,0.0381893455481722,0.0302491944124866,"Reg3g/Reg3b",2
"GO:2001256","BP","GO:2001256","regulation of store-operated calcium entry","2/140","18/28891",0.00339017688939388,0.0381893455481722,0.0302491944124866,"Spink1/Stc2",2
"GO:0002011","BP","GO:0002011","morphogenesis of an epithelial sheet","3/140","62/28891",0.00341797627225359,0.0382773366161732,0.0303188907868109,"Plet1/Lrg1/Hoxb4",3
"GO:0007259","BP","GO:0007259","receptor signaling pathway via JAK-STAT","5/140","208/28891",0.00350592102478971,0.0390339462934436,0.0309181896984209,"Il18/Socs3/Socs1/Stat2/Ptk6",5
"GO:0002138","BP","GO:0002138","retinoic acid biosynthetic process","2/140","19/28891",0.00377702723203306,0.0408644471714311,0.0323681013461768,"Aldh1a1/Rdh16",2
"GO:0015701","BP","GO:0015701","bicarbonate transport","2/140","19/28891",0.00377702723203306,0.0408644471714311,0.0323681013461768,"Car4/Slc26a3",2
"GO:0016102","BP","GO:0016102","diterpenoid biosynthetic process","2/140","19/28891",0.00377702723203306,0.0408644471714311,0.0323681013461768,"Aldh1a1/Rdh16",2
"GO:0070486","BP","GO:0070486","leukocyte aggregation","2/140","19/28891",0.00377702723203306,0.0408644471714311,0.0323681013461768,"S100a8/S100a9",2
"GO:1901569","BP","GO:1901569","fatty acid derivative catabolic process","2/140","19/28891",0.00377702723203306,0.0408644471714311,0.0323681013461768,"Cyp4f14/Dpep1",2
"GO:0035710","BP","GO:0035710","CD4-positive, alpha-beta T cell activation","4/140","131/28891",0.00384795513149146,0.04139794425172,0.0327906761944364,"Lgals9/Il18/Socs1/Rsad2",4
"GO:0097696","BP","GO:0097696","receptor signaling pathway via STAT","5/140","216/28891",0.00411379288101144,0.0440106892018822,0.0348601913645251,"Il18/Socs3/Socs1/Stat2/Ptk6",5
"GO:0050829","BP","GO:0050829","defense response to Gram-negative bacterium","4/140","134/28891",0.00417050042417669,0.0440178270010948,0.0348658451057181,"Reg3g/Reg3b/Lypd8/Lbp",4
"GO:0009159","BP","GO:0009159","deoxyribonucleoside monophosphate catabolic process","2/140","20/28891",0.00418341750088734,0.0440178270010948,0.0348658451057181,"Gda/Xdh",2
"GO:0035313","BP","GO:0035313","wound healing, spreading of epidermal cells","2/140","20/28891",0.00418341750088734,0.0440178270010948,0.0348658451057181,"Plet1/Lrg1",2
"GO:0015909","BP","GO:0015909","long-chain fatty acid transport","3/140","67/28891",0.00425396179054595,0.0442735697222581,0.0350684149895693,"Pla2g5/Apoe/Pla2g12b",3
"GO:0140895","BP","GO:0140895","cell surface toll-like receptor signaling pathway","3/140","67/28891",0.00425396179054595,0.0442735697222581,0.0350684149895693,"Oas1a/Oas1g/Lbp",3
"GO:0002224","BP","GO:0002224","toll-like receptor signaling pathway","3/140","68/28891",0.00443468959131327,0.0459050300938644,0.0363606697074391,"Reg3g/Irf7/Trim30a",3
"GO:0019730","BP","GO:0019730","antimicrobial humoral response","5/140","221/28891",0.004529934726922,0.0459714899662905,0.0364133115522466,"Reg3g/Reg3b/Slpi/S100a9/Cxcl9",5
"GO:0034377","BP","GO:0034377","plasma lipoprotein particle assembly","2/140","21/28891",0.00460915199662025,0.0459714899662905,0.0364133115522466,"Apoe/Cideb",2
"GO:0035821","BP","GO:0035821","modulation of process of another organism","2/140","21/28891",0.00460915199662025,0.0459714899662905,0.0364133115522466,"Slpi/S100a9",2
"GO:0043117","BP","GO:0043117","positive regulation of vascular permeability","2/140","21/28891",0.00460915199662025,0.0459714899662905,0.0364133115522466,"Il18/Apoe",2
"GO:0045540","BP","GO:0045540","regulation of cholesterol biosynthetic process","2/140","21/28891",0.00460915199662025,0.0459714899662905,0.0364133115522466,"Aqp8/Apoe",2
"GO:0060340","BP","GO:0060340","positive regulation of type I interferon-mediated signaling pathway","2/140","21/28891",0.00460915199662025,0.0459714899662905,0.0364133115522466,"Irf7/Zbp1",2
"GO:0106118","BP","GO:0106118","regulation of sterol biosynthetic process","2/140","21/28891",0.00460915199662025,0.0459714899662905,0.0364133115522466,"Aqp8/Apoe",2
"GO:0002752","BP","GO:0002752","cell surface pattern recognition receptor signaling pathway","3/140","70/28891",0.00480995302337267,0.0477256996878687,0.0378027941460595,"Oas1a/Oas1g/Lbp",3
"GO:0050678","BP","GO:0050678","regulation of epithelial cell proliferation","7/140","426/28891",0.00484584460916505,0.0478339815801601,0.0378885625708455,"Reg3g/Pla2g2a/Il18/Lrg1/Apoe/Tmigd1/Xdh",7
"GO:0032609","BP","GO:0032609","type II interferon production","4/140","141/28891",0.00499307441004863,0.0483923988558203,0.0383308763233404,"Zg16/Isg15/Lgals9/Il18",4
"GO:0042509","BP","GO:0042509","regulation of tyrosine phosphorylation of STAT protein","3/140","71/28891",0.00500455425179749,0.0483923988558203,0.0383308763233404,"Il18/Socs3/Socs1",3
"GO:0009151","BP","GO:0009151","purine deoxyribonucleotide metabolic process","2/140","22/28891",0.00505403643402823,0.0483923988558203,0.0383308763233404,"Gda/Xdh",2
"GO:0009158","BP","GO:0009158","ribonucleoside monophosphate catabolic process","2/140","22/28891",0.00505403643402823,0.0483923988558203,0.0383308763233404,"Gda/Xdh",2
"GO:0009164","BP","GO:0009164","nucleoside catabolic process","2/140","22/28891",0.00505403643402823,0.0483923988558203,0.0383308763233404,"Gda/Xdh",2
"GO:0044794","BP","GO:0044794","positive regulation by host of viral process","2/140","22/28891",0.00505403643402823,0.0483923988558203,0.0383308763233404,"Stom/Apoe",2
"GO:0002699","BP","GO:0002699","positive regulation of immune effector process","6/140","326/28891",0.00523412409529235,0.0498674012063923,0.0394992030443377,"Pla2g5/Il18/Dhx58/Ddx60/Lbp/Rsad2",6
"GO:0016324","CC","GO:0016324","apical plasma membrane","15/148","427/28573",6.98421163800194e-09,1.24318967156435e-06,9.77789629320272e-07,"Car4/Slc9a3/Aqp8/Slc26a3/Il18/Mal/Plet1/Cdhr5/Atp12a/Prom1/Slc10a2/S100g/Ceacam20/Slc13a2/Cyp4f14",15
"GO:0043505","CC","GO:0043505","CENP-A containing nucleosome","5/148","24/28573",1.36773185953021e-07,7.57632765152603e-06,5.95890938884069e-06,"H2ac24/H2ac8/H4c4/H4c8/H2ac4",5
"GO:0061638","CC","GO:0061638","CENP-A containing chromatin","5/148","24/28573",1.36773185953021e-07,7.57632765152603e-06,5.95890938884069e-06,"H2ac24/H2ac8/H4c4/H4c8/H2ac4",5
"GO:0034506","CC","GO:0034506","chromosome, centromeric core domain","5/148","25/28573",1.70254553966877e-07,7.57632765152603e-06,5.95890938884069e-06,"H2ac24/H2ac8/H4c4/H4c8/H2ac4",5
"GO:0000786","CC","GO:0000786","nucleosome","8/148","120/28573",2.2060972640112e-07,7.85370625987987e-06,6.17707233923136e-06,"H2ac24/H2ac8/H4c4/H4c8/H2ac20/H2bc3/H2ac4/H3c7",8
"GO:0034364","CC","GO:0034364","high-density lipoprotein particle","4/148","35/28573",3.19363391382746e-05,0.000947444727768812,0.00074518124655974,"Saa1/Saa3/Apoe/Apol9a",4
"GO:0031526","CC","GO:0031526","brush border membrane","5/148","82/28573",6.8972163069229e-05,0.00144159857224711,0.0011338415736775,"Car4/Slc9a3/Aqp8/Slc26a3/Cdhr5",5
"GO:0034358","CC","GO:0034358","plasma lipoprotein particle","4/148","43/28573",7.28898154506966e-05,0.00144159857224711,0.0011338415736775,"Saa1/Saa3/Apoe/Apol9a",4
"GO:1990777","CC","GO:1990777","lipoprotein particle","4/148","43/28573",7.28898154506966e-05,0.00144159857224711,0.0011338415736775,"Saa1/Saa3/Apoe/Apol9a",4
"GO:0032994","CC","GO:0032994","protein-lipid complex","4/148","46/28573",9.52275455480772e-05,0.00169505031075577,0.00133318563767308,"Saa1/Saa3/Apoe/Apol9a",4
"GO:0005903","CC","GO:0005903","brush border","6/148","149/28573",0.000130322195630267,0.00210885007474433,0.0016586461262034,"Car4/Slc9a3/Aqp8/Slc26a3/Cdhr5/Prom1",6
"GO:0005902","CC","GO:0005902","microvillus","5/148","107/28573",0.000242277461244608,0.00359378234179501,0.00282657038118709,"Cdhr5/Prom1/Slc10a2/Ceacam20/Ptprh",5
"GO:0098862","CC","GO:0098862","cluster of actin-based cell projections","6/148","211/28573",0.000833821529624206,0.0114169409440853,0.00897961647287607,"Car4/Slc9a3/Aqp8/Slc26a3/Cdhr5/Prom1",6
"GO:0031253","CC","GO:0031253","cell projection membrane","7/148","327/28573",0.00162936302582947,0.0207161870426889,0.0162936302582947,"Car4/Slc9a3/Aqp8/Slc26a3/Cdhr5/Prom1/Ceacam20",7
"GO:0070062","CC","GO:0070062","extracellular exosome","4/148","104/28573",0.00212782462189471,0.0252501855131505,0.0198596964710173,"Car4/Slc9a3/Prom1/Apoe",4
"GO:1903561","CC","GO:1903561","extracellular vesicle","4/148","118/28573",0.00335885016010562,0.037367208031175,0.0293899389009242,"Car4/Slc9a3/Prom1/Apoe",4
"GO:0043230","CC","GO:0043230","extracellular organelle","4/148","127/28573",0.0043647526302024,0.043162553787557,0.0339480760126853,"Car4/Slc9a3/Prom1/Apoe",4
"GO:0065010","CC","GO:0065010","extracellular membrane-bounded organelle","4/148","127/28573",0.0043647526302024,0.043162553787557,0.0339480760126853,"Car4/Slc9a3/Prom1/Apoe",4
"GO:0062023","CC","GO:0062023","collagen-containing extracellular matrix","7/148","396/28573",0.00469415299313289,0.0439768017251397,0.0345884957388739,"Reg3g/Reg3b/Zg16/Lgals9/Plscr2/Tgm3/Nphs1",7
"GO:0003725","MF","GO:0003725","double-stranded RNA binding","9/142","82/28407",3.2436551393527e-10,1.0768935062651e-07,8.26278467077214e-08,"Oasl2/Oas1a/Zbp1/Oas1g/Oas3/Dhx58/Oasl1/Ddx60/Oas2",9
"GO:0070566","MF","GO:0070566","adenylyltransferase activity","5/142","30/28407",3.74716503649288e-07,6.22029396057818e-05,4.77270494121725e-05,"Oasl2/Oas1a/Oas1g/Oas3/Oas2",5
"GO:0016779","MF","GO:0016779","nucleotidyltransferase activity","7/142","137/28407",6.01656696582289e-06,0.000665833410884399,0.000510880423062855,"Polr2l/Oasl2/Oas1a/Oas1g/Oas3/Oasl1/Oas2",7
"GO:0030550","MF","GO:0030550","acetylcholine receptor inhibitor activity","3/142","14/28407",4.27523379562469e-05,0.00354844405036849,0.00272264889089783,"Ly6a/Ly6g/Ly6c1",3
"GO:0042834","MF","GO:0042834","peptidoglycan binding","3/142","19/28407",0.000111743044209508,0.0061831151129261,0.00474417836819314,"Reg3g/Reg3b/Zg16",3
"GO:0070492","MF","GO:0070492","oligosaccharide binding","3/142","19/28407",0.000111743044209508,0.0061831151129261,0.00474417836819314,"Reg3g/Reg3b/Lgals9",3
"GO:0033130","MF","GO:0033130","acetylcholine receptor binding","3/142","22/28407",0.000175648571803054,0.00692823939594609,0.00531589706347163,"Ly6a/Ly6g/Ly6c1",3
"GO:0030527","MF","GO:0030527","structural constituent of chromatin","4/142","57/28407",0.000192452886662609,0.00692823939594609,0.00531589706347163,"H4c4/H4c8/H2ac20/H2bc3",4
"GO:0052689","MF","GO:0052689","carboxylic ester hydrolase activity","6/142","167/28407",0.000199634542210354,0.00692823939594609,0.00531589706347163,"Car1/Pla2g2a/Pla2g5/Ces2e/Ces2c/Pla2g12b",6
"GO:0015125","MF","GO:0015125","bile acid transmembrane transporter activity","3/142","24/28407",0.000229168173334188,0.00692823939594609,0.00531589706347163,"Slc51b/Slc10a2/Slc51a",3
"GO:0005539","MF","GO:0005539","glycosaminoglycan binding","7/142","243/28407",0.000229550100468093,0.00692823939594609,0.00531589706347163,"Reg3g/Reg3b/Saa1/Zg16/Pla2g5/Apoe/Ccl7",7
"GO:0005319","MF","GO:0005319","lipid transporter activity","6/142","181/28407",0.000307852969391756,0.00776805369509063,0.00596026948069731,"Slc51b/Plscr2/Slc10a2/Apoe/Cideb/Slc51a",6
"GO:0030548","MF","GO:0030548","acetylcholine receptor regulator activity","3/142","27/28407",0.000327568529311051,0.00776805369509063,0.00596026948069731,"Ly6a/Ly6g/Ly6c1",3
"GO:0099602","MF","GO:0099602","neurotransmitter receptor regulator activity","3/142","27/28407",0.000327568529311051,0.00776805369509063,0.00596026948069731,"Ly6a/Ly6g/Ly6c1",3
"GO:0004623","MF","GO:0004623","phospholipase A2 activity","3/142","34/28407",0.000653215117029132,0.0144578279235781,0.0110931970751614,"Pla2g2a/Pla2g5/Pla2g12b",3
"GO:0030547","MF","GO:0030547","signaling receptor inhibitor activity","3/142","35/28407",0.000711849766039455,0.0147708826453187,0.0113333975908913,"Ly6a/Ly6g/Ly6c1",3
"GO:0050253","MF","GO:0050253","retinyl-palmitate esterase activity","2/142","12/28407",0.00158470078195939,0.0287197545431752,0.0220360830673697,"Ces2e/Ces2c",2
"GO:0033764","MF","GO:0033764","steroid dehydrogenase activity, acting on the CH-OH group of donors, NAD or NADP as acceptor","3/142","47/28407",0.00168807774292747,0.0287197545431752,0.0220360830673697,"Hsd17b13/Hsd17b2/Rdh16",3
"GO:0046943","MF","GO:0046943","carboxylic acid transmembrane transporter activity","5/142","174/28407",0.00185608285220403,0.0287197545431752,0.0220360830673697,"Slc51b/Slc26a3/Slc10a2/Slc13a2/Slc51a",5
"GO:0031386","MF","GO:0031386","protein tag activity","2/142","13/28407",0.00186669827076199,0.0287197545431752,0.0220360830673697,"Uba52/Isg15",2
"GO:0141047","MF","GO:0141047","molecular tag activity","2/142","13/28407",0.00186669827076199,0.0287197545431752,0.0220360830673697,"Uba52/Isg15",2
"GO:0005342","MF","GO:0005342","organic acid transmembrane transporter activity","5/142","175/28407",0.0019031162649092,0.0287197545431752,0.0220360830673697,"Slc51b/Slc26a3/Slc10a2/Slc13a2/Slc51a",5
"GO:0016229","MF","GO:0016229","steroid dehydrogenase activity","3/142","50/28407",0.00201831489963593,0.029133936812136,0.0223538766916199,"Hsd17b13/Hsd17b2/Rdh16",3
"GO:1901618","MF","GO:1901618","organic hydroxy compound transmembrane transporter activity","3/142","53/28407",0.0023861165034008,0.0318777455501792,0.0244591452858065,"Slc51b/Slc10a2/Slc51a",3
"GO:0004089","MF","GO:0004089","carbonate dehydratase activity","2/142","15/28407",0.00249644995272488,0.0318777455501792,0.0244591452858065,"Car4/Car1",2
"GO:0046935","MF","GO:0046935","1-phosphatidylinositol-3-kinase regulator activity","2/142","15/28407",0.00249644995272488,0.0318777455501792,0.0244591452858065,"Socs3/Socs1",2
"GO:0047498","MF","GO:0047498","calcium-dependent phospholipase A2 activity","2/142","16/28407",0.00284375821498226,0.0349676936064486,0.026829999533166,"Pla2g2a/Pla2g5",2
"GO:0004303","MF","GO:0004303","estradiol 17-beta-dehydrogenase [NAD(P)] activity","2/142","17/28407",0.00321239356062592,0.0380898093617073,0.0292255354011832,"Hsd17b13/Hsd17b2",2
