"","ONTOLOGY","ID","Description","GeneRatio","BgRatio","pvalue","p.adjust","qvalue","geneID","Count"
"GO:0006959","BP","GO:0006959","humoral immune response","15/95","337/28891",3.50900194840695e-13,6.03548335125996e-10,4.79440476740234e-10,"Reg3b/Reg3g/Lgals4/Pglyrp1/Dmbt1/S100a9/Wfdc2/Cfd/Cxcl13/C1qa/C1qb/C1qc/C3/Cxcl2/Wfdc17",15
"GO:0042742","BP","GO:0042742","defense response to bacterium","15/95","430/28891",1.14001884592702e-11,9.80416207497241e-09,7.7881287474383e-09,"Lypd8/Reg3b/Pla2g2a/Reg3g/Lgals4/Pglyrp1/Lcn2/Dmbt1/Wfdc2/Cxcl13/Hp/Sprr2a3/Acp5/Lyz2/Wfdc17",15
"GO:0019730","BP","GO:0019730","antimicrobial humoral response","10/95","221/28891",3.20665209506465e-09,1.83848053450374e-06,1.4604331296119e-06,"Reg3b/Reg3g/Lgals4/Pglyrp1/Dmbt1/S100a9/Wfdc2/Cxcl13/Cxcl2/Wfdc17",10
"GO:0061844","BP","GO:0061844","antimicrobial humoral immune response mediated by antimicrobial peptide","8/95","151/28891",3.82410208969184e-08,1.64436389856749e-05,1.30623276642632e-05,"Reg3b/Reg3g/Lgals4/Pglyrp1/Dmbt1/S100a9/Cxcl13/Cxcl2",8
"GO:0098883","BP","GO:0098883","synapse pruning","4/95","14/28891",1.07063452552282e-07,3.24417903632171e-05,2.5770773495383e-05,"C1qa/C1qb/C1qc/C3",4
"GO:0050727","BP","GO:0050727","regulation of inflammatory response","11/95","411/28891",1.13169036150757e-07,3.24417903632171e-05,2.5770773495383e-05,"Reg3b/Reg3g/Gpx2/Pglyrp1/S100a8/S100a9/Fabp4/Acp5/Nupr1/C3/Socs3",11
"GO:0006953","BP","GO:0006953","acute-phase response","5/95","44/28891",3.39108105797637e-07,7.60628679277797e-05,6.04220333967308e-05,"Reg3b/Saa3/Saa1/Reg3g/Hp",5
"GO:0050830","BP","GO:0050830","defense response to Gram-positive bacterium","8/95","203/28891",3.72752192123358e-07,7.60628679277797e-05,6.04220333967308e-05,"Reg3b/Pla2g2a/Reg3g/Pglyrp1/Dmbt1/Sprr2a3/Acp5/Lyz2",8
"GO:0002526","BP","GO:0002526","acute inflammatory response","7/95","139/28891",3.98003378691871e-07,7.60628679277797e-05,6.04220333967308e-05,"Reg3b/Saa3/Saa1/Reg3g/Hp/Nupr1/C3",7
"GO:0150146","BP","GO:0150146","cell junction disassembly","4/95","26/28891",1.55136350074023e-06,0.00026683452212732,0.000211965244627455,"C1qa/C1qb/C1qc/C3",4
"GO:0006956","BP","GO:0006956","complement activation","5/95","67/28891",2.8409757903696e-06,0.000444225305403247,0.000352879098172224,"Cfd/C1qa/C1qb/C1qc/C3",5
"GO:0032102","BP","GO:0032102","negative regulation of response to external stimulus","10/95","485/28891",4.57888881210791e-06,0.000639696695708199,0.000508155637104799,"Reg3b/Reg3g/Gpx2/Pglyrp1/Dusp1/Cldn3/Cxcl13/Acp5/Socs3/Tspan8",10
"GO:1902075","BP","GO:1902075","cellular response to salt","7/95","202/28891",4.83491688616662e-06,0.000639696695708199,0.000508155637104799,"Ly6a/Ly6g/Fos/Jun/Ly6e/Fabp4/Egr1",7
"GO:0006958","BP","GO:0006958","complement activation, classical pathway","4/95","42/28891",1.11564238814178e-05,0.00137064636257419,0.00108879986451732,"C1qa/C1qb/C1qc/C3",4
"GO:0010631","BP","GO:0010631","epithelial cell migration","8/95","328/28891",1.30729919705565e-05,0.00144335379654168,0.00114655644303005,"Jun/Lcn2/Lrg1/S100a9/Cxcl13/Cd63/Dcn/Rab25",8
"GO:0090132","BP","GO:0090132","epithelium migration","8/95","330/28891",1.36583836553826e-05,0.00144335379654168,0.00114655644303005,"Jun/Lcn2/Lrg1/S100a9/Cxcl13/Cd63/Dcn/Rab25",8
"GO:0090130","BP","GO:0090130","tissue migration","8/95","332/28891",1.42657061286096e-05,0.00144335379654168,0.00114655644303005,"Jun/Lcn2/Lrg1/S100a9/Cxcl13/Cd63/Dcn/Rab25",8
"GO:0050728","BP","GO:0050728","negative regulation of inflammatory response","6/95","172/28891",2.28760730467685e-05,0.00218593586891344,0.00173644110027518,"Reg3b/Reg3g/Gpx2/Pglyrp1/Acp5/Socs3",6
"GO:0002455","BP","GO:0002455","humoral immune response mediated by circulating immunoglobulin","4/95","58/28891",4.06208651138391e-05,0.00367725726293701,0.00292110154669048,"C1qa/C1qb/C1qc/C3",4
"GO:0006979","BP","GO:0006979","response to oxidative stress","8/95","389/28891",4.40551081888296e-05,0.00378873930423934,0.00300965949626846,"Reg3b/Gpx2/Fos/Jun/Lcn2/Prdx6/Psap/Gpx3",8
"GO:0050829","BP","GO:0050829","defense response to Gram-negative bacterium","5/95","134/28891",8.25754907044169e-05,0.00676332590531414,0.00537258079871344,"Lypd8/Reg3b/Reg3g/Dmbt1/Lyz2",5
"GO:0009636","BP","GO:0009636","response to toxic substance","5/95","136/28891",8.85656007381975e-05,0.00692421969407726,0.00550038994058279,"Gpx2/Lcn2/Prdx6/Nupr1/Gpx3",5
"GO:0098869","BP","GO:0098869","cellular oxidant detoxification","3/95","30/28891",0.000131106718104358,0.00965585997147286,0.00767032205812226,"Gpx2/Prdx6/Gpx3",3
"GO:0052547","BP","GO:0052547","regulation of peptidase activity","8/95","457/28891",0.000134732929834505,0.00965585997147286,0.00767032205812226,"S100a8/S100a9/Wfdc2/Cldn3/Ctsd/Ctsl/Spink1/Serpinb6a",8
"GO:1902074","BP","GO:1902074","response to salt","7/95","343/28891",0.000141275902304051,0.0097197820785187,0.00772109983960665,"Ly6a/Ly6g/Fos/Jun/Ly6e/Fabp4/Egr1",7
"GO:0001667","BP","GO:0001667","ameboidal-type cell migration","8/95","471/28891",0.000165524214498316,0.0107426241444884,0.00853361452848586,"Jun/Lcn2/Lrg1/S100a9/Cxcl13/Cd63/Dcn/Rab25",8
"GO:0141060","BP","GO:0141060","disruption of anatomical structure in another organism","5/95","156/28891",0.00016863421622162,0.0107426241444884,0.00853361452848586,"Reg3b/Reg3g/Pglyrp1/Cxcl13/Lyz2",5
"GO:0010632","BP","GO:0010632","regulation of epithelial cell migration","6/95","250/28891",0.000180645000081459,0.0110967642907182,0.00881493271074185,"Jun/Lcn2/Cxcl13/Cd63/Dcn/Rab25",6
"GO:0072593","BP","GO:0072593","reactive oxygen species metabolic process","6/95","257/28891",0.000209663879655612,0.0124352370002639,0.00987817480192321,"Lcn2/Prdx6/Acp5/Gpx3/Dcxr/Ddit4",6
"GO:0050729","BP","GO:0050729","positive regulation of inflammatory response","5/95","167/28891",0.000231445144032131,0.0132695215911755,0.0105409051562704,"S100a8/S100a9/Fabp4/Nupr1/C3",5
"GO:0043525","BP","GO:0043525","positive regulation of neuron apoptotic process","4/95","94/28891",0.000266751768981715,0.0143379075827672,0.0113895985571798,"Jun/Lcn2/Egr1/Nupr1",4
"GO:1903035","BP","GO:1903035","negative regulation of response to wounding","4/95","94/28891",0.000266751768981715,0.0143379075827672,0.0113895985571798,"Reg3b/Reg3g/Cldn3/Tspan8",4
"GO:1903034","BP","GO:1903034","regulation of response to wounding","5/95","174/28891",0.000279793217124321,0.0145831616198131,0.0115844209195333,"Reg3b/Reg3g/S100a9/Cldn3/Tspan8",5
"GO:0014002","BP","GO:0014002","astrocyte development","3/95","39/28891",0.000288861202621221,0.0146129784855441,0.0116081065325804,"S100a8/S100a9/C1qa",3
"GO:0001906","BP","GO:0001906","cell killing","6/95","286/28891",0.000371263604682733,0.0182449542872658,0.0144932378609981,"Pglyrp1/Lamp1/Cxcl13/H2-Ea/Lyz2/C3",6
"GO:0095500","BP","GO:0095500","acetylcholine receptor signaling pathway","3/95","43/28891",0.000386373646682634,0.0184600742303925,0.0146641226138614,"Ly6a/Ly6g/Ly6e",3
"GO:1905145","BP","GO:1905145","cellular response to acetylcholine","3/95","45/28891",0.000442154136137463,0.020275125376903,0.0161059441488495,"Ly6a/Ly6g/Ly6e",3
"GO:0010952","BP","GO:0010952","positive regulation of peptidase activity","5/95","193/28891",0.000449895071437313,0.020275125376903,0.0161059441488495,"S100a8/S100a9/Cldn3/Ctsd/Ctsl",5
"GO:0000302","BP","GO:0000302","response to reactive oxygen species","5/95","195/28891",0.000471514543648907,0.020275125376903,0.0161059441488495,"Fos/Jun/Lcn2/Prdx6/Psap",5
"GO:0001659","BP","GO:0001659","temperature homeostasis","5/95","195/28891",0.000471514543648907,0.020275125376903,0.0161059441488495,"Gpx2/Lcn2/Fabp4/Egr1/Id1",5
"GO:0030593","BP","GO:0030593","neutrophil chemotaxis","4/95","110/28891",0.000485173201918486,0.020353607495117,0.0161682879612373,"S100a8/S100a9/Cxcl13/Cxcl2",4
"GO:0003382","BP","GO:0003382","epithelial cell morphogenesis","3/95","47/28891",0.000502855226395174,0.020593118795231,0.0163585484676926,"Cldn3/Id1/Rab25",3
"GO:0050678","BP","GO:0050678","regulation of epithelial cell proliferation","7/95","426/28891",0.000522999912735284,0.0209177531959066,0.0166164281813261,"Pla2g2a/Reg3g/Jun/Lrg1/Ctsl/Nupr1/Id1",7
"GO:1905144","BP","GO:1905144","response to acetylcholine","3/95","48/28891",0.00053510531431389,0.0209177531959066,0.0166164281813261,"Ly6a/Ly6g/Ly6e",3
"GO:0010837","BP","GO:0010837","regulation of keratinocyte proliferation","3/95","50/28891",0.000603511054602375,0.0229657509411667,0.0182432954232768,"Reg3g/Lrg1/Ctsl",3
"GO:0031647","BP","GO:0031647","regulation of protein stability","6/95","316/28891",0.000627552496648159,0.0229657509411667,0.0182432954232768,"Glmp/Lamp1/Tspan1/Ctsa/Id1/Slc51b",6
"GO:0062197","BP","GO:0062197","cellular response to chemical stress","6/95","316/28891",0.000627552496648159,0.0229657509411667,0.0182432954232768,"Reg3b/Fos/Jun/Lcn2/Psap/Serpinb6a",6
"GO:0045617","BP","GO:0045617","negative regulation of keratinocyte differentiation","2/95","12/28891",0.000691138199314817,0.0241540516805751,0.0191872454598448,"Reg3b/Reg3g",2
"GO:0106015","BP","GO:0106015","negative regulation of inflammatory response to wounding","2/95","12/28891",0.000691138199314817,0.0241540516805751,0.0191872454598448,"Reg3b/Reg3g",2
"GO:1902895","BP","GO:1902895","positive regulation of miRNA transcription","3/95","53/28891",0.000716195718435657,0.0241540516805751,0.0191872454598448,"Fos/Jun/Egr1",3
"GO:1990748","BP","GO:1990748","cellular detoxification","3/95","53/28891",0.000716195718435657,0.0241540516805751,0.0191872454598448,"Gpx2/Prdx6/Gpx3",3
"GO:0031348","BP","GO:0031348","negative regulation of defense response","6/95","330/28891",0.00078627244355781,0.0259198951893998,0.0205899779411511,"Reg3b/Reg3g/Gpx2/Pglyrp1/Acp5/Socs3",6
"GO:0060326","BP","GO:0060326","cell chemotaxis","6/95","331/28891",0.000798694444789644,0.0259198951893998,0.0205899779411511,"Saa3/S100a8/S100a9/Dusp1/Cxcl13/Cxcl2",6
"GO:0022411","BP","GO:0022411","cellular component disassembly","7/95","462/28891",0.000842167330555691,0.0268031904624517,0.0212916408936734,"Dstn/C1qa/C1qb/Ddit4/C1qc/C3/Pnpla2",7
"GO:0061041","BP","GO:0061041","regulation of wound healing","4/95","128/28891",0.000857078764787699,0.0268031904624517,0.0212916408936734,"Reg3g/S100a9/Cldn3/Tspan8",4
"GO:0006957","BP","GO:0006957","complement activation, alternative pathway","2/95","14/28891",0.000948857535306046,0.0286321922934456,0.0227445444289427,"Cfd/C3",2
"GO:0106014","BP","GO:0106014","regulation of inflammatory response to wounding","2/95","14/28891",0.000948857535306046,0.0286321922934456,0.0227445444289427,"Reg3b/Reg3g",2
"GO:2000630","BP","GO:2000630","positive regulation of miRNA metabolic process","3/95","59/28891",0.000979828102736081,0.0290569713225183,0.0230819759954888,"Fos/Jun/Egr1",3
"GO:0030857","BP","GO:0030857","negative regulation of epithelial cell differentiation","3/95","60/28891",0.00102895307679586,0.0294575838086232,0.0234002103938757,"Reg3b/Reg3g/Id1",3
"GO:0097237","BP","GO:0097237","cellular response to toxic substance","3/95","60/28891",0.00102895307679586,0.0294575838086232,0.0234002103938757,"Gpx2/Prdx6/Gpx3",3
"GO:0071621","BP","GO:0071621","granulocyte chemotaxis","4/95","135/28891",0.00104471663507326,0.0294575838086232,0.0234002103938757,"S100a8/S100a9/Cxcl13/Cxcl2",4
"GO:0098926","BP","GO:0098926","postsynaptic signal transduction","3/95","61/28891",0.00107960985175328,0.0298267879102755,0.0236934949250536,"Ly6a/Ly6g/Ly6e",3
"GO:0010838","BP","GO:0010838","positive regulation of keratinocyte proliferation","2/95","15/28891",0.00109249281299265,0.0298267879102755,0.0236934949250536,"Reg3g/Lrg1",2
"GO:1990266","BP","GO:1990266","neutrophil migration","4/95","138/28891",0.00113332469117188,0.0304581010752442,0.0241949909398207,"S100a8/S100a9/Cxcl13/Cxcl2",4
"GO:0090303","BP","GO:0090303","positive regulation of wound healing","3/95","63/28891",0.00118559156601804,0.0307467094096057,0.0244242526399438,"Reg3g/S100a9/Cldn3",3
"GO:0019731","BP","GO:0019731","antibacterial humoral response","4/95","140/28891",0.00119524448483192,0.0307467094096057,0.0244242526399438,"Lgals4/Dmbt1/Wfdc2/Wfdc17",4
"GO:0030595","BP","GO:0030595","leukocyte chemotaxis","5/95","240/28891",0.0011976915874672,0.0307467094096057,0.0244242526399438,"S100a8/S100a9/Dusp1/Cxcl13/Cxcl2",5
"GO:0043616","BP","GO:0043616","keratinocyte proliferation","3/95","64/28891",0.0012409523285707,0.031388794193259,0.0249343053016219,"Reg3g/Lrg1/Ctsl",3
"GO:0034599","BP","GO:0034599","cellular response to oxidative stress","5/95","243/28891",0.00126531810350157,0.0315412628698942,0.0250554217901608,"Reg3b/Fos/Jun/Lcn2/Psap",5
"GO:0050873","BP","GO:0050873","brown fat cell differentiation","3/95","65/28891",0.00129791654153686,0.0318916635920485,0.0253337694874412,"Lrg1/Fabp4/Selenbp1",3
"GO:0034614","BP","GO:0034614","cellular response to reactive oxygen species","4/95","145/28891",0.00136035228647403,0.0329550131371175,0.0261784620881141,"Fos/Jun/Lcn2/Psap",4
"GO:0018119","BP","GO:0018119","peptidyl-cysteine S-nitrosylation","2/95","17/28891",0.00140899102160644,0.0333130948290051,0.0264629113145953,"S100a8/S100a9",2
"GO:0042060","BP","GO:0042060","wound healing","6/95","370/28891",0.00141386972239382,0.0333130948290051,0.0264629113145953,"Reg3g/Lrg1/S100a9/Cldn3/Plet1/Tspan8",6
"GO:0045862","BP","GO:0045862","positive regulation of proteolysis","6/95","372/28891",0.00145305409030596,0.0336367556841377,0.0267200176732012,"S100a8/S100a9/Cldn3/Ctsd/Ctsl/Nupr1",6
"GO:0002181","BP","GO:0002181","cytoplasmic translation","4/95","148/28891",0.00146671899785484,0.0336367556841377,0.0267200176732012,"Rps8/Eef2/Rps15/Rpl23a",4
"GO:0097529","BP","GO:0097529","myeloid leukocyte migration","5/95","253/28891",0.00151124447187416,0.0342018485739942,0.0271689103115327,"S100a8/S100a9/Dusp1/Cxcl13/Cxcl2",5
"GO:0017014","BP","GO:0017014","protein nitrosylation","2/95","18/28891",0.00158172545982788,0.0344375669734678,0.0273561578528526,"S100a8/S100a9",2
"GO:0045605","BP","GO:0045605","negative regulation of epidermal cell differentiation","2/95","18/28891",0.00158172545982788,0.0344375669734678,0.0273561578528526,"Reg3b/Reg3g",2
"GO:0045683","BP","GO:0045683","negative regulation of epidermis development","2/95","18/28891",0.00158172545982788,0.0344375669734678,0.0273561578528526,"Reg3b/Reg3g",2
"GO:0098754","BP","GO:0098754","detoxification","3/95","71/28891",0.0016743313339461,0.0359936328808114,0.0285922493753325,"Gpx2/Prdx6/Gpx3",3
"GO:0015701","BP","GO:0015701","bicarbonate transport","2/95","19/28891",0.00176403164121092,0.0359936328808114,0.0285922493753325,"Car4/Slc26a3",2
"GO:0016322","BP","GO:0016322","neuron remodeling","2/95","19/28891",0.00176403164121092,0.0359936328808114,0.0285922493753325,"C1qa/C3",2
"GO:0070486","BP","GO:0070486","leukocyte aggregation","2/95","19/28891",0.00176403164121092,0.0359936328808114,0.0285922493753325,"S100a8/S100a9",2
"GO:1902893","BP","GO:1902893","regulation of miRNA transcription","3/95","73/28891",0.00181339243167829,0.0359936328808114,0.0285922493753325,"Fos/Jun/Egr1",3
"GO:2001244","BP","GO:2001244","positive regulation of intrinsic apoptotic signaling pathway","3/95","73/28891",0.00181339243167829,0.0359936328808114,0.0285922493753325,"S100a8/S100a9/Nupr1",3
"GO:0021700","BP","GO:0021700","developmental maturation","6/95","389/28891",0.00182054915078571,0.0359936328808114,0.0285922493753325,"Slc26a3/Cd63/Ctsl/C1qa/Spink1/C3",6
"GO:0044403","BP","GO:0044403","biological process involved in symbiotic interaction","5/95","264/28891",0.00182060817478523,0.0359936328808114,0.0285922493753325,"Gpx2/Pglyrp1/Jun/Ly6e/Ifitm2",5
"GO:0035313","BP","GO:0035313","wound healing, spreading of epidermal cells","2/95","20/28891",0.00195584609097853,0.0374474820897266,0.0297471430553642,"Lrg1/Plet1",2
"GO:0010633","BP","GO:0010633","negative regulation of epithelial cell migration","3/95","75/28891",0.00195946127213686,0.0374474820897266,0.0297471430553642,"Cxcl13/Cd63/Dcn",3
"GO:0061614","BP","GO:0061614","miRNA transcription","3/95","75/28891",0.00195946127213686,0.0374474820897266,0.0297471430553642,"Fos/Jun/Egr1",3
"GO:0006590","BP","GO:0006590","thyroid hormone generation","2/95","21/28891",0.00215710564064182,0.0403284967598254,0.0320357336562138,"Ctsl/Tg",2
"GO:0035994","BP","GO:0035994","response to muscle stretch","2/95","21/28891",0.00215710564064182,0.0403284967598254,0.0320357336562138,"Fos/Jun",2
"GO:1901136","BP","GO:1901136","carbohydrate derivative catabolic process","4/95","166/28891",0.00222941831846149,0.0411366219589449,0.0326776837837886,"Pglyrp1/Psap/Ctsl/Upp1",4
"GO:0097530","BP","GO:0097530","granulocyte migration","4/95","167/28891",0.0022784483350119,0.0411366219589449,0.0326776837837886,"S100a8/S100a9/Cxcl13/Cxcl2",4
"GO:1903036","BP","GO:1903036","positive regulation of response to wounding","3/95","80/28891",0.0023560902966352,0.0411366219589449,0.0326776837837886,"Reg3g/S100a9/Cldn3",3
"GO:1990868","BP","GO:1990868","response to chemokine","3/95","80/28891",0.0023560902966352,0.0411366219589449,0.0326776837837886,"Dusp1/Cxcl13/Cxcl2",3
"GO:1990869","BP","GO:1990869","cellular response to chemokine","3/95","80/28891",0.0023560902966352,0.0411366219589449,0.0326776837837886,"Dusp1/Cxcl13/Cxcl2",3
"GO:0045056","BP","GO:0045056","transcytosis","2/95","22/28891",0.00236774742670671,0.0411366219589449,0.0326776837837886,"Tg/Pigr",2
"GO:0045820","BP","GO:0045820","negative regulation of glycolytic process","2/95","22/28891",0.00236774742670671,0.0411366219589449,0.0326776837837886,"Nupr1/Ddit4",2
"GO:0070861","BP","GO:0070861","regulation of protein exit from endoplasmic reticulum","2/95","23/28891",0.0025877088893857,0.0436464824444494,0.0346714407667658,"Os9/Slc51b",2
"GO:1900746","BP","GO:1900746","regulation of vascular endothelial growth factor signaling pathway","2/95","23/28891",0.0025877088893857,0.0436464824444494,0.0346714407667658,"Cd63/Dcn",2
"GO:0030856","BP","GO:0030856","regulation of epithelial cell differentiation","4/95","173/28891",0.00258833791240339,0.0436464824444494,0.0346714407667658,"Reg3b/Reg3g/Dmbt1/Id1",4
"GO:0150076","BP","GO:0150076","neuroinflammatory response","3/95","85/28891",0.002799107657117,0.0464780662760172,0.0369207650099574,"Jun/Nupr1/C1qa",3
"GO:2001235","BP","GO:2001235","positive regulation of apoptotic signaling pathway","4/95","177/28891",0.00281030168180569,0.0464780662760172,0.0369207650099574,"S100a8/S100a9/Ctsl/Nupr1",4
"GO:0062023","CC","GO:0062023","collagen-containing extracellular matrix","9/100","396/28573",1.07904919229241e-05,0.0015880115856694,0.00111439409520659,"Reg3b/Reg3g/Lgals4/Dmbt1/S100a6/Ctsd/Ctsl/Dcn/Serpinb6a",9
"GO:0031902","CC","GO:0031902","late endosome membrane","5/100","94/28573",2.03591228931974e-05,0.0015880115856694,0.00111439409520659,"Lamp1/H2-Ea/Cd63/Pld3/Ifitm2",5
"GO:0005770","CC","GO:0005770","late endosome","7/100","255/28573",3.28125345569524e-05,0.00170625179696152,0.00119736968207826,"Psap/Lamp1/H2-Ea/Cd63/Ctsl/Pld3/Ifitm2",7
"GO:0030141","CC","GO:0030141","secretory granule","9/100","498/28573",6.45504859386492e-05,0.00251746895160732,0.00176664487832093,"Reg3b/Pla2g2a/Reg3g/Dmbt1/Car4/Lamp1/Sprr2a3/Ctsl/Lyz2",9
"GO:0010008","CC","GO:0010008","endosome membrane","7/100","316/28573",0.000125861295667391,0.00360432505767087,0.00252935091766377,"Lamp1/H2-Ea/Ctsd/Cd63/Pld3/Ifitm2/Pigr",7
"GO:0005765","CC","GO:0005765","lysosomal membrane","6/100","230/28573",0.000161732534639078,0.00360432505767087,0.00252935091766377,"Lamp1/H2-Ea/Ctsd/Cd63/Pld3/Ifitm2",6
"GO:0098852","CC","GO:0098852","lytic vacuole membrane","6/100","230/28573",0.000161732534639078,0.00360432505767087,0.00252935091766377,"Lamp1/H2-Ea/Ctsd/Cd63/Pld3/Ifitm2",6
"GO:0005581","CC","GO:0005581","collagen trimer","4/100","81/28573",0.000191100063652161,0.00372645124121715,0.00261505350260853,"Dcn/C1qa/C1qb/C1qc",4
"GO:0034364","CC","GO:0034364","high-density lipoprotein particle","3/100","35/28573",0.00025095429899742,0.00434987451595528,0.00305254351996862,"Saa3/Saa1/Hp",3
"GO:0034358","CC","GO:0034358","plasma lipoprotein particle","3/100","43/28573",0.000463684378401011,0.00636805757968156,0.00446881233661864,"Saa3/Saa1/Hp",3
"GO:1990777","CC","GO:1990777","lipoprotein particle","3/100","43/28573",0.000463684378401011,0.00636805757968156,0.00446881233661864,"Saa3/Saa1/Hp",3
"GO:0005774","CC","GO:0005774","vacuolar membrane","6/100","283/28573",0.000489850583052428,0.00636805757968156,0.00446881233661864,"Lamp1/H2-Ea/Ctsd/Cd63/Pld3/Ifitm2",6
"GO:0032994","CC","GO:0032994","protein-lipid complex","3/100","46/28573",0.000566032982622128,0.00679239579146554,0.00476659353787055,"Saa3/Saa1/Hp",3
"GO:0031904","CC","GO:0031904","endosome lumen","2/100","11/28573",0.000653375119375975,0.00728046561590372,0.00510909867782717,"Ctsd/Cd63",2
"GO:0031838","CC","GO:0031838","haptoglobin-hemoglobin complex","2/100","14/28573",0.00107365901068639,0.0111660537111385,0.00783582716571122,"Hbb-bs/Hp",2
"GO:0005771","CC","GO:0005771","multivesicular body","3/100","59/28573",0.00117295486221494,0.0114363099065957,0.00802548063620749,"Lamp1/Cd63/Ctsl",3
"GO:0042588","CC","GO:0042588","zymogen granule","2/100","26/28573",0.00373105951626037,0.0342379579139187,0.0240266371325745,"Reg3b/Dmbt1",2
"GO:0016327","CC","GO:0016327","apicolateral plasma membrane","2/100","27/28573",0.00402038789191907,0.0348433617299653,0.0244514819157651,"Cldn7/Cldn3",2
"GO:0030670","CC","GO:0030670","phagocytic vesicle membrane","2/100","28/28573",0.00431981279858786,0.0354679366620898,0.0248897801137472,"Dmbt1/Lamp1",2
"GO:0005902","CC","GO:0005902","microvillus","3/100","107/28573",0.00634567259782779,0.0494962462630567,0.0347342079038995,"Ctsl/Lyz2/Dcxr",3
"GO:0016209","MF","GO:0016209","antioxidant activity","7/95","89/28407",2.05939569495694e-08,5.68393211808117e-06,3.8369793474461e-06,"Gpx2/S100a8/Prdx6/S100a9/Hbb-bs/Hp/Gpx3",7
"GO:0005539","MF","GO:0005539","glycosaminoglycan binding","8/95","243/28407",1.63644409023219e-06,0.000225829284452042,0.000152447686300577,"Reg3b/Saa1/Reg3g/Pglyrp1/Dmbt1/Gpnmb/Cxcl13/Dcn",8
"GO:0030550","MF","GO:0030550","acetylcholine receptor inhibitor activity","3/95","14/28407",1.28408629702014e-05,0.00118135939325853,0.000797485173938823,"Ly6a/Ly6g/Ly6e",3
"GO:0042834","MF","GO:0042834","peptidoglycan binding","3/95","19/28407",3.37710404226432e-05,0.00207359994690335,0.00139979859115901,"Reg3b/Reg3g/Pglyrp1",3
"GO:0030246","MF","GO:0030246","carbohydrate binding","7/95","283/28407",4.73096964116364e-05,0.00207359994690335,0.00139979859115901,"Reg3b/Reg3g/Lgals4/Os9/H2-Ea/Clec2h/Egln2",7
"GO:0004601","MF","GO:0004601","peroxidase activity","4/95","61/28407",5.29264231049293e-05,0.00207359994690335,0.00139979859115901,"Gpx2/Prdx6/Hbb-bs/Gpx3",4
"GO:0033130","MF","GO:0033130","acetylcholine receptor binding","3/95","22/28407",5.32819129726126e-05,0.00207359994690335,0.00139979859115901,"Ly6a/Ly6g/Ly6e",3
"GO:0016684","MF","GO:0016684","oxidoreductase activity, acting on peroxide as acceptor","4/95","63/28407",6.01043462870537e-05,0.00207359994690335,0.00139979859115901,"Gpx2/Prdx6/Hbb-bs/Gpx3",4
"GO:0004602","MF","GO:0004602","glutathione peroxidase activity","3/95","27/28407",9.99812466128927e-05,0.00250862036955985,0.00169346226320402,"Gpx2/Prdx6/Gpx3",3
"GO:0030548","MF","GO:0030548","acetylcholine receptor regulator activity","3/95","27/28407",9.99812466128927e-05,0.00250862036955985,0.00169346226320402,"Ly6a/Ly6g/Ly6e",3
"GO:0099602","MF","GO:0099602","neurotransmitter receptor regulator activity","3/95","27/28407",9.99812466128927e-05,0.00250862036955985,0.00169346226320402,"Ly6a/Ly6g/Ly6e",3
"GO:0004623","MF","GO:0004623","phospholipase A2 activity","3/95","34/28407",0.000201102450298491,0.00462535635686528,0.0031223801493713,"Pla2g2a/Prdx6/Pnpla2",3
"GO:0030547","MF","GO:0030547","signaling receptor inhibitor activity","3/95","35/28407",0.000219423730642585,0.00465853458902718,0.00314477735414878,"Ly6a/Ly6g/Ly6e",3
"GO:0061134","MF","GO:0061134","peptidase regulator activity","6/95","268/28407",0.000287199215644943,0.00566192739414317,0.00382212489993646,"Wfdc2/Ctsl/Spink1/C3/Serpinb6a/Wfdc17",6
"GO:0004620","MF","GO:0004620","phospholipase activity","4/95","96/28407",0.000308134080416171,0.00566966707965754,0.00382734963043244,"Pla2g2a/Prdx6/Pld3/Pnpla2",4
"GO:0004857","MF","GO:0004857","enzyme inhibitor activity","7/95","410/28407",0.000460408701010628,0.00794205009243334,0.00536133816308429,"Rps15/Wfdc2/Spink1/C3/Socs3/Serpinb6a/Wfdc17",7
"GO:0004866","MF","GO:0004866","endopeptidase inhibitor activity","5/95","198/28407",0.000545307612064341,0.00885322946645637,0.00597643636751631,"Wfdc2/Spink1/C3/Serpinb6a/Wfdc17",5
"GO:0030414","MF","GO:0030414","peptidase inhibitor activity","5/95","205/28407",0.000638096878775363,0.00978415214122224,0.0066048624294292,"Wfdc2/Spink1/C3/Serpinb6a/Wfdc17",5
"GO:0061135","MF","GO:0061135","endopeptidase regulator activity","5/95","217/28407",0.000824078323381177,0.0116295760170181,0.00785062911903969,"Wfdc2/Spink1/C3/Serpinb6a/Wfdc17",5
"GO:0030492","MF","GO:0030492","hemoglobin binding","2/95","13/28407",0.000842722899783922,0.0116295760170181,0.00785062911903969,"Hbb-bs/Hp",2
"GO:0016298","MF","GO:0016298","lipase activity","4/95","127/28407",0.000885912512016897,0.0116434215865078,0.00785997567052585,"Pla2g2a/Prdx6/Pld3/Pnpla2",4
"GO:0004867","MF","GO:0004867","serine-type endopeptidase inhibitor activity","4/95","129/28407",0.000938971401183622,0.0117798230330309,0.00795205445021536,"Wfdc2/Spink1/Serpinb6a/Wfdc17",4
"GO:0004089","MF","GO:0004089","carbonate dehydratase activity","2/95","15/28407",0.00112950186919037,0.0124697006358617,0.00841776129880824,"Car4/Car1",2
"GO:0045236","MF","GO:0045236","CXCR chemokine receptor binding","2/95","15/28407",0.00112950186919037,0.0124697006358617,0.00841776129880824,"Cxcl13/Cxcl2",2
"GO:0061783","MF","GO:0061783","peptidoglycan muralytic activity","2/95","15/28407",0.00112950186919037,0.0124697006358617,0.00841776129880824,"Pglyrp1/Lyz2",2
"GO:0070492","MF","GO:0070492","oligosaccharide binding","2/95","19/28407",0.00182352418691277,0.0193574105995355,0.0130673595580389,"Reg3b/Reg3g",2
"GO:0016835","MF","GO:0016835","carbon-oxygen lyase activity","3/95","77/28407",0.00221586906765986,0.0226511060249674,0.0152907923967172,"Car4/Tpi1/Car1",3
"GO:0052689","MF","GO:0052689","carboxylic ester hydrolase activity","4/95","167/28407",0.00242093349947008,0.0238634873519193,0.0161092191506091,"Pla2g2a/Prdx6/Car1/Pnpla2",4
"GO:0000979","MF","GO:0000979","RNA polymerase II core promoter sequence-specific DNA binding","2/95","23/28407",0.00267459170886613,0.0254547348843811,0.0171834022674884,"Fos/Egr1",2
"GO:0070412","MF","GO:0070412","R-SMAD binding","2/95","26/28407",0.0034134142272472,0.0306563191659709,0.020694769231033,"Fos/Jun",2
"GO:1901681","MF","GO:1901681","sulfur compound binding","5/95","301/28407",0.0034432822251634,0.0306563191659709,0.020694769231033,"Saa1/Dmbt1/Gpnmb/Cxcl13/Acp5",5
"GO:0048306","MF","GO:0048306","calcium-dependent protein binding","3/95","92/28407",0.00366930682420863,0.0307655432403828,0.0207685017297779,"S100a6/S100a8/S100a9",3
"GO:0019825","MF","GO:0019825","oxygen binding","2/95","27/28407",0.00367848886569795,0.0307655432403828,0.0207685017297779,"Hbb-bs/Egln2",2
"GO:0002020","MF","GO:0002020","protease binding","4/95","195/28407",0.00421485580168141,0.0342147118018844,0.0230968878296473,"Lcn2/Psap/Os9/Serpinb6a",4
"GO:0001664","MF","GO:0001664","G protein-coupled receptor binding","5/95","335/28407",0.00540077794202157,0.0425889917713701,0.0287500058868517,"Saa1/Psap/Cxcl13/C3/Cxcl2",5
"GO:0008236","MF","GO:0008236","serine-type peptidase activity","4/95","211/28407",0.00556247557062144,0.0426456460414311,0.0287882507602338,"Cfd/Prss32/Hp/Ctsa",4
"GO:0017171","MF","GO:0017171","serine hydrolase activity","4/95","216/28407",0.0060362793859787,0.0441111308646739,0.0297775368537272,"Cfd/Prss32/Hp/Ctsa",4
"GO:0008198","MF","GO:0008198","ferrous iron binding","2/95","35/28407",0.00612832020655793,0.0441111308646739,0.0297775368537272,"Acp5/Egln2",2
"GO:0031406","MF","GO:0031406","carboxylic acid binding","4/95","218/28407",0.00623309457870392,0.0441111308646739,0.0297775368537272,"Dmbt1/Fabp4/Psap/Egln2",4
