"","ONTOLOGY","ID","Description","GeneRatio","BgRatio","pvalue","p.adjust","qvalue","geneID","Count"
"GO:0007162","BP","GO:0007162","negative regulation of cell adhesion","14/136","315/28891",3.24048999589473e-10,4.31044291562121e-07,3.06614254874804e-07,"Gstp1/Klf4/Il2ra/Socs1/Lgals3/Cldn7/Sdc4/Ceacam1/Gcnt2/Pde5a/Epcam/Rgcc/Anxa1/Prdx2",14
"GO:0022408","BP","GO:0022408","negative regulation of cell-cell adhesion","12/136","209/28891",3.45942449086774e-10,4.31044291562121e-07,3.06614254874804e-07,"Gstp1/Klf4/Il2ra/Socs1/Lgals3/Sdc4/Ceacam1/Pde5a/Epcam/Rgcc/Anxa1/Prdx2",12
"GO:1903038","BP","GO:1903038","negative regulation of leukocyte cell-cell adhesion","10/136","153/28891",3.0988681578854e-09,2.50476208820049e-06,1.78170962090464e-06,"Gstp1/Klf4/Il2ra/Socs1/Lgals3/Sdc4/Ceacam1/Pde5a/Anxa1/Prdx2",10
"GO:1903706","BP","GO:1903706","regulation of hemopoiesis","15/136","452/28891",4.02048489277768e-09,2.50476208820049e-06,1.78170962090464e-06,"Nfkbia/Tmem176b/Myc/Tmem176a/Jun/Tyrobp/Fos/Il2ra/Zfp36/Socs1/Ceacam1/Isg15/Cd83/Anxa1/Prdx2",15
"GO:1903037","BP","GO:1903037","regulation of leukocyte cell-cell adhesion","14/136","407/28891",8.69172320661986e-09,4.33195484617934e-06,3.08144460630481e-06,"Gstp1/Klf4/Xcl1/Il2ra/Socs1/Lgals3/Tnfsf14/Sdc4/Ceacam1/Cd83/Icam1/Pde5a/Anxa1/Prdx2",14
"GO:0051250","BP","GO:0051250","negative regulation of lymphocyte activation","10/136","174/28891",1.07052971762104e-08,4.44626676051939e-06,3.16275797276111e-06,"Tyrobp/Il2ra/Clnk/Socs1/Lgals3/Sdc4/Ceacam1/Pde5a/Anxa1/Prdx2",10
"GO:0070661","BP","GO:0070661","leukocyte proliferation","14/136","425/28891",1.49757283102703e-08,5.33135927845622e-06,3.79234984578874e-06,"Myc/Gstp1/Csf2/Xcl1/Tyrobp/Il2ra/Kit/Lgals3/Sdc4/Ceacam1/Pde5a/Tnfrsf9/Anxa1/Prdx2",14
"GO:0007159","BP","GO:0007159","leukocyte cell-cell adhesion","14/136","447/28891",2.81170562957101e-08,8.08488412881884e-06,5.75101160468485e-06,"Gstp1/Klf4/Xcl1/Il2ra/Socs1/Lgals3/Tnfsf14/Sdc4/Ceacam1/Cd83/Icam1/Pde5a/Anxa1/Prdx2",14
"GO:0019221","BP","GO:0019221","cytokine-mediated signaling pathway","14/136","450/28891",3.05538063710061e-08,8.08488412881884e-06,5.75101160468485e-06,"Nfkbia/Irf7/Fcer1g/Csf2/Cxcl10/Ifitm3/Xcl1/Il2ra/Kit/Socs1/Ceacam1/Isg15/Ccrl2/Ecm1",14
"GO:0070663","BP","GO:0070663","regulation of leukocyte proliferation","12/136","313/28891",3.2443355252082e-08,8.08488412881884e-06,5.75101160468485e-06,"Gstp1/Csf2/Xcl1/Tyrobp/Il2ra/Kit/Lgals3/Sdc4/Ceacam1/Pde5a/Tnfrsf9/Anxa1",12
"GO:0002695","BP","GO:0002695","negative regulation of leukocyte activation","10/136","206/28891",5.31668993472666e-08,1.20447193793989e-05,8.56775679433464e-06,"Tyrobp/Il2ra/Clnk/Socs1/Lgals3/Sdc4/Ceacam1/Pde5a/Anxa1/Prdx2",10
"GO:0030099","BP","GO:0030099","myeloid cell differentiation","14/136","480/28891",6.78105676921735e-08,1.4081994557408e-05,1.00169294731246e-05,"Nfkbia/Fcer1g/Myc/Csf2/Jun/Irf8/Tyrobp/Fos/Kit/Zfp36/Socs1/Ceacam1/Isg15/Trf",14
"GO:0050866","BP","GO:0050866","negative regulation of cell activation","10/136","225/28891",1.21418146354288e-07,2.32749246703758e-05,1.65561261911434e-05,"Tyrobp/Il2ra/Clnk/Socs1/Lgals3/Sdc4/Ceacam1/Pde5a/Anxa1/Prdx2",10
"GO:1902105","BP","GO:1902105","regulation of leukocyte differentiation","12/136","363/28891",1.62172113985046e-07,2.88666362893381e-05,2.05336721767531e-05,"Tmem176b/Myc/Tmem176a/Jun/Tyrobp/Fos/Il2ra/Socs1/Ceacam1/Cd83/Anxa1/Prdx2",12
"GO:0001818","BP","GO:0001818","negative regulation of cytokine production","11/136","314/28891",3.06093844417211e-07,4.84343066737495e-05,3.44527213139285e-05,"Gstp1/Bst2/Klf4/Serpinb1a/Tyrobp/Zfp36/Ceacam1/Xaf1/Cd83/Rgcc/Anxa1",11
"GO:0050868","BP","GO:0050868","negative regulation of T cell activation","8/136","138/28891",3.10974681693416e-07,4.84343066737495e-05,3.44527213139285e-05,"Il2ra/Socs1/Lgals3/Sdc4/Ceacam1/Pde5a/Anxa1/Prdx2",8
"GO:0002366","BP","GO:0002366","leukocyte activation involved in immune response","11/136","333/28891",5.47187386848361e-07,7.66756893010878e-05,5.45416325010695e-05,"Fcer1g/Gadd45g/Irf8/Tyrobp/Kit/Clnk/Lgals3/Icam1/Stx11/Lat2/Anxa1",11
"GO:0050727","BP","GO:0050727","regulation of inflammatory response","12/136","411/28891",6.07640031754432e-07,7.66756893010878e-05,5.45416325010695e-05,"Reg3b/Reg3g/Nfkbia/Fcer1g/Gstp1/Gpx2/Il22/Xcl1/Il2ra/Zfp36/Pde5a/Anxa1",12
"GO:0050863","BP","GO:0050863","regulation of T cell activation","12/136","411/28891",6.07640031754432e-07,7.66756893010878e-05,5.45416325010695e-05,"Xcl1/Il2ra/Socs1/Lgals3/Tnfsf14/Sdc4/Ceacam1/Cd83/Pde5a/Tnfrsf9/Anxa1/Prdx2",12
"GO:0002263","BP","GO:0002263","cell activation involved in immune response","11/136","337/28891",6.15374713491877e-07,7.66756893010878e-05,5.45416325010695e-05,"Fcer1g/Gadd45g/Irf8/Tyrobp/Kit/Clnk/Lgals3/Icam1/Stx11/Lat2/Anxa1",11
"GO:0042098","BP","GO:0042098","T cell proliferation","10/136","270/28891",6.50685013718968e-07,7.72146216279842e-05,5.49249906317164e-05,"Myc/Xcl1/Il2ra/Lgals3/Sdc4/Ceacam1/Pde5a/Tnfrsf9/Anxa1/Prdx2",10
"GO:0002573","BP","GO:0002573","myeloid leukocyte differentiation","10/136","272/28891",6.95856231280537e-07,7.88215331068681e-05,5.60680331806902e-05,"Fcer1g/Myc/Csf2/Jun/Tyrobp/Fos/Kit/Socs1/Ceacam1/Trf",10
"GO:0002274","BP","GO:0002274","myeloid leukocyte activation","10/136","280/28891",9.0515270108809e-07,9.80713274396313e-05,6.97609679007938e-05,"Fcer1g/Csf2/Jun/Tyrobp/Kit/Clnk/Pla2g2a/Stx11/Lat2/Anxa1",10
"GO:0070371","BP","GO:0070371","ERK1 and ERK2 cascade","11/136","367/28891",1.41461671214953e-06,0.000146884368611526,0.000104483094002623,"Myc/Gstp1/Klf4/Jun/Xcl1/Pla2g2a/Ceacam1/Atf3/Gcnt2/Trf/Icam1",11
"GO:0042119","BP","GO:0042119","neutrophil activation","5/136","42/28891",1.58761519696779e-06,0.00015825348283375,0.000112570273334474,"Fcer1g/Tyrobp/Pla2g2a/Stx11/Anxa1",5
"GO:1903034","BP","GO:1903034","regulation of response to wounding","8/136","174/28891",1.80059065438806e-06,0.000172579688874425,0.000122760917489453,"Reg3b/Reg3g/Klf4/Ceacam1/Igf1r/Anxa2/Anxa1/Prdx2",8
"GO:1902106","BP","GO:1902106","negative regulation of leukocyte differentiation","7/136","123/28891",1.97758210629173e-06,0.000182523504032555,0.000129834240428666,"Tmem176b/Myc/Tmem176a/Socs1/Ceacam1/Anxa1/Prdx2",7
"GO:0046651","BP","GO:0046651","lymphocyte proliferation","11/136","383/28891",2.13618543577875e-06,0.000190120503784309,0.000135238205783888,"Myc/Xcl1/Tyrobp/Il2ra/Lgals3/Sdc4/Ceacam1/Pde5a/Tnfrsf9/Anxa1/Prdx2",11
"GO:0032943","BP","GO:0032943","mononuclear cell proliferation","11/136","389/28891",2.48037168001096e-06,0.000209321712483366,0.000148896580139388,"Myc/Xcl1/Tyrobp/Il2ra/Lgals3/Sdc4/Ceacam1/Pde5a/Tnfrsf9/Anxa1/Prdx2",11
"GO:0002347","BP","GO:0002347","response to tumor cell","5/136","46/28891",2.51992430758466e-06,0.000209321712483366,0.000148896580139388,"Klf4/Xcl1/Klre1/Ceacam1/Prdx2",5
"GO:1903707","BP","GO:1903707","negative regulation of hemopoiesis","7/136","129/28891",2.71855308977961e-06,0.000218536590313896,0.000155451388902847,"Tmem176b/Myc/Tmem176a/Socs1/Ceacam1/Anxa1/Prdx2",7
"GO:0140236","BP","GO:0140236","translation at presynapse","5/136","47/28891",2.80929346649987e-06,0.000218773728703677,0.000155620072289006,"Uba52/Rpl37/Rpl9/Rps27/Rpl36a",5
"GO:0140241","BP","GO:0140241","translation at synapse","5/136","48/28891",3.12414421375682e-06,0.000228981393549471,0.000162881079132089,"Uba52/Rpl37/Rpl9/Rps27/Rpl36a",5
"GO:0140242","BP","GO:0140242","translation at postsynapse","5/136","48/28891",3.12414421375682e-06,0.000228981393549471,0.000162881079132089,"Uba52/Rpl37/Rpl9/Rps27/Rpl36a",5
"GO:0032102","BP","GO:0032102","negative regulation of response to external stimulus","12/136","485/28891",3.38345020435441e-06,0.000239185378912124,0.000170139468652537,"Reg3b/Reg3g/Gstp1/Gpx2/Il22/Il2ra/Zfp36/Klre1/Ceacam1/Isg15/Anxa2/Prdx2",12
"GO:0030098","BP","GO:0030098","lymphocyte differentiation","12/136","486/28891",3.45532650113822e-06,0.000239185378912124,0.000170139468652537,"Fcer1g/Gadd45g/Irf8/Il2ra/Kit/Socs1/Nfil3/Cd83/Tnfrsf9/Anxa1/Tpd52/Prdx2",12
"GO:0031348","BP","GO:0031348","negative regulation of defense response","10/136","330/28891",3.93473540265991e-06,0.000265009746579149,0.000188509087285328,"Reg3b/Reg3g/Gstp1/Gpx2/Il22/Il2ra/Zfp36/Klre1/Ceacam1/Isg15",10
"GO:0036230","BP","GO:0036230","granulocyte activation","5/136","51/28891",4.2376850694986e-06,0.000277902926136592,0.000197680378311237,"Fcer1g/Tyrobp/Pla2g2a/Stx11/Anxa1",5
"GO:0042742","BP","GO:0042742","defense response to bacterium","11/136","430/28891",6.43261091559705e-06,0.000411027343632509,0.000292375621642792,"Reg3b/Reg3g/Lypd8/Fcer1g/Dmbt1/Lgals4/Irf8/Pla2g2a/Isg15/Sprr2a3/Trf",11
"GO:0050670","BP","GO:0050670","regulation of lymphocyte proliferation","9/136","286/28891",8.99783393821388e-06,0.000550260573021831,0.000391416239321096,"Xcl1/Tyrobp/Il2ra/Lgals3/Sdc4/Ceacam1/Pde5a/Tnfrsf9/Anxa1",9
"GO:2001237","BP","GO:2001237","negative regulation of extrinsic apoptotic signaling pathway","6/136","102/28891",9.0532437776465e-06,0.000550260573021831,0.000391416239321096,"Gstp1/Csf2/Lmna/Lgals3/Icam1/Prdx2",6
"GO:0032944","BP","GO:0032944","regulation of mononuclear cell proliferation","9/136","290/28891",1.0053824277636e-05,0.000586700973584393,0.00041733734878606,"Xcl1/Tyrobp/Il2ra/Lgals3/Sdc4/Ceacam1/Pde5a/Tnfrsf9/Anxa1",9
"GO:0070664","BP","GO:0070664","negative regulation of leukocyte proliferation","6/136","104/28891",1.01236524334386e-05,0.000586700973584393,0.00041733734878606,"Gstp1/Tyrobp/Il2ra/Sdc4/Ceacam1/Pde5a",6
"GO:0042129","BP","GO:0042129","regulation of T cell proliferation","8/136","227/28891",1.27498838330598e-05,0.000722107057090566,0.000513655607054369,"Xcl1/Il2ra/Lgals3/Sdc4/Ceacam1/Pde5a/Tnfrsf9/Anxa1",8
"GO:0006979","BP","GO:0006979","response to oxidative stress","10/136","389/28891",1.64737828906377e-05,0.000892449281814545,0.000634824951666678,"Reg3b/Gstp1/Gpx2/Jun/Fos/Ndufa12/Cst3/Mgst1/Anxa1/Prdx2",10
"GO:0009615","BP","GO:0009615","response to virus","10/136","389/28891",1.64737828906377e-05,0.000892449281814545,0.000634824951666678,"Irf7/Cxcl10/Bst2/Ncr1/Ifitm3/Rtp4/Ddit4/Ifi27l2a/Isg15/Ifi27l2b",10
"GO:2001236","BP","GO:2001236","regulation of extrinsic apoptotic signaling pathway","7/136","171/28891",1.72987763742589e-05,0.000903334770643667,0.000642568114287377,"Gstp1/Csf2/Lmna/Lgals3/Atf3/Icam1/Prdx2",7
"GO:0045637","BP","GO:0045637","regulation of myeloid cell differentiation","8/136","237/28891",1.73997066576629e-05,0.000903334770643667,0.000642568114287377,"Nfkbia/Myc/Jun/Tyrobp/Fos/Zfp36/Ceacam1/Isg15",8
"GO:0050728","BP","GO:0050728","negative regulation of inflammatory response","7/136","172/28891",1.796260839944e-05,0.000913526941457236,0.000649818099777809,"Reg3b/Reg3g/Gstp1/Gpx2/Il22/Il2ra/Zfp36",7
"GO:0072678","BP","GO:0072678","T cell migration","5/136","69/28891",1.8944174314094e-05,0.000944177647814445,0.000671620832524932,"Cxcl10/Xcl1/Tnfsf14/Icam1/Ecm1",5
"GO:0002275","BP","GO:0002275","myeloid cell activation involved in immune response","6/136","119/28891",2.18549460809168e-05,0.00106789265948323,0.000759622893710298,"Fcer1g/Tyrobp/Kit/Clnk/Stx11/Lat2",6
"GO:0051607","BP","GO:0051607","defense response to virus","9/136","328/28891",2.65949036192141e-05,0.00127450961190541,0.000906595499893857,"Irf7/Cxcl10/Bst2/Ncr1/Ifitm3/Rtp4/Ddit4/Isg15/Ifi27l2b",9
"GO:0140546","BP","GO:0140546","defense response to symbiont","9/136","329/28891",2.72351477418231e-05,0.0012805658145778,0.000910903451782127,"Irf7/Cxcl10/Bst2/Ncr1/Ifitm3/Rtp4/Ddit4/Isg15/Ifi27l2b",9
"GO:0060326","BP","GO:0060326","cell chemotaxis","9/136","331/28891",2.85549664701878e-05,0.00131775882303163,0.000937359912978485,"Fcer1g/Gstp1/Cxcl10/Xcl1/Kit/Lgals3/Tnfsf14/Ccrl2/Anxa1",9
"GO:0030217","BP","GO:0030217","T cell differentiation","9/136","339/28891",3.43910776519071e-05,0.00155822846379186,0.00110841291417821,"Fcer1g/Gadd45g/Il2ra/Kit/Socs1/Cd83/Tnfrsf9/Anxa1/Prdx2",9
"GO:0002286","BP","GO:0002286","T cell activation involved in immune response","6/136","130/28891",3.60044413879588e-05,0.00160219764176417,0.00113968946047599,"Fcer1g/Gadd45g/Lgals3/Icam1/Stx11/Anxa1",6
"GO:0035710","BP","GO:0035710","CD4-positive, alpha-beta T cell activation","6/136","131/28891",3.75880838361194e-05,0.00161847436600055,0.00115126756456236,"Xcl1/Gadd45g/Il2ra/Socs1/Cd83/Anxa1",6
"GO:0070372","BP","GO:0070372","regulation of ERK1 and ERK2 cascade","9/136","343/28891",3.76691465602054e-05,0.00161847436600055,0.00115126756456236,"Gstp1/Klf4/Jun/Xcl1/Pla2g2a/Ceacam1/Atf3/Gcnt2/Icam1",9
"GO:2000514","BP","GO:2000514","regulation of CD4-positive, alpha-beta T cell activation","5/136","80/28891",3.88790635611649e-05,0.00164214621007496,0.00116810603099022,"Xcl1/Il2ra/Socs1/Cd83/Anxa1",5
"GO:0010819","BP","GO:0010819","regulation of T cell chemotaxis","3/136","15/28891",4.45389517300034e-05,0.00184985112851947,0.00131585253883027,"Cxcl10/Xcl1/Tnfsf14",3
"GO:0071674","BP","GO:0071674","mononuclear cell migration","7/136","199/28891",4.56449588676668e-05,0.00186470881144632,0.00132642123784557,"Cxcl10/Xcl1/Lgals3/Tnfsf14/Icam1/Anxa1/Ecm1",7
"GO:0022409","BP","GO:0022409","positive regulation of cell-cell adhesion","9/136","354/28891",4.8078916046858e-05,0.00193246223852855,0.00137461620751968,"Xcl1/Il2ra/Socs1/Tnfsf14/Ceacam1/Gcnt2/Cd83/Icam1/Anxa1",9
"GO:0097028","BP","GO:0097028","dendritic cell differentiation","4/136","43/28891",5.02732995062208e-05,0.0019885882915794,0.0014145402902001,"Tmem176b/Csf2/Tmem176a/Irf8",4
"GO:0002526","BP","GO:0002526","acute inflammatory response","6/136","139/28891",5.23744826788249e-05,0.00203933141930674,0.00145063534261745,"Reg3b/Reg3g/Saa1/Fcer1g/Gstp1/Icam1",6
"GO:2000516","BP","GO:2000516","positive regulation of CD4-positive, alpha-beta T cell activation","4/136","45/28891",6.02550762071537e-05,0.00231008692166503,0.00164323155194894,"Xcl1/Socs1/Cd83/Anxa1",4
"GO:1902107","BP","GO:1902107","positive regulation of leukocyte differentiation","7/136","213/28891",7.00685348553976e-05,0.00260613117700971,0.00185381638172018,"Jun/Tyrobp/Fos/Il2ra/Socs1/Cd83/Anxa1",7
"GO:1903708","BP","GO:1903708","positive regulation of hemopoiesis","7/136","213/28891",7.00685348553976e-05,0.00260613117700971,0.00185381638172018,"Jun/Tyrobp/Fos/Il2ra/Socs1/Cd83/Anxa1",7
"GO:0034341","BP","GO:0034341","response to type II interferon","6/136","150/28891",7.99432640343121e-05,0.00292968549961038,0.0020839699169316,"Bst2/Ifitm3/Xcl1/Irf8/Capg/Stx11",6
"GO:0061844","BP","GO:0061844","antimicrobial humoral immune response mediated by antimicrobial peptide","6/136","151/28891",8.29326745762969e-05,0.00299519166730626,0.00213056634609434,"Reg3b/Reg3g/Dmbt1/Cxcl10/Lgals4/Lgals3",6
"GO:0002697","BP","GO:0002697","regulation of immune effector process","10/136","473/28891",8.51924481763005e-05,0.00301245459771255,0.00214284596711495,"Fcer1g/Bst2/Xcl1/Tyrobp/Kit/Clnk/Lgals3/Klre1/Ceacam1/Anxa1",10
"GO:0045088","BP","GO:0045088","regulation of innate immune response","10/136","474/28891",8.6684493581662e-05,0.00301245459771255,0.00214284596711495,"Reg3g/Nfkbia/Irf7/Serpinb1a/Xcl1/Tyrobp/Clnk/Klre1/Ceacam1/Isg15",10
"GO:0019730","BP","GO:0019730","antimicrobial humoral response","7/136","221/28891",8.82460616504881e-05,0.00301245459771255,0.00214284596711495,"Reg3b/Reg3g/Dmbt1/Cxcl10/Lgals4/Lgals3/Trf",7
"GO:0046631","BP","GO:0046631","alpha-beta T cell activation","7/136","221/28891",8.82460616504881e-05,0.00301245459771255,0.00214284596711495,"Myc/Xcl1/Gadd45g/Il2ra/Socs1/Cd83/Anxa1",7
"GO:0050672","BP","GO:0050672","negative regulation of lymphocyte proliferation","5/136","96/28891",9.30813855926761e-05,0.00313457855266147,0.00222971626369938,"Tyrobp/Il2ra/Sdc4/Ceacam1/Pde5a",5
"GO:0032945","BP","GO:0032945","negative regulation of mononuclear cell proliferation","5/136","97/28891",9.77720715808092e-05,0.00320003854395686,0.00227627984625469,"Tyrobp/Il2ra/Sdc4/Ceacam1/Pde5a",5
"GO:0043299","BP","GO:0043299","leukocyte degranulation","5/136","97/28891",9.77720715808092e-05,0.00320003854395686,0.00227627984625469,"Fcer1g/Kit/Clnk/Stx11/Lat2",5
"GO:2000404","BP","GO:2000404","regulation of T cell migration","4/136","51/28891",9.88775954593412e-05,0.00320003854395686,0.00227627984625469,"Cxcl10/Xcl1/Tnfsf14/Ecm1",4
"GO:0002285","BP","GO:0002285","lymphocyte activation involved in immune response","7/136","227/28891",0.000104261108619895,0.00333100875231768,0.00236944273840625,"Fcer1g/Gadd45g/Irf8/Lgals3/Icam1/Stx11/Anxa1",7
"GO:0002444","BP","GO:0002444","myeloid leukocyte mediated immunity","6/136","158/28891",0.000106441579013917,0.00335582551887487,0.00238709562126606,"Fcer1g/Tyrobp/Kit/Clnk/Stx11/Lat2",6
"GO:0045765","BP","GO:0045765","regulation of angiogenesis","8/136","307/28891",0.000107731156304169,0.00335582551887487,0.00238709562126606,"Cxcl10/Klf4/Lgals3/Rnh1/Ceacam1/S100a1/Rgcc/Ecm1",8
"GO:0006887","BP","GO:0006887","exocytosis","9/136","395/28891",0.00011084617884981,0.00341023058881144,0.00242579551894841,"Fcer1g/Kit/Clnk/Sdc4/Sytl3/Anxa2/Stx11/Lat2/Anxa1",9
"GO:1902895","BP","GO:1902895","positive regulation of miRNA transcription","4/136","53/28891",0.000115021233344739,0.00349379764264279,0.00248523917809008,"Myc/Klf4/Jun/Fos",4
"GO:0050900","BP","GO:0050900","leukocyte migration","9/136","398/28891",0.000117343915970675,0.00349379764264279,0.00248523917809008,"Fcer1g/Cxcl10/Xcl1/Kit/Lgals3/Tnfsf14/Icam1/Anxa1/Ecm1",9
"GO:1901342","BP","GO:1901342","regulation of vasculature development","8/136","311/28891",0.000117768459864364,0.00349379764264279,0.00248523917809008,"Cxcl10/Klf4/Lgals3/Rnh1/Ceacam1/S100a1/Rgcc/Ecm1",8
"GO:0002703","BP","GO:0002703","regulation of leukocyte mediated immunity","8/136","314/28891",0.000125793608867192,0.00365277202623508,0.00259832224895661,"Fcer1g/Bst2/Xcl1/Tyrobp/Kit/Clnk/Klre1/Ceacam1",8
"GO:0035994","BP","GO:0035994","response to muscle stretch","3/136","21/28891",0.000127524545057164,0.00365277202623508,0.00259832224895661,"Nfkbia/Jun/Fos",3
"GO:1901623","BP","GO:1901623","regulation of lymphocyte chemotaxis","3/136","21/28891",0.000127524545057164,0.00365277202623508,0.00259832224895661,"Cxcl10/Xcl1/Tnfsf14",3
"GO:0030595","BP","GO:0030595","leukocyte chemotaxis","7/136","240/28891",0.000147136078035219,0.00412025637210897,0.00293085736699819,"Fcer1g/Cxcl10/Xcl1/Kit/Lgals3/Tnfsf14/Anxa1",7
"GO:0002283","BP","GO:0002283","neutrophil activation involved in immune response","3/136","22/28891",0.000147152013289606,0.00412025637210897,0.00293085736699819,"Fcer1g/Tyrobp/Stx11",3
"GO:0097191","BP","GO:0097191","extrinsic apoptotic signaling pathway","7/136","242/28891",0.00015484491017545,0.00428748351285802,0.00304981086240302,"Gstp1/Csf2/Lmna/Lgals3/Atf3/Icam1/Prdx2",7
"GO:0034599","BP","GO:0034599","cellular response to oxidative stress","7/136","243/28891",0.000158820242165744,0.00434923124700036,0.0030937338092205,"Reg3b/Jun/Fos/Cst3/Mgst1/Anxa1/Prdx2",7
"GO:0006692","BP","GO:0006692","prostanoid metabolic process","4/136","58/28891",0.000163648269199431,0.00438506975102131,0.00311922677229022,"Gstp1/Pla2g2a/Anxa1/Mgst3",4
"GO:0045604","BP","GO:0045604","regulation of epidermal cell differentiation","4/136","58/28891",0.000163648269199431,0.00438506975102131,0.00311922677229022,"Reg3b/Reg3g/Maff/Zfp36",4
"GO:0010818","BP","GO:0010818","T cell chemotaxis","3/136","23/28891",0.000168642761837882,0.00447082726063832,0.00318022856590138,"Cxcl10/Xcl1/Tnfsf14",3
"GO:0030856","BP","GO:0030856","regulation of epithelial cell differentiation","6/136","173/28891",0.000174641614431103,0.00454044079177532,0.0032297466813169,"Reg3b/Reg3g/Dmbt1/Maff/Zfp36/Ceacam1",6
"GO:2000630","BP","GO:2000630","positive regulation of miRNA metabolic process","4/136","59/28891",0.00017491264687417,0.00454044079177532,0.0032297466813169,"Myc/Klf4/Jun/Fos",4
"GO:0002685","BP","GO:0002685","regulation of leukocyte migration","7/136","249/28891",0.000184445256664395,0.00473853174853271,0.00337065450051917,"Cxcl10/Xcl1/Lgals3/Tnfsf14/Icam1/Anxa1/Ecm1",7
"GO:0072676","BP","GO:0072676","lymphocyte migration","5/136","112/28891",0.000192379998544676,0.00489194853442177,0.0034797842916137,"Cxcl10/Xcl1/Tnfsf14/Icam1/Ecm1",5
"GO:0006959","BP","GO:0006959","humoral immune response","8/136","337/28891",0.000203624260071907,0.00512557228383022,0.00364596761255812,"Reg3b/Reg3g/Dmbt1/Cxcl10/Lgals4/Lgals3/Trf/Rgcc",8
"GO:0032652","BP","GO:0032652","regulation of interleukin-1 production","5/136","116/28891",0.000226576907200674,0.00564629652744078,0.00401637380764141,"Gstp1/Serpinb1a/Tyrobp/Ceacam1/Anxa1",5
"GO:2001233","BP","GO:2001233","regulation of apoptotic signaling pathway","9/136","437/28891",0.000235318196177787,0.00580606876113907,0.00413002441233344,"Myc/Gstp1/Csf2/Lmna/Lgals3/Rps7/Atf3/Icam1/Prdx2",9
"GO:0032653","BP","GO:0032653","regulation of interleukin-10 production","4/136","64/28891",0.000239787142833396,0.00585832901902768,0.00416719864325531,"Fcer1g/Tyrobp/Isg15/Cd83",4
"GO:0002548","BP","GO:0002548","monocyte chemotaxis","4/136","65/28891",0.000254584026696593,0.00610022494738376,0.00433926620401886,"Cxcl10/Xcl1/Lgals3/Anxa1",4
"GO:0045682","BP","GO:0045682","regulation of epidermis development","4/136","65/28891",0.000254584026696593,0.00610022494738376,0.00433926620401886,"Reg3b/Reg3g/Maff/Zfp36",4
"GO:2000401","BP","GO:2000401","regulation of lymphocyte migration","4/136","66/28891",0.000270025852323373,0.00640861356180805,0.00455863193295799,"Cxcl10/Xcl1/Tnfsf14/Ecm1",4
"GO:0032613","BP","GO:0032613","interleukin-10 production","4/136","67/28891",0.000286128922012551,0.00666816596274838,0.00474325905266042,"Fcer1g/Tyrobp/Isg15/Cd83",4
"GO:0032612","BP","GO:0032612","interleukin-1 production","5/136","122/28891",0.000286313707068249,0.00666816596274838,0.00474325905266042,"Gstp1/Serpinb1a/Tyrobp/Ceacam1/Anxa1",5
"GO:0002764","BP","GO:0002764","immune response-regulating signaling pathway","9/136","450/28891",0.000291774550376788,0.00673242758832365,0.0047889702030654,"Reg3g/Nfkbia/Irf7/Fcer1g/Tyrobp/Kit/Lgals3/Klre1/Lat2",9
"GO:0006898","BP","GO:0006898","receptor-mediated endocytosis","7/136","272/28891",0.000315408185321336,0.00721098346624558,0.00512938082164297,"Fcer1g/Dmbt1/Ifitm3/Ceacam1/Trf/Anxa2/Ramp1",7
"GO:0043303","BP","GO:0043303","mast cell degranulation","4/136","69/28891",0.000320384418831265,0.00725816337934101,0.00516294125657272,"Fcer1g/Kit/Clnk/Lat2",4
"GO:0045861","BP","GO:0045861","negative regulation of proteolysis","8/136","362/28891",0.000329233329933998,0.00739143656032003,0.0052577423196667,"Klf4/Serpinb1a/Serpina3g/Cst3/Rps7/Alad/Spink1/Ecm1",8
"GO:0048145","BP","GO:0048145","regulation of fibroblast proliferation","5/136","126/28891",0.000332309207905463,0.00739387987589656,0.00525948032060902,"Myc/Gstp1/Jun/Socs1/Anxa2",5
"GO:0010959","BP","GO:0010959","regulation of metal ion transport","9/136","461/28891",0.000347915690709952,0.00754954665000289,0.00537021059331117,"Gem/Cxcl10/Lgals3/Atp1b1/Trf/S100a1/Icam1/Spink1/Scn1b",9
"GO:0002705","BP","GO:0002705","positive regulation of leukocyte mediated immunity","6/136","197/28891",0.000351133732732951,0.00754954665000289,0.00537021059331117,"Fcer1g/Xcl1/Tyrobp/Kit/Clnk/Klre1",6
"GO:0006935","BP","GO:0006935","chemotaxis","9/136","462/28891",0.000353433872418394,0.00754954665000289,0.00537021059331117,"Fcer1g/Gstp1/Cxcl10/Xcl1/Kit/Lgals3/Tnfsf14/Ccrl2/Anxa1",9
"GO:0061041","BP","GO:0061041","regulation of wound healing","5/136","128/28891",0.000357302664562187,0.00754954665000289,0.00537021059331117,"Reg3g/Ceacam1/Anxa2/Anxa1/Prdx2",5
"GO:0002448","BP","GO:0002448","mast cell mediated immunity","4/136","71/28891",0.000357482546027424,0.00754954665000289,0.00537021059331117,"Fcer1g/Kit/Clnk/Lat2",4
"GO:0042509","BP","GO:0042509","regulation of tyrosine phosphorylation of STAT protein","4/136","71/28891",0.000357482546027424,0.00754954665000289,0.00537021059331117,"Csf2/Il22/Kit/Socs1",4
"GO:0042330","BP","GO:0042330","taxis","9/136","464/28891",0.0003646874160813,0.00757334200728833,0.00538713691825359,"Fcer1g/Gstp1/Cxcl10/Xcl1/Kit/Lgals3/Tnfsf14/Ccrl2/Anxa1",9
"GO:1901652","BP","GO:1901652","response to peptide","9/136","464/28891",0.0003646874160813,0.00757334200728833,0.00538713691825359,"Reg3b/Reg3g/Nfkbia/Serpina3g/Socs1/Ceacam1/Igf1r/Icam1/Anxa1",9
"GO:1904035","BP","GO:1904035","regulation of epithelial cell apoptotic process","5/136","129/28891",0.000370319917397567,0.00758465592128035,0.00539518483206729,"Myc/Zfp36/Igf1r/Icam1/Rgcc",5
"GO:0002279","BP","GO:0002279","mast cell activation involved in immune response","4/136","72/28891",0.000377139175791336,0.00758465592128035,0.00539518483206729,"Fcer1g/Kit/Clnk/Lat2",4
"GO:0002837","BP","GO:0002837","regulation of immune response to tumor cell","3/136","30/28891",0.000377406634927273,0.00758465592128035,0.00539518483206729,"Xcl1/Klre1/Ceacam1",3
"GO:0030224","BP","GO:0030224","monocyte differentiation","3/136","30/28891",0.000377406634927273,0.00758465592128035,0.00539518483206729,"Myc/Csf2/Jun",3
"GO:0071675","BP","GO:0071675","regulation of mononuclear cell migration","5/136","130/28891",0.000383692536437951,0.00764929440642699,0.0054411640535706,"Cxcl10/Xcl1/Lgals3/Tnfsf14/Ecm1",5
"GO:0006816","BP","GO:0006816","calcium ion transport","9/136","469/28891",0.000394122422647229,0.0077399279856137,0.00550563433630712,"Gem/Cxcl10/Xcl1/Lgals3/Atp1b1/S100a1/Icam1/Spink1/Ramp1",9
"GO:0048678","BP","GO:0048678","response to axon injury","4/136","73/28891",0.000397556493643079,0.0077399279856137,0.00550563433630712,"Klf4/Jun/Tyrobp/Igf1r",4
"GO:1902893","BP","GO:1902893","regulation of miRNA transcription","4/136","73/28891",0.000397556493643079,0.0077399279856137,0.00550563433630712,"Myc/Klf4/Jun/Fos",4
"GO:0002834","BP","GO:0002834","regulation of response to tumor cell","3/136","31/28891",0.00041640827845195,0.00803302271483337,0.00571412108295151,"Xcl1/Klre1/Ceacam1",3
"GO:0031400","BP","GO:0031400","negative regulation of protein modification process","9/136","473/28891",0.000419058167306717,0.00803302271483337,0.00571412108295151,"Gstp1/Jun/Gadd45g/Socs1/Rps7/Ceacam1/Isg15/Pkig/Spink1",9
"GO:0007260","BP","GO:0007260","tyrosine phosphorylation of STAT protein","4/136","75/28891",0.000440740495065405,0.00832064631593173,0.0059187160581351,"Csf2/Il22/Kit/Socs1",4
"GO:0061614","BP","GO:0061614","miRNA transcription","4/136","75/28891",0.000440740495065405,0.00832064631593173,0.0059187160581351,"Myc/Klf4/Jun/Fos",4
"GO:0071621","BP","GO:0071621","granulocyte chemotaxis","5/136","135/28891",0.000456108804533659,0.00851571368155885,0.00605747310963298,"Fcer1g/Cxcl10/Xcl1/Lgals3/Anxa1",5
"GO:0035455","BP","GO:0035455","response to interferon-alpha","3/136","32/28891",0.000457907557515604,0.00851571368155885,0.00605747310963298,"Myc/Bst2/Ifitm3",3
"GO:0032623","BP","GO:0032623","interleukin-2 production","4/136","76/28891",0.000463540970921798,0.00855662295953423,0.00608657306068077,"Fcer1g/Zfp36/Cd83/Anxa1",4
"GO:0032479","BP","GO:0032479","regulation of type I interferon production","5/136","136/28891",0.000471747834962891,0.00864408532887886,0.00614878757025936,"Irf7/Irf8/Tyrobp/Isg15/Xaf1",5
"GO:0002418","BP","GO:0002418","immune response to tumor cell","3/136","33/28891",0.000501969450734636,0.00891171054152617,0.00633915711410411,"Xcl1/Klre1/Ceacam1",3
"GO:0043372","BP","GO:0043372","positive regulation of CD4-positive, alpha-beta T cell differentiation","3/136","33/28891",0.000501969450734636,0.00891171054152617,0.00633915711410411,"Socs1/Cd83/Anxa1",3
"GO:1901798","BP","GO:1901798","positive regulation of signal transduction by p53 class mediator","3/136","33/28891",0.000501969450734636,0.00891171054152617,0.00633915711410411,"Rpl37/Myc/Rps7",3
"GO:0002768","BP","GO:0002768","immune response-regulating cell surface receptor signaling pathway","7/136","294/28891",0.000502183046287951,0.00891171054152617,0.00633915711410411,"Nfkbia/Fcer1g/Tyrobp/Kit/Lgals3/Klre1/Lat2",7
"GO:0030316","BP","GO:0030316","osteoclast differentiation","5/136","138/28891",0.00050423402341701,0.00891171054152617,0.00633915711410411,"Fcer1g/Tyrobp/Fos/Ceacam1/Trf",5
"GO:0051924","BP","GO:0051924","regulation of calcium ion transport","7/136","296/28891",0.000522784867273713,0.00917450626229642,0.00652609130088163,"Gem/Cxcl10/Lgals3/Atp1b1/S100a1/Icam1/Spink1",7
"GO:0030101","BP","GO:0030101","natural killer cell activation","5/136","140/28891",0.000538375357270684,0.00938203769453527,0.00667371440297263,"Tyrobp/Clnk/Klre1/Nfil3/Stx11",5
"GO:0002828","BP","GO:0002828","regulation of type 2 immune response","3/136","34/28891",0.000548657874059584,0.00942934773901023,0.00670736740411136,"Xcl1/Anxa1/Ecm1",3
"GO:0071353","BP","GO:0071353","cellular response to interleukin-4","3/136","34/28891",0.000548657874059584,0.00942934773901023,0.00670736740411136,"Xcl1/Nfil3/Alad",3
"GO:0032606","BP","GO:0032606","type I interferon production","5/136","141/28891",0.000556083468461293,0.0094915068726407,0.00675158299126761,"Irf7/Irf8/Tyrobp/Isg15/Xaf1",5
"GO:1903036","BP","GO:1903036","positive regulation of response to wounding","4/136","80/28891",0.000563195970899393,0.00954751264953257,0.00679142151804209,"Reg3g/Igf1r/Anxa1/Prdx2",4
"GO:0098781","BP","GO:0098781","ncRNA transcription","5/136","142/28891",0.000574225561566248,0.00966871688799385,0.00687763759372376,"Myc/Klf4/Jun/Fos/Polr2l",5
"GO:0042130","BP","GO:0042130","negative regulation of T cell proliferation","4/136","81/28891",0.000590308423142882,0.00984102237170248,0.00700020346115864,"Il2ra/Sdc4/Ceacam1/Pde5a",4
"GO:0045616","BP","GO:0045616","regulation of keratinocyte differentiation","3/136","35/28891",0.000598035691003822,0.00984102237170248,0.00700020346115864,"Reg3b/Reg3g/Zfp36",3
"GO:0060142","BP","GO:0060142","regulation of syncytium formation by plasma membrane fusion","3/136","35/28891",0.000598035691003822,0.00984102237170248,0.00700020346115864,"Cxcl10/Tyrobp/Tnfsf14",3
"GO:1903039","BP","GO:1903039","positive regulation of leukocyte cell-cell adhesion","7/136","303/28891",0.000600254976123104,0.00984102237170248,0.00700020346115864,"Xcl1/Il2ra/Socs1/Tnfsf14/Cd83/Icam1/Anxa1",7
"GO:0071677","BP","GO:0071677","positive regulation of mononuclear cell migration","4/136","82/28891",0.000618334661957992,0.0100711763241785,0.00716391861532342,"Cxcl10/Xcl1/Lgals3/Tnfsf14",4
"GO:0048872","BP","GO:0048872","homeostasis of number of cells","8/136","401/28891",0.000645802472289933,0.0104036295677955,0.00740040221009022,"Fcer1g/Il2ra/Kit/Zfp36/Pla2g2a/Isg15/Anxa1/Prdx2",8
"GO:0070670","BP","GO:0070670","response to interleukin-4","3/136","36/28891",0.000650164722792946,0.0104036295677955,0.00740040221009022,"Xcl1/Nfil3/Alad",3
"GO:0046634","BP","GO:0046634","regulation of alpha-beta T cell activation","5/136","146/28891",0.000651270550792976,0.0104036295677955,0.00740040221009022,"Xcl1/Il2ra/Socs1/Cd83/Anxa1",5
"GO:0002181","BP","GO:0002181","cytoplasmic translation","5/136","148/28891",0.000692575799516694,0.0109929865757682,0.00781962887285358,"Uba52/Rpl9/Rpl31/Rpl36a/Rps7",5
"GO:2000406","BP","GO:2000406","positive regulation of T cell migration","3/136","37/28891",0.000705105758435353,0.0111210351267146,0.0079107135056971,"Cxcl10/Xcl1/Tnfsf14",3
"GO:0048144","BP","GO:0048144","fibroblast proliferation","5/136","150/28891",0.000735810808974599,0.0115323304148723,0.00820327972402003,"Myc/Gstp1/Jun/Socs1/Anxa2",5
"GO:0062197","BP","GO:0062197","cellular response to chemical stress","7/136","316/28891",0.000768179204621118,0.0119643911119739,0.00851061697751292,"Reg3b/Jun/Fos/Cst3/Mgst1/Anxa1/Prdx2",7
"GO:2000628","BP","GO:2000628","regulation of miRNA metabolic process","4/136","88/28891",0.000806647237476874,0.0124854963713812,0.00888129420013767,"Myc/Klf4/Jun/Fos",4
"GO:0002761","BP","GO:0002761","regulation of myeloid leukocyte differentiation","5/136","154/28891",0.0008282971417169,0.0127414597355464,0.00906336833431618,"Myc/Jun/Tyrobp/Fos/Ceacam1",5
"GO:0035019","BP","GO:0035019","somatic stem cell population maintenance","4/136","89/28891",0.000841553260356208,0.0128659553669182,0.00915192567284374,"Myc/Klf4/Kit/Pla2g2a",4
"GO:0002718","BP","GO:0002718","regulation of cytokine production involved in immune response","5/136","155/28891",0.000852713934763677,0.0129472638729929,0.00920976276173015,"Fcer1g/Bst2/Xcl1/Kit/Clnk",5
"GO:0018108","BP","GO:0018108","peptidyl-tyrosine phosphorylation","7/136","322/28891",0.000857262656117103,0.0129472638729929,0.00920976276173015,"Csf2/Il22/Kit/Socs1/Igf1r/Icam1/Spink1",7
"GO:0010721","BP","GO:0010721","negative regulation of cell development","7/136","323/28891",0.000872871697171888,0.0131035919840503,0.00932096346250767,"Tmem176b/Myc/Tmem176a/Socs1/Ceacam1/Anxa1/Prdx2",7
"GO:0046686","BP","GO:0046686","response to cadmium ion","3/136","40/28891",0.000887393504604591,0.0131824480087852,0.00937705603057965,"Jun/Fos/Alad",3
"GO:0018212","BP","GO:0018212","peptidyl-tyrosine modification","7/136","324/28891",0.000888704360142822,0.0131824480087852,0.00937705603057965,"Csf2/Il22/Kit/Socs1/Igf1r/Icam1/Spink1",7
"GO:0071887","BP","GO:0071887","leukocyte apoptotic process","5/136","157/28891",0.000903152435636382,0.0133174903526974,0.00947311555036853,"Fcer1g/Myc/Il2ra/Lgals3/Anxa1",5
"GO:0002699","BP","GO:0002699","positive regulation of immune effector process","7/136","326/28891",0.000921049615563328,0.0135015037763754,0.00960400961367582,"Fcer1g/Xcl1/Tyrobp/Kit/Clnk/Klre1/Anxa1",7
"GO:0032692","BP","GO:0032692","negative regulation of interleukin-1 production","3/136","41/28891",0.000954170149504836,0.0136891670912697,0.00973749995002882,"Gstp1/Serpinb1a/Ceacam1",3
"GO:0050678","BP","GO:0050678","regulation of epithelial cell proliferation","8/136","426/28891",0.000954190704865533,0.0136891670912697,0.00973749995002882,"Reg3g/Myc/Jun/Zfp36/Pla2g2a/Ceacam1/Rgcc/Ecm1",8
"GO:0032762","BP","GO:0032762","mast cell cytokine production","2/136","10/28891",0.000965669160058765,0.0136891670912697,0.00973749995002882,"Fcer1g/Kit",2
"GO:0060312","BP","GO:0060312","regulation of blood vessel remodeling","2/136","10/28891",0.000965669160058765,0.0136891670912697,0.00973749995002882,"Cst3/Ceacam1",2
"GO:1902255","BP","GO:1902255","positive regulation of intrinsic apoptotic signaling pathway by p53 class mediator","2/136","10/28891",0.000965669160058765,0.0136891670912697,0.00973749995002882,"Myc/Rps7",2
"GO:0050777","BP","GO:0050777","negative regulation of immune response","6/136","239/28891",0.000966811158933978,0.0136891670912697,0.00973749995002882,"Gpx2/Lgals3/Klre1/Ceacam1/Isg15/Anxa1",6
"GO:1903035","BP","GO:1903035","negative regulation of response to wounding","4/136","94/28891",0.00103221194849982,0.0145326111619297,0.0103374660795344,"Reg3b/Reg3g/Ceacam1/Anxa2",4
"GO:0002696","BP","GO:0002696","positive regulation of leukocyte activation","8/136","432/28891",0.00104342756786374,0.0146079859500923,0.0103910823434804,"Fcer1g/Xcl1/Tyrobp/Il2ra/Socs1/Tnfsf14/Cd83/Anxa1",8
"GO:1904019","BP","GO:1904019","epithelial cell apoptotic process","5/136","163/28891",0.00106783521430718,0.0148646541379542,0.0105736578391125,"Myc/Zfp36/Igf1r/Icam1/Rgcc",5
"GO:0140747","BP","GO:0140747","regulation of ncRNA transcription","4/136","95/28891",0.00107369090884099,0.0148646541379542,0.0105736578391125,"Myc/Klf4/Jun/Fos",4
"GO:0032733","BP","GO:0032733","positive regulation of interleukin-10 production","3/136","43/28891",0.00109708068013362,0.0149394811742786,0.0106268844713548,"Fcer1g/Isg15/Cd83",3
"GO:1903670","BP","GO:1903670","regulation of sprouting angiogenesis","3/136","43/28891",0.00109708068013362,0.0149394811742786,0.0106268844713548,"Klf4/Ceacam1/S100a1",3
"GO:2000403","BP","GO:2000403","positive regulation of lymphocyte migration","3/136","43/28891",0.00109708068013362,0.0149394811742786,0.0106268844713548,"Cxcl10/Xcl1/Tnfsf14",3
"GO:0045576","BP","GO:0045576","mast cell activation","4/136","97/28891",0.00116013488115657,0.0155965157683453,0.0110942521559067,"Fcer1g/Kit/Clnk/Lat2",4
"GO:0002757","BP","GO:0002757","immune response-activating signaling pathway","8/136","440/28891",0.00117267811702644,0.0155965157683453,0.0110942521559067,"Reg3g/Nfkbia/Irf7/Fcer1g/Tyrobp/Lgals3/Klre1/Lat2",8
"GO:0006953","BP","GO:0006953","acute-phase response","3/136","44/28891",0.00117332320766578,0.0155965157683453,0.0110942521559067,"Reg3b/Reg3g/Saa1",3
"GO:0002357","BP","GO:0002357","defense response to tumor cell","2/136","11/28891",0.00117662317995542,0.0155965157683453,0.0110942521559067,"Klf4/Prdx2",2
"GO:0002858","BP","GO:0002858","regulation of natural killer cell mediated cytotoxicity directed against tumor cell target","2/136","11/28891",0.00117662317995542,0.0155965157683453,0.0110942521559067,"Klre1/Ceacam1",2
"GO:0097530","BP","GO:0097530","granulocyte migration","5/136","167/28891",0.00118935683304235,0.0156818900949287,0.0111549813803582,"Fcer1g/Cxcl10/Xcl1/Lgals3/Anxa1",5
"GO:0001933","BP","GO:0001933","negative regulation of protein phosphorylation","7/136","342/28891",0.00121456676842679,0.0159300020364187,0.0113314705708073,"Gstp1/Jun/Gadd45g/Socs1/Ceacam1/Pkig/Spink1",7
"GO:0043367","BP","GO:0043367","CD4-positive, alpha-beta T cell differentiation","4/136","99/28891",0.00125134248342909,0.0162606643797018,0.0115666802464382,"Gadd45g/Socs1/Cd83/Anxa1",4
"GO:0048147","BP","GO:0048147","negative regulation of fibroblast proliferation","3/136","45/28891",0.00125282807419854,0.0162606643797018,0.0115666802464382,"Myc/Gstp1/Socs1",3
"GO:0009913","BP","GO:0009913","epidermal cell differentiation","6/136","252/28891",0.00126844736387417,0.0163780872060852,0.0116502064944866,"Reg3b/Reg3g/Klf4/Maff/Zfp36/Anxa1",6
"GO:0002698","BP","GO:0002698","negative regulation of immune effector process","5/136","170/28891",0.0012869999119591,0.0164291858925374,0.0116865544660949,"Bst2/Lgals3/Klre1/Ceacam1/Anxa1",5
"GO:0097529","BP","GO:0097529","myeloid leukocyte migration","6/136","253/28891",0.00129432106133744,0.0164291858925374,0.0116865544660949,"Fcer1g/Cxcl10/Xcl1/Kit/Lgals3/Anxa1",6
"GO:2001234","BP","GO:2001234","negative regulation of apoptotic signaling pathway","6/136","253/28891",0.00129432106133744,0.0164291858925374,0.0116865544660949,"Gstp1/Csf2/Lmna/Lgals3/Icam1/Prdx2",6
"GO:0045638","BP","GO:0045638","negative regulation of myeloid cell differentiation","4/136","100/28891",0.00129877593131214,0.0164291858925374,0.0116865544660949,"Nfkbia/Myc/Zfp36/Ceacam1",4
"GO:0035914","BP","GO:0035914","skeletal muscle cell differentiation","4/136","101/28891",0.00134745219586935,0.0168839393146643,0.0120100337103551,"Myc/Fos/Maff/Atf3",4
"GO:0032418","BP","GO:0032418","lysosome localization","4/136","102/28891",0.00139738854116984,0.0168839393146643,0.0120100337103551,"Fcer1g/Kit/Clnk/Lat2",4
"GO:1990849","BP","GO:1990849","vacuolar localization","4/136","102/28891",0.00139738854116984,0.0168839393146643,0.0120100337103551,"Fcer1g/Kit/Clnk/Lat2",4
"GO:0010466","BP","GO:0010466","negative regulation of peptidase activity","6/136","257/28891",0.00140187538812053,0.0168839393146643,0.0120100337103551,"Klf4/Serpinb1a/Serpina3g/Cst3/Spink1/Ecm1",6
"GO:0072593","BP","GO:0072593","reactive oxygen species metabolic process","6/136","257/28891",0.00140187538812053,0.0168839393146643,0.0120100337103551,"Gstp1/Il22/Tyrobp/Ddit4/Aldh2/Prdx2",6
"GO:0002420","BP","GO:0002420","natural killer cell mediated cytotoxicity directed against tumor cell target","2/136","12/28891",0.00140759591823603,0.0168839393146643,0.0120100337103551,"Klre1/Ceacam1",2
"GO:0002855","BP","GO:0002855","regulation of natural killer cell mediated immune response to tumor cell","2/136","12/28891",0.00140759591823603,0.0168839393146643,0.0120100337103551,"Klre1/Ceacam1",2
"GO:0045617","BP","GO:0045617","negative regulation of keratinocyte differentiation","2/136","12/28891",0.00140759591823603,0.0168839393146643,0.0120100337103551,"Reg3b/Reg3g",2
"GO:0097011","BP","GO:0097011","cellular response to granulocyte macrophage colony-stimulating factor stimulus","2/136","12/28891",0.00140759591823603,0.0168839393146643,0.0120100337103551,"Csf2/Zfp36",2
"GO:0106015","BP","GO:0106015","negative regulation of inflammatory response to wounding","2/136","12/28891",0.00140759591823603,0.0168839393146643,0.0120100337103551,"Reg3b/Reg3g",2
"GO:0032956","BP","GO:0032956","regulation of actin cytoskeleton organization","7/136","351/28891",0.00140925336173763,0.0168839393146643,0.0120100337103551,"Bst2/Capg/Rnh1/Sdc4/Dstn/Icam1/Rgcc",7
"GO:0050867","BP","GO:0050867","positive regulation of cell activation","8/136","454/28891",0.00142941720008166,0.0170435773330311,0.0121235888438052,"Fcer1g/Xcl1/Tyrobp/Il2ra/Socs1/Tnfsf14/Cd83/Anxa1",8
"GO:0046635","BP","GO:0046635","positive regulation of alpha-beta T cell activation","4/136","103/28891",0.00144860220843479,0.0171900795400929,0.0122278000952591,"Xcl1/Socs1/Cd83/Anxa1",4
"GO:0051348","BP","GO:0051348","negative regulation of transferase activity","6/136","260/28891",0.00148691982684278,0.017561157386219,0.012491758485424,"Gstp1/Gadd45g/Zfp36/Rps7/Ceacam1/Pkig",6
"GO:0002687","BP","GO:0002687","positive regulation of leukocyte migration","5/136","176/28891",0.00149989720612742,0.0175622870942037,0.012492562079344,"Cxcl10/Xcl1/Lgals3/Tnfsf14/Icam1",5
"GO:0010586","BP","GO:0010586","miRNA metabolic process","4/136","104/28891",0.00150111041375016,0.0175622870942037,0.012492562079344,"Myc/Klf4/Jun/Fos",4
"GO:0051346","BP","GO:0051346","negative regulation of hydrolase activity","7/136","356/28891",0.00152748669479822,0.0177873684272765,0.0126526689328097,"Klf4/Serpinb1a/Serpina3g/Cst3/Spink1/Anxa1/Ecm1",7
"GO:0048525","BP","GO:0048525","negative regulation of viral process","4/136","105/28891",0.00155493034581673,0.0180227275431409,0.0128200866700385,"Bst2/Ifitm3/Zfp36/Isg15",4
"GO:0090257","BP","GO:0090257","regulation of muscle system process","6/136","263/28891",0.00157584315284059,0.0181021057497337,0.0128765506811487,"Klf4/Kit/Grcc10/Lmna/Atp1b1/Pde5a",6
"GO:0002367","BP","GO:0002367","cytokine production involved in immune response","5/136","178/28891",0.00157630696135321,0.0181021057497337,0.0128765506811487,"Fcer1g/Bst2/Xcl1/Kit/Clnk",5
"GO:0002223","BP","GO:0002223","stimulatory C-type lectin receptor signaling pathway","2/136","13/28891",0.00165839702360834,0.0183196009024733,0.0130312612654241,"Tyrobp/Klre1",2
"GO:0002423","BP","GO:0002423","natural killer cell mediated immune response to tumor cell","2/136","13/28891",0.00165839702360834,0.0183196009024733,0.0130312612654241,"Klre1/Ceacam1",2
"GO:0010749","BP","GO:0010749","regulation of nitric oxide mediated signal transduction","2/136","13/28891",0.00165839702360834,0.0183196009024733,0.0130312612654241,"Pde5a/Spink1",2
"GO:0014745","BP","GO:0014745","negative regulation of muscle adaptation","2/136","13/28891",0.00165839702360834,0.0183196009024733,0.0130312612654241,"Klf4/Lmna",2
"GO:0035726","BP","GO:0035726","common myeloid progenitor cell proliferation","2/136","13/28891",0.00165839702360834,0.0183196009024733,0.0130312612654241,"Gstp1/Ceacam1",2
"GO:0097012","BP","GO:0097012","response to granulocyte macrophage colony-stimulating factor","2/136","13/28891",0.00165839702360834,0.0183196009024733,0.0130312612654241,"Csf2/Zfp36",2
"GO:1990840","BP","GO:1990840","response to lectin","2/136","13/28891",0.00165839702360834,0.0183196009024733,0.0130312612654241,"Tyrobp/Klre1",2
"GO:1990858","BP","GO:1990858","cellular response to lectin","2/136","13/28891",0.00165839702360834,0.0183196009024733,0.0130312612654241,"Tyrobp/Klre1",2
"GO:0002437","BP","GO:0002437","inflammatory response to antigenic stimulus","4/136","107/28891",0.00166657399483882,0.0183196009024733,0.0130312612654241,"Fcer1g/Gpx2/Il2ra/Icam1",4
"GO:0050730","BP","GO:0050730","regulation of peptidyl-tyrosine phosphorylation","6/136","266/28891",0.00166875979328308,0.0183196009024733,0.0130312612654241,"Csf2/Il22/Kit/Socs1/Icam1/Spink1",6
"GO:0042092","BP","GO:0042092","type 2 immune response","3/136","50/28891",0.00170107281732082,0.018592427459489,0.0132253306757538,"Xcl1/Anxa1/Ecm1",3
"GO:1902041","BP","GO:1902041","regulation of extrinsic apoptotic signaling pathway via death domain receptors","3/136","51/28891",0.00180121001868716,0.0196009404653642,0.0139427151067303,"Lgals3/Atf3/Icam1",3
"GO:0051251","BP","GO:0051251","positive regulation of lymphocyte activation","7/136","367/28891",0.00181483044573874,0.0196632933512215,0.0139870685154418,"Xcl1/Tyrobp/Il2ra/Socs1/Tnfsf14/Cd83/Anxa1",7
"GO:0010951","BP","GO:0010951","negative regulation of endopeptidase activity","5/136","184/28891",0.00182273906860045,0.0196634881339928,0.0139872070700532,"Klf4/Serpinb1a/Serpina3g/Cst3/Spink1",5
"GO:0030593","BP","GO:0030593","neutrophil chemotaxis","4/136","110/28891",0.00184430531918855,0.0198103829974908,0.0140916976293717,"Fcer1g/Cxcl10/Xcl1/Lgals3",4
"GO:0042060","BP","GO:0042060","wound healing","7/136","370/28891",0.00190004898934943,0.0202812783800568,0.0144266591163367,"Reg3g/Fcer1g/Sdc4/Ceacam1/Anxa2/Anxa1/Prdx2",7
"GO:0002755","BP","GO:0002755","MyD88-dependent toll-like receptor signaling pathway","2/136","14/28891",0.00192883747033445,0.0202812783800568,0.0144266591163367,"Reg3g/Irf7",2
"GO:0010820","BP","GO:0010820","positive regulation of T cell chemotaxis","2/136","14/28891",0.00192883747033445,0.0202812783800568,0.0144266591163367,"Xcl1/Tnfsf14",2
"GO:0032717","BP","GO:0032717","negative regulation of interleukin-8 production","2/136","14/28891",0.00192883747033445,0.0202812783800568,0.0144266591163367,"Klf4/Anxa1",2
"GO:0106014","BP","GO:0106014","regulation of inflammatory response to wounding","2/136","14/28891",0.00192883747033445,0.0202812783800568,0.0144266591163367,"Reg3b/Reg3g",2
"GO:0042326","BP","GO:0042326","negative regulation of phosphorylation","7/136","372/28891",0.00195856506424772,0.0205073283197703,0.0145874549676832,"Gstp1/Jun/Gadd45g/Socs1/Ceacam1/Pkig/Spink1",7
"GO:0031103","BP","GO:0031103","axon regeneration","3/136","53/28891",0.00201234976046567,0.0205523590290183,0.0146194866118386,"Klf4/Jun/Igf1r",3
"GO:0042088","BP","GO:0042088","T-helper 1 type immune response","3/136","53/28891",0.00201234976046567,0.0205523590290183,0.0146194866118386,"Xcl1/Gadd45g/Anxa1",3
"GO:0046456","BP","GO:0046456","icosanoid biosynthetic process","3/136","53/28891",0.00201234976046567,0.0205523590290183,0.0146194866118386,"Pla2g2a/Anxa1/Mgst3",3
"GO:0046638","BP","GO:0046638","positive regulation of alpha-beta T cell differentiation","3/136","53/28891",0.00201234976046567,0.0205523590290183,0.0146194866118386,"Socs1/Cd83/Anxa1",3
"GO:0071385","BP","GO:0071385","cellular response to glucocorticoid stimulus","3/136","53/28891",0.00201234976046567,0.0205523590290183,0.0146194866118386,"Zfp36/Ddit4/Anxa1",3
"GO:1990748","BP","GO:1990748","cellular detoxification","3/136","53/28891",0.00201234976046567,0.0205523590290183,0.0146194866118386,"Gpx2/Aldh2/Prdx2",3
"GO:0050870","BP","GO:0050870","positive regulation of T cell activation","6/136","277/28891",0.00204549822386025,0.0207539623653739,0.0147628928881007,"Xcl1/Il2ra/Socs1/Tnfsf14/Cd83/Anxa1",6
"GO:0009612","BP","GO:0009612","response to mechanical stimulus","5/136","189/28891",0.00204874588358025,0.0207539623653739,0.0147628928881007,"Nfkbia/Myc/Jun/Fos/Kit",5
"GO:0045580","BP","GO:0045580","regulation of T cell differentiation","5/136","190/28891",0.00209629431819825,0.0211132412178336,0.0150184583132685,"Il2ra/Socs1/Cd83/Anxa1/Prdx2",5
"GO:0002720","BP","GO:0002720","positive regulation of cytokine production involved in immune response","4/136","114/28891",0.00210115723195134,0.0211132412178336,0.0150184583132685,"Fcer1g/Xcl1/Kit/Clnk",4
"GO:0045581","BP","GO:0045581","negative regulation of T cell differentiation","3/136","54/28891",0.00212344259012876,0.0211664757384034,0.0150563255653761,"Socs1/Anxa1/Prdx2",3
"GO:0048247","BP","GO:0048247","lymphocyte chemotaxis","3/136","54/28891",0.00212344259012876,0.0211664757384034,0.0150563255653761,"Cxcl10/Xcl1/Tnfsf14",3
"GO:0110053","BP","GO:0110053","regulation of actin filament organization","6/136","280/28891",0.00215859537591828,0.0214311540907903,0.0152445989224004,"Capg/Rnh1/Sdc4/Dstn/Icam1/Rgcc",6
"GO:0043370","BP","GO:0043370","regulation of CD4-positive, alpha-beta T cell differentiation","3/136","55/28891",0.00223827613961716,0.022013744643304,0.0156590124099535,"Socs1/Cd83/Anxa1",3
"GO:0045639","BP","GO:0045639","positive regulation of myeloid cell differentiation","4/136","116/28891",0.00223840565439109,0.022013744643304,0.0156590124099535,"Jun/Tyrobp/Fos/Isg15",4
"GO:0048660","BP","GO:0048660","regulation of smooth muscle cell proliferation","5/136","193/28891",0.00224377654068989,0.022013744643304,0.0156590124099535,"Myc/Gstp1/Klf4/Jun/Igf1r",5
"GO:0002449","BP","GO:0002449","lymphocyte mediated immunity","8/136","489/28891",0.00226939642945011,0.0221777878517242,0.0157757010823281,"Irf7/Fcer1g/Xcl1/Clnk/Klre1/Ceacam1/Icam1/Stx11",8
"GO:0002429","BP","GO:0002429","immune response-activating cell surface receptor signaling pathway","6/136","284/28891",0.00231666416989656,0.0225512777788368,0.0160413752553693,"Nfkbia/Fcer1g/Tyrobp/Lgals3/Klre1/Lat2",6
"GO:0000302","BP","GO:0000302","response to reactive oxygen species","5/136","195/28891",0.00234620834751947,0.0226771364810668,0.0161309021855692,"Gstp1/Jun/Fos/Anxa1/Prdx2",5
"GO:0019083","BP","GO:0019083","viral transcription","3/136","56/28891",0.00235689339831313,0.0226771364810668,0.0161309021855692,"Jun/Ifitm3/Zfp36",3
"GO:0045071","BP","GO:0045071","negative regulation of viral genome replication","3/136","56/28891",0.00235689339831313,0.0226771364810668,0.0161309021855692,"Bst2/Ifitm3/Isg15",3
"GO:0045089","BP","GO:0045089","positive regulation of innate immune response","7/136","385/28891",0.00237376503695171,0.0227516248926295,0.0161838879442376,"Reg3g/Nfkbia/Irf7/Xcl1/Tyrobp/Clnk/Klre1",7
"GO:0001906","BP","GO:0001906","cell killing","6/136","286/28891",0.00239889618126425,0.022904403385864,0.0162925636993305,"Cxcl10/Tyrobp/Lgals3/Klre1/Ceacam1/Stx11",6
"GO:0006693","BP","GO:0006693","prostaglandin metabolic process","3/136","57/28891",0.00247933650905761,0.0235820861853876,0.0167746190488269,"Gstp1/Pla2g2a/Anxa1",3
"GO:0051014","BP","GO:0051014","actin filament severing","2/136","16/28891",0.00252788686404787,0.0238029849098295,0.0169317506919629,"Capg/Dstn",2
"GO:0055119","BP","GO:0055119","relaxation of cardiac muscle","2/136","16/28891",0.00252788686404787,0.0238029849098295,0.0169317506919629,"Atp1b1/Pde5a",2
"GO:0002228","BP","GO:0002228","natural killer cell mediated immunity","4/136","120/28891",0.00253121629257818,0.0238029849098295,0.0169317506919629,"Clnk/Klre1/Ceacam1/Stx11",4
"GO:0071346","BP","GO:0071346","cellular response to type II interferon","4/136","122/28891",0.00268704345682396,0.0251733544902455,0.0179065341562784,"Xcl1/Irf8/Capg/Stx11",4
"GO:0048659","BP","GO:0048659","smooth muscle cell proliferation","5/136","202/28891",0.00273161989399227,0.0253055642224116,0.0180005787575151,"Myc/Gstp1/Klf4/Jun/Igf1r",5
"GO:0070665","BP","GO:0070665","positive regulation of leukocyte proliferation","5/136","202/28891",0.00273161989399227,0.0253055642224116,0.0180005787575151,"Csf2/Xcl1/Il2ra/Kit/Anxa1",5
"GO:1902075","BP","GO:1902075","cellular response to salt","5/136","202/28891",0.00273161989399227,0.0253055642224116,0.0180005787575151,"Fosb/Ly6a/Ly6g/Jun/Fos",5
"GO:0043434","BP","GO:0043434","response to peptide hormone","7/136","396/28891",0.00277550641800684,0.0256168962728631,0.0182220382375186,"Reg3b/Reg3g/Serpina3g/Socs1/Ceacam1/Igf1r/Anxa1",7
"GO:0050830","BP","GO:0050830","defense response to Gram-positive bacterium","5/136","203/28891",0.00279020117404939,0.0256574956669043,0.0182509177591733,"Reg3b/Reg3g/Dmbt1/Pla2g2a/Sprr2a3",5
"GO:0008544","BP","GO:0008544","epidermis development","7/136","397/28891",0.00281446448490367,0.0257854613837498,0.0183419434697282,"Reg3b/Reg3g/Klf4/Maff/Zfp36/Igf1r/Anxa1",7
"GO:2000106","BP","GO:2000106","regulation of leukocyte apoptotic process","4/136","124/28891",0.00284932691204409,0.0259761379265961,0.0184775772021576,"Fcer1g/Myc/Lgals3/Anxa1",4
"GO:2000047","BP","GO:2000047","regulation of cell-cell adhesion mediated by cadherin","2/136","17/28891",0.00285612431456153,0.0259761379265961,0.0184775772021576,"Epcam/Rgcc",2
"GO:0097237","BP","GO:0097237","cellular response to toxic substance","3/136","60/28891",0.00287002986265436,0.0260076887917624,0.0185000202438658,"Gpx2/Aldh2/Prdx2",3
"GO:0045582","BP","GO:0045582","positive regulation of T cell differentiation","4/136","125/28891",0.00293293042672518,0.0264813863166636,0.018836974975611,"Il2ra/Socs1/Cd83/Anxa1",4
"GO:0032496","BP","GO:0032496","response to lipopolysaccharide","7/136","401/28891",0.00297451380482884,0.0267598859264746,0.0190350797922545,"Nfkbia/Gstp1/Cxcl10/Irf8/Zfp36/Mgst1/Prdx2",7
"GO:0032970","BP","GO:0032970","regulation of actin filament-based process","7/136","402/28891",0.00301559524799254,0.0270318825827245,0.0192285588701986,"Bst2/Capg/Rnh1/Sdc4/Dstn/Icam1/Rgcc",7
"GO:0051098","BP","GO:0051098","regulation of binding","7/136","405/28891",0.00314145320415527,0.0280591447482255,0.0199592801199678,"Myc/Klf4/Jun/Anxa2/Ckmt1/Ramp1/Pim2",7
"GO:0002730","BP","GO:0002730","regulation of dendritic cell cytokine production","2/136","18/28891",0.003203258097489,0.0281074618976851,0.0199936495039714,"Bst2/Kit",2
"GO:0045605","BP","GO:0045605","negative regulation of epidermal cell differentiation","2/136","18/28891",0.003203258097489,0.0281074618976851,0.0199936495039714,"Reg3b/Reg3g",2
"GO:0045655","BP","GO:0045655","regulation of monocyte differentiation","2/136","18/28891",0.003203258097489,0.0281074618976851,0.0199936495039714,"Myc/Jun",2
"GO:0045683","BP","GO:0045683","negative regulation of epidermis development","2/136","18/28891",0.003203258097489,0.0281074618976851,0.0199936495039714,"Reg3b/Reg3g",2
"GO:0140131","BP","GO:0140131","positive regulation of lymphocyte chemotaxis","2/136","18/28891",0.003203258097489,0.0281074618976851,0.0199936495039714,"Xcl1/Tnfsf14",2
"GO:0031102","BP","GO:0031102","neuron projection regeneration","3/136","63/28891",0.00329659353834413,0.0285246913109499,0.0202904368368842,"Klf4/Jun/Igf1r",3
"GO:0045620","BP","GO:0045620","negative regulation of lymphocyte differentiation","3/136","63/28891",0.00329659353834413,0.0285246913109499,0.0202904368368842,"Socs1/Anxa1/Prdx2",3
"GO:0071384","BP","GO:0071384","cellular response to corticosteroid stimulus","3/136","63/28891",0.00329659353834413,0.0285246913109499,0.0202904368368842,"Zfp36/Ddit4/Anxa1",3
"GO:0090303","BP","GO:0090303","positive regulation of wound healing","3/136","63/28891",0.00329659353834413,0.0285246913109499,0.0202904368368842,"Reg3g/Anxa1/Prdx2",3
"GO:0002040","BP","GO:0002040","sprouting angiogenesis","4/136","131/28891",0.00347002996390174,0.0299215040485921,0.0212840300827191,"Klf4/Ceacam1/S100a1/Anxa1",4
"GO:0002833","BP","GO:0002833","positive regulation of response to biotic stimulus","7/136","413/28891",0.00349677070667052,0.0300480114518135,0.0213740184526713,"Reg3g/Nfkbia/Irf7/Xcl1/Tyrobp/Clnk/Klre1",7
"GO:0002262","BP","GO:0002262","myeloid cell homeostasis","5/136","215/28891",0.00356602832028319,0.0300480114518135,0.0213740184526713,"Fcer1g/Kit/Zfp36/Isg15/Anxa1",5
"GO:0001820","BP","GO:0001820","serotonin secretion","2/136","19/28891",0.00356910569411589,0.0300480114518135,0.0213740184526713,"Fcer1g/Lgals3",2
"GO:0002371","BP","GO:0002371","dendritic cell cytokine production","2/136","19/28891",0.00356910569411589,0.0300480114518135,0.0213740184526713,"Bst2/Kit",2
"GO:0032897","BP","GO:0032897","negative regulation of viral transcription","2/136","19/28891",0.00356910569411589,0.0300480114518135,0.0213740184526713,"Ifitm3/Zfp36",2
"GO:0038093","BP","GO:0038093","Fc receptor signaling pathway","2/136","19/28891",0.00356910569411589,0.0300480114518135,0.0213740184526713,"Fcer1g/Kit",2
"GO:2000651","BP","GO:2000651","positive regulation of sodium ion transmembrane transporter activity","2/136","19/28891",0.00356910569411589,0.0300480114518135,0.0213740184526713,"Atp1b1/Scn1b",2
"GO:0071222","BP","GO:0071222","cellular response to lipopolysaccharide","6/136","312/28891",0.00367964049265256,0.0308742899248827,0.0219617741967992,"Nfkbia/Gstp1/Cxcl10/Irf8/Zfp36/Prdx2",6
"GO:0030193","BP","GO:0030193","regulation of blood coagulation","3/136","66/28891",0.00376003324924495,0.0311467011618181,0.0221555481779597,"Ceacam1/Anxa2/Prdx2",3
"GO:0060337","BP","GO:0060337","type I interferon-mediated signaling pathway","3/136","66/28891",0.00376003324924495,0.0311467011618181,0.0221555481779597,"Irf7/Ifitm3/Isg15",3
"GO:0071357","BP","GO:0071357","cellular response to type I interferon","3/136","66/28891",0.00376003324924495,0.0311467011618181,0.0221555481779597,"Irf7/Ifitm3/Isg15",3
"GO:0050829","BP","GO:0050829","defense response to Gram-negative bacterium","4/136","134/28891",0.00376210154482635,0.0311467011618181,0.0221555481779597,"Reg3b/Reg3g/Lypd8/Dmbt1",4
"GO:0046034","BP","GO:0046034","ATP metabolic process","4/136","135/28891",0.00386304788804139,0.0318765408509906,0.0226747042295633,"Myc/Ndufa3/Ndufa12/Atp1b1",4
"GO:0002237","BP","GO:0002237","response to molecule of bacterial origin","7/136","421/28891",0.00388196902315279,0.0319269531541147,0.0227105639568848,"Nfkbia/Gstp1/Cxcl10/Irf8/Zfp36/Mgst1/Prdx2",7
"GO:0031647","BP","GO:0031647","regulation of protein stability","6/136","316/28891",0.00391454646853184,0.032088979603886,0.0228258180505804,"Tyrobp/Dpm3/Lmna/Rps7/Atp1b1/Pim2",6
"GO:0009636","BP","GO:0009636","response to toxic substance","4/136","136/28891",0.0039658145563165,0.0324026553257073,0.0230489446517238,"Gpx2/Aldh2/Prdx2/Scn1b",4
"GO:0015850","BP","GO:0015850","organic hydroxy compound transport","6/136","318/28891",0.00403608643133411,0.0328690437479889,0.0233807002076596,"Nfkbia/Fcer1g/Myc/Lgals3/Ceacam1/Anxa2",6
"GO:0000768","BP","GO:0000768","syncytium formation by plasma membrane fusion","3/136","68/28891",0.00408994772500872,0.0328779023571669,0.02338700159224,"Cxcl10/Tyrobp/Tnfsf14",3
"GO:0032663","BP","GO:0032663","regulation of interleukin-2 production","3/136","68/28891",0.00408994772500872,0.0328779023571669,0.02338700159224,"Zfp36/Cd83/Anxa1",3
"GO:0140253","BP","GO:0140253","cell-cell fusion","3/136","68/28891",0.00408994772500872,0.0328779023571669,0.02338700159224,"Cxcl10/Tyrobp/Tnfsf14",3
"GO:1900046","BP","GO:1900046","regulation of hemostasis","3/136","68/28891",0.00408994772500872,0.0328779023571669,0.02338700159224,"Ceacam1/Anxa2/Prdx2",3
"GO:0033674","BP","GO:0033674","positive regulation of kinase activity","7/136","426/28891",0.00413859044536855,0.0331619530220528,0.023589055034695,"Kit/Socs1/Sdc4/Ceacam1/Igf1r/Pde5a/Rgcc",7
"GO:0046632","BP","GO:0046632","alpha-beta T cell differentiation","4/136","138/28891",0.00417687009726512,0.0332548251833376,0.0236551176855371,"Gadd45g/Socs1/Cd83/Anxa1",4
"GO:1990266","BP","GO:1990266","neutrophil migration","4/136","138/28891",0.00417687009726512,0.0332548251833376,0.0236551176855371,"Fcer1g/Cxcl10/Xcl1/Lgals3",4
"GO:0051054","BP","GO:0051054","positive regulation of DNA metabolic process","6/136","321/28891",0.00422361151590075,0.0335198722854289,0.0238436533448772,"Myc/Klf4/Jun/Cst3/Igf1r/Rgcc",6
"GO:0045619","BP","GO:0045619","regulation of lymphocyte differentiation","5/136","224/28891",0.00424170394117028,0.033556591179036,0.0238697725544887,"Il2ra/Socs1/Cd83/Anxa1/Prdx2",5
"GO:0071219","BP","GO:0071219","cellular response to molecule of bacterial origin","6/136","322/28891",0.00428752953222577,0.0338117835262867,0.0240512982420659,"Nfkbia/Gstp1/Cxcl10/Irf8/Zfp36/Prdx2",6
"GO:0010563","BP","GO:0010563","negative regulation of phosphorus metabolic process","7/136","430/28891",0.00435299482275225,0.0341121481078573,0.02426495624467,"Gstp1/Jun/Gadd45g/Socs1/Ceacam1/Pkig/Spink1",7
"GO:0045936","BP","GO:0045936","negative regulation of phosphate metabolic process","7/136","430/28891",0.00435299482275225,0.0341121481078573,0.02426495624467,"Gstp1/Jun/Gadd45g/Socs1/Ceacam1/Pkig/Spink1",7
"GO:0033559","BP","GO:0033559","unsaturated fatty acid metabolic process","4/136","140/28891",0.00439538978788615,0.0343363992207281,0.0244244725385259,"Gstp1/Pla2g2a/Anxa1/Mgst3",4
"GO:0006801","BP","GO:0006801","superoxide metabolic process","3/136","70/28891",0.00443693576493288,0.0343380246155675,0.0244256287288231,"Gstp1/Tyrobp/Prdx2",3
"GO:0006949","BP","GO:0006949","syncytium formation","3/136","70/28891",0.00443693576493288,0.0343380246155675,0.0244256287288231,"Cxcl10/Tyrobp/Tnfsf14",3
"GO:0070098","BP","GO:0070098","chemokine-mediated signaling pathway","3/136","70/28891",0.00443693576493288,0.0343380246155675,0.0244256287288231,"Cxcl10/Xcl1/Ccrl2",3
"GO:0001776","BP","GO:0001776","leukocyte homeostasis","4/136","141/28891",0.00450748632275987,0.0345620182040541,0.0245849618381461,"Fcer1g/Il2ra/Anxa1/Prdx2",4
"GO:0032609","BP","GO:0032609","type II interferon production","4/136","141/28891",0.00450748632275987,0.0345620182040541,0.0245849618381461,"Gadd45g/Irf8/Klre1/Isg15",4
"GO:0045621","BP","GO:0045621","positive regulation of lymphocyte differentiation","4/136","141/28891",0.00450748632275987,0.0345620182040541,0.0245849618381461,"Il2ra/Socs1/Cd83/Anxa1",4
"GO:0043393","BP","GO:0043393","regulation of protein binding","5/136","228/28891",0.00456953934127022,0.0349303436762128,0.0248469623852084,"Myc/Anxa2/Ckmt1/Ramp1/Pim2",5
"GO:0050818","BP","GO:0050818","regulation of coagulation","3/136","71/28891",0.00461691164223753,0.0350772677209022,0.0249514737019512,"Ceacam1/Anxa2/Prdx2",3
"GO:0098754","BP","GO:0098754","detoxification","3/136","71/28891",0.00461691164223753,0.0350772677209022,0.0249514737019512,"Gpx2/Aldh2/Prdx2",3
"GO:0010631","BP","GO:0010631","epithelial cell migration","6/136","328/28891",0.00468617116266782,0.0354184865526238,0.0251941925127222,"Klf4/Jun/Kit/Ceacam1/Rgcc/Anxa1",6
"GO:0051090","BP","GO:0051090","regulation of DNA-binding transcription factor activity","7/136","436/28891",0.00469024902181616,0.0354184865526238,0.0251941925127222,"Nfkbia/Klf4/Kit/Igf1r/Icam1/Rgcc/Prdx2",7
"GO:0043254","BP","GO:0043254","regulation of protein-containing complex assembly","7/136","437/28891",0.00474832392709786,0.035642503703091,0.0253535423823626,"Csf2/Capg/Lgals3/Cldn7/Isg15/Xaf1/Icam1",7
"GO:0016032","BP","GO:0016032","viral process","6/136","329/28891",0.00475517802735695,0.035642503703091,0.0253535423823626,"Bst2/Jun/Ifitm3/Zfp36/Isg15/Icam1",6
"GO:0048245","BP","GO:0048245","eosinophil chemotaxis","2/136","22/28891",0.00477712529567913,0.035642503703091,0.0253535423823626,"Xcl1/Lgals3",2
"GO:0050910","BP","GO:0050910","detection of mechanical stimulus involved in sensory perception of sound","2/136","22/28891",0.00477712529567913,0.035642503703091,0.0253535423823626,"Myc/Kit",2
"GO:0090132","BP","GO:0090132","epithelium migration","6/136","330/28891",0.0048249308809262,0.0358917246425913,0.0255308204351287,"Klf4/Jun/Kit/Ceacam1/Rgcc/Anxa1",6
"GO:0090130","BP","GO:0090130","tissue migration","6/136","332/28891",0.00496669357972436,0.0367862547041074,0.0261671255054984,"Klf4/Jun/Kit/Ceacam1/Rgcc/Anxa1",6
"GO:0034614","BP","GO:0034614","cellular response to reactive oxygen species","4/136","145/28891",0.00497513036617564,0.0367862547041074,0.0261671255054984,"Jun/Fos/Anxa1/Prdx2",4
"GO:0034340","BP","GO:0034340","response to type I interferon","3/136","73/28891",0.00498997927907206,0.0367862547041074,0.0261671255054984,"Irf7/Ifitm3/Isg15",3
"GO:0000082","BP","GO:0000082","G1/S transition of mitotic cell cycle","5/136","233/28891",0.00500422967283002,0.0367862547041074,0.0261671255054984,"Myc/Klf4/Rgcc/Anxa1/Pim2",5
"GO:0035456","BP","GO:0035456","response to interferon-beta","3/136","74/28891",0.00518312975661988,0.0378198110261223,0.0269023239705964,"Bst2/Ifitm3/Xaf1",3
"GO:2000144","BP","GO:2000144","positive regulation of DNA-templated transcription initiation","3/136","74/28891",0.00518312975661988,0.0378198110261223,0.0269023239705964,"Nfkbia/Myc/Jun",3
"GO:1903672","BP","GO:1903672","positive regulation of sprouting angiogenesis","2/136","23/28891",0.0052160283941402,0.0378198110261223,0.0269023239705964,"Klf4/S100a1",2
"GO:0006119","BP","GO:0006119","oxidative phosphorylation","4/136","147/28891",0.00522071227647915,0.0378198110261223,0.0269023239705964,"Myc/Uqcr11/Ndufa3/Ndufa12",4
"GO:0006690","BP","GO:0006690","icosanoid metabolic process","4/136","147/28891",0.00522071227647915,0.0378198110261223,0.0269023239705964,"Gstp1/Pla2g2a/Anxa1/Mgst3",4
"GO:0002700","BP","GO:0002700","regulation of production of molecular mediator of immune response","5/136","236/28891",0.00527869855541268,0.0381290342031548,0.0271222833480243,"Fcer1g/Bst2/Xcl1/Kit/Clnk",5
"GO:0003012","BP","GO:0003012","muscle system process","7/136","446/28891",0.0052957458648183,0.0381416147258012,0.0271312322371585,"Klf4/Kit/Grcc10/Lmna/Atp1b1/Pde5a/Scn1b",7
"GO:0002763","BP","GO:0002763","positive regulation of myeloid leukocyte differentiation","3/136","75/28891",0.00538072930918465,0.038530969650828,0.0274081916414608,"Jun/Tyrobp/Fos",3
"GO:0046637","BP","GO:0046637","regulation of alpha-beta T cell differentiation","3/136","75/28891",0.00538072930918465,0.038530969650828,0.0274081916414608,"Socs1/Cd83/Anxa1",3
"GO:0070374","BP","GO:0070374","positive regulation of ERK1 and ERK2 cascade","5/136","239/28891",0.00556366581109903,0.0396363288071845,0.0281944655365797,"Jun/Xcl1/Pla2g2a/Gcnt2/Icam1",5
"GO:0019080","BP","GO:0019080","viral gene expression","3/136","76/28891",0.00558280554226395,0.0396363288071845,0.0281944655365797,"Jun/Ifitm3/Zfp36",3
"GO:0051926","BP","GO:0051926","negative regulation of calcium ion transport","3/136","76/28891",0.00558280554226395,0.0396363288071845,0.0281944655365797,"Gem/Icam1/Spink1",3
"GO:0034114","BP","GO:0034114","regulation of heterotypic cell-cell adhesion","2/136","24/28891",0.00567275172024704,0.0399336081549594,0.0284059289232709,"Klf4/Gcnt2",2
"GO:0042398","BP","GO:0042398","cellular modified amino acid biosynthetic process","2/136","24/28891",0.00567275172024704,0.0399336081549594,0.0284059289232709,"Ckmt1/Ckb",2
"GO:2000010","BP","GO:2000010","positive regulation of protein localization to cell surface","2/136","24/28891",0.00567275172024704,0.0399336081549594,0.0284059289232709,"Fcer1g/Tyrobp",2
"GO:0051928","BP","GO:0051928","positive regulation of calcium ion transport","4/136","151/28891",0.00573597180514863,0.0401611222816353,0.0285677662930953,"Cxcl10/Lgals3/Atp1b1/S100a1",4
"GO:0002706","BP","GO:0002706","regulation of lymphocyte mediated immunity","5/136","241/28891",0.00575957974075997,0.0401611222816353,0.0285677662930953,"Fcer1g/Xcl1/Clnk/Klre1/Ceacam1",5
"GO:1904036","BP","GO:1904036","negative regulation of epithelial cell apoptotic process","3/136","77/28891",0.00578938537320115,0.0401611222816353,0.0285677662930953,"Myc/Igf1r/Icam1",3
"GO:2000573","BP","GO:2000573","positive regulation of DNA biosynthetic process","3/136","77/28891",0.00578938537320115,0.0401611222816353,0.0285677662930953,"Myc/Klf4/Rgcc",3
"GO:0071900","BP","GO:0071900","regulation of protein serine/threonine kinase activity","6/136","343/28891",0.00580176726379965,0.0401611222816353,0.0285677662930953,"Gstp1/Kit/Ceacam1/Pkig/Pde5a/Rgcc",6
"GO:1902074","BP","GO:1902074","response to salt","6/136","343/28891",0.00580176726379965,0.0401611222816353,0.0285677662930953,"Fosb/Ly6a/Ly6g/Jun/Fos/Igf1r",6
"GO:0001936","BP","GO:0001936","regulation of endothelial cell proliferation","4/136","153/28891",0.00600587522454767,0.0413443123192618,0.0294094035421293,"Jun/Pla2g2a/Rgcc/Ecm1",4
"GO:0072331","BP","GO:0072331","signal transduction by p53 class mediator","4/136","153/28891",0.00600587522454767,0.0413443123192618,0.0294094035421293,"Rpl37/Myc/Rps7/Ddit4",4
"GO:0052547","BP","GO:0052547","regulation of peptidase activity","7/136","457/28891",0.00602775821362875,0.041380643163534,0.0294352467210405,"Myc/Klf4/Serpinb1a/Serpina3g/Cst3/Spink1/Ecm1",7
"GO:0009410","BP","GO:0009410","response to xenobiotic stimulus","6/136","346/28891",0.00604631224731827,0.0413911529513778,0.0294427226366986,"Myc/Gstp1/Jun/Fos/Mgst1/Alad",6
"GO:0002758","BP","GO:0002758","innate immune response-activating signaling pathway","5/136","244/28891",0.00606250835764562,0.0413911529513778,0.0294427226366986,"Reg3g/Nfkbia/Irf7/Tyrobp/Klre1",5
"GO:0010743","BP","GO:0010743","regulation of macrophage derived foam cell differentiation","2/136","25/28891",0.0061471203040469,0.0415138856305823,0.0295300259364284,"Nfkbia/Csf2",2
"GO:0032930","BP","GO:0032930","positive regulation of superoxide anion generation","2/136","25/28891",0.0061471203040469,0.0415138856305823,0.0295300259364284,"Gstp1/Tyrobp",2
"GO:1901739","BP","GO:1901739","regulation of myoblast fusion","2/136","25/28891",0.0061471203040469,0.0415138856305823,0.0295300259364284,"Cxcl10/Tnfsf14",2
"GO:1902307","BP","GO:1902307","positive regulation of sodium ion transmembrane transport","2/136","25/28891",0.0061471203040469,0.0415138856305823,0.0295300259364284,"Atp1b1/Scn1b",2
"GO:0046633","BP","GO:0046633","alpha-beta T cell proliferation","3/136","79/28891",0.00621616010080655,0.0417538301110779,0.0297007053759632,"Myc/Xcl1/Il2ra",3
"GO:0048146","BP","GO:0048146","positive regulation of fibroblast proliferation","3/136","79/28891",0.00621616010080655,0.0417538301110779,0.0297007053759632,"Myc/Jun/Anxa2",3
"GO:0009895","BP","GO:0009895","negative regulation of catabolic process","6/136","349/28891",0.00629829835718185,0.0420787118125929,0.0299318031141364,"Zfp36/Cst3/Rps7/Ddit4/Anxa2/Alad",6
"GO:0071216","BP","GO:0071216","cellular response to biotic stimulus","6/136","349/28891",0.00629829835718185,0.0420787118125929,0.0299318031141364,"Nfkbia/Gstp1/Cxcl10/Irf8/Zfp36/Prdx2",6
"GO:0060759","BP","GO:0060759","regulation of response to cytokine stimulus","4/136","156/28891",0.00642638389534249,0.042432598935558,0.0301835332463798,"Irf7/Klf4/Isg15/Ecm1",4
"GO:0141060","BP","GO:0141060","disruption of anatomical structure in another organism","4/136","156/28891",0.00642638389534249,0.042432598935558,0.0301835332463798,"Reg3b/Reg3g/Cxcl10/Lgals3",4
"GO:0060761","BP","GO:0060761","negative regulation of response to cytokine stimulus","3/136","80/28891",0.00643640545651722,0.042432598935558,0.0301835332463798,"Klf4/Isg15/Ecm1",3
"GO:1990868","BP","GO:1990868","response to chemokine","3/136","80/28891",0.00643640545651722,0.042432598935558,0.0301835332463798,"Cxcl10/Xcl1/Ccrl2",3
"GO:1990869","BP","GO:1990869","cellular response to chemokine","3/136","80/28891",0.00643640545651722,0.042432598935558,0.0301835332463798,"Cxcl10/Xcl1/Ccrl2",3
"GO:0032984","BP","GO:0032984","protein-containing complex disassembly","5/136","248/28891",0.00648364224844535,0.0425190433766469,0.0302450236741883,"Myc/Capg/Ddit4/Igf1r/Dstn",5
"GO:0071560","BP","GO:0071560","cellular response to transforming growth factor beta stimulus","5/136","248/28891",0.00648364224844535,0.0425190433766469,0.0302450236741883,"Jun/Xcl1/Fos/Igf1r/Gcnt2",5
"GO:0046782","BP","GO:0046782","regulation of viral transcription","2/136","26/28891",0.00663896040679674,0.0431965778948759,0.0307269735469169,"Ifitm3/Zfp36",2
"GO:0072677","BP","GO:0072677","eosinophil migration","2/136","26/28891",0.00663896040679674,0.0431965778948759,0.0307269735469169,"Xcl1/Lgals3",2
"GO:2000561","BP","GO:2000561","regulation of CD4-positive, alpha-beta T cell proliferation","2/136","26/28891",0.00663896040679674,0.0431965778948759,0.0307269735469169,"Xcl1/Il2ra",2
"GO:0010632","BP","GO:0010632","regulation of epithelial cell migration","5/136","250/28891",0.00670172984199333,0.0434914342871026,0.030936713415342,"Klf4/Jun/Ceacam1/Rgcc/Anxa1",5
"GO:0002220","BP","GO:0002220","innate immune response activating cell surface receptor signaling pathway","3/136","82/28891",0.00689073334293996,0.0443713371850294,0.0315626137617595,"Nfkbia/Tyrobp/Klre1",3
"GO:0008625","BP","GO:0008625","extrinsic apoptotic signaling pathway via death domain receptors","3/136","82/28891",0.00689073334293996,0.0443713371850294,0.0315626137617595,"Lgals3/Atf3/Icam1",3
"GO:0032088","BP","GO:0032088","negative regulation of NF-kappaB transcription factor activity","3/136","82/28891",0.00689073334293996,0.0443713371850294,0.0315626137617595,"Nfkbia/Klf4/Prdx2",3
"GO:0071559","BP","GO:0071559","response to transforming growth factor beta","5/136","252/28891",0.00692491165128259,0.0444764944200933,0.0316374151404229,"Jun/Xcl1/Fos/Igf1r/Gcnt2",5
"GO:0009205","BP","GO:0009205","purine ribonucleoside triphosphate metabolic process","4/136","160/28891",0.00701684977478175,0.044951130176751,0.0319750372635164,"Myc/Ndufa3/Ndufa12/Atp1b1",4
"GO:0001667","BP","GO:0001667","ameboidal-type cell migration","7/136","471/28891",0.00706588044096136,0.0450336932452064,0.032033766758861,"Klf4/Jun/Kit/Sdc4/Ceacam1/Rgcc/Anxa1",7
"GO:0007015","BP","GO:0007015","actin filament organization","7/136","471/28891",0.00706588044096136,0.0450336932452064,0.032033766758861,"Capg/Rnh1/Sdc4/Trf/Dstn/Icam1/Rgcc",7
"GO:0002292","BP","GO:0002292","T cell differentiation involved in immune response","3/136","83/28891",0.00712486239711033,0.0450963645249766,0.0320783466503593,"Fcer1g/Gadd45g/Anxa1",3
"GO:0045471","BP","GO:0045471","response to ethanol","3/136","83/28891",0.00712486239711033,0.0450963645249766,0.0320783466503593,"Igf1r/Aldh2/Alad",3
"GO:0035739","BP","GO:0035739","CD4-positive, alpha-beta T cell proliferation","2/136","27/28891",0.00714809951338915,0.0450963645249766,0.0320783466503593,"Xcl1/Il2ra",2
"GO:0060143","BP","GO:0060143","positive regulation of syncytium formation by plasma membrane fusion","2/136","27/28891",0.00714809951338915,0.0450963645249766,0.0320783466503593,"Tyrobp/Tnfsf14",2
"GO:0006633","BP","GO:0006633","fatty acid biosynthetic process","4/136","161/28891",0.00716987387039637,0.0451195093056257,0.032094810201349,"Gstp1/Pla2g2a/Ceacam1/Anxa1",4
"GO:0052548","BP","GO:0052548","regulation of endopeptidase activity","6/136","360/28891",0.00728797432697722,0.0457471839365925,0.0325412932961147,"Myc/Klf4/Serpinb1a/Serpina3g/Cst3/Spink1",6
"GO:0140888","BP","GO:0140888","interferon-mediated signaling pathway","3/136","84/28891",0.00736366480545704,0.0461061625507511,0.0327966451531067,"Irf7/Ifitm3/Isg15",3
"GO:0030216","BP","GO:0030216","keratinocyte differentiation","4/136","163/28891",0.00748250220908593,0.0467328208146419,0.0332424052766144,"Reg3b/Reg3g/Zfp36/Anxa1",4
"GO:0070373","BP","GO:0070373","negative regulation of ERK1 and ERK2 cascade","3/136","85/28891",0.00760716223688352,0.0471568365530192,0.0335440199185961,"Gstp1/Klf4/Atf3",3
"GO:1901796","BP","GO:1901796","regulation of signal transduction by p53 class mediator","3/136","85/28891",0.00760716223688352,0.0471568365530192,0.0335440199185961,"Rpl37/Myc/Rps7",3
"GO:2000142","BP","GO:2000142","regulation of DNA-templated transcription initiation","3/136","85/28891",0.00760716223688352,0.0471568365530192,0.0335440199185961,"Nfkbia/Myc/Jun",3
"GO:0009259","BP","GO:0009259","ribonucleotide metabolic process","6/136","364/28891",0.00767431222137348,0.0472210392134698,0.0335896891254047,"Myc/Upp1/Ndufa3/Ndufa12/Atp1b1/Pde5a",6
"GO:0045063","BP","GO:0045063","T-helper 1 cell differentiation","2/136","28/28891",0.00767436632482154,0.0472210392134698,0.0335896891254047,"Gadd45g/Anxa1",2
"GO:0071276","BP","GO:0071276","cellular response to cadmium ion","2/136","28/28891",0.00767436632482154,0.0472210392134698,0.0335896891254047,"Jun/Fos",2
"GO:0072332","BP","GO:0072332","intrinsic apoptotic signaling pathway by p53 class mediator","3/136","86/28891",0.00785537573547684,0.0481854456948883,0.034275699311562,"Myc/Rps7/Ddit4",3
"GO:0044843","BP","GO:0044843","cell cycle G1/S phase transition","5/136","260/28891",0.0078697738354011,0.0481854456948883,0.034275699311562,"Myc/Klf4/Rgcc/Anxa1/Pim2",5
"GO:0032729","BP","GO:0032729","positive regulation of type II interferon production","3/136","87/28891",0.00810832572726209,0.0491385974415908,0.034953703679834,"Irf8/Klre1/Isg15",3
"GO:0034103","BP","GO:0034103","regulation of tissue remodeling","3/136","87/28891",0.00810832572726209,0.0491385974415908,0.034953703679834,"Cst3/Ceacam1/Trf",3
"GO:0006937","BP","GO:0006937","regulation of muscle contraction","4/136","167/28891",0.0081344352850066,0.0491385974415908,0.034953703679834,"Kit/Grcc10/Atp1b1/Pde5a",4
"GO:0009199","BP","GO:0009199","ribonucleoside triphosphate metabolic process","4/136","167/28891",0.0081344352850066,0.0491385974415908,0.034953703679834,"Myc/Ndufa3/Ndufa12/Atp1b1",4
"GO:0031099","BP","GO:0031099","regeneration","4/136","167/28891",0.0081344352850066,0.0491385974415908,0.034953703679834,"Klf4/Jun/Igf1r/Anxa1",4
"GO:0006091","BP","GO:0006091","generation of precursor metabolites and energy","7/136","484/28891",0.00814375631756701,0.0491385974415908,0.034953703679834,"Myc/Uqcr11/Ndufa3/Ndufa12/Tpi1/Ddit4/Fdx1",7
"GO:0045860","BP","GO:0045860","positive regulation of protein kinase activity","6/136","369/28891",0.00817777877636142,0.0492246973688229,0.0350149490449851,"Kit/Socs1/Sdc4/Ceacam1/Pde5a/Rgcc",6
"GO:0032928","BP","GO:0032928","regulation of superoxide anion generation","2/136","29/28891",0.00821759075070827,0.0492265292085697,0.0350162520855079,"Gstp1/Tyrobp",2
"GO:0034104","BP","GO:0034104","negative regulation of tissue remodeling","2/136","29/28891",0.00821759075070827,0.0492265292085697,0.0350162520855079,"Cst3/Ceacam1",2
"GO:0051100","BP","GO:0051100","negative regulation of binding","4/136","168/28891",0.00830304900744706,0.049500473986981,0.035211116919015,"Myc/Jun/Ckmt1/Pim2",4
"GO:2000377","BP","GO:2000377","regulation of reactive oxygen species metabolic process","4/136","168/28891",0.00830304900744706,0.049500473986981,0.035211116919015,"Gstp1/Tyrobp/Aldh2/Prdx2",4
"GO:0022626","CC","GO:0022626","cytosolic ribosome","8/140","142/28573",5.24525822432083e-07,0.000123788094093972,0.000102696634707755,"Uba52/Rpl37/Rpl9/Rpl31/Rps27/Rpl17-ps8/Rpl36a/Rps7",8
"GO:0044391","CC","GO:0044391","ribosomal subunit","9/140","215/28573",1.22181764209814e-06,0.000144174481767581,0.000119609516542239,"Uba52/Rpl37/Rpl9/Rpl31/Mrpl52/Rps27/Rpl17-ps8/Rpl36a/Rps7",9
"GO:0022625","CC","GO:0022625","cytosolic large ribosomal subunit","6/140","79/28573",2.5740951158121e-06,0.000202495482443886,0.000167993575979316,"Uba52/Rpl37/Rpl9/Rpl31/Rpl17-ps8/Rpl36a",6
"GO:0062023","CC","GO:0062023","collagen-containing extracellular matrix","11/140","396/28573",4.33065711265433e-06,0.000249068665285434,0.000206631452912983,"Reg3b/Reg3g/Dmbt1/Lgals4/Serpinb1a/Lgals3/Cst3/Trf/Anxa2/Anxa1/Ecm1",11
"GO:0015934","CC","GO:0015934","large ribosomal subunit","7/140","137/28573",5.27687850181005e-06,0.000249068665285434,0.000206631452912983,"Uba52/Rpl37/Rpl9/Rpl31/Mrpl52/Rpl17-ps8/Rpl36a",7
"GO:0005840","CC","GO:0005840","ribosome","9/140","267/28573",7.16249540108148e-06,0.000281724819109205,0.000233723534140553,"Uba52/Rpl37/Rpl9/Rpl31/Mrpl52/Rps27/Rpl17-ps8/Rpl36a/Rps7",9
"GO:0016328","CC","GO:0016328","lateral plasma membrane","5/140","73/28573",3.02093664633655e-05,0.00101848721219346,0.000844953708599395,"Cldn7/Ceacam1/Atp1b1/Epcam/Anxa1",5
"GO:0042383","CC","GO:0042383","sarcolemma","6/140","170/28573",0.00019730455894992,0.00582048448902264,0.00482876946903751,"Car4/Igf1r/Atp1b1/Anxa2/Anxa1/Scn1b",6
"GO:0090575","CC","GO:0090575","RNA polymerase II transcription regulator complex","7/140","249/28573",0.000235676133773134,0.0061799519522733,0.00512698957681906,"Myc/Jun/Fos/Maff/Atf3/Nfil3/Anxa2",7
"GO:0016324","CC","GO:0016324","apical plasma membrane","9/140","427/28573",0.000267169007633269,0.00630518858014515,0.00523088793892506,"Bst2/Car4/Ceacam1/Atp1b1/Muc13/Trf/Epcam/Muc17/Anxa1",9
"GO:0043209","CC","GO:0043209","myelin sheath","6/140","208/28573",0.000578382839751474,0.0124089409255771,0.0102946610711746,"Uba52/Atp1b1/Anxa2/Ckmt1/Ckb/Prdx2",6
"GO:0030141","CC","GO:0030141","secretory granule","9/140","498/28573",0.000806857257334865,0.0158681927275857,0.0131645131459899,"Reg3b/Reg3g/Dmbt1/Kit/Pla2g2a/Car4/Napsa/Sprr2a3/Hilpda",9
"GO:0022627","CC","GO:0022627","cytosolic small ribosomal subunit","3/140","45/28573",0.00140525458380887,0.0255107755214533,0.0211641581043279,"Uba52/Rps27/Rps7",3
"GO:0070062","CC","GO:0070062","extracellular exosome","4/140","104/28573",0.0017377735946829,0.0292938977389403,0.024302698391806,"Car4/Icam1/Anxa2/Anxa1",4
"GO:1903561","CC","GO:1903561","extracellular vesicle","4/140","118/28573",0.00275149073938591,0.0413642169297179,0.0343164333136821,"Car4/Icam1/Anxa2/Anxa1",4
"GO:0098802","CC","GO:0098802","plasma membrane signaling receptor complex","5/140","198/28573",0.0029773507718613,0.0413642169297179,0.0343164333136821,"Csf2/Ceacam1/Igf1r/Trf/Ramp1",5
"GO:0043230","CC","GO:0043230","extracellular organelle","4/140","127/28573",0.00358246613447775,0.0413642169297179,0.0343164333136821,"Car4/Icam1/Anxa2/Anxa1",4
"GO:0065010","CC","GO:0065010","extracellular membrane-bounded organelle","4/140","127/28573",0.00358246613447775,0.0413642169297179,0.0343164333136821,"Car4/Icam1/Anxa2/Anxa1",4
"GO:0009925","CC","GO:0009925","basal plasma membrane","6/140","301/28573",0.00375758637717912,0.0413642169297179,0.0343164333136821,"Cldn7/Ceacam1/Atp1b1/Trf/Anxa2/Epcam",6
"GO:0045121","CC","GO:0045121","membrane raft","6/140","301/28573",0.00375758637717912,0.0413642169297179,0.0343164333136821,"Fcer1g/Igf1r/Atp1b1/Icam1/Anxa2/Lat2",6
"GO:0098857","CC","GO:0098857","membrane microdomain","6/140","302/28573",0.00381863719406756,0.0413642169297179,0.0343164333136821,"Fcer1g/Igf1r/Atp1b1/Icam1/Anxa2/Lat2",6
"GO:0001533","CC","GO:0001533","cornified envelope","3/140","64/28573",0.00385598632395676,0.0413642169297179,0.0343164333136821,"Lgals3/Anxa2/Anxa1",3
"GO:0000791","CC","GO:0000791","euchromatin","3/140","69/28573",0.00476366174134906,0.0488793117807991,0.0405510793542758,"Myc/Klf4/Jun",3
"GO:0003735","MF","GO:0003735","structural constituent of ribosome","9/135","178/28407",1.93077695388766e-07,6.10125517428501e-05,4.73548452900869e-05,"Uba52/Rpl37/Rpl9/Rpl31/Mrpl52/Rps27/Rpl17-ps8/Rpl36a/Rps7",9
"GO:0004857","MF","GO:0004857","enzyme inhibitor activity","12/135","410/28407",6.52109023998739e-07,0.000103033225791801,7.99691592587928e-05,"Rpl37/Bst2/Serpinb1a/Serpina3g/Socs1/Rnh1/Cst3/Rps7/Anxa2/Pkig/Spink1/Anxa1",12
"GO:0004602","MF","GO:0004602","glutathione peroxidase activity","4/135","27/28407",7.86427213169768e-06,0.000801167915903827,0.000621825864109232,"Gstp1/Gpx2/Mgst1/Mgst3",4
"GO:0004601","MF","GO:0004601","peroxidase activity","5/135","61/28407",1.08113778885137e-05,0.000801167915903827,0.000621825864109232,"Gstp1/Gpx2/Mgst1/Prdx2/Mgst3",5
"GO:0016684","MF","GO:0016684","oxidoreductase activity, acting on peroxide as acceptor","5/135","63/28407",1.26767075301238e-05,0.000801167915903827,0.000621825864109232,"Gstp1/Gpx2/Mgst1/Prdx2/Mgst3",5
"GO:0016209","MF","GO:0016209","antioxidant activity","5/135","89/28407",6.78189161001571e-05,0.00357179624794161,0.00277224692128712,"Gstp1/Gpx2/Mgst1/Prdx2/Mgst3",5
"GO:0070492","MF","GO:0070492","oligosaccharide binding","3/135","19/28407",9.61966119442594e-05,0.00434258991062657,0.00337049783203195,"Reg3b/Reg3g/Lgals3",3
"GO:0070412","MF","GO:0070412","R-SMAD binding","3/135","26/28407",0.00025190497706117,0.00995024659391623,0.00772287627042799,"Jun/Fos/Rgcc",3
"GO:0004866","MF","GO:0004866","endopeptidase inhibitor activity","6/135","198/28407",0.000379015333004713,0.0133076494699433,0.0103287219403624,"Bst2/Serpinb1a/Serpina3g/Cst3/Anxa2/Spink1",6
"GO:0030414","MF","GO:0030414","peptidase inhibitor activity","6/135","205/28407",0.000455625927374795,0.013520403912872,0.0104938511382384,"Bst2/Serpinb1a/Serpina3g/Cst3/Anxa2/Spink1",6
"GO:0004364","MF","GO:0004364","glutathione transferase activity","3/135","32/28407",0.000470646971650606,0.013520403912872,0.0104938511382384,"Gstp1/Mgst1/Mgst3",3
"GO:0061135","MF","GO:0061135","endopeptidase regulator activity","6/135","217/28407",0.000614533260195429,0.0161827091851463,0.0125601973355732,"Bst2/Serpinb1a/Serpina3g/Cst3/Anxa2/Spink1",6
"GO:0019838","MF","GO:0019838","growth factor binding","5/135","146/28407",0.000679281288245503,0.0165117605450445,0.0128155902964536,"Reg3b/Rpl37/Il2ra/Kit/Igf1r",5
"GO:0005126","MF","GO:0005126","cytokine receptor binding","7/135","323/28407",0.000921465269223177,0.0207282745506335,0.0160882344113844,"Csf2/Cxcl10/Xcl1/Tnfsf14/Ceacam1/Ccrl2/Ecm1",7
"GO:1990948","MF","GO:1990948","ubiquitin ligase inhibitor activity","2/135","10/28407",0.00098393708309969,0.0207282745506335,0.0160882344113844,"Rpl37/Rps7",2
"GO:0031625","MF","GO:0031625","ubiquitin protein ligase binding","7/135","338/28407",0.00119769191756768,0.0236544153719617,0.0183593563679783,"Uba52/Nfkbia/Myc/Jun/Tpi1/Isg15/Ckb",7
"GO:0044389","MF","GO:0044389","ubiquitin-like protein ligase binding","7/135","358/28407",0.0016626323923337,0.0269987261082449,0.0209550405836811,"Uba52/Nfkbia/Myc/Jun/Tpi1/Isg15/Ckb",7
"GO:0031386","MF","GO:0031386","protein tag activity","2/135","13/28407",0.0016896219075582,0.0269987261082449,0.0209550405836811,"Uba52/Isg15",2
"GO:0141047","MF","GO:0141047","molecular tag activity","2/135","13/28407",0.0016896219075582,0.0269987261082449,0.0209550405836811,"Uba52/Isg15",2
"GO:0061134","MF","GO:0061134","peptidase regulator activity","6/135","268/28407",0.00181641032208785,0.0269987261082449,0.0209550405836811,"Bst2/Serpinb1a/Serpina3g/Cst3/Anxa2/Spink1",6
"GO:0030550","MF","GO:0030550","acetylcholine receptor inhibitor activity","2/135","14/28407",0.0019650971534482,0.0269987261082449,0.0209550405836811,"Ly6a/Ly6g",2
"GO:0055102","MF","GO:0055102","lipase inhibitor activity","2/135","14/28407",0.0019650971534482,0.0269987261082449,0.0209550405836811,"Anxa2/Anxa1",2
"GO:0055105","MF","GO:0055105","ubiquitin-protein transferase inhibitor activity","2/135","14/28407",0.0019650971534482,0.0269987261082449,0.0209550405836811,"Rpl37/Rps7",2
"GO:0005544","MF","GO:0005544","calcium-dependent phospholipid binding","3/135","53/28407",0.0020669440712239,0.027214763604448,0.0211227179208407,"Sytl3/Anxa2/Anxa1",3
"GO:0044548","MF","GO:0044548","S100 protein binding","2/135","15/28407",0.00226037314586216,0.0285711165636976,0.0221754502309845,"S100a1/Anxa2",2
"GO:0030246","MF","GO:0030246","carbohydrate binding","6/135","283/28407",0.00238470437304843,0.0289833300724348,0.0224953894299711,"Reg3b/Reg3g/Lgals4/Lgals3/Klre1/Cd72",6
"GO:0004867","MF","GO:0004867","serine-type endopeptidase inhibitor activity","4/135","129/28407",0.00339605565866704,0.0396162965359752,0.030748158204138,"Serpinb1a/Serpina3g/Anxa2/Spink1",4
"GO:0016765","MF","GO:0016765","transferase activity, transferring alkyl or aryl (other than methyl) groups","3/135","64/28407",0.00353920312379217,0.0396162965359752,0.030748158204138,"Gstp1/Mgst1/Mgst3",3
"GO:0042834","MF","GO:0042834","peptidoglycan binding","2/135","19/28407",0.00363567278336481,0.0396162965359752,0.030748158204138,"Reg3b/Reg3g",2
