"","category","subcategory","ID","Description","GeneRatio","BgRatio","pvalue","p.adjust","qvalue","geneID","Count"
"mmu00190","Metabolism","Energy metabolism","mmu00190","Oxidative phosphorylation - Mus musculus (house mouse)","6/31","141/9717",4.58281070978474e-06,0.000286493238130396,0.000223386540452551,"Cox6c/Uqcr11/Atp5mf/Uqcr10/Ndufc1/Ndufb1",6
"mmu05171","Human Diseases","Infectious disease: viral","mmu05171","Coronavirus disease - COVID-19 - Mus musculus (house mouse)","8/31","334/9717",7.07390711433077e-06,0.000286493238130396,0.000223386540452551,"Rpl37/Uba52/Rpl39/Rpl27/Rpl31/Stat1/Rpl36a/Rpl17-ps8",8
"mmu03010","Genetic Information Processing","Translation","mmu03010","Ribosome - Mus musculus (house mouse)","7/31","265/9717",1.5551916772812e-05,0.000391116143555702,0.000304963854624329,"Rpl37/Uba52/Rpl39/Rpl27/Rpl31/Rpl36a/Rpl17-ps8",7
"mmu05012","Human Diseases","Neurodegenerative disease","mmu05012","Parkinson disease - Mus musculus (house mouse)","7/31","274/9717",1.93143774595409e-05,0.000391116143555702,0.000304963854624329,"Uba52/Txn1/Cox6c/Uqcr11/Uqcr10/Ndufc1/Ndufb1",7
"mmu04714","Organismal Systems","Environmental adaptation","mmu04714","Thermogenesis - Mus musculus (house mouse)","6/31","238/9717",8.9277039540401e-05,0.0014462880405545,0.00112770997314191,"Cox6c/Uqcr11/Atp5mf/Uqcr10/Ndufc1/Ndufb1",6
"mmu04932","Human Diseases","Endocrine and metabolic disease","mmu04932","Non-alcoholic fatty liver disease - Mus musculus (house mouse)","5/31","162/9717",0.000144869462580438,0.00195573774483591,0.00152494171137303,"Cox6c/Uqcr11/Uqcr10/Ndufc1/Ndufb1",5
"mmu05016","Human Diseases","Neurodegenerative disease","mmu05016","Huntington disease - Mus musculus (house mouse)","6/31","308/9717",0.000363922907507513,0.00421110792972979,0.003283514954955,"Gpx2/Cox6c/Uqcr11/Uqcr10/Ndufc1/Ndufb1",6
"mmu03050","Genetic Information Processing","Folding, sorting and degradation","mmu03050","Proteasome - Mus musculus (house mouse)","3/31","47/9717",0.000433547938933277,0.00438967288169943,0.00342274688631535,"Psmb9/Psme1/Psmb10",3
"mmu05415","Human Diseases","Cardiovascular disease","mmu05415","Diabetic cardiomyopathy - Mus musculus (house mouse)","5/31","217/9717",0.000561126834887368,0.00505014151398631,0.0039377321746482,"Cox6c/Uqcr11/Uqcr10/Ndufc1/Ndufb1",5
"mmu05022","Human Diseases","Neurodegenerative disease","mmu05022","Pathways of neurodegeneration - multiple diseases - Mus musculus (house mouse)","7/31","481/9717",0.0006495410987784,0.00526128290010504,0.00410236483438989,"Uba52/Gpx2/Cox6c/Uqcr11/Uqcr10/Ndufc1/Ndufb1",7
"mmu05208","Human Diseases","Cancer: overview","mmu05208","Chemical carcinogenesis - reactive oxygen species - Mus musculus (house mouse)","5/31","229/9717",0.000716661665031431,0.00527723589704963,0.00411480381836229,"Cox6c/Uqcr11/Uqcr10/Ndufc1/Ndufb1",5
"mmu05014","Human Diseases","Neurodegenerative disease","mmu05014","Amyotrophic lateral sclerosis - Mus musculus (house mouse)","6/31","375/9717",0.00102940717100838,0.00694849840430655,0.00541793247899146,"Gpx2/Cox6c/Uqcr11/Uqcr10/Ndufc1/Ndufb1",6
"mmu05020","Human Diseases","Neurodegenerative disease","mmu05020","Prion disease - Mus musculus (house mouse)","5/31","273/9717",0.00157459762808595,0.00981095445192017,0.00764986701904107,"Cox6c/Uqcr11/Uqcr10/Ndufc1/Ndufb1",5
"mmu04260","Organismal Systems","Circulatory system","mmu04260","Cardiac muscle contraction - Mus musculus (house mouse)","3/31","89/9717",0.00277366335418267,0.0160476236920569,0.0125127670113504,"Cox6c/Uqcr11/Uqcr10",3
"mmu04621","Organismal Systems","Immune system","mmu04621","NOD-like receptor signaling pathway - Mus musculus (house mouse)","4/31","216/9717",0.00466596490811697,0.0251962105038316,0.0196461680341767,"Txn1/Stat1/Gbp7/Irf7",4
"mmu05010","Human Diseases","Neurodegenerative disease","mmu05010","Alzheimer disease - Mus musculus (house mouse)","5/31","389/9717",0.00720725905760792,0.0364867489791401,0.028449706806347,"Cox6c/Uqcr11/Uqcr10/Ndufc1/Ndufb1",5
