"","category","subcategory","ID","Description","GeneRatio","BgRatio","pvalue","p.adjust","qvalue","geneID","Count"
"mmu04672","Organismal Systems","Immune system","mmu04672","Intestinal immune network for IgA production - Mus musculus (house mouse)","4/47","43/9717",5.16405944069319e-05,0.00417326794742554,0.00288284956894527,"Pigr/H2-Aa/H2-Eb1/H2-Ea",4
"mmu04260","Organismal Systems","Circulatory system","mmu04260","Cardiac muscle contraction - Mus musculus (house mouse)","5/47","89/9717",6.5207311678524e-05,0.00417326794742554,0.00288284956894527,"Cox4i1/Cox7b/Cox5a/Atp1b1/Cox6a1",5
"mmu04964","Organismal Systems","Excretory system","mmu04964","Proximal tubule bicarbonate reclamation - Mus musculus (house mouse)","3/47","22/9717",0.00015313828241702,0.00482979903127983,0.0033363743308183,"Atp1b1/Car4/Car2",3
"mmu05152","Human Diseases","Infectious disease: bacterial","mmu05152","Tuberculosis - Mus musculus (house mouse)","6/47","180/9717",0.000212446207731662,0.00482979903127983,0.0033363743308183,"Cd74/H2-Aa/H2-Eb1/Il18/Cycs/H2-Ea",6
"mmu05321","Human Diseases","Immune disease","mmu05321","Inflammatory bowel disease - Mus musculus (house mouse)","4/47","62/9717",0.000218258754290784,0.00482979903127983,0.0033363743308183,"H2-Aa/H2-Eb1/Il18/H2-Ea",4
"mmu05310","Human Diseases","Immune disease","mmu05310","Asthma - Mus musculus (house mouse)","3/47","25/9717",0.000226396829591242,0.00482979903127983,0.0033363743308183,"H2-Aa/H2-Eb1/H2-Ea",3
"mmu05150","Human Diseases","Infectious disease: bacterial","mmu05150","Staphylococcus aureus infection - Mus musculus (house mouse)","5/47","128/9717",0.000361148027487481,0.00613211612529098,0.00423600127076022,"Krt19/H2-Aa/H2-Eb1/Krt18/H2-Ea",5
"mmu05014","Human Diseases","Neurodegenerative disease","mmu05014","Amyotrophic lateral sclerosis - Mus musculus (house mouse)","8/47","375/9717",0.000383257257830686,0.00613211612529098,0.00423600127076022,"Cox4i1/Gpx3/Cox7b/Cox5a/Chchd10/Gpx2/Cox6a1/Cycs",8
"mmu00190","Metabolism","Energy metabolism","mmu00190","Oxidative phosphorylation - Mus musculus (house mouse)","5/47","141/9717",0.000563127303982481,0.00800892165663972,0.00553247877596823,"Cox4i1/Cox7b/Cox5a/Cox6a1/Cycs",5
"mmu05016","Human Diseases","Neurodegenerative disease","mmu05016","Huntington disease - Mus musculus (house mouse)","7/47","308/9717",0.000634958109291046,0.00812746379892539,0.00561436644004715,"Cox4i1/Gpx3/Cox7b/Cox5a/Gpx2/Cox6a1/Cycs",7
"mmu04612","Organismal Systems","Immune system","mmu04612","Antigen processing and presentation - Mus musculus (house mouse)","4/47","87/9717",0.000797307395361602,0.00850461221719042,0.00587489659740128,"Cd74/H2-Aa/H2-Eb1/H2-Ea",4
"mmu05323","Human Diseases","Immune disease","mmu05323","Rheumatoid arthritis - Mus musculus (house mouse)","4/47","87/9717",0.000797307395361602,0.00850461221719042,0.00587489659740128,"H2-Aa/H2-Eb1/Il18/H2-Ea",4
"mmu04932","Human Diseases","Endocrine and metabolic disease","mmu04932","Non-alcoholic fatty liver disease - Mus musculus (house mouse)","5/47","162/9717",0.00105522692141343,0.00974339868306754,0.00673063724817165,"Cox4i1/Cox7b/Cox5a/Cox6a1/Cycs",5
"mmu05416","Human Diseases","Cardiovascular disease","mmu05416","Viral myocarditis - Mus musculus (house mouse)","4/47","94/9717",0.00106568423096051,0.00974339868306754,0.00673063724817165,"H2-Aa/H2-Eb1/Cycs/H2-Ea",4
"mmu05164","Human Diseases","Infectious disease: viral","mmu05164","Influenza A - Mus musculus (house mouse)","5/47","173/9717",0.00141435285819721,0.0120691443899495,0.00833723790095197,"H2-Aa/H2-Eb1/Il18/Cycs/H2-Ea",5
"mmu04514","Environmental Information Processing","Signaling molecules and interaction","mmu04514","Cell adhesion molecules - Mus musculus (house mouse)","5/47","179/9717",0.00164467747867108,0.0131574198293687,0.00908900711897177,"Cldn7/Cldn3/H2-Aa/H2-Eb1/H2-Ea",5
"mmu05145","Human Diseases","Infectious disease: parasitic","mmu05145","Toxoplasmosis - Mus musculus (house mouse)","4/47","109/9717",0.0018440552697807,0.0138846514430547,0.00959137106263648,"H2-Aa/H2-Eb1/Cycs/H2-Ea",4
"mmu04972","Organismal Systems","Digestive system","mmu04972","Pancreatic secretion - Mus musculus (house mouse)","4/47","115/9717",0.00224367086082506,0.0159549927880893,0.0110215410707196,"Pla2g2a/Atp1b1/Clca4b/Car2",4
"mmu00910","Metabolism","Energy metabolism","mmu00910","Nitrogen metabolism - Mus musculus (house mouse)","2/47","17/9717",0.00297352244054376,0.0182385702289647,0.0125990123292191,"Car4/Car2",2
"mmu05330","Human Diseases","Immune disease","mmu05330","Allograft rejection - Mus musculus (house mouse)","3/47","60/9717",0.00299226542818953,0.0182385702289647,0.0125990123292191,"H2-Aa/H2-Eb1/H2-Ea",3
"mmu05332","Human Diseases","Immune disease","mmu05332","Graft-versus-host disease - Mus musculus (house mouse)","3/47","60/9717",0.00299226542818953,0.0182385702289647,0.0125990123292191,"H2-Aa/H2-Eb1/H2-Ea",3
"mmu04940","Human Diseases","Endocrine and metabolic disease","mmu04940","Type I diabetes mellitus - Mus musculus (house mouse)","3/47","67/9717",0.00409119910200087,0.0238033402298233,0.0164430968692858,"H2-Aa/H2-Eb1/H2-Ea",3
"mmu05140","Human Diseases","Infectious disease: parasitic","mmu05140","Leishmaniasis - Mus musculus (house mouse)","3/47","70/9717",0.00462791241913307,0.0254323966273619,0.0175684318807434,"H2-Aa/H2-Eb1/H2-Ea",3
"mmu05208","Human Diseases","Cancer: overview","mmu05208","Chemical carcinogenesis - reactive oxygen species - Mus musculus (house mouse)","5/47","229/9717",0.00476857436763035,0.0254323966273619,0.0175684318807434,"Cox4i1/Cox7b/Cox5a/Cox6a1/Mgst3",5
"mmu00480","Metabolism","Metabolism of other amino acids","mmu00480","Glutathione metabolism - Mus musculus (house mouse)","3/47","73/9717",0.00520541690372985,0.0266197251328248,0.0183886259141224,"Gpx3/Gpx2/Mgst3",3
"mmu04918","Organismal Systems","Endocrine system","mmu04918","Thyroid hormone synthesis - Mus musculus (house mouse)","3/47","74/9717",0.00540713166760504,0.0266197251328248,0.0183886259141224,"Gpx3/Gpx2/Atp1b1",3
"mmu05320","Human Diseases","Immune disease","mmu05320","Autoimmune thyroid disease - Mus musculus (house mouse)","3/47","76/9717",0.00582456210494952,0.0276127388679089,0.0190745893495423,"H2-Aa/H2-Eb1/H2-Ea",3
"mmu05022","Human Diseases","Neurodegenerative disease","mmu05022","Pathways of neurodegeneration - multiple diseases - Mus musculus (house mouse)","7/47","481/9717",0.00785154091907229,0.0358927584871876,0.0247943397444388,"Cox4i1/Gpx3/Cox7b/Cox5a/Gpx2/Cox6a1/Cycs",7
"mmu04658","Organismal Systems","Immune system","mmu04658","Th1 and Th2 cell differentiation - Mus musculus (house mouse)","3/47","88/9717",0.00873249878399471,0.0373328550771661,0.0257891433098845,"H2-Aa/H2-Eb1/H2-Ea",3
"mmu03010","Genetic Information Processing","Translation","mmu03010","Ribosome - Mus musculus (house mouse)","5/47","265/9717",0.00874988790871081,0.0373328550771661,0.0257891433098845,"Rps15/Rps8/Rps25/Rpl23a/Rps17",5
"mmu05020","Human Diseases","Neurodegenerative disease","mmu05020","Prion disease - Mus musculus (house mouse)","5/47","273/9717",0.00987711177967801,0.0399448842927057,0.0275935055969348,"Cox4i1/Cox7b/Cox5a/Cox6a1/Cycs",5
"mmu05012","Human Diseases","Neurodegenerative disease","mmu05012","Parkinson disease - Mus musculus (house mouse)","5/47","274/9717",0.0100247449700807,0.0399448842927057,0.0275935055969348,"Cox4i1/Cox7b/Cox5a/Cox6a1/Cycs",5
"mmu04640","Organismal Systems","Immune system","mmu04640","Hematopoietic cell lineage - Mus musculus (house mouse)","3/47","94/9717",0.0104541996864694,0.0399448842927057,0.0275935055969348,"H2-Aa/H2-Eb1/H2-Ea",3
"mmu05010","Human Diseases","Neurodegenerative disease","mmu05010","Alzheimer disease - Mus musculus (house mouse)","6/47","389/9717",0.0106103598902499,0.0399448842927057,0.0275935055969348,"Cox4i1/Cox7b/Cox5a/Cox6a1/Apoe/Cycs",6
