"","category","subcategory","ID","Description","GeneRatio","BgRatio","pvalue","p.adjust","qvalue","geneID","Count"
"mmu05133","Human Diseases","Infectious disease: bacterial","mmu05133","Pertussis - Mus musculus (house mouse)","6/60","77/9717",7.244341033047e-06,0.000841544938535218,0.000721161991862163,"Fos/Jun/C1qa/C1qb/C1qc/C3",6
"mmu05323","Human Diseases","Immune disease","mmu05323","Rheumatoid arthritis - Mus musculus (house mouse)","6/60","87/9717",1.4710495778557e-05,0.000841544938535218,0.000721161991862163,"Fos/Jun/H2-Ea/Acp5/Ctsl/Cxcl2",6
"mmu04142","Cellular Processes","Transport and catabolism","mmu04142","Lysosome - Mus musculus (house mouse)","7/60","135/9717",1.78801858525641e-05,0.000841544938535218,0.000721161991862163,"Psap/Lamp1/Ctsd/Acp5/Cd63/Ctsl/Ctsa",7
"mmu04657","Organismal Systems","Immune system","mmu04657","IL-17 signaling pathway - Mus musculus (house mouse)","6/60","93/9717",2.15780753470569e-05,0.000841544938535218,0.000721161991862163,"Fos/Jun/Lcn2/S100a8/S100a9/Cxcl2",6
"mmu05171","Human Diseases","Infectious disease: viral","mmu05171","Coronavirus disease - COVID-19 - Mus musculus (house mouse)","10/60","334/9717",3.28426376440163e-05,0.00100336445131906,0.000859833234261269,"Rps8/Fos/Jun/Rps15/Rpl23a/Cfd/C1qa/C1qb/C1qc/C3",10
"mmu05142","Human Diseases","Infectious disease: parasitic","mmu05142","Chagas disease - Mus musculus (house mouse)","6/60","103/9717",3.85909404353483e-05,0.00100336445131906,0.000859833234261269,"Fos/Jun/C1qa/C1qb/C1qc/C3",6
"mmu05150","Human Diseases","Infectious disease: bacterial","mmu05150","Staphylococcus aureus infection - Mus musculus (house mouse)","6/60","128/9717",0.000129929270503919,0.00289556659980163,0.00248135599308237,"Cfd/H2-Ea/C1qa/C1qb/C1qc/C3",6
"mmu04610","Organismal Systems","Immune system","mmu04610","Complement and coagulation cascades - Mus musculus (house mouse)","5/60","94/9717",0.000273126515526316,0.00532596705276316,0.00456408782524238,"Cfd/C1qa/C1qb/C1qc/C3",5
"mmu05140","Human Diseases","Infectious disease: parasitic","mmu05140","Leishmaniasis - Mus musculus (house mouse)","4/60","70/9717",0.000888670432504874,0.0154036208300845,0.0132001339097215,"Fos/Jun/H2-Ea/C3",4
"mmu04936","Human Diseases","Endocrine and metabolic disease","mmu04936","Alcoholic liver disease - Mus musculus (house mouse)","5/60","141/9717",0.00172469192104292,0.0269051939682695,0.0230564077865737,"C1qa/C1qb/C1qc/C3/Cxcl2",5
"mmu05322","Human Diseases","Immune disease","mmu05322","Systemic lupus erythematosus - Mus musculus (house mouse)","5/60","150/9717",0.00226269548633415,0.0320891359880116,0.0274987872501854,"H2-Ea/C1qa/C1qb/C1qc/C3",5
