"","category","subcategory","ID","Description","GeneRatio","BgRatio","pvalue","p.adjust","qvalue","geneID","Count"
"mmu05140","Human Diseases","Infectious disease: parasitic","mmu05140","Leishmaniasis - Mus musculus (house mouse)","11/89","70/9717",2.81077695782473e-11,5.53723060691472e-09,4.40848175490405e-09,"Ifngr1/Eef1a1/H2-Aa/H2-Ea/H2-Eb1/H2-DMb1/Fos/H2-Ab1/H2-DMb2/H2-DMa/Il1b",11
"mmu04640","Organismal Systems","Immune system","mmu04640","Hematopoietic cell lineage - Mus musculus (house mouse)","11/89","94/9717",7.50630353710328e-10,7.39370898404673e-08,5.88652224751784e-08,"H2-Aa/H2-Ea/H2-Eb1/H2-DMb1/H2-Ab1/H2-DMb2/Cd9/Cd24a/Csf2ra/H2-DMa/Il1b",11
"mmu05310","Human Diseases","Immune disease","mmu05310","Asthma - Mus musculus (house mouse)","7/89","25/9717",1.78973663823311e-09,1.17526039243974e-07,9.35686874023628e-08,"H2-Aa/H2-Ea/H2-Eb1/H2-DMb1/H2-Ab1/H2-DMb2/H2-DMa",7
"mmu05332","Human Diseases","Immune disease","mmu05332","Graft-versus-host disease - Mus musculus (house mouse)","9/89","60/9717",3.03111584819984e-09,1.34551558819811e-07,1.07123602800704e-07,"H2-Aa/H2-Ea/H2-Eb1/H2-DMb1/H2-Ab1/H2-DMb2/Cd86/H2-DMa/Il1b",9
"mmu04672","Organismal Systems","Immune system","mmu04672","Intestinal immune network for IgA production - Mus musculus (house mouse)","8/89","43/9717",4.01541310015371e-09,1.34551558819811e-07,1.07123602800704e-07,"H2-Aa/H2-Ea/H2-Eb1/H2-DMb1/H2-Ab1/H2-DMb2/Cd86/H2-DMa",8
"mmu05321","Human Diseases","Immune disease","mmu05321","Inflammatory bowel disease - Mus musculus (house mouse)","9/89","62/9717",4.09801701989271e-09,1.34551558819811e-07,1.07123602800704e-07,"Ifngr1/H2-Aa/H2-Ea/H2-Eb1/H2-DMb1/H2-Ab1/H2-DMb2/H2-DMa/Il1b",9
"mmu05164","Human Diseases","Infectious disease: viral","mmu05164","Influenza A - Mus musculus (house mouse)","13/89","173/9717",4.98856725238214e-09,1.37291325859014e-07,1.09304876051259e-07,"Ifngr1/H2-Aa/H2-Ea/Actg1/H2-Eb1/H2-DMb1/H2-Ab1/H2-DMb2/H2-DMa/Il1b/Rab11a/Tlr3/Ciita",13
"mmu05323","Human Diseases","Immune disease","mmu05323","Rheumatoid arthritis - Mus musculus (house mouse)","10/89","87/9717",5.57528226838634e-09,1.37291325859014e-07,1.09304876051259e-07,"H2-Aa/H2-Ea/H2-Eb1/H2-DMb1/Fos/H2-Ab1/H2-DMb2/Cd86/H2-DMa/Il1b",10
"mmu04940","Human Diseases","Endocrine and metabolic disease","mmu04940","Type I diabetes mellitus - Mus musculus (house mouse)","9/89","67/9717",8.32148112947365e-09,1.82147975834034e-07,1.45017624361588e-07,"H2-Aa/H2-Ea/H2-Eb1/H2-DMb1/H2-Ab1/H2-DMb2/Cd86/H2-DMa/Il1b",9
"mmu04659","Organismal Systems","Immune system","mmu04659","Th17 cell differentiation - Mus musculus (house mouse)","10/89","105/9717",3.51603140292839e-08,6.92658186376892e-07,5.51461767406663e-07,"Ifngr1/H2-Aa/H2-Ea/H2-Eb1/H2-DMb1/Fos/H2-Ab1/H2-DMb2/H2-DMa/Il1b",10
"mmu05330","Human Diseases","Immune disease","mmu05330","Allograft rejection - Mus musculus (house mouse)","8/89","60/9717",6.24305105224555e-08,1.11807368844761e-06,8.9015751845415e-07,"H2-Aa/H2-Ea/H2-Eb1/H2-DMb1/H2-Ab1/H2-DMb2/Cd86/H2-DMa",8
"mmu04612","Organismal Systems","Immune system","mmu04612","Antigen processing and presentation - Mus musculus (house mouse)","9/89","87/9717",8.60023716896606e-08,1.41187226857193e-06,1.12406608611925e-06,"Cd74/H2-Aa/H2-Ea/H2-Eb1/H2-DMb1/H2-Ab1/H2-DMb2/H2-DMa/Ciita",9
"mmu04658","Organismal Systems","Immune system","mmu04658","Th1 and Th2 cell differentiation - Mus musculus (house mouse)","9/89","88/9717",9.50888345309377e-08,1.44096156943036e-06,1.14722561498864e-06,"Ifngr1/H2-Aa/H2-Ea/H2-Eb1/H2-DMb1/Fos/H2-Ab1/H2-DMb2/H2-DMa",9
"mmu05416","Human Diseases","Cardiovascular disease","mmu05416","Viral myocarditis - Mus musculus (house mouse)","9/89","94/9717",1.69284569992082e-07,2.38207573488858e-06,1.89649631043761e-06,"H2-Aa/H2-Ea/Actg1/H2-Eb1/H2-DMb1/H2-Ab1/H2-DMb2/Cd86/H2-DMa",9
"mmu05320","Human Diseases","Immune disease","mmu05320","Autoimmune thyroid disease - Mus musculus (house mouse)","8/89","76/9717",4.08442803040037e-07,5.36421547992582e-06,4.27073527389232e-06,"H2-Aa/H2-Ea/H2-Eb1/H2-DMb1/H2-Ab1/H2-DMb2/Cd86/H2-DMa",8
"mmu05145","Human Diseases","Infectious disease: parasitic","mmu05145","Toxoplasmosis - Mus musculus (house mouse)","9/89","109/9717",6.06754172614921e-07,7.47066075032121e-06,5.9477876131331e-06,"Ifngr1/H2-Aa/H2-Ea/H2-Eb1/H2-DMb1/H2-Ab1/H2-DMb2/H2-DMa/Ciita",9
"mmu05152","Human Diseases","Infectious disease: bacterial","mmu05152","Tuberculosis - Mus musculus (house mouse)","11/89","180/9717",6.76524359110166e-07,7.83972345557074e-06,6.24161792615571e-06,"Ifngr1/Cd74/H2-Aa/H2-Ea/H2-Eb1/H2-DMb1/H2-Ab1/H2-DMb2/H2-DMa/Il1b/Ciita",11
"mmu05322","Human Diseases","Immune disease","mmu05322","Systemic lupus erythematosus - Mus musculus (house mouse)","10/89","150/9717",1.01942604748369e-06,1.11570517419048e-05,8.88271819152451e-06,"H2-Aa/H2-Ea/H2-Eb1/H2az1/H2-DMb1/Actn1/H2-Ab1/H2-DMb2/Cd86/H2-DMa",10
"mmu05166","Human Diseases","Infectious disease: viral","mmu05166","Human T-cell leukemia virus 1 infection - Mus musculus (house mouse)","10/89","247/9717",8.18747962624659e-05,0.000848912361247673,0.000675863969147226,"H2-Aa/H2-Ea/H2-Eb1/H2-DMb1/Fos/H2-Ab1/H2-DMb2/Spi1/Vdac2/H2-DMa",10
"mmu05150","Human Diseases","Infectious disease: bacterial","mmu05150","Staphylococcus aureus infection - Mus musculus (house mouse)","7/89","128/9717",0.000164248139567093,0.00161784417473587,0.00128805119976299,"H2-Aa/H2-Ea/H2-Eb1/H2-DMb1/H2-Ab1/H2-DMb2/H2-DMa",7
"mmu04666","Organismal Systems","Immune system","mmu04666","Fc gamma R-mediated phagocytosis - Mus musculus (house mouse)","6/89","94/9717",0.000212652548785301,0.00199488343384306,0.00158823206862205,"Arpc2/Pak1/Asap1/Actr3/Plpp1/Hck",6
"mmu04514","Environmental Information Processing","Signaling molecules and interaction","mmu04514","Cell adhesion molecules - Mus musculus (house mouse)","8/89","179/9717",0.000224665196129975,0.00201177471080023,0.00160168010638116,"H2-Aa/H2-Ea/H2-Eb1/H2-DMb1/H2-Ab1/H2-DMb2/Cd86/H2-DMa",8
"mmu04145","Cellular Processes","Transport and catabolism","mmu04145","Phagosome - Mus musculus (house mouse)","8/89","183/9717",0.000261185391180197,0.00223710965489125,0.00178108115724711,"H2-Aa/H2-Ea/Actg1/H2-Eb1/H2-DMb1/H2-Ab1/H2-DMb2/H2-DMa",8
"mmu05221","Human Diseases","Cancer: specific types","mmu05221","Acute myeloid leukemia - Mus musculus (house mouse)","5/89","70/9717",0.000436138582141637,0.00357997086174594,0.00285020389206596,"Bcl2a1d/Bcl2a1b/Bcl2a1a/Spi1/Pim1",5
"mmu05202","Human Diseases","Cancer: overview","mmu05202","Transcriptional misregulation in cancer - Mus musculus (house mouse)","8/89","226/9717",0.00105832236318926,0.00833958022193135,0.00663958029958734,"Id2/Bcl2a1d/Cdk14/Bcl2a1b/Bcl2a1a/Spi1/Cd86/Pbx1",8
"mmu04142","Cellular Processes","Transport and catabolism","mmu04142","Lysosome - Mus musculus (house mouse)","6/89","135/9717",0.00145503552355417,0.0106163703014878,0.00845225313877472,"Man2b1/Ppt1/Naga/Gm2a/Ap1s2/Fuca1",6
"mmu04210","Cellular Processes","Cell growth and death","mmu04210","Apoptosis - Mus musculus (house mouse)","6/89","135/9717",0.00145503552355417,0.0106163703014878,0.00845225313877472,"Actg1/Bcl2a1d/Fos/Bcl2a1b/Bcl2a1a/Mcl1",6
"mmu05168","Human Diseases","Infectious disease: viral","mmu05168","Herpes simplex virus 1 infection - Mus musculus (house mouse)","11/89","459/9717",0.00302497183901299,0.0212828375816271,0.0169443911283058,"Ifngr1/Cd74/H2-Aa/H2-Ea/H2-Eb1/H2-DMb1/H2-Ab1/H2-DMb2/H2-DMa/Il1b/Tlr3",11
"mmu05171","Human Diseases","Infectious disease: viral","mmu05171","Coronavirus disease - COVID-19 - Mus musculus (house mouse)","9/89","334/9717",0.00340393674306736,0.0231232944270438,0.0184096760332863,"Rps8/Rpsa/Rpl14/Fos/Rps12/Rpl6/Rpl23a/Il1b/Tlr3",9
"mmu05169","Human Diseases","Infectious disease: viral","mmu05169","Epstein-Barr virus infection - Mus musculus (house mouse)","7/89","228/9717",0.00482036199230289,0.0316537104161223,0.0252011907667765,"H2-Aa/H2-Ea/H2-Eb1/H2-DMb1/H2-Ab1/H2-DMb2/H2-DMa",7
"mmu05100","Human Diseases","Infectious disease: bacterial","mmu05100","Bacterial invasion of epithelial cells - Mus musculus (house mouse)","4/89","77/9717",0.00535136637454654,0.0340070701866345,0.0270748247812372,"Septin3/Actg1/Arpc2/Actr3",4
"mmu04380","Organismal Systems","Development and regeneration","mmu04380","Osteoclast differentiation - Mus musculus (house mouse)","5/89","136/9717",0.00809918390612533,0.0483496736214148,0.0384937289318237,"Ifngr1/Junb/Fos/Spi1/Il1b",5
"mmu05135","Human Diseases","Infectious disease: bacterial","mmu05135","Yersinia infection - Mus musculus (house mouse)","5/89","136/9717",0.00809918390612533,0.0483496736214148,0.0384937289318237,"Actg1/Arpc2/Fos/Actr3/Il1b",5
