"","category","subcategory","ID","Description","GeneRatio","BgRatio","pvalue","p.adjust","qvalue","geneID","Count"
"mmu05160","Human Diseases","Infectious disease: viral","mmu05160","Hepatitis C - Mus musculus (house mouse)","14/103","167/9717",2.0762330703763e-09,3.48807155823219e-07,2.99414663833214e-07,"Irf7/Ifit1bl1/Ifit1/Oas1a/Eif2ak2/Oas1g/Oas3/Oas2/Rigi/Ifit1bl2/Rsad2/Mx2/Mx1/Oas1b",14
"mmu05162","Human Diseases","Infectious disease: viral","mmu05162","Measles - Mus musculus (house mouse)","12/103","145/9717",3.68839259750605e-08,3.09824978190509e-06,2.65952518872805e-06,"Irf7/Fos/Oas1a/Eif2ak2/Oas1g/Oas3/Ifih1/Oas2/Rigi/Mx2/Mx1/Oas1b",12
"mmu05171","Human Diseases","Infectious disease: viral","mmu05171","Coronavirus disease - COVID-19 - Mus musculus (house mouse)","17/103","334/9717",6.7907983538154e-08,3.80284707813662e-06,3.26434868236038e-06,"Uba52/Isg15/Fos/Oas1a/Eif2ak2/Oas1g/Oas3/Rpl17-ps8/Ifih1/Oas2/Rigi/C1qa/Mx2/C1qb/Mx1/C1qc/Oas1b",17
"mmu05164","Human Diseases","Infectious disease: viral","mmu05164","Influenza A - Mus musculus (house mouse)","12/103","173/9717",2.59601834440582e-07,1.09032770465044e-05,9.35932929430518e-06,"Irf7/Oas1a/Eif2ak2/Oas1g/Oas3/Ifih1/Oas2/Rigi/Rsad2/Mx2/Mx1/Oas1b",12
"mmu05168","Human Diseases","Infectious disease: viral","mmu05168","Herpes simplex virus 1 infection - Mus musculus (house mouse)","18/103","459/9717",1.3019706005537e-06,4.37462121786042e-05,3.75515731107067e-05,"Irf7/H2-T23/Oas1a/Sp100/Eif2ak2/Oas1g/Oas3/Ifih1/Bst2/H2-T22/Oas2/Rigi/H2-Q1/Gm45871/Oas1b/Zfp791/Zfp37/Zfp958",18
"mmu05169","Human Diseases","Infectious disease: viral","mmu05169","Epstein-Barr virus infection - Mus musculus (house mouse)","12/103","228/9717",4.84720610851481e-06,0.000135721771038415,0.000116503024011672,"Irf7/H2-T23/Isg15/Oas1a/Eif2ak2/Oas1g/Oas3/H2-T22/Oas2/Rigi/H2-Q1/Oas1b",12
"mmu04622","Organismal Systems","Immune system","mmu04622","RIG-I-like receptor signaling pathway - Mus musculus (house mouse)","6/103","72/9717",0.000108694722553283,0.00260867334127878,0.00223927473530823,"Irf7/Isg15/Ifih1/Dhx58/Rigi/Znfx1",6
"mmu00140","Metabolism","Lipid metabolism","mmu00140","Steroid hormone biosynthesis - Mus musculus (house mouse)","6/103","98/9717",0.000586677149581322,0.0123202201412078,0.0105756275648212,"Sult2b1/Akr1c18/Cyp2d34/Cyp2d9/Ugt1a1/Cyp2d22",6
"mmu05167","Human Diseases","Infectious disease: viral","mmu05167","Kaposi sarcoma-associated herpesvirus infection - Mus musculus (house mouse)","8/103","223/9717",0.00248646973140626,0.0464141016529169,0.0398416787371529,"Uba52/Irf7/H2-T23/Clec2h/Fos/Eif2ak2/H2-T22/H2-Q1",8
