"","category","subcategory","ID","Description","GeneRatio","BgRatio","pvalue","p.adjust","qvalue","geneID","Count"
"mmu03010","Genetic Information Processing","Translation","mmu03010","Ribosome - Mus musculus (house mouse)","13/39","265/9717",1.48614182384452e-11,9.06546512545159e-10,6.883183184122e-10,"Rplp1/Rps15/Rps8/Rps21/Rps14/Rpl23a/Rplp2/Rpl14/Rpl22/Rpl39/Rps26/Rps25/Rps12",13
"mmu05171","Human Diseases","Infectious disease: viral","mmu05171","Coronavirus disease - COVID-19 - Mus musculus (house mouse)","13/39","334/9717",2.68715418712901e-10,8.19582027074347e-09,6.22288338071981e-09,"Rplp1/Rps15/Rps8/Rps21/Rps14/Rpl23a/Rplp2/Rpl14/Rpl22/Rpl39/Rps26/Rps25/Rps12",13
"mmu00190","Metabolism","Energy metabolism","mmu00190","Oxidative phosphorylation - Mus musculus (house mouse)","7/39","141/9717",1.21752627096679e-06,1.9437236931154e-05,1.47582126828434e-05,"Cox7b/Cox4i1/Cox6c/Uqcrh/Cox6a1/Atp5me/Cox5a",7
"mmu04260","Organismal Systems","Circulatory system","mmu04260","Cardiac muscle contraction - Mus musculus (house mouse)","6/39","89/9717",1.27457291351829e-06,1.9437236931154e-05,1.47582126828434e-05,"Cox7b/Cox4i1/Cox6c/Uqcrh/Cox6a1/Cox5a",6
"mmu04714","Organismal Systems","Environmental adaptation","mmu04714","Thermogenesis - Mus musculus (house mouse)","8/39","238/9717",3.67537560122672e-06,4.4839582334966e-05,3.40455845166265e-05,"Cox7b/Cox4i1/Cox6c/Uqcrh/Cox6a1/Atp5me/Gcg/Cox5a",8
"mmu05208","Human Diseases","Cancer: overview","mmu05208","Chemical carcinogenesis - reactive oxygen species - Mus musculus (house mouse)","7/39","229/9717",2.97905629229186e-05,0.000302870723049672,0.00022996224010674,"Cox7b/Cox4i1/Cox6c/Uqcrh/Cox6a1/Mgst1/Cox5a",7
"mmu04932","Human Diseases","Endocrine and metabolic disease","mmu04932","Non-alcoholic fatty liver disease - Mus musculus (house mouse)","6/39","162/9717",4.0496924446275e-05,0.000352901770174682,0.000267949575283624,"Cox7b/Cox4i1/Cox6c/Uqcrh/Cox6a1/Cox5a",6
"mmu05014","Human Diseases","Neurodegenerative disease","mmu05014","Amyotrophic lateral sclerosis - Mus musculus (house mouse)","8/39","375/9717",9.81960200069732e-05,0.000748744652553171,0.000568503273724582,"Cox7b/Cox4i1/Cox6c/Uqcrh/Gpx2/Cox6a1/Cox5a/Chchd10",8
"mmu05016","Human Diseases","Neurodegenerative disease","mmu05016","Huntington disease - Mus musculus (house mouse)","7/39","308/9717",0.000192895513830695,0.00124401879217767,0.000944552663603409,"Cox7b/Cox4i1/Cox6c/Uqcrh/Gpx2/Cox6a1/Cox5a",7
"mmu05415","Human Diseases","Cardiovascular disease","mmu05415","Diabetic cardiomyopathy - Mus musculus (house mouse)","6/39","217/9717",0.000203937506914372,0.00124401879217767,0.000944552663603409,"Cox7b/Cox4i1/Cox6c/Uqcrh/Cox6a1/Cox5a",6
"mmu05020","Human Diseases","Neurodegenerative disease","mmu05020","Prion disease - Mus musculus (house mouse)","6/39","273/9717",0.000696035746142916,0.00360679502984454,0.00273855015208214,"Cox7b/Cox4i1/Cox6c/Uqcrh/Cox6a1/Cox5a",6
"mmu05012","Human Diseases","Neurodegenerative disease","mmu05012","Parkinson disease - Mus musculus (house mouse)","6/39","274/9717",0.000709533448494008,0.00360679502984454,0.00273855015208214,"Cox7b/Cox4i1/Cox6c/Uqcrh/Cox6a1/Cox5a",6
"mmu05010","Human Diseases","Neurodegenerative disease","mmu05010","Alzheimer disease - Mus musculus (house mouse)","7/39","389/9717",0.000791385230471417,0.00367676443288721,0.00279167618717924,"Cox7b/Cox4i1/Cox6c/Uqcrh/Cox6a1/Apoe/Cox5a",7
"mmu00920","Metabolism","Energy metabolism","mmu00920","Sulfur metabolism - Mus musculus (house mouse)","2/39","11/9717",0.000843847574760998,0.00367676443288721,0.00279167618717924,"Ethe1/Selenbp1",2
"mmu05022","Human Diseases","Neurodegenerative disease","mmu05022","Pathways of neurodegeneration - multiple diseases - Mus musculus (house mouse)","7/39","481/9717",0.00269785233718299,0.0109712661712108,0.00833021072533695,"Cox7b/Cox4i1/Cox6c/Uqcrh/Gpx2/Cox6a1/Cox5a",7
