"","category","subcategory","ID","Description","GeneRatio","BgRatio","pvalue","p.adjust","qvalue","geneID","Count"
"mmu04621","Organismal Systems","Immune system","mmu04621","NOD-like receptor signaling pathway - Mus musculus (house mouse)","10/98","216/9717",6.0809421446276e-05,0.00954707916706533,0.00889737850634986,"Irf7/Il18/Gbp2b/Oas1g/Oas1a/Oas3/Irgm2/Gbp2/Gbp7/Nlrp6",10
"mmu05160","Human Diseases","Infectious disease: viral","mmu05160","Hepatitis C - Mus musculus (house mouse)","8/98","167/9717",0.000272472875464508,0.0199085026080935,0.0185536832888032,"Irf7/Socs3/Ifit1bl1/Oas1g/Ifit1/Oas1a/Cldn8/Oas3",8
"mmu00983","Metabolism","Xenobiotics biodegradation and metabolism","mmu00983","Drug metabolism - other enzymes - Mus musculus (house mouse)","6/98","95/9717",0.00038041724728841,0.0199085026080935,0.0185536832888032,"Upp1/Ces2e/Ces2c/Mgst1/Gstp1/Xdh",6
"mmu04976","Organismal Systems","Digestive system","mmu04976","Bile secretion - Mus musculus (house mouse)","6/98","101/9717",0.000528470875035612,0.0207424818451478,0.0193309083236711,"Slc51b/Aqp8/Slc9a3/Slc10a2/Aqp4/Abcg2",6
