"","category","subcategory","ID","Description","GeneRatio","BgRatio","pvalue","p.adjust","qvalue","geneID","Count"
"mmu05171","Human Diseases","Infectious disease: viral","mmu05171","Coronavirus disease - COVID-19 - Mus musculus (house mouse)","12/70","334/9717",3.94958811705301e-06,0.000499398188368159,0.000428431077389526,"Rps8/Rps15/Rps14/Rplp1/Rpsa/Rpl23a/Rplp2/C3/Rps11/Cfd/Rps12/Mapk13",12
"mmu05208","Human Diseases","Cancer: overview","mmu05208","Chemical carcinogenesis - reactive oxygen species - Mus musculus (house mouse)","10/70","229/9717",4.99398188368159e-06,0.000499398188368159,0.000428431077389526,"Cox4i1/Cyba/Uqcrc1/Cox5a/Uqcrq/Mapk13/Cox7b/Gstt2/Lpo/Mgst1",10
"mmu05014","Human Diseases","Neurodegenerative disease","mmu05014","Amyotrophic lateral sclerosis - Mus musculus (house mouse)","12/70","375/9717",1.28559517841451e-05,0.000857063452276339,0.000735270224847596,"Gpx2/Cox4i1/Uqcrc1/Gpx1/Cox5a/Psmb3/Uqcrq/Mapk13/Cox7b/Tubb5/Nos2/Chchd10",12
"mmu03010","Genetic Information Processing","Translation","mmu03010","Ribosome - Mus musculus (house mouse)","9/70","265/9717",0.000110549880787332,0.00431261110265909,0.00369976636701806,"Rps8/Rps15/Rps14/Rplp1/Rpsa/Rpl23a/Rplp2/Rps11/Rps12",9
"mmu05020","Human Diseases","Neurodegenerative disease","mmu05020","Prion disease - Mus musculus (house mouse)","9/70","273/9717",0.000138590326449574,0.00431261110265909,0.00369976636701806,"Cox4i1/Cyba/Uqcrc1/Cox5a/Psmb3/Uqcrq/Mapk13/Cox7b/Tubb5",9
"mmu05140","Human Diseases","Infectious disease: parasitic","mmu05140","Leishmaniasis - Mus musculus (house mouse)","5/70","70/9717",0.000141339166090339,0.00431261110265909,0.00369976636701806,"Cyba/C3/Mapk13/H2-Eb1/Nos2",5
"mmu05415","Human Diseases","Cardiovascular disease","mmu05415","Diabetic cardiomyopathy - Mus musculus (house mouse)","8/70","217/9717",0.000156122926672485,0.00431261110265909,0.00369976636701806,"Cox4i1/Gapdh/Cyba/Uqcrc1/Cox5a/Uqcrq/Mapk13/Cox7b",8
"mmu00480","Metabolism","Metabolism of other amino acids","mmu00480","Glutathione metabolism - Mus musculus (house mouse)","5/70","73/9717",0.000172504444106363,0.00431261110265909,0.00369976636701806,"Gpx2/Gpx1/Prdx6/Gstt2/Mgst1",5
"mmu05016","Human Diseases","Neurodegenerative disease","mmu05016","Huntington disease - Mus musculus (house mouse)","9/70","308/9717",0.000341211895517681,0.00758248656705959,0.00650497531805638,"Gpx2/Cox4i1/Uqcrc1/Gpx1/Cox5a/Psmb3/Uqcrq/Cox7b/Tubb5",9
"mmu04260","Organismal Systems","Circulatory system","mmu04260","Cardiac muscle contraction - Mus musculus (house mouse)","5/70","89/9717",0.000436138582141637,0.00872277164283275,0.00748321988306178,"Cox4i1/Uqcrc1/Cox5a/Uqcrq/Cox7b",5
"mmu05022","Human Diseases","Neurodegenerative disease","mmu05022","Pathways of neurodegeneration - multiple diseases - Mus musculus (house mouse)","11/70","481/9717",0.000594967562535382,0.0108175920460979,0.00928035528165237,"Gpx2/Cox4i1/Uqcrc1/Gpx1/Cox5a/Psmb3/Uqcrq/Mapk13/Cox7b/Tubb5/Nos2",11
"mmu04932","Human Diseases","Endocrine and metabolic disease","mmu04932","Non-alcoholic fatty liver disease - Mus musculus (house mouse)","6/70","162/9717",0.00106379610993991,0.0177299351656652,0.0152104180631759,"Cox4i1/Uqcrc1/Cox5a/Uqcrq/Mapk13/Cox7b",6
"mmu05010","Human Diseases","Neurodegenerative disease","mmu05010","Alzheimer disease - Mus musculus (house mouse)","9/70","389/9717",0.00179994526752408,0.0276914656542167,0.0237563626401964,"Cox4i1/Gapdh/Uqcrc1/Cox5a/Psmb3/Uqcrq/Cox7b/Tubb5/Nos2",9
"mmu00051","Metabolism","Carbohydrate metabolism","mmu00051","Fructose and mannose metabolism - Mus musculus (house mouse)","3/70","36/9717",0.00215617475864815,0.0308024965521165,0.0264252996736578,"Akr1b8/Fbp2/Hk2",3
"mmu01250","Metabolism","Global and overview maps","mmu01250","Biosynthesis of nucleotide sugars - Mus musculus (house mouse)","3/70","38/9717",0.0025214990486314,0.0336199873150854,0.0288424101703101,"Nans/Cmas/Hk2",3
"mmu00190","Metabolism","Energy metabolism","mmu00190","Oxidative phosphorylation - Mus musculus (house mouse)","5/70","141/9717",0.00340535715635432,0.04064364104746,0.0348679657407156,"Cox4i1/Uqcrc1/Cox5a/Uqcrq/Cox7b",5
"mmu05012","Human Diseases","Neurodegenerative disease","mmu05012","Parkinson disease - Mus musculus (house mouse)","7/70","274/9717",0.0034547094890341,0.04064364104746,0.0348679657407156,"Cox4i1/Uqcrc1/Cox5a/Psmb3/Uqcrq/Cox7b/Tubb5",7
"mmu03320","Organismal Systems","Endocrine system","mmu03320","PPAR signaling pathway - Mus musculus (house mouse)","4/70","89/9717",0.00380556935580581,0.0422841039533979,0.0362753102337045,"Fabp4/Hmgcs2/Dbi/Acadl",4
"mmu04657","Organismal Systems","Immune system","mmu04657","IL-17 signaling pathway - Mus musculus (house mouse)","4/70","93/9717",0.00445393927998293,0.0468835713682414,0.0402211691211755,"Lcn2/S100a8/S100a9/Mapk13",4
