"","category","subcategory","ID","Description","GeneRatio","BgRatio","pvalue","p.adjust","qvalue","geneID","Count"
"mmu05208","Human Diseases","Cancer: overview","mmu05208","Chemical carcinogenesis - reactive oxygen species - Mus musculus (house mouse)","12/98","229/9717",2.98840027772247e-06,0.000314756779290945,0.000275302141052848,"Cox4i1/Cox7b/Cox7c/Mgst3/Uqcr10/Mgst1/Ndufa6/Sod1/Ndufa3/Lpo/Cox7a1/Mapk13",12
"mmu00920","Metabolism","Energy metabolism","mmu00920","Sulfur metabolism - Mus musculus (house mouse)","4/98","11/9717",3.04112830232797e-06,0.000314756779290945,0.000275302141052848,"Selenbp1/Sqor/Ethe1/Papss2",4
"mmu00190","Metabolism","Energy metabolism","mmu00190","Oxidative phosphorylation - Mus musculus (house mouse)","8/98","141/9717",8.44395318351152e-05,0.00582632769662295,0.00509599981601397,"Cox4i1/Cox7b/Cox7c/Atp5me/Uqcr10/Ndufa6/Ndufa3/Cox7a1",8
"mmu04714","Organismal Systems","Environmental adaptation","mmu04714","Thermogenesis - Mus musculus (house mouse)","10/98","238/9717",0.000136307066844349,0.00705389070919507,0.00616968828874422,"Cox4i1/Cox7b/Cox7c/Atp5me/Uqcr10/Ndufa6/Ndufa3/Gcg/Cox7a1/Mapk13",10
"mmu04932","Human Diseases","Endocrine and metabolic disease","mmu04932","Non-alcoholic fatty liver disease - Mus musculus (house mouse)","8/98","162/9717",0.000221455547257033,0.00916825965644118,0.00801902192172837,"Cox4i1/Cox7b/Cox7c/Uqcr10/Ndufa6/Ndufa3/Cox7a1/Mapk13",8
"mmu04260","Organismal Systems","Circulatory system","mmu04260","Cardiac muscle contraction - Mus musculus (house mouse)","6/98","89/9717",0.000267002640729267,0.00921159110515971,0.008056921790427,"Cox4i1/Cox7b/Cox7c/Uqcr10/Atp1a1/Cox7a1",6
"mmu00983","Metabolism","Xenobiotics biodegradation and metabolism","mmu00983","Drug metabolism - other enzymes - Mus musculus (house mouse)","6/98","95/9717",0.00038041724728841,0.00975696917027665,0.00853393693001568,"Mgst3/Mgst1/Ces2e/Upp1/Ces2c/Nme7",6
"mmu05020","Human Diseases","Neurodegenerative disease","mmu05020","Prion disease - Mus musculus (house mouse)","10/98","273/9717",0.000412138984209803,0.00975696917027665,0.00853393693001568,"Cox4i1/Cox7b/Cox7c/Uqcr10/Ndufa6/Sod1/Ndufa3/Egr1/Cox7a1/Mapk13",10
"mmu05012","Human Diseases","Neurodegenerative disease","mmu05012","Parkinson disease - Mus musculus (house mouse)","10/98","274/9717",0.000424216050881593,0.00975696917027665,0.00853393693001568,"Cox4i1/Cox7b/Cox7c/Uqcr10/Ndufa6/Calml4/Sod1/Ndufa3/Maoa/Cox7a1",10
"mmu00910","Metabolism","Energy metabolism","mmu00910","Nitrogen metabolism - Mus musculus (house mouse)","3/98","17/9717",0.000610486091186262,0.0126370620875556,0.0110530113351618,"Car4/Car1/Car2",3
"mmu04964","Organismal Systems","Excretory system","mmu04964","Proximal tubule bicarbonate reclamation - Mus musculus (house mouse)","3/98","22/9717",0.00133293485638856,0.0231929294198969,0.0202857048574741,"Car4/Car2/Atp1a1",3
"mmu05014","Human Diseases","Neurodegenerative disease","mmu05014","Amyotrophic lateral sclerosis - Mus musculus (house mouse)","11/98","375/9717",0.00134451764753026,0.0231929294198969,0.0202857048574741,"Cox4i1/Cox7b/Chchd10/Cox7c/Uqcr10/Gpx2/Ndufa6/Sod1/Ndufa3/Cox7a1/Mapk13",11
"mmu05415","Human Diseases","Cardiovascular disease","mmu05415","Diabetic cardiomyopathy - Mus musculus (house mouse)","8/98","217/9717",0.00152688800883824,0.0243127552176551,0.0212651609328079,"Cox4i1/Cox7b/Cox7c/Uqcr10/Ndufa6/Ndufa3/Cox7a1/Mapk13",8
"mmu04970","Organismal Systems","Digestive system","mmu04970","Salivary secretion - Mus musculus (house mouse)","5/98","87/9717",0.00181130820972151,0.0267814856723109,0.0234244369979022,"Dmbt1/Calml4/Atp1a1/Lyz2/Lpo",5
"mmu00330","Metabolism","Amino acid metabolism","mmu00330","Arginine and proline metabolism - Mus musculus (house mouse)","4/98","54/9717",0.00209136274302695,0.0288608058537719,0.0252431152140797,"Ckmt1/Maoa/Aldh2/Sat1",4
"mmu04915","Organismal Systems","Endocrine system","mmu04915","Estrogen signaling pathway - Mus musculus (house mouse)","6/98","134/9717",0.00229391048481949,0.0296774668973521,0.0259574081176942,"Krt19/Calml4/Hbegf/Krt20/Krt18/Fkbp5",6
"mmu04976","Organismal Systems","Digestive system","mmu04976","Bile secretion - Mus musculus (house mouse)","5/98","101/9717",0.00347652301466608,0.0423317802374046,0.0370255082676511,"Car2/Slc51b/Atp1a1/Aqp4/Abcg2",5
"mmu05016","Human Diseases","Neurodegenerative disease","mmu05016","Huntington disease - Mus musculus (house mouse)","9/98","308/9717",0.00381475351766198,0.0438696654531128,0.0383706201776527,"Cox4i1/Cox7b/Cox7c/Uqcr10/Gpx2/Ndufa6/Sod1/Ndufa3/Cox7a1",9
