"","category","subcategory","ID","Description","GeneRatio","BgRatio","pvalue","p.adjust","qvalue","geneID","Count"
"mmu05171","Human Diseases","Infectious disease: viral","mmu05171","Coronavirus disease - COVID-19 - Mus musculus (house mouse)","14/59","334/9717",8.02863319030862e-09,7.72070070683513e-07,6.55582305633018e-07,"Rpl37/Uba52/Rpl36/Rpl39/Rpl27/Rpl30/Fos/Rpl9/Rpl31/Jun/Rpl36a/Rpl17-ps8/Isg15/Rps27",14
"mmu00190","Metabolism","Energy metabolism","mmu00190","Oxidative phosphorylation - Mus musculus (house mouse)","10/59","141/9717",1.02942676091135e-08,7.72070070683513e-07,6.55582305633018e-07,"Atp5f1e/Ndufa3/Cox6b1/Cox7c/Atp5me/Uqcr10/Atp5mg/Ndufa12/Atp5mc1/Ndufb4b",10
"mmu05208","Human Diseases","Cancer: overview","mmu05208","Chemical carcinogenesis - reactive oxygen species - Mus musculus (house mouse)","11/59","229/9717",1.01333936698649e-07,5.06669683493244e-06,4.30224783878474e-06,"Atp5f1e/Ndufa3/Cox6b1/Cox7c/Fos/Jun/Uqcr10/Ndufa12/Atp5mc1/Mgst1/Ndufb4b",11
"mmu04714","Organismal Systems","Environmental adaptation","mmu04714","Thermogenesis - Mus musculus (house mouse)","11/59","238/9717",1.49960783656633e-07,5.62352938712373e-06,4.77506705854015e-06,"Atp5f1e/Ndufa3/Cox6b1/Cox7c/Atp5me/Uqcr10/Actg1/Atp5mg/Ndufa12/Atp5mc1/Ndufb4b",11
"mmu03010","Genetic Information Processing","Translation","mmu03010","Ribosome - Mus musculus (house mouse)","11/59","265/9717",4.42384162622212e-07,1.32715248786664e-05,1.12691544583763e-05,"Rpl37/Uba52/Rpl36/Rpl39/Rpl27/Rpl30/Rpl9/Rpl31/Rpl36a/Rpl17-ps8/Rps27",11
"mmu05012","Human Diseases","Neurodegenerative disease","mmu05012","Parkinson disease - Mus musculus (house mouse)","10/59","274/9717",5.00173485771229e-06,0.000115866590648011,9.83849646905915e-05,"Uba52/Atp5f1e/Ndufa3/Cox6b1/Cox7c/Uqcr10/Dusp1/Ndufa12/Atp5mc1/Ndufb4b",10
"mmu04932","Human Diseases","Endocrine and metabolic disease","mmu04932","Non-alcoholic fatty liver disease - Mus musculus (house mouse)","8/59","162/9717",5.40710756357383e-06,0.000115866590648011,9.83849646905915e-05,"Ndufa3/Cox6b1/Cox7c/Fos/Jun/Uqcr10/Ndufa12/Ndufb4b",8
"mmu05016","Human Diseases","Neurodegenerative disease","mmu05016","Huntington disease - Mus musculus (house mouse)","10/59","308/9717",1.400459073244e-05,0.00026258607623325,0.0002229678261349,"Atp5f1e/Ndufa3/Cox6b1/Cox7c/Uqcr10/Ndufa12/Polr2l/Atp5mc1/Gpx2/Ndufb4b",10
"mmu05418","Human Diseases","Cardiovascular disease","mmu05418","Fluid shear stress and atherosclerosis - Mus musculus (house mouse)","7/59","148/9717",2.90113739442576e-05,0.000483522899070959,0.000410570321316394,"Gstp1/Fos/Jun/Actg1/Dusp1/Klf2/Mgst1",7
"mmu05020","Human Diseases","Neurodegenerative disease","mmu05020","Prion disease - Mus musculus (house mouse)","9/59","273/9717",3.50669053124195e-05,0.000526003579686292,0.000446641636084501,"Atp5f1e/Ndufa3/Cox6b1/Cox7c/Uqcr10/Ndufa12/Egr1/Atp5mc1/Ndufb4b",9
"mmu05415","Human Diseases","Cardiovascular disease","mmu05415","Diabetic cardiomyopathy - Mus musculus (house mouse)","8/59","217/9717",4.52595060594027e-05,0.000617175082628218,0.000524057438582557,"Atp5f1e/Ndufa3/Cox6b1/Cox7c/Uqcr10/Ndufa12/Atp5mc1/Ndufb4b",8
"mmu05014","Human Diseases","Neurodegenerative disease","mmu05014","Amyotrophic lateral sclerosis - Mus musculus (house mouse)","10/59","375/9717",7.52570242940788e-05,0.000940712803675985,0.000798780696454696,"Atp5f1e/Ndufa3/Cox6b1/Cox7c/Uqcr10/Actg1/Ndufa12/Atp5mc1/Gpx2/Ndufb4b",10
"mmu05022","Human Diseases","Neurodegenerative disease","mmu05022","Pathways of neurodegeneration - multiple diseases - Mus musculus (house mouse)","10/59","481/9717",0.000566608604463175,0.00653779158995972,0.00555138794656228,"Uba52/Atp5f1e/Ndufa3/Cox6b1/Cox7c/Uqcr10/Ndufa12/Atp5mc1/Gpx2/Ndufb4b",10
"mmu05010","Human Diseases","Neurodegenerative disease","mmu05010","Alzheimer disease - Mus musculus (house mouse)","8/59","389/9717",0.00227393944794593,0.0243636369422778,0.0206877197895833,"Atp5f1e/Ndufa3/Cox6b1/Cox7c/Uqcr10/Ndufa12/Atp5mc1/Ndufb4b",8
"mmu00910","Metabolism","Energy metabolism","mmu00910","Nitrogen metabolism - Mus musculus (house mouse)","2/59","17/9717",0.00464882044030628,0.0464882044030628,0.039474194615934,"Car4/Car1",2
