"","category","subcategory","ID","Description","GeneRatio","BgRatio","pvalue","p.adjust","qvalue","geneID","Count"
"mmu03010","Genetic Information Processing","Translation","mmu03010","Ribosome - Mus musculus (house mouse)","10/22","265/9717",9.31705677790684e-11,2.70194646559298e-09,1.27496566434515e-09,"Rpl37/Rpl38/Uba52/Rpl39/Rps21/Rpl31/Rpl30/Rps28/Rpl27/Rps17",10
"mmu05171","Human Diseases","Infectious disease: viral","mmu05171","Coronavirus disease - COVID-19 - Mus musculus (house mouse)","10/22","334/9717",9.02221601785488e-10,1.30822132258896e-08,6.17309517011123e-09,"Rpl37/Rpl38/Uba52/Rpl39/Rps21/Rpl31/Rpl30/Rps28/Rpl27/Rps17",10
"mmu00190","Metabolism","Energy metabolism","mmu00190","Oxidative phosphorylation - Mus musculus (house mouse)","6/22","141/9717",5.17129118348281e-07,4.99891481070005e-06,2.35883457492198e-06,"Uqcr10/Cox7c/Atp5me/Ndufc1/Ndufa1/Cox7b",6
"mmu04714","Organismal Systems","Environmental adaptation","mmu04714","Thermogenesis - Mus musculus (house mouse)","6/22","238/9717",1.08839278127725e-05,7.89084766426004e-05,3.72344898858006e-05,"Uqcr10/Cox7c/Atp5me/Ndufc1/Ndufa1/Cox7b",6
"mmu05012","Human Diseases","Neurodegenerative disease","mmu05012","Parkinson disease - Mus musculus (house mouse)","6/22","274/9717",2.42689276361153e-05,0.000122511988667558,5.78096498249821e-05,"Uba52/Uqcr10/Cox7c/Ndufc1/Ndufa1/Cox7b",6
"mmu04932","Human Diseases","Endocrine and metabolic disease","mmu04932","Non-alcoholic fatty liver disease - Mus musculus (house mouse)","5/22","162/9717",2.53473080001845e-05,0.000122511988667558,5.78096498249821e-05,"Uqcr10/Cox7c/Ndufc1/Ndufa1/Cox7b",5
"mmu05016","Human Diseases","Neurodegenerative disease","mmu05016","Huntington disease - Mus musculus (house mouse)","6/22","308/9717",4.69123344903293e-05,0.000194351100031364,9.17083230638016e-05,"Uqcr10/Cox7c/Ndufc1/Ndufa1/Gpx2/Cox7b",6
"mmu05022","Human Diseases","Neurodegenerative disease","mmu05022","Pathways of neurodegeneration - multiple diseases - Mus musculus (house mouse)","7/22","481/9717",6.20802719055004e-05,0.000225040985657439,0.000106189938785724,"Uba52/Uqcr10/Cox7c/Ndufc1/Ndufa1/Gpx2/Cox7b",7
"mmu05415","Human Diseases","Cardiovascular disease","mmu05415","Diabetic cardiomyopathy - Mus musculus (house mouse)","5/22","217/9717",0.000102424953408515,0.000330035960982992,0.0001557338472878,"Uqcr10/Cox7c/Ndufc1/Ndufa1/Cox7b",5
"mmu05208","Human Diseases","Cancer: overview","mmu05208","Chemical carcinogenesis - reactive oxygen species - Mus musculus (house mouse)","5/22","229/9717",0.000132028031168651,0.000369023175520635,0.000174130718031516,"Uqcr10/Cox7c/Ndufc1/Ndufa1/Cox7b",5
"mmu05014","Human Diseases","Neurodegenerative disease","mmu05014","Amyotrophic lateral sclerosis - Mus musculus (house mouse)","6/22","375/9717",0.000139974307956103,0.000369023175520635,0.000174130718031516,"Uqcr10/Cox7c/Ndufc1/Ndufa1/Gpx2/Cox7b",6
"mmu05020","Human Diseases","Neurodegenerative disease","mmu05020","Prion disease - Mus musculus (house mouse)","5/22","273/9717",0.000300052659542731,0.0007251272605616,0.000342165313513641,"Uqcr10/Cox7c/Ndufc1/Ndufa1/Cox7b",5
"mmu04260","Organismal Systems","Circulatory system","mmu04260","Cardiac muscle contraction - Mus musculus (house mouse)","3/22","89/9717",0.00100846400718709,0.00224965047757119,0.00106154106019693,"Uqcr10/Cox7c/Cox7b",3
"mmu05010","Human Diseases","Neurodegenerative disease","mmu05010","Alzheimer disease - Mus musculus (house mouse)","5/22","389/9717",0.0015008505558984,0.0031089047229324,0.00146699678396084,"Uqcr10/Cox7c/Ndufc1/Ndufa1/Cox7b",5
"mmu04137","Cellular Processes","Transport and catabolism","mmu04137","Mitophagy - animal - Mus musculus (house mouse)","2/22","101/9717",0.0215847854391066,0.0417305851822728,0.0196913832076061,"Uba52/Tomm7",2
