"","category","subcategory","ID","Description","GeneRatio","BgRatio","pvalue","p.adjust","qvalue","geneID","Count"
"mmu05322","Human Diseases","Immune disease","mmu05322","Systemic lupus erythematosus - Mus musculus (house mouse)","14/181","150/9717",7.20615539054206e-07,0.000192404348927473,0.00017825752808183,"C3/H3c3/C1qa/H2ac20/H2ac4/H2bc14/C1qc/H3c6/H2ac15/C1qb/H4c16/H2ac18/H2bc22/C4b",14
"mmu04613","Organismal Systems","Immune system","mmu04613","Neutrophil extracellular trap formation - Mus musculus (house mouse)","14/181","209/9717",3.44643766414983e-05,0.00460099428164003,0.00426269921618532,"C3/Gsdmd/Slc25a4/H3c3/H2ac20/H2ac4/H2bc14/H3c6/H2ac15/H4c16/H2ac18/H2bc22/Rac2/Akt3",14
"mmu00052","Metabolism","Carbohydrate metabolism","mmu00052","Galactose metabolism - Mus musculus (house mouse)","5/181","32/9717",0.000284058874903116,0.0235631110800883,0.0218305976890232,"Akr1b8/Hk2/B4galt1/Hk1/Gaa",5
"mmu04610","Organismal Systems","Immune system","mmu04610","Complement and coagulation cascades - Mus musculus (house mouse)","8/181","94/9717",0.000353005409439525,0.0235631110800883,0.0218305976890232,"C3/Cfd/Plat/C1qa/C1qc/Serping1/C1qb/C4b",8
"mmu05133","Human Diseases","Infectious disease: bacterial","mmu05133","Pertussis - Mus musculus (house mouse)","7/181","77/9717",0.000555405380300479,0.0296586473080456,0.0274779503938132,"C3/Cxcl5/C1qa/C1qc/Serping1/C1qb/C4b",7
