"","category","subcategory","ID","Description","GeneRatio","BgRatio","pvalue","p.adjust","qvalue","geneID","Count"
"mmu00220","Metabolism","Amino acid metabolism","mmu00220","Arginine biosynthesis - Mus musculus (house mouse)","5/121","20/9717",3.67907763482811e-06,0.000728457371695966,0.000650615834369603,"Arg2/Gpt/Nos2/Acy1/Nags",5
"mmu00983","Metabolism","Xenobiotics biodegradation and metabolism","mmu00983","Drug metabolism - other enzymes - Mus musculus (house mouse)","7/121","95/9717",0.000174231995434628,0.0169118954564094,0.0151047232146559,"Ces2c/Ces2e/Gstt2/Gstt1/Gstp3/Nme7/Ces2b",7
"mmu00601","Metabolism","Glycan biosynthesis and metabolism","mmu00601","Glycosphingolipid biosynthesis - lacto and neolacto series - Mus musculus (house mouse)","4/121","27/9717",0.000321689828543883,0.0169118954564094,0.0151047232146559,"B4galt1/St8sia1/Gcnt2/B4galnt2",4
"mmu00980","Metabolism","Xenobiotics biodegradation and metabolism","mmu00980","Metabolism of xenobiotics by cytochrome P450 - Mus musculus (house mouse)","6/121","76/9717",0.000353591056168502,0.0169118954564094,0.0151047232146559,"Cbr2/Gstt2/Gstt1/Adh1/Gstp3/Aldh3b1",6
"mmu00062","Metabolism","Lipid metabolism","mmu00062","Fatty acid elongation - Mus musculus (house mouse)","4/121","29/9717",0.000427068067081046,0.0169118954564094,0.0151047232146559,"Acaa2/Acot7/Elovl6/Acot2",4
"mmu00052","Metabolism","Carbohydrate metabolism","mmu00052","Galactose metabolism - Mus musculus (house mouse)","4/121","32/9717",0.000628243925192164,0.0207320495313414,0.0185166630582954,"B4galt1/Akr1b8/Glb1/Akr1b7",4
"mmu00604","Metabolism","Glycan biosynthesis and metabolism","mmu00604","Glycosphingolipid biosynthesis - ganglio series - Mus musculus (house mouse)","3/121","15/9717",0.000768256165497268,0.0217306743954942,0.0194085768125626,"St8sia5/St8sia1/Glb1",3
"mmu00982","Metabolism","Xenobiotics biodegradation and metabolism","mmu00982","Drug metabolism - cytochrome P450 - Mus musculus (house mouse)","5/121","72/9717",0.00198260229112635,0.0463653100459166,0.0414108032308027,"Gstt2/Gstt1/Adh1/Gstp3/Aldh3b1",5
"mmu00480","Metabolism","Metabolism of other amino acids","mmu00480","Glutathione metabolism - Mus musculus (house mouse)","5/121","73/9717",0.00210751409299621,0.0463653100459166,0.0414108032308027,"Prdx6/Gstt2/Gstt1/Gstp3/Gpx3",5
