"","category","subcategory","ID","Description","GeneRatio","BgRatio","pvalue","p.adjust","qvalue","geneID","Count"
"mmu04260","Organismal Systems","Circulatory system","mmu04260","Cardiac muscle contraction - Mus musculus (house mouse)","7/52","89/9717",4.07787213533535e-07,4.52762140725282e-05,3.76060659648466e-05,"Atp1b1/Cox6c/Cox7b/Cox4i1/Cox7a2/Uqcr11/Uqcrq",7
"mmu00190","Metabolism","Energy metabolism","mmu00190","Oxidative phosphorylation - Mus musculus (house mouse)","8/52","141/9717",7.07440844883254e-07,4.52762140725282e-05,3.76060659648466e-05,"Cox6c/Cox7b/Cox4i1/Atp5mg/Cox7a2/Uqcr11/Ndufa7/Uqcrq",8
"mmu05012","Human Diseases","Neurodegenerative disease","mmu05012","Parkinson disease - Mus musculus (house mouse)","10/52","274/9717",1.49901691285834e-06,6.39580549486224e-05,5.3123055508313e-05,"Txn1/Cox6c/Cox7b/Calml4/Cox4i1/Maoa/Cox7a2/Uqcr11/Ndufa7/Uqcrq",10
"mmu04714","Organismal Systems","Environmental adaptation","mmu04714","Thermogenesis - Mus musculus (house mouse)","9/52","238/9717",4.00588454610746e-06,0.000128188305475439,0.000106472194514961,"Cox6c/Cox7b/Cox4i1/Atp5mg/Gcg/Cox7a2/Uqcr11/Ndufa7/Uqcrq",9
"mmu04932","Human Diseases","Endocrine and metabolic disease","mmu04932","Non-alcoholic fatty liver disease - Mus musculus (house mouse)","7/52","162/9717",2.23940915410769e-05,0.000552710766650954,0.00045907719927423,"Cox6c/Cox7b/Cox4i1/Cox7a2/Uqcr11/Ndufa7/Uqcrq",7
"mmu05208","Human Diseases","Cancer: overview","mmu05208","Chemical carcinogenesis - reactive oxygen species - Mus musculus (house mouse)","8/52","229/9717",2.59083171867634e-05,0.000552710766650954,0.00045907719927423,"Mgst3/Cox6c/Cox7b/Cox4i1/Cox7a2/Uqcr11/Ndufa7/Uqcrq",8
"mmu05415","Human Diseases","Cardiovascular disease","mmu05415","Diabetic cardiomyopathy - Mus musculus (house mouse)","7/52","217/9717",0.000143195776664433,0.00232974056139825,0.00193506411760875,"Cox6c/Cox7b/Cox4i1/Cox7a2/Uqcr11/Ndufa7/Uqcrq",7
"mmu05014","Human Diseases","Neurodegenerative disease","mmu05014","Amyotrophic lateral sclerosis - Mus musculus (house mouse)","9/52","375/9717",0.000145608785087391,0.00232974056139825,0.00193506411760875,"Gpx2/Cox6c/Cox7b/Chchd10/Cox4i1/Cox7a2/Uqcr11/Ndufa7/Uqcrq",9
"mmu04964","Organismal Systems","Excretory system","mmu04964","Proximal tubule bicarbonate reclamation - Mus musculus (house mouse)","3/52","22/9717",0.000207192383946416,0.00265746942025774,0.00220727312044434,"Car4/Atp1b1/Car2",3
"mmu05016","Human Diseases","Neurodegenerative disease","mmu05016","Huntington disease - Mus musculus (house mouse)","8/52","308/9717",0.000207614798457636,0.00265746942025774,0.00220727312044434,"Gpx2/Cox6c/Cox7b/Cox4i1/Cox7a2/Uqcr11/Ndufa7/Uqcrq",8
"mmu04972","Organismal Systems","Digestive system","mmu04972","Pancreatic secretion - Mus musculus (house mouse)","5/52","115/9717",0.000354897182527197,0.00412971266940738,0.00343010674021501,"Pla2g2a/Atp1b1/Clca4b/Clca3b/Car2",5
"mmu05020","Human Diseases","Neurodegenerative disease","mmu05020","Prion disease - Mus musculus (house mouse)","7/52","273/9717",0.000579913474481075,0.00618574372779814,0.00513782990549023,"Cox6c/Cox7b/Cox4i1/Cox7a2/Uqcr11/Ndufa7/Uqcrq",7
"mmu05022","Human Diseases","Neurodegenerative disease","mmu05022","Pathways of neurodegeneration - multiple diseases - Mus musculus (house mouse)","9/52","481/9717",0.000908027641874053,0.00894057985845221,0.00742597504690521,"Gpx2/Cox6c/Cox7b/Calml4/Cox4i1/Cox7a2/Uqcr11/Ndufa7/Uqcrq",9
"mmu05010","Human Diseases","Neurodegenerative disease","mmu05010","Alzheimer disease - Mus musculus (house mouse)","8/52","389/9717",0.000984375756859226,0.00900000691985578,0.007475334694946,"Cox6c/Cox7b/Calml4/Cox4i1/Cox7a2/Uqcr11/Ndufa7/Uqcrq",8
"mmu03320","Organismal Systems","Endocrine system","mmu03320","PPAR signaling pathway - Mus musculus (house mouse)","4/52","89/9717",0.00127306728787725,0.0108635075232192,0.00902314358425281,"Hmgcs2/Dbi/Fabp6/Fabp2",4
"mmu00920","Metabolism","Energy metabolism","mmu00920","Sulfur metabolism - Mus musculus (house mouse)","2/52","11/9717",0.00149796430087866,0.0119837144070293,0.00995357857820692,"Sqor/Ethe1",2
"mmu04976","Organismal Systems","Digestive system","mmu04976","Bile secretion - Mus musculus (house mouse)","4/52","101/9717",0.00203079207908983,0.0152906697719705,0.0127003095967847,"Atp1b1/Aqp4/Slc51b/Car2",4
"mmu00910","Metabolism","Energy metabolism","mmu00910","Nitrogen metabolism - Mus musculus (house mouse)","2/52","17/9717",0.00362876048517828,0.0258045190057122,0.0214330297662577,"Car4/Car2",2
"mmu04971","Organismal Systems","Digestive system","mmu04971","Gastric acid secretion - Mus musculus (house mouse)","3/52","75/9717",0.00744345006221187,0.0494106354694553,0.0410400837369653,"Atp1b1/Calml4/Car2",3
"mmu04924","Organismal Systems","Endocrine system","mmu04924","Renin secretion - Mus musculus (house mouse)","3/52","76/9717",0.00772041179210239,0.0494106354694553,0.0410400837369653,"Clca4b/Clca3b/Calml4",3
