"","category","subcategory","ID","Description","GeneRatio","BgRatio","pvalue","p.adjust","qvalue","geneID","Count"
"mmu05221","Human Diseases","Cancer: specific types","mmu05221","Acute myeloid leukemia - Mus musculus (house mouse)","3/14","70/9717",0.00012312646556235,0.00213682911863171,0.00137456843888589,"Bcl2a1b/Bcl2a1a/Bcl2a1d",3
"mmu05202","Human Diseases","Cancer: overview","mmu05202","Transcriptional misregulation in cancer - Mus musculus (house mouse)","4/14","226/9717",0.000237425457625745,0.00213682911863171,0.00137456843888589,"Bcl2a1b/Bcl2a1a/Bcl2a1d/Id2",4
"mmu04064","Environmental Information Processing","Signal transduction","mmu04064","NF-kappa B signaling pathway - Mus musculus (house mouse)","3/14","106/9717",0.000420835203654486,0.00252501122192692,0.00162427622463135,"Bcl2a1b/Bcl2a1a/Bcl2a1d",3
"mmu04210","Cellular Processes","Cell growth and death","mmu04210","Apoptosis - Mus musculus (house mouse)","3/14","135/9717",0.000853379381015463,0.00384020721456959,0.00247030873451845,"Bcl2a1b/Bcl2a1a/Bcl2a1d",3
"mmu00330","Metabolism","Amino acid metabolism","mmu00330","Arginine and proline metabolism - Mus musculus (house mouse)","2/14","54/9717",0.00264301482212691,0.00951485335965689,0.00612066590387285,"Ckmt1/Gatm",2
"mmu04623","Organismal Systems","Immune system","mmu04623","Cytosolic DNA-sensing pathway - Mus musculus (house mouse)","2/14","82/9717",0.00599416943339237,0.0179825083001771,0.0115676953977747,"Ifi202b/Zbp1",2
