"","category","subcategory","ID","Description","GeneRatio","BgRatio","pvalue","p.adjust","qvalue","geneID","Count"
"mmu05322","Human Diseases","Immune disease","mmu05322","Systemic lupus erythematosus - Mus musculus (house mouse)","22/150","150/9717",7.33670249794575e-16,1.33527985462613e-13,1.07347541812048e-13,"H2ac24/H2ac20/C1qa/H2ac8/H2ac22/H4c4/C1qb/H2ac4/H3c3/C1qc/C2/H3c7/H2bc24/H2bc3/H3c2/H2ac15/H2bc14/H2bc22/H4c8/H2bc6/H2bc7/H3c11",22
"mmu05034","Human Diseases","Substance dependence","mmu05034","Alcoholism - Mus musculus (house mouse)","18/150","207/9717",2.62548371564798e-09,1.85861050922009e-07,1.49419815373969e-07,"H2ac24/H2ac20/H2ac8/H2ac22/H4c4/H2ac4/H3c3/H3c7/H2bc24/H2bc3/H3c2/H2ac15/H2bc14/H2bc22/H4c8/H2bc6/H2bc7/H3c11",18
"mmu04613","Organismal Systems","Immune system","mmu04613","Neutrophil extracellular trap formation - Mus musculus (house mouse)","18/150","209/9717",3.06364369651663e-09,1.85861050922009e-07,1.49419815373969e-07,"H2ac24/H2ac20/H2ac8/H2ac22/H4c4/H2ac4/H3c3/H3c7/H2bc24/H2bc3/H3c2/H2ac15/H2bc14/H2bc22/H4c8/H2bc6/H2bc7/H3c11",18
"mmu05171","Human Diseases","Infectious disease: viral","mmu05171","Coronavirus disease - COVID-19 - Mus musculus (house mouse)","21/150","334/9717",3.86084565398976e-08,1.75668477256534e-06,1.41225669974889e-06,"Uba52/Rps12/Isg15/Rpl17-ps8/Oas1a/Oas1g/Oas3/Eif2ak2/Mx1/Oas2/C1qa/Stat2/C1qb/Rpl21/Ifih1/Mx2/Rigi/C1qc/Cfb/C2/Il1b",21
"mmu05203","Human Diseases","Cancer: overview","mmu05203","Viral carcinogenesis - Mus musculus (house mouse)","17/150","228/9717",7.40924960546439e-08,2.69696685638904e-06,2.16818041086221e-06,"Irf7/H2-T23/Sp100/Eif2ak2/H2-T22/H4c4/Gsn/H2-T24/H2bc24/H2-T10/H2bc3/H2bc14/H2bc22/H4c8/H2-Q1/H2bc6/H2bc7",17
"mmu05160","Human Diseases","Infectious disease: viral","mmu05160","Hepatitis C - Mus musculus (house mouse)","13/150","167/9717",1.70332013224071e-06,5.16673773446349e-05,4.15371049792033e-05,"Irf7/Ifit1bl1/Ifit1/Oas1a/Oas1g/Oas3/Eif2ak2/Mx1/Oas2/Stat2/Mx2/Rigi/Rsad2",13
"mmu05162","Human Diseases","Infectious disease: viral","mmu05162","Measles - Mus musculus (house mouse)","12/150","145/9717",2.28461038301865e-06,5.76083010127372e-05,4.63132090270125e-05,"Irf7/Oas1a/Oas1g/Oas3/Eif2ak2/Mx1/Oas2/Stat2/Ifih1/Mx2/Rigi/Il1b",12
"mmu05164","Human Diseases","Infectious disease: viral","mmu05164","Influenza A - Mus musculus (house mouse)","13/150","173/9717",2.53223301154889e-06,5.76083010127372e-05,4.63132090270125e-05,"Irf7/Oas1a/Oas1g/Oas3/Eif2ak2/Mx1/Oas2/Stat2/Ifih1/Mx2/Rigi/Rsad2/Il1b",13
"mmu05169","Human Diseases","Infectious disease: viral","mmu05169","Epstein-Barr virus infection - Mus musculus (house mouse)","14/150","228/9717",1.09215730919768e-05,0.000220858478082197,0.000177555398805236,"Isg15/Irf7/H2-T23/Oas1a/Oas1g/Oas3/Eif2ak2/Oas2/H2-T22/Stat2/H2-T24/Rigi/H2-T10/H2-Q1",14
"mmu05168","Human Diseases","Infectious disease: viral","mmu05168","Herpes simplex virus 1 infection - Mus musculus (house mouse)","19/150","459/9717",7.92352908225971e-05,0.00144208229297127,0.00115933741308853,"Irf7/H2-T23/Oas1a/Oas1g/Oas3/Bst2/Sp100/Eif2ak2/Oas2/H2-T22/Stat2/Ifih1/Gm45871/H2-T24/Rigi/H2-T10/Il1b/H2-Q1/Tnfrsf14",19
"mmu04217","Cellular Processes","Cell growth and death","mmu04217","Necroptosis - Mus musculus (house mouse)","11/150","177/9717",8.92206765607362e-05,0.00147619664855036,0.00118676306621458,"Zbp1/H2ac24/Eif2ak2/H2ac20/H2ac8/H2ac22/Stat2/H2ac4/Mlkl/H2ac15/Il1b",11
"mmu04621","Organismal Systems","Immune system","mmu04621","NOD-like receptor signaling pathway - Mus musculus (house mouse)","12/150","216/9717",0.00012483864886827,0.00189338617450209,0.00152215545549908,"Irf7/Oas1a/Oas1g/Oas3/Irgm1/Gbp3/Oas2/Stat2/Ifi204/Gbp2b/Gbp2/Il1b",12
"mmu04623","Organismal Systems","Immune system","mmu04623","Cytosolic DNA-sensing pathway - Mus musculus (house mouse)","7/150","82/9717",0.000262254433648016,0.00367156207107223,0.00295168957709104,"Irf7/Zbp1/Ifi202b/Mlkl/Ifi204/Rigi/Il1b",7
"mmu05332","Human Diseases","Immune disease","mmu05332","Graft-versus-host disease - Mus musculus (house mouse)","6/150","60/9717",0.000308407456919647,0.00375161803267924,0.00301604919920425,"H2-T23/H2-T22/H2-T24/H2-T10/Il1b/H2-Q1",6
"mmu05143","Human Diseases","Infectious disease: parasitic","mmu05143","African trypanosomiasis - Mus musculus (house mouse)","5/150","39/9717",0.00030919928840763,0.00375161803267924,0.00301604919920425,"Ido1/Hbb-bs/Hba-a2/Hba-a1/Il1b",5
"mmu04940","Human Diseases","Endocrine and metabolic disease","mmu04940","Type I diabetes mellitus - Mus musculus (house mouse)","6/150","67/9717",0.000562693699395751,0.00640064083062667,0.00514568580368483,"H2-T23/H2-T22/H2-T24/H2-T10/Il1b/H2-Q1",6
"mmu04622","Organismal Systems","Immune system","mmu04622","RIG-I-like receptor signaling pathway - Mus musculus (house mouse)","6/150","72/9717",0.000827046773862535,0.00885426546135185,0.00711823539113885,"Isg15/Irf7/Dhx58/Ifih1/Rigi/Znfx1",6
"mmu05133","Human Diseases","Infectious disease: bacterial","mmu05133","Pertussis - Mus musculus (house mouse)","6/150","77/9717",0.00117834925821734,0.0119144202775309,0.00957839455510005,"C1qa/C1qb/Serping1/C1qc/C2/Il1b",6
"mmu05330","Human Diseases","Immune disease","mmu05330","Allograft rejection - Mus musculus (house mouse)","5/150","60/9717",0.00226269548633415,0.0214649806043756,0.0172564043031128,"H2-T23/H2-T22/H2-T24/H2-T10/H2-Q1",5
"mmu05167","Human Diseases","Infectious disease: viral","mmu05167","Kaposi sarcoma-associated herpesvirus infection - Mus musculus (house mouse)","10/150","223/9717",0.00235878907740391,0.0214649806043756,0.0172564043031128,"Uba52/Irf7/H2-T23/Eif2ak2/H2-T22/Stat2/H2-T24/Clec2h/H2-T10/H2-Q1",10
"mmu04610","Organismal Systems","Immune system","mmu04610","Complement and coagulation cascades - Mus musculus (house mouse)","6/150","94/9717",0.00326759800199299,0.0272555857058825,0.0219116623083729,"C1qa/C1qb/Serping1/C1qc/Cfb/C2",6
"mmu00220","Metabolism","Amino acid metabolism","mmu00220","Arginine biosynthesis - Mus musculus (house mouse)","3/150","20/9717",0.00338983981051727,0.0272555857058825,0.0219116623083729,"Arg2/Acy1/Nags",3
"mmu00983","Metabolism","Xenobiotics biodegradation and metabolism","mmu00983","Drug metabolism - other enzymes - Mus musculus (house mouse)","6/150","95/9717",0.00344438720458955,0.0272555857058825,0.0219116623083729,"Upp1/Gstp1/Tk1/Ces2c/Gstt1/Ugt1a6a",6
"mmu04976","Organismal Systems","Digestive system","mmu04976","Bile secretion - Mus musculus (house mouse)","6/150","101/9717",0.00465864649996724,0.0353280692914182,0.0284013975217301,"Aqp8/Slc51a/Slc51b/Slc9a3/Sct/Ugt1a6a",6
"mmu00190","Metabolism","Energy metabolism","mmu00190","Oxidative phosphorylation - Mus musculus (house mouse)","7/150","141/9717",0.00613699165105479,0.0440221923061471,0.0353908891298695,"Ndufa6/Ndufa3/Ndufa12/Ndufb4b/Atp5mc1/Cox7a1/Atp12a",7
"mmu05320","Human Diseases","Immune disease","mmu05320","Autoimmune thyroid disease - Mus musculus (house mouse)","5/150","76/9717",0.00628888461516386,0.0440221923061471,0.0353908891298695,"H2-T23/H2-T22/H2-T24/H2-T10/H2-Q1",5
