"","category","subcategory","ID","Description","GeneRatio","BgRatio","pvalue","p.adjust","qvalue","geneID","Count"
"mmu04110","Cellular Processes","Cell growth and death","mmu04110","Cell cycle - Mus musculus (house mouse)","18/254","157/9717",1.31878852522372e-07,3.8640503789055e-05,3.48437810348583e-05,"Plk1/Anapc11/Gadd45g/Cdc20/Ccna2/Ccnb1/E2f2/Pttg1/Cdk1/Bub1b/Knl1/Cdkn2d/Bub1/Sgo1/Ttk/Mad2l2/Mcm7/Tgfb1",18
"mmu01230","Metabolism","Global and overview maps","mmu01230","Biosynthesis of amino acids - Mus musculus (house mouse)","9/254","79/9717",0.000206096317883114,0.020595445122739,0.0185717863330608,"Pkm/Gapdh/Eno1/Psat1/Asns/Arg2/Shmt2/Acy1/Psph",9
"mmu04814","Cellular Processes","Cell motility","mmu04814","Motor proteins - Mus musculus (house mouse)","15/254","198/9717",0.000210874864737942,0.020595445122739,0.0185717863330608,"Tubb4b/Myo15b/Tuba1c/Tuba1b/Tubb5/Tnni1/Kif4/Tubg1/Cenpe/Kif20b/Kif15/Tubb6/Myo1c/Kif22/Myo7b",15
"mmu04978","Organismal Systems","Digestive system","mmu04978","Mineral absorption - Mus musculus (house mouse)","7/254","55/9717",0.000533621895089938,0.039087803815338,0.0352471304388354,"Slc39a4/Slc9a3/Slc26a3/Trpm6/Trf/Slc46a1/Hmox1",7
"mmu04914","Organismal Systems","Endocrine system","mmu04914","Progesterone-mediated oocyte maturation - Mus musculus (house mouse)","9/254","93/9717",0.000701382225012922,0.0411009983857572,0.0370625133638407,"Plk1/Anapc11/Ccna2/Ccnb1/Cdk1/Aurka/Bub1/Kif22/Mad2l2",9
