"","category","subcategory","ID","Description","GeneRatio","BgRatio","pvalue","p.adjust","qvalue","geneID","Count"
"mmu00190","Metabolism","Energy metabolism","mmu00190","Oxidative phosphorylation - Mus musculus (house mouse)","12/121","141/9717",1.65014285866392e-07,2.31673353551188e-05,1.87980571960394e-05,"Atp5f1e/Uqcr11/Uqcr10/Uqcrq/Ndufa1/Atp5me/Ppa1/Ndufa12/Ndufc1/Cyc1/Atp5mc1/Ndufb4b",12
"mmu03030","Genetic Information Processing","Replication and repair","mmu03030","DNA replication - Mus musculus (house mouse)","7/121","36/9717",2.41326409949155e-07,2.31673353551188e-05,1.87980571960394e-05,"Mcm5/Rfc4/Prim1/Mcm6/Prim2/Rfc3/Pold2",7
"mmu00240","Metabolism","Nucleotide metabolism","mmu00240","Pyrimidine metabolism - Mus musculus (house mouse)","8/121","56/9717",3.94916437529837e-07,2.52746520019096e-05,2.05079413173389e-05,"Nme1/Dctpp1/Dut/Rrm2/Tyms/Nme2/Tk1/Upp1",8
"mmu04110","Cellular Processes","Cell growth and death","mmu04110","Cell cycle - Mus musculus (house mouse)","12/121","157/9717",5.33169459631992e-07,2.55921340623356e-05,2.07655473751407e-05,"Mcm5/Cdk4/Mcm6/Tfdp1/Cdk1/Cdc20/Pttg1/Bub1/E2f1/Ccna2/Chek1/Cdc45",12
"mmu05012","Human Diseases","Neurodegenerative disease","mmu05012","Parkinson disease - Mus musculus (house mouse)","15/121","274/9717",1.42920840258582e-06,5.48816026592955e-05,4.45311249647793e-05,"Uba52/Atp5f1e/Txn1/Uqcr11/Uqcr10/Uqcrq/Ndufa1/Ndufa12/Ndufc1/Tuba1b/Cyc1/Atp5mc1/Ndufb4b/Psmc5/Adrm1",15
"mmu00983","Metabolism","Xenobiotics biodegradation and metabolism","mmu00983","Drug metabolism - other enzymes - Mus musculus (house mouse)","9/121","95/9717",2.55298816987872e-06,7.64425704893209e-05,6.20257699145806e-05,"Gstp1/Nme1/Dut/Rrm2/Mgst3/Nme2/Mgst1/Tk1/Upp1",9
"mmu00670","Metabolism","Metabolism of cofactors and vitamins","mmu00670","One carbon pool by folate - Mus musculus (house mouse)","5/121","19/9717",2.78696871575649e-06,7.64425704893209e-05,6.20257699145806e-05,"Dhfr/Tyms/Shmt2/Atic/Mthfd1",5
"mmu05208","Human Diseases","Cancer: overview","mmu05208","Chemical carcinogenesis - reactive oxygen species - Mus musculus (house mouse)","13/121","229/9717",5.08394100300216e-06,0.000122014584072052,9.90030616374105e-05,"Atp5f1e/Uqcr11/Uqcr10/Uqcrq/Ndufa1/Ndufa12/Ndufc1/Cyc1/Atp5mc1/Ndufb4b/Mgst3/Mapk13/Mgst1",13
"mmu05016","Human Diseases","Neurodegenerative disease","mmu05016","Huntington disease - Mus musculus (house mouse)","15/121","308/9717",6.05411779668844e-06,0.00012915451299602,0.000104796425018701,"Atp5f1e/Uqcr11/Uqcr10/Uqcrq/Polr2l/Gpx2/Ndufa1/Ndufa12/Ndufc1/Tuba1b/Cyc1/Atp5mc1/Ndufb4b/Psmc5/Adrm1",15
"mmu05020","Human Diseases","Neurodegenerative disease","mmu05020","Prion disease - Mus musculus (house mouse)","14/121","273/9717",7.02114374503612e-06,0.000134805959904693,0.000109382028870036,"Atp5f1e/Uqcr11/Uqcr10/Uqcrq/Ndufa1/Ndufa12/Ndufc1/Tuba1b/Cyc1/Atp5mc1/Ndufb4b/Psmc5/Adrm1/Mapk13",14
"mmu04714","Organismal Systems","Environmental adaptation","mmu04714","Thermogenesis - Mus musculus (house mouse)","13/121","238/9717",7.74004274061003e-06,0.000135098927836102,0.000109619744077539,"Atp5f1e/Uqcr11/Uqcr10/Uqcrq/Ndufa1/Atp5me/Ndufa12/Ndufc1/Cyc1/Atp5mc1/Ndufb4b/Cox18/Mapk13",13
"mmu01232","Metabolism","Global and overview maps","mmu01232","Nucleotide metabolism - Mus musculus (house mouse)","8/121","84/9717",9.06587763464046e-06,0.000145054042154247,0.000117697358765508,"Nme1/Dctpp1/Dut/Rrm2/Tyms/Nme2/Tk1/Upp1",8
"mmu05014","Human Diseases","Neurodegenerative disease","mmu05014","Amyotrophic lateral sclerosis - Mus musculus (house mouse)","16/121","375/9717",1.54704140792856e-05,0.000228486115632526,0.0001853944359299,"Atp5f1e/Uqcr11/Uqcr10/Uqcrq/Gpx2/Ndufa1/Ndufa12/Ndufc1/Tuba1b/Cyc1/Atp5mc1/Ndufb4b/Psmc5/Nup43/Adrm1/Mapk13",16
"mmu00480","Metabolism","Metabolism of other amino acids","mmu00480","Glutathione metabolism - Mus musculus (house mouse)","7/121","73/9717",3.21936652222585e-05,0.000441513123048116,0.000358245297210094,"Gstp1/Gpx2/Srm/Lap3/Rrm2/Mgst3/Mgst1",7
"mmu05415","Human Diseases","Cardiovascular disease","mmu05415","Diabetic cardiomyopathy - Mus musculus (house mouse)","11/121","217/9717",7.93230037674815e-05,0.00101533444822376,0.000823845933865773,"Atp5f1e/Uqcr11/Uqcr10/Uqcrq/Ndufa1/Ndufa12/Ndufc1/Cyc1/Atp5mc1/Ndufb4b/Mapk13",11
"mmu05022","Human Diseases","Neurodegenerative disease","mmu05022","Pathways of neurodegeneration - multiple diseases - Mus musculus (house mouse)","17/121","481/9717",9.01830840374153e-05,0.00108219700844898,0.000878098449837991,"Uba52/Atp5f1e/Uqcr11/Uqcr10/Uqcrq/Gpx2/Ndufa1/Ndufa12/Ndufc1/Tuba1b/Cyc1/Atp5mc1/Ndufb4b/Psmc5/Ppid/Adrm1/Mapk13",17
"mmu04932","Human Diseases","Endocrine and metabolic disease","mmu04932","Non-alcoholic fatty liver disease - Mus musculus (house mouse)","9/121","162/9717",0.000182758631783393,0.00206409748837714,0.00167481594451654,"Uqcr11/Uqcr10/Uqcrq/Ndufa1/Ndufa12/Ndufc1/Cyc1/Ndufb4b/Mapk13",9
"mmu05171","Human Diseases","Infectious disease: viral","mmu05171","Coronavirus disease - COVID-19 - Mus musculus (house mouse)","13/121","334/9717",0.000255562068592755,0.00272599539832272,0.00221188223109519,"Rpl37/Uba52/Rpl31/Rpl9/Rpl36a/Cxcl10/Rpl17-ps8/Rps7/Rps27/Mapk13/Rpl21/Csf2/Oas1a",13
"mmu03410","Genetic Information Processing","Replication and repair","mmu03410","Base excision repair - Mus musculus (house mouse)","5/121","47/9717",0.000278290164266892,0.0028121953441707,0.00228182516961219,"Rfc4/Apex1/Ung/Rfc3/Pold2",5
"mmu05010","Human Diseases","Neurodegenerative disease","mmu05010","Alzheimer disease - Mus musculus (house mouse)","14/121","389/9717",0.000328387488639756,0.00315251989094166,0.00255796570098336,"Atp5f1e/Uqcr11/Uqcr10/Uqcrq/Ndufa1/Ndufa12/Ndufc1/Tuba1b/Cyc1/Atp5mc1/Ndufb4b/Psmc5/Ppid/Adrm1",14
"mmu01523","Human Diseases","Drug resistance: antineoplastic","mmu01523","Antifolate resistance - Mus musculus (house mouse)","4/121","29/9717",0.000427068067081046,0.00390462232759813,0.00316822425704234,"Dhfr/Tyms/Shmt2/Atic",4
"mmu05166","Human Diseases","Infectious disease: viral","mmu05166","Human T-cell leukemia virus 1 infection - Mus musculus (house mouse)","10/121","247/9717",0.00100233578160564,0.00874765773037648,0.00709788017596337,"Ran/Ranbp1/Fdps/Cdk4/Cdc20/Pttg1/Csf2/E2f1/Ccna2/Chek1",10
"mmu03010","Genetic Information Processing","Translation","mmu03010","Ribosome - Mus musculus (house mouse)","10/121","265/9717",0.00170079952353355,0.0141979786312366,0.0115202896788542,"Rpl37/Uba52/Rpl31/Rpl9/Rpl36a/Rpl17-ps8/Mrpl12/Rps7/Rps27/Rpl21",10
"mmu05169","Human Diseases","Infectious disease: viral","mmu05169","Epstein-Barr virus infection - Mus musculus (house mouse)","9/121","228/9717",0.00213402688065403,0.0170722150452323,0.0138524551902104,"Cxcl10/Irf7/Psmc5/Cdk4/Adrm1/Mapk13/E2f1/Oas1a/Ccna2",9
"mmu03430","Genetic Information Processing","Replication and repair","mmu03430","Mismatch repair - Mus musculus (house mouse)","3/121","23/9717",0.00278088555833809,0.0213572010880365,0.0173293079003805,"Rfc4/Rfc3/Pold2",3
"mmu01200","Metabolism","Global and overview maps","mmu01200","Carbon metabolism - Mus musculus (house mouse)","6/121","122/9717",0.00411543049269019,0.0303908713306352,0.0246592596323137,"Mdh2/Tpi1/Phgdh/Eno3/Shmt2/Gcsh",6
"mmu03420","Genetic Information Processing","Replication and repair","mmu03420","Nucleotide excision repair - Mus musculus (house mouse)","4/121","58/9717",0.00578265494321227,0.0411211018183984,0.0333658063000162,"Polr2l/Rfc4/Rfc3/Pold2",4
"mmu00630","Metabolism","Carbohydrate metabolism","mmu00630","Glyoxylate and dicarboxylate metabolism - Mus musculus (house mouse)","3/121","32/9717",0.00718035362058244,0.0485609824788529,0.0394025515727535,"Mdh2/Shmt2/Gcsh",3
"mmu05203","Human Diseases","Cancer: overview","mmu05203","Viral carcinogenesis - Mus musculus (house mouse)","8/121","228/9717",0.00754459670341454,0.0485609824788529,0.0394025515727535,"Irf7/Ranbp1/Cdk4/Cdk1/Mrps18b/Cdc20/Ccna2/Chek1",8
"mmu04218","Cellular Processes","Cell growth and death","mmu04218","Cellular senescence - Mus musculus (house mouse)","7/121","182/9717",0.00758765351232077,0.0485609824788529,0.0394025515727535,"Cdk4/Ppid/Cdk1/Mapk13/E2f1/Ccna2/Chek1",7
