"","category","subcategory","ID","Description","GeneRatio","BgRatio","pvalue","p.adjust","qvalue","geneID","Count"
"mmu05160","Human Diseases","Infectious disease: viral","mmu05160","Hepatitis C - Mus musculus (house mouse)","16/99","167/9717",9.25696009825624e-12,1.49962753591751e-09,1.32520691932931e-09,"Irf7/Ifit1bl1/Ifit1/Oas3/Oas1a/Oas1g/Oas2/Rsad2/Socs3/Stat2/Cldn8/Mx2/Ifit1bl2/Rigi/Mx1/Tnf",16
"mmu05164","Human Diseases","Infectious disease: viral","mmu05164","Influenza A - Mus musculus (house mouse)","13/99","173/9717",1.88085126653597e-08,1.52348952589414e-06,1.34629353815206e-06,"Irf7/Oas3/Il18/Oas1a/Oas1g/Oas2/Rsad2/Socs3/Stat2/Mx2/Rigi/Mx1/Tnf",13
"mmu04621","Organismal Systems","Immune system","mmu04621","NOD-like receptor signaling pathway - Mus musculus (house mouse)","12/99","216/9717",1.80903514166916e-06,9.76878976501348e-05,8.63258874621074e-05,"Irf7/Oas3/Il18/Oas1a/Oas1g/Oas2/Gsdmd/Stat2/Ifi204/Irgm2/Gbp7/Tnf",12
"mmu05162","Human Diseases","Infectious disease: viral","mmu05162","Measles - Mus musculus (house mouse)","9/99","145/9717",1.5830304832029e-05,0.000607149683641085,0.000536532533951836,"Irf7/Oas3/Oas1a/Oas1g/Oas2/Stat2/Mx2/Rigi/Mx1",9
"mmu04623","Organismal Systems","Immune system","mmu04623","Cytosolic DNA-sensing pathway - Mus musculus (house mouse)","7/99","82/9717",1.87391877667002e-05,0.000607149683641085,0.000536532533951836,"Irf7/Zbp1/Il18/Ifi202b/Gsdmd/Ifi204/Rigi",7
"mmu04622","Organismal Systems","Immune system","mmu04622","RIG-I-like receptor signaling pathway - Mus musculus (house mouse)","6/99","72/9717",8.71875660905704e-05,0.0023540642844454,0.00208026473479256,"Irf7/Isg15/Dhx58/Znfx1/Rigi/Tnf",6
"mmu05169","Human Diseases","Infectious disease: viral","mmu05169","Epstein-Barr virus infection - Mus musculus (house mouse)","10/99","228/9717",0.000104185531831458,0.00241115087952803,0.00213071162843283,"Irf7/Isg15/Oas3/Oas1a/Oas1g/Oas2/Stat2/H2-Q1/Rigi/Tnf",10
"mmu05171","Human Diseases","Infectious disease: viral","mmu05171","Coronavirus disease - COVID-19 - Mus musculus (house mouse)","12/99","334/9717",0.000140393548059206,0.00284296934819891,0.00251230559684894,"Isg15/Uba52/Oas3/Oas1a/Oas1g/Oas2/Stat2/Mx2/Rpl17-ps8/Rigi/Mx1/Tnf",12
"mmu04976","Organismal Systems","Digestive system","mmu04976","Bile secretion - Mus musculus (house mouse)","6/99","101/9717",0.000557893164816725,0.010042076966701,0.00887409010702626,"Slc51b/Slc10a2/Slc9a3/Abcg2/Slc51a/Aqp8",6
"mmu05168","Human Diseases","Infectious disease: viral","mmu05168","Herpes simplex virus 1 infection - Mus musculus (house mouse)","13/99","459/9717",0.00074033113253496,0.0119933643470664,0.0105984246341847,"Irf7/Bst2/Oas3/Oas1a/Oas1g/Oas2/Socs3/Stat2/Sp100/H2-Q1/Rigi/Tnf/Gm45871",13
"mmu00140","Metabolism","Lipid metabolism","mmu00140","Steroid hormone biosynthesis - Mus musculus (house mouse)","5/99","98/9717",0.00318910628887697,0.0469668380725518,0.0415041584006955,"Cyp2d34/Akr1c18/Sult2b1/Cyp2d9/Cyp2d12",5
