"","category","subcategory","ID","Description","GeneRatio","BgRatio","pvalue","p.adjust","qvalue","geneID","Count"
"mmu05322","Human Diseases","Immune disease","mmu05322","Systemic lupus erythematosus - Mus musculus (house mouse)","10/81","150/9717",4.18422689637655e-07,4.6026495860142e-05,3.47951499803944e-05,"H2ac24/H2ac8/H4c4/H2bc24/H4c8/H2ac20/H2bc3/H2ac18/H2ac4/H3c7",10
"mmu05160","Human Diseases","Infectious disease: viral","mmu05160","Hepatitis C - Mus musculus (house mouse)","10/81","167/9717",1.12767885696936e-06,6.20223371333145e-05,4.688769984241e-05,"Irf7/Oas1a/Ifit1bl1/Oas1g/Ifit1/Socs3/Oas3/Stat2/Oas2/Rsad2",10
"mmu05034","Human Diseases","Substance dependence","mmu05034","Alcoholism - Mus musculus (house mouse)","10/81","207/9717",7.79079564562514e-06,0.000233224800782654,0.000176313485759135,"H2ac24/H2ac8/H4c4/H2bc24/H4c8/H2ac20/H2bc3/H2ac18/H2ac4/H3c7",10
"mmu04613","Organismal Systems","Immune system","mmu04613","Neutrophil extracellular trap formation - Mus musculus (house mouse)","10/81","209/9717",8.48090184664195e-06,0.000233224800782654,0.000176313485759135,"H2ac24/H2ac8/H4c4/H2bc24/H4c8/H2ac20/H2bc3/H2ac18/H2ac4/H3c7",10
"mmu05164","Human Diseases","Infectious disease: viral","mmu05164","Influenza A - Mus musculus (house mouse)","9/81","173/9717",1.26758859432313e-05,0.00027886949075109,0.00021081999779269,"Irf7/Il18/Oas1a/Oas1g/Socs3/Oas3/Stat2/Oas2/Rsad2",9
"mmu04623","Organismal Systems","Immune system","mmu04623","Cytosolic DNA-sensing pathway - Mus musculus (house mouse)","5/81","82/9717",0.000586967842145265,0.0103858029787592,0.00785146828059311,"Polr2l/Irf7/Il18/Zbp1/Ifi202b",5
"mmu04217","Cellular Processes","Cell growth and death","mmu04217","Necroptosis - Mus musculus (house mouse)","7/81","177/9717",0.000660914735011951,0.0103858029787592,0.00785146828059311,"H2ac24/H2ac8/Zbp1/Stat2/H2ac20/H2ac18/H2ac4",7
"mmu00592","Metabolism","Lipid metabolism","mmu00592","alpha-Linolenic acid metabolism - Mus musculus (house mouse)","3/81","25/9717",0.00112448199722486,0.0154616274618419,0.0116886944448374,"Pla2g2a/Pla2g5/Pla2g12b",3
"mmu05162","Human Diseases","Infectious disease: viral","mmu05162","Measles - Mus musculus (house mouse)","6/81","145/9717",0.00128869433538434,0.0157507085435864,0.011907234209984,"Irf7/Oas1a/Oas1g/Oas3/Stat2/Oas2",6
"mmu04976","Organismal Systems","Digestive system","mmu04976","Bile secretion - Mus musculus (house mouse)","5/81","101/9717",0.00150661036847083,0.0165727140531791,0.0125286546430732,"Slc51b/Slc9a3/Aqp8/Slc10a2/Slc51a",5
"mmu05171","Human Diseases","Infectious disease: viral","mmu05171","Coronavirus disease - COVID-19 - Mus musculus (house mouse)","9/81","334/9717",0.00177489214501342,0.0177489214501342,0.0134178449240249,"Uba52/Rpl31/Rpl17-ps8/Isg15/Oas1a/Oas1g/Oas3/Stat2/Oas2",9
"mmu04621","Organismal Systems","Immune system","mmu04621","NOD-like receptor signaling pathway - Mus musculus (house mouse)","7/81","216/9717",0.00210079840279037,0.019257318692245,0.0145581643702139,"Irf7/Il18/Oas1a/Oas1g/Oas3/Stat2/Oas2",7
"mmu04972","Organismal Systems","Digestive system","mmu04972","Pancreatic secretion - Mus musculus (house mouse)","5/81","115/9717",0.00266664745808357,0.0223702972174842,0.0169115165567584,"Pla2g2a/Slc26a3/Pla2g5/Clca4b/Pla2g12b",5
"mmu05169","Human Diseases","Infectious disease: viral","mmu05169","Epstein-Barr virus infection - Mus musculus (house mouse)","7/81","228/9717",0.00284712873677071,0.0223702972174842,0.0169115165567584,"Irf7/Isg15/Oas1a/Oas1g/Oas3/Stat2/Oas2",7
"mmu04975","Organismal Systems","Digestive system","mmu04975","Fat digestion and absorption - Mus musculus (house mouse)","3/81","43/9717",0.00541795182105442,0.0375499161884439,0.0283870179797805,"Pla2g2a/Pla2g5/Pla2g12b",3
"mmu03082","Genetic Information Processing","Chromosome","mmu03082","ATP-dependent chromatin remodeling - Mus musculus (house mouse)","5/81","136/9717",0.00546180599104638,0.0375499161884439,0.0283870179797805,"H2ac24/H2ac8/H2ac20/H2ac18/H2ac4",5
"mmu00565","Metabolism","Lipid metabolism","mmu00565","Ether lipid metabolism - Mus musculus (house mouse)","3/81","48/9717",0.00737054355325774,0.0456135121092963,0.0344829421687503,"Pla2g2a/Pla2g5/Pla2g12b",3
"mmu04657","Organismal Systems","Immune system","mmu04657","IL-17 signaling pathway - Mus musculus (house mouse)","4/81","93/9717",0.00746402925424849,0.0456135121092963,0.0344829421687503,"S100a8/S100a9/Lcn2/Ccl7",4
"mmu00910","Metabolism","Energy metabolism","mmu00910","Nitrogen metabolism - Mus musculus (house mouse)","2/81","17/9717",0.00860663984134125,0.049827914870923,0.0376689499981141,"Car4/Car1",2
