"","category","subcategory","ID","Description","GeneRatio","BgRatio","pvalue","p.adjust","qvalue","geneID","Count"
"mmu05160","Human Diseases","Infectious disease: viral","mmu05160","Hepatitis C - Mus musculus (house mouse)","9/103","167/9717",6.64058454067911e-05,0.0106249352650866,0.0095764219165583,"Irf7/Socs3/Oas1g/Ifit1/Cldn8/Ifit1bl1/Oas3/Oas2/Mx2",9
"mmu04972","Organismal Systems","Digestive system","mmu04972","Pancreatic secretion - Mus musculus (house mouse)","7/103","115/9717",0.000210345929067169,0.0147900122748441,0.0133304715898266,"Cd38/Pla2g2a/Pla2g5/Clca4b/Slc26a3/Pla2g12b/Clca4a",7
"mmu04978","Organismal Systems","Digestive system","mmu04978","Mineral absorption - Mus musculus (house mouse)","5/103","55/9717",0.000277312730153326,0.0147900122748441,0.0133304715898266,"Slc9a3/Slc26a3/Slc39a4/Trpm6/Trf",5
"mmu04976","Organismal Systems","Digestive system","mmu04976","Bile secretion - Mus musculus (house mouse)","6/103","101/9717",0.000688542551182201,0.027541702047288,0.0248237709242004,"Slc51b/Slc9a3/Slc10a2/Aqp8/Abcg2/Slc51a",6
