"","category","subcategory","ID","Description","GeneRatio","BgRatio","pvalue","p.adjust","qvalue","geneID","Count"
"mmu05321","Human Diseases","Immune disease","mmu05321","Inflammatory bowel disease - Mus musculus (house mouse)","6/33","62/9717",5.10250040561112e-08,5.15352540966723e-06,3.59860554922047e-06,"H2-Aa/H2-Eb1/H2-Ea/H2-Ab1/Il1b/Ifngr1",6
"mmu05140","Human Diseases","Infectious disease: parasitic","mmu05140","Leishmaniasis - Mus musculus (house mouse)","6/33","70/9717",1.06766315665462e-07,5.39169894110584e-06,3.76491744715051e-06,"H2-Aa/H2-Eb1/H2-Ea/H2-Ab1/Il1b/Ifngr1",6
"mmu04672","Organismal Systems","Immune system","mmu04672","Intestinal immune network for IgA production - Mus musculus (house mouse)","5/33","43/9717",2.89111209304027e-07,9.73341071323558e-06,6.79664948188415e-06,"H2-Aa/H2-Eb1/H2-Ea/H2-Ab1/Pigr",5
"mmu04659","Organismal Systems","Immune system","mmu04659","Th17 cell differentiation - Mus musculus (house mouse)","6/33","105/9717",1.20515976576024e-06,2.65050626357282e-05,1.85079645293777e-05,"H2-Aa/H2-Eb1/H2-Ea/H2-Ab1/Il1b/Ifngr1",6
"mmu05310","Human Diseases","Immune disease","mmu05310","Asthma - Mus musculus (house mouse)","4/33","25/9717",1.32608042103512e-06,2.65050626357282e-05,1.85079645293777e-05,"H2-Aa/H2-Eb1/H2-Ea/H2-Ab1",4
"mmu05332","Human Diseases","Immune disease","mmu05332","Graft-versus-host disease - Mus musculus (house mouse)","5/33","60/9717",1.57455817637989e-06,2.65050626357282e-05,1.85079645293777e-05,"H2-Aa/H2-Eb1/H2-Ea/H2-Ab1/Il1b",5
"mmu05152","Human Diseases","Infectious disease: bacterial","mmu05152","Tuberculosis - Mus musculus (house mouse)","7/33","180/9717",1.89418058213693e-06,2.73303198279757e-05,1.90842254140112e-05,"H2-Aa/H2-Eb1/H2-Ea/Cd74/H2-Ab1/Il1b/Ifngr1",7
"mmu04940","Human Diseases","Endocrine and metabolic disease","mmu04940","Type I diabetes mellitus - Mus musculus (house mouse)","5/33","67/9717",2.73776987453837e-06,3.45643446660469e-05,2.41356028413251e-05,"H2-Aa/H2-Eb1/H2-Ea/H2-Ab1/Il1b",5
"mmu04612","Organismal Systems","Immune system","mmu04612","Antigen processing and presentation - Mus musculus (house mouse)","5/33","87/9717",9.98202796577699e-06,9.6940644318177e-05,6.76917474655326e-05,"H2-Aa/H2-Eb1/H2-Ea/Cd74/H2-Ab1",5
"mmu05323","Human Diseases","Immune disease","mmu05323","Rheumatoid arthritis - Mus musculus (house mouse)","5/33","87/9717",9.98202796577699e-06,9.6940644318177e-05,6.76917474655326e-05,"H2-Aa/H2-Eb1/H2-Ea/H2-Ab1/Il1b",5
"mmu04658","Organismal Systems","Immune system","mmu04658","Th1 and Th2 cell differentiation - Mus musculus (house mouse)","5/33","88/9717",1.0557891955445e-05,9.6940644318177e-05,6.76917474655326e-05,"H2-Aa/H2-Eb1/H2-Ea/H2-Ab1/Ifngr1",5
"mmu04640","Organismal Systems","Immune system","mmu04640","Hematopoietic cell lineage - Mus musculus (house mouse)","5/33","94/9717",1.45808866022403e-05,0.000122722462235522,8.56946844166753e-05,"H2-Aa/H2-Eb1/H2-Ea/H2-Ab1/Il1b",5
"mmu05164","Human Diseases","Infectious disease: viral","mmu05164","Influenza A - Mus musculus (house mouse)","6/33","173/9717",2.16999150196854e-05,0.000168591647460633,0.000117724235329467,"H2-Aa/H2-Eb1/H2-Ea/H2-Ab1/Il1b/Ifngr1",6
"mmu05145","Human Diseases","Infectious disease: parasitic","mmu05145","Toxoplasmosis - Mus musculus (house mouse)","5/33","109/9717",2.99319567926769e-05,0.000215937688290026,0.000150785045496944,"H2-Aa/H2-Eb1/H2-Ea/H2-Ab1/Ifngr1",5
"mmu05330","Human Diseases","Immune disease","mmu05330","Allograft rejection - Mus musculus (house mouse)","4/33","60/9717",4.70159980633817e-05,0.000316574386960104,0.000221057675105023,"H2-Aa/H2-Eb1/H2-Ea/H2-Ab1",4
"mmu05150","Human Diseases","Infectious disease: bacterial","mmu05150","Staphylococcus aureus infection - Mus musculus (house mouse)","5/33","128/9717",6.47494624831804e-05,0.000408730981925076,0.000285408814892966,"H2-Aa/H2-Eb1/H2-Ea/H2-Ab1/Krt19",5
"mmu05171","Human Diseases","Infectious disease: viral","mmu05171","Coronavirus disease - COVID-19 - Mus musculus (house mouse)","7/33","334/9717",0.000105106196284395,0.000624454460277877,0.000436044281799039,"Rps8/Rps15/Rplp1/Rpl14/Rps21/Il1b/Rps12",7
"mmu05320","Human Diseases","Immune disease","mmu05320","Autoimmune thyroid disease - Mus musculus (house mouse)","4/33","76/9717",0.000119060932886637,0.000668064123419462,0.000466496052830682,"H2-Aa/H2-Eb1/H2-Ea/H2-Ab1",4
"mmu05322","Human Diseases","Immune disease","mmu05322","Systemic lupus erythematosus - Mus musculus (house mouse)","5/33","150/9717",0.000137308689688177,0.000729904087289781,0.000509677684715115,"H2-Aa/H2-Eb1/H2-Ea/H2-Ab1/H2az1",5
"mmu03010","Genetic Information Processing","Translation","mmu03010","Ribosome - Mus musculus (house mouse)","6/33","265/9717",0.000231676855350689,0.00116996811952098,0.000816965753078746,"Rps8/Rps15/Rplp1/Rpl14/Rps21/Rps12",6
"mmu05416","Human Diseases","Cardiovascular disease","mmu05416","Viral myocarditis - Mus musculus (house mouse)","4/33","94/9717",0.000271088779560068,0.0013038079397889,0.000910423470201731,"H2-Aa/H2-Eb1/H2-Ea/H2-Ab1",4
"mmu04514","Environmental Information Processing","Signaling molecules and interaction","mmu04514","Cell adhesion molecules - Mus musculus (house mouse)","5/33","179/9717",0.000313268475726138,0.00143818709310636,0.00100425779299767,"H2-Aa/H2-Eb1/H2-Ea/H2-Ab1/Cldn7",5
"mmu05168","Human Diseases","Infectious disease: viral","mmu05168","Herpes simplex virus 1 infection - Mus musculus (house mouse)","7/33","459/9717",0.000734135150308489,0.00322381087744163,0.00225112380186127,"H2-Aa/H2-Eb1/H2-Ea/Cd74/H2-Ab1/Il1b/Ifngr1",7
"mmu04970","Organismal Systems","Digestive system","mmu04970","Salivary secretion - Mus musculus (house mouse)","3/33","87/9717",0.0031154406446032,0.0131108127127051,0.0091550229468603,"Dmbt1/Lyz2/Cst3",3
"mmu04145","Cellular Processes","Transport and catabolism","mmu04145","Phagosome - Mus musculus (house mouse)","4/33","183/9717",0.00325055047597129,0.013132223922924,0.009169973974319,"H2-Aa/H2-Eb1/H2-Ea/H2-Ab1",4
"mmu05169","Human Diseases","Infectious disease: viral","mmu05169","Epstein-Barr virus infection - Mus musculus (house mouse)","4/33","228/9717",0.00708289801718114,0.0275143346052036,0.0192127193178598,"H2-Aa/H2-Eb1/H2-Ea/H2-Ab1",4
"mmu05166","Human Diseases","Infectious disease: viral","mmu05166","Human T-cell leukemia virus 1 infection - Mus musculus (house mouse)","4/33","247/9717",0.00934382207499534,0.0349528159101678,0.0244068646793251,"H2-Aa/H2-Eb1/H2-Ea/H2-Ab1",4
"mmu04380","Organismal Systems","Development and regeneration","mmu04380","Osteoclast differentiation - Mus musculus (house mouse)","3/33","136/9717",0.0107680631606248,0.0388419421151108,0.0271225651038293,"Junb/Il1b/Ifngr1",3
