"","category","subcategory","ID","Description","GeneRatio","BgRatio","pvalue","p.adjust","qvalue","geneID","Count"
"mmu05150","Human Diseases","Infectious disease: bacterial","mmu05150","Staphylococcus aureus infection - Mus musculus (house mouse)","9/75","128/9717",5.43271114892327e-07,0.000114630205242281,9.49294790232908e-05,"Cfd/H2-Aa/C1qa/C1qc/C3/H2-Eb1/H2-Ea/Krt20/C1qb",9
"mmu05152","Human Diseases","Infectious disease: bacterial","mmu05152","Tuberculosis - Mus musculus (house mouse)","8/75","180/9717",6.94717758578158e-05,0.00732927235299956,0.00606963936441969,"Cd74/Bcl2/H2-Aa/C3/H2-Eb1/H2-Ea/Lamp1/Mapk3",8
"mmu05142","Human Diseases","Infectious disease: parasitic","mmu05142","Chagas disease - Mus musculus (house mouse)","6/75","103/9717",0.000136541802606731,0.00790186289893509,0.0065438226052543,"Cd3e/C1qa/C1qc/C3/C1qb/Mapk3",6
"mmu05322","Human Diseases","Immune disease","mmu05322","Systemic lupus erythematosus - Mus musculus (house mouse)","7/75","150/9717",0.000149798348794978,0.00790186289893509,0.0065438226052543,"H2-Aa/C1qa/C1qc/C3/H2-Eb1/H2-Ea/C1qb",7
"mmu05140","Human Diseases","Infectious disease: parasitic","mmu05140","Leishmaniasis - Mus musculus (house mouse)","5/75","70/9717",0.000196026608783207,0.00827232289065135,0.0068506141174763,"H2-Aa/C3/H2-Eb1/H2-Ea/Mapk3",5
"mmu05133","Human Diseases","Infectious disease: bacterial","mmu05133","Pertussis - Mus musculus (house mouse)","5/75","77/9717",0.000306876141327776,0.0107918109700268,0.00893709464217733,"C1qa/C1qc/C3/C1qb/Mapk3",5
"mmu04612","Organismal Systems","Immune system","mmu04612","Antigen processing and presentation - Mus musculus (house mouse)","5/75","87/9717",0.000540585409870699,0.0150267702919757,0.0124442198476826,"Cd74/H2-Aa/H2-Eb1/H2-Ea/Lgmn",5
"mmu04658","Organismal Systems","Immune system","mmu04658","Th1 and Th2 cell differentiation - Mus musculus (house mouse)","5/75","88/9717",0.000569735366520407,0.0150267702919757,0.0124442198476826,"Cd3e/H2-Aa/H2-Eb1/H2-Ea/Mapk3",5
"mmu04657","Organismal Systems","Immune system","mmu04657","IL-17 signaling pathway - Mus musculus (house mouse)","5/75","93/9717",0.000733575721317902,0.0162506691039069,0.013457775361679,"Lcn2/S100a9/S100a8/Cxcl2/Mapk3",5
"mmu04610","Organismal Systems","Immune system","mmu04610","Complement and coagulation cascades - Mus musculus (house mouse)","5/75","94/9717",0.000770173891180423,0.0162506691039069,0.013457775361679,"Cfd/C1qa/C1qc/C3/C1qb",5
"mmu05310","Human Diseases","Immune disease","mmu05310","Asthma - Mus musculus (house mouse)","3/75","25/9717",0.000899052205464544,0.0172454559411835,0.0142815948427861,"H2-Aa/H2-Eb1/H2-Ea",3
"mmu04659","Organismal Systems","Immune system","mmu04659","Th17 cell differentiation - Mus musculus (house mouse)","5/75","105/9717",0.00126874068911488,0.0223086904502699,0.0184746451221991,"Cd3e/H2-Aa/H2-Eb1/H2-Ea/Mapk3",5
"mmu05145","Human Diseases","Infectious disease: parasitic","mmu05145","Toxoplasmosis - Mus musculus (house mouse)","5/75","109/9717",0.00149885808719254,0.0243276197228943,0.0201465945323046,"Bcl2/H2-Aa/H2-Eb1/H2-Ea/Mapk3",5
"mmu01250","Metabolism","Global and overview maps","mmu01250","Biosynthesis of nucleotide sugars - Mus musculus (house mouse)","3/75","38/9717",0.00306891614277617,0.0446950458142557,0.0370136074091616,"Cmas/Gmds/Galk1",3
"mmu01230","Metabolism","Global and overview maps","mmu01230","Biosynthesis of amino acids - Mus musculus (house mouse)","4/75","79/9717",0.00317737292518405,0.0446950458142557,0.0370136074091616,"Eno1/Tkt/Tpi1/Ass1",4
"mmu01524","Human Diseases","Drug resistance: antineoplastic","mmu01524","Platinum drug resistance - Mus musculus (house mouse)","4/75","81/9717",0.00347785960252796,0.0458642735083374,0.0379818877644501,"Bcl2/Gstp1/Mgst1/Mapk3",4
"mmu05171","Human Diseases","Infectious disease: viral","mmu05171","Coronavirus disease - COVID-19 - Mus musculus (house mouse)","8/75","334/9717",0.00407207047480052,0.0483662322268458,0.040053851582222,"Rps8/Cfd/Rpl23a/C1qa/C1qc/C3/C1qb/Mapk3",8
"mmu04672","Organismal Systems","Immune system","mmu04672","Intestinal immune network for IgA production - Mus musculus (house mouse)","3/75","43/9717",0.00436746360801088,0.0483662322268458,0.040053851582222,"H2-Aa/H2-Eb1/H2-Ea",3
"mmu05323","Human Diseases","Immune disease","mmu05323","Rheumatoid arthritis - Mus musculus (house mouse)","4/75","87/9717",0.00449430488221853,0.0483662322268458,0.040053851582222,"H2-Aa/H2-Eb1/H2-Ea/Cxcl2",4
"mmu04936","Human Diseases","Endocrine and metabolic disease","mmu04936","Alcoholic liver disease - Mus musculus (house mouse)","5/75","141/9717",0.00458447698832662,0.0483662322268458,0.040053851582222,"C1qa/C1qc/C3/Cxcl2/C1qb",5
