"","category","subcategory","ID","Description","GeneRatio","BgRatio","pvalue","p.adjust","qvalue","geneID","Count"
"mmu05323","Human Diseases","Immune disease","mmu05323","Rheumatoid arthritis - Mus musculus (house mouse)","11/81","87/9717",1.12805852676918e-10,2.57197344103374e-08,1.79301934254891e-08,"Fos/H2-Eb1/Jun/H2-Aa/H2-Ea/Cxcl2/Ctsl/Acp5/H2-Ab1/Icam1/Ccl3",11
"mmu04612","Organismal Systems","Immune system","mmu04612","Antigen processing and presentation - Mus musculus (house mouse)","9/81","87/9717",3.74116933614117e-08,4.26493304320094e-06,2.97324510398588e-06,"Cd74/H2-Eb1/H2-Aa/H2-Ea/Ifi30/Lgmn/Ctss/Ctsl/H2-Ab1",9
"mmu04659","Organismal Systems","Immune system","mmu04659","Th17 cell differentiation - Mus musculus (house mouse)","9/81","105/9717",1.94248549614092e-07,1.4762889770671e-05,1.02917652602554e-05,"Fos/Nfkbia/H2-Eb1/Jun/H2-Aa/H2-Ea/Il22/Cd3e/H2-Ab1",9
"mmu04658","Organismal Systems","Immune system","mmu04658","Th1 and Th2 cell differentiation - Mus musculus (house mouse)","8/81","88/9717",6.15048633409885e-07,3.50577721043634e-05,2.44400904328665e-05,"Fos/Nfkbia/H2-Eb1/Jun/H2-Aa/H2-Ea/Cd3e/H2-Ab1",8
"mmu04657","Organismal Systems","Immune system","mmu04657","IL-17 signaling pathway - Mus musculus (house mouse)","8/81","93/9717",9.42351983549805e-07,4.29712504498711e-05,2.99568735823201e-05,"Lcn2/S100a8/Fos/Nfkbia/Jun/Jund/S100a9/Cxcl2",8
"mmu04142","Cellular Processes","Transport and catabolism","mmu04142","Lysosome - Mus musculus (house mouse)","9/81","135/9717",1.65183823149111e-06,4.81394555352876e-05,3.35598235726151e-05,"Psap/Lamp1/Lgmn/Ctsh/Cd63/Cltb/Ctss/Ctsl/Acp5",9
"mmu05310","Human Diseases","Immune disease","mmu05310","Asthma - Mus musculus (house mouse)","5/81","25/9717",1.65630646407542e-06,4.81394555352876e-05,3.35598235726151e-05,"H2-Eb1/H2-Aa/H2-Ea/Fcer1g/H2-Ab1",5
"mmu05140","Human Diseases","Infectious disease: parasitic","mmu05140","Leishmaniasis - Mus musculus (house mouse)","7/81","70/9717",1.68910370299255e-06,4.81394555352876e-05,3.35598235726151e-05,"Fos/Nfkbia/H2-Eb1/Jun/H2-Aa/H2-Ea/H2-Ab1",7
"mmu05152","Human Diseases","Infectious disease: bacterial","mmu05152","Tuberculosis - Mus musculus (house mouse)","10/81","180/9717",2.23177455400864e-06,5.65382887015522e-05,3.9414965807638e-05,"Cd74/H2-Eb1/H2-Aa/Bcl2/H2-Ea/Lamp1/Fcer1g/Ctss/H2-Ab1/Akt1",10
"mmu05145","Human Diseases","Infectious disease: parasitic","mmu05145","Toxoplasmosis - Mus musculus (house mouse)","8/81","109/9717",3.15761071498527e-06,7.19935243016642e-05,5.01893913645027e-05,"Nfkbia/H2-Eb1/H2-Aa/Bcl2/H2-Ea/Socs1/H2-Ab1/Akt1",8
"mmu05418","Human Diseases","Cardiovascular disease","mmu05418","Fluid shear stress and atherosclerosis - Mus musculus (house mouse)","9/81","148/9717",3.54820768474931e-06,7.35446683748039e-05,5.12707521911145e-05,"Fos/Jun/Bcl2/Dusp1/Ctsl/Icam1/Sdc4/Mgst1/Akt1",9
"mmu05150","Human Diseases","Infectious disease: bacterial","mmu05150","Staphylococcus aureus infection - Mus musculus (house mouse)","8/81","128/9717",1.046117127194e-05,0.000198762254166861,0.000138564637023065,"Cfd/H2-Eb1/H2-Aa/C1qa/H2-Ea/Krt20/H2-Ab1/Icam1",8
"mmu05321","Human Diseases","Immune disease","mmu05321","Inflammatory bowel disease - Mus musculus (house mouse)","6/81","62/9717",1.17889497273595e-05,0.000206760041372151,0.000144140195047068,"H2-Eb1/Jun/H2-Aa/H2-Ea/Il22/H2-Ab1",6
"mmu04210","Cellular Processes","Cell growth and death","mmu04210","Apoptosis - Mus musculus (house mouse)","8/81","135/9717",1.54633670662002e-05,0.000251831977935261,0.000175561535864379,"Fos/Nfkbia/Jun/Bcl2/Ctsh/Ctss/Ctsl/Akt1",8
"mmu05169","Human Diseases","Infectious disease: viral","mmu05169","Epstein-Barr virus infection - Mus musculus (house mouse)","10/81","228/9717",1.81528512129967e-05,0.000275923338437549,0.000192356528642982,"Nfkbia/H2-Eb1/Jun/H2-Aa/Bcl2/H2-Ea/Cd3e/H2-Ab1/Icam1/Akt1",10
"mmu05142","Human Diseases","Infectious disease: parasitic","mmu05142","Chagas disease - Mus musculus (house mouse)","7/81","103/9717",2.23952122467259e-05,0.000319131774515844,0.000222478753240501,"Fos/Nfkbia/Jun/C1qa/Cd3e/Ccl3/Akt1",7
"mmu05166","Human Diseases","Infectious disease: viral","mmu05166","Human T-cell leukemia virus 1 infection - Mus musculus (house mouse)","10/81","247/9717",3.61334169566959e-05,0.000484612886242745,0.000337841855136909,"Fos/Nfkbia/H2-Eb1/Jun/H2-Aa/H2-Ea/Cd3e/H2-Ab1/Icam1/Akt1",10
"mmu04514","Environmental Information Processing","Signaling molecules and interaction","mmu04514","Cell adhesion molecules - Mus musculus (house mouse)","8/81","179/9717",0.000115936895485922,0.00144762721742382,0.00100919533624652,"H2-Eb1/H2-Aa/H2-Ea/Cldn7/Cldn3/H2-Ab1/Icam1/Sdc4",8
"mmu04915","Organismal Systems","Endocrine system","mmu04915","Estrogen signaling pathway - Mus musculus (house mouse)","7/81","134/9717",0.000120635601451985,0.00144762721742382,0.00100919533624652,"Fos/Jun/Bcl2/Krt20/Gabbr1/Hbegf/Akt1",7
"mmu04380","Organismal Systems","Development and regeneration","mmu04380","Osteoclast differentiation - Mus musculus (house mouse)","7/81","136/9717",0.000132359846606292,0.00150890225131173,0.00105191246513421,"Fos/Nfkbia/Jun/Jund/Socs1/Acp5/Akt1",7
"mmu04620","Organismal Systems","Immune system","mmu04620","Toll-like receptor signaling pathway - Mus musculus (house mouse)","6/81","104/9717",0.00022042536023853,0.0023931896254469,0.00166838242586557,"Fos/Nfkbia/Jun/Ccl4/Ccl3/Akt1",6
"mmu05417","Human Diseases","Cardiovascular disease","mmu05417","Lipid and atherosclerosis - Mus musculus (house mouse)","8/81","217/9717",0.000431215716183776,0.00414609826647271,0.00289040091522336,"Fos/Nfkbia/Jun/Bcl2/Cxcl2/Icam1/Ccl3/Akt1",8
"mmu04672","Organismal Systems","Immune system","mmu04672","Intestinal immune network for IgA production - Mus musculus (house mouse)","4/81","43/9717",0.000431925422676699,0.00414609826647271,0.00289040091522336,"H2-Eb1/H2-Aa/H2-Ea/H2-Ab1",4
"mmu04668","Environmental Information Processing","Signal transduction","mmu04668","TNF signaling pathway - Mus musculus (house mouse)","6/81","118/9717",0.000436431396470811,0.00414609826647271,0.00289040091522336,"Fos/Nfkbia/Jun/Cxcl2/Icam1/Akt1",6
"mmu05164","Human Diseases","Infectious disease: viral","mmu05164","Influenza A - Mus musculus (house mouse)","7/81","173/9717",0.000576764656574789,0.00526009366796207,0.00366700897443339,"Nfkbia/H2-Eb1/H2-Aa/H2-Ea/H2-Ab1/Icam1/Akt1",7
"mmu04662","Organismal Systems","Immune system","mmu04662","B cell receptor signaling pathway - Mus musculus (house mouse)","5/81","84/9717",0.000655566487678775,0.00574881381502926,0.00400771415544515,"Fos/Nfkbia/Jun/Cd81/Akt1",5
"mmu04145","Cellular Processes","Transport and catabolism","mmu04145","Phagosome - Mus musculus (house mouse)","7/81","183/9717",0.000805151976886346,0.00660060465064773,0.00460152955793078,"H2-Eb1/H2-Aa/H2-Ea/Lamp1/Ctss/Ctsl/H2-Ab1",7
"mmu05235","Human Diseases","Cancer: overview","mmu05235","PD-L1 expression and PD-1 checkpoint pathway in cancer - Mus musculus (house mouse)","5/81","88/9717",0.000810600571132177,0.00660060465064773,0.00460152955793078,"Fos/Nfkbia/Jun/Cd3e/Akt1",5
"mmu01522","Human Diseases","Drug resistance: antineoplastic","mmu01522","Endocrine resistance - Mus musculus (house mouse)","5/81","93/9717",0.00104107837006716,0.00783709073184256,0.00546353047326051,"Fos/Jun/Bcl2/Hbegf/Akt1",5
"mmu04640","Organismal Systems","Immune system","mmu04640","Hematopoietic cell lineage - Mus musculus (house mouse)","5/81","94/9717",0.00109246731625191,0.00783709073184256,0.00546353047326051,"H2-Eb1/H2-Aa/H2-Ea/Cd3e/H2-Ab1",5
"mmu05416","Human Diseases","Cardiovascular disease","mmu05416","Viral myocarditis - Mus musculus (house mouse)","5/81","94/9717",0.00109246731625191,0.00783709073184256,0.00546353047326051,"H2-Eb1/H2-Aa/H2-Ea/H2-Ab1/Icam1",5
"mmu04062","Organismal Systems","Immune system","mmu04062","Chemokine signaling pathway - Mus musculus (house mouse)","7/81","193/9717",0.0010999425588551,0.00783709073184256,0.00546353047326051,"Cxcl13/Nfkbia/Gnb2/Cxcl2/Ccl4/Ccl3/Akt1",7
"mmu05162","Human Diseases","Infectious disease: viral","mmu05162","Measles - Mus musculus (house mouse)","6/81","145/9717",0.00128869433538434,0.00890370631720092,0.00620710828207451,"Fos/Nfkbia/Jun/Bcl2/Cd3e/Akt1",6
"mmu05330","Human Diseases","Immune disease","mmu05330","Allograft rejection - Mus musculus (house mouse)","4/81","60/9717",0.00153322090581369,0.00998783904358632,0.00696289794820653,"H2-Eb1/H2-Aa/H2-Ea/H2-Ab1",4
"mmu05332","Human Diseases","Immune disease","mmu05332","Graft-versus-host disease - Mus musculus (house mouse)","4/81","60/9717",0.00153322090581369,0.00998783904358632,0.00696289794820653,"H2-Eb1/H2-Aa/H2-Ea/H2-Ab1",4
"mmu04064","Environmental Information Processing","Signal transduction","mmu04064","NF-kappa B signaling pathway - Mus musculus (house mouse)","5/81","106/9717",0.00186623808157652,0.0118195078499846,0.00823982310871503,"Nfkbia/Bcl2/Cxcl2/Ccl4/Icam1",5
"mmu04940","Human Diseases","Endocrine and metabolic disease","mmu04940","Type I diabetes mellitus - Mus musculus (house mouse)","4/81","67/9717",0.00230617042049916,0.0142109961046975,0.00990701944510308,"H2-Eb1/H2-Aa/H2-Ea/H2-Ab1",4
"mmu05167","Human Diseases","Infectious disease: viral","mmu05167","Kaposi sarcoma-associated herpesvirus infection - Mus musculus (house mouse)","7/81","223/9717",0.00251478787302435,0.015075642294213,0.0105097967979047,"Fos/Nfkbia/Jun/Gnb2/Cxcl2/Icam1/Akt1",7
"mmu04024","Environmental Information Processing","Signal transduction","mmu04024","cAMP signaling pathway - Mus musculus (house mouse)","7/81","224/9717",0.00257872828716801,0.015075642294213,0.0105097967979047,"Fos/Nfkbia/Jun/Ffar2/Atp1b1/Gabbr1/Akt1",7
"mmu04917","Organismal Systems","Endocrine system","mmu04917","Prolactin signaling pathway - Mus musculus (house mouse)","4/81","74/9717",0.00331309599750691,0.0188846471857894,0.0131651972532512,"Fos/Socs1/Socs2/Akt1",4
"mmu04660","Organismal Systems","Immune system","mmu04660","T cell receptor signaling pathway - Mus musculus (house mouse)","5/81","122/9717",0.00344251504241166,0.0191437421870697,0.0133458221156396,"Fos/Nfkbia/Jun/Cd3e/Akt1",5
"mmu05320","Human Diseases","Immune disease","mmu05320","Autoimmune thyroid disease - Mus musculus (house mouse)","4/81","76/9717",0.00364811774853266,0.0198040677777487,0.013806159900462,"H2-Eb1/H2-Aa/H2-Ea/H2-Ab1",4
"mmu05170","Human Diseases","Infectious disease: viral","mmu05170","Human immunodeficiency virus 1 infection - Mus musculus (house mouse)","7/81","241/9717",0.00387001160342833,0.0205200615251549,0.0143053060493924,"Fos/Nfkbia/Jun/Bcl2/Gnb2/Cd3e/Akt1",7
"mmu04926","Organismal Systems","Endocrine system","mmu04926","Relaxin signaling pathway - Mus musculus (house mouse)","5/81","130/9717",0.00451476654977559,0.0233946993942917,0.0163093241391415,"Fos/Nfkbia/Jun/Gnb2/Akt1",5
"mmu05210","Human Diseases","Cancer: specific types","mmu05210","Colorectal cancer - Mus musculus (house mouse)","4/81","88/9717",0.00615055101416073,0.031162791805081,0.0217247532897841,"Fos/Jun/Bcl2/Akt1",4
"mmu05171","Human Diseases","Infectious disease: viral","mmu05171","Coronavirus disease - COVID-19 - Mus musculus (house mouse)","8/81","334/9717",0.00650376350348803,0.0322360451912016,0.0224729585589632,"Rps8/Cfd/Fos/Nfkbia/Jun/Rpl23a/C1qa/Hbegf",8
"mmu05205","Human Diseases","Cancer: overview","mmu05205","Proteoglycans in cancer - Mus musculus (house mouse)","6/81","204/9717",0.00699532264665789,0.0339347566688936,0.0236571941689886,"Dcn/Cd63/Ctsl/Hbegf/Sdc4/Akt1",6
"mmu04061","Environmental Information Processing","Signaling molecules and interaction","mmu04061","Viral protein interaction with cytokine and cytokine receptor - Mus musculus (house mouse)","4/81","95/9717",0.00803738532170952,0.038174660230593,0.026612990280792,"Cxcl13/Cxcl2/Ccl4/Ccl3",4
"mmu05322","Human Diseases","Immune disease","mmu05322","Systemic lupus erythematosus - Mus musculus (house mouse)","5/81","150/9717",0.0082042032951713,0.038174660230593,0.026612990280792,"H2-Eb1/H2-Aa/C1qa/H2-Ea/H2-Ab1",5
"mmu04933","Human Diseases","Endocrine and metabolic disease","mmu04933","AGE-RAGE signaling pathway in diabetic complications - Mus musculus (house mouse)","4/81","101/9717",0.00992914561554585,0.0452769040068891,0.0315642313252089,"Jun/Bcl2/Icam1/Akt1",4
