"","category","subcategory","ID","Description","GeneRatio","BgRatio","pvalue","p.adjust","qvalue","geneID","Count"
"mmu00190","Metabolism","Energy metabolism","mmu00190","Oxidative phosphorylation - Mus musculus (house mouse)","9/103","141/9717",1.74395340353125e-05,0.00290462791772006,0.00263465690185134,"Atp5mf/Uqcr10/Atp5me/Ndufa7/Ndufa3/Ndufc1/Ndufa11/Cyc1/Ndufa12",9
"mmu05012","Human Diseases","Neurodegenerative disease","mmu05012","Parkinson disease - Mus musculus (house mouse)","12/103","274/9717",3.09002969970219e-05,0.00290462791772006,0.00263465690185134,"Uba52/Uqcr10/Ndufa7/Ndufa3/Ndufc1/Tubb4b/Ndufa11/Cyc1/Psmc3/Psmc1/Ndufa12/Calml4",12
"mmu04964","Organismal Systems","Excretory system","mmu04964","Proximal tubule bicarbonate reclamation - Mus musculus (house mouse)","4/103","22/9717",7.52057877387209e-05,0.00471289603162651,0.00427485530304308,"Mdh1/Car2/Car4/Atp1b1",4
"mmu05020","Human Diseases","Neurodegenerative disease","mmu05020","Prion disease - Mus musculus (house mouse)","11/103","273/9717",0.00014201184962591,0.00667455693241778,0.0060541893787888,"Uqcr10/Ndufa7/Ndufa3/Ndufc1/Rac2/Tubb4b/Ndufa11/Cyc1/Psmc3/Psmc1/Ndufa12",11
"mmu04932","Human Diseases","Endocrine and metabolic disease","mmu04932","Non-alcoholic fatty liver disease - Mus musculus (house mouse)","8/103","162/9717",0.000311887309497576,0.0108261324738055,0.0098198961968449,"Uqcr10/Ndufa7/Ndufa3/Ndufc1/Ndufa11/Cyc1/Ndufa12/Nr1h3",8
"mmu05160","Human Diseases","Infectious disease: viral","mmu05160","Hepatitis C - Mus musculus (house mouse)","8/103","167/9717",0.000382876159166137,0.0108261324738055,0.0098198961968449,"Irf7/Cldn7/Cldn3/Nr1h3/Ifit1bl1/Oas1g/Oas1a/Ifit1",8
"mmu05016","Human Diseases","Neurodegenerative disease","mmu05016","Huntington disease - Mus musculus (house mouse)","11/103","308/9717",0.000403100677216164,0.0108261324738055,0.0098198961968449,"Uqcr10/Ndufa7/Ndufa3/Ndufc1/Tubb4b/Ndufa11/Cyc1/Psmc3/Psmc1/Ndufa12/Polr2l",11
"mmu05014","Human Diseases","Neurodegenerative disease","mmu05014","Amyotrophic lateral sclerosis - Mus musculus (house mouse)","12/103","375/9717",0.000587795316661568,0.0138131899415468,0.0125293212235755,"Uqcr10/Ndufa7/Ndufa3/Ndufc1/Tubb4b/Ndufa11/Cyc1/Psmc3/Chchd10/Psmc1/Sec13/Ndufa12",12
"mmu00910","Metabolism","Energy metabolism","mmu00910","Nitrogen metabolism - Mus musculus (house mouse)","3/103","17/9717",0.000706016905477728,0.0147479086922014,0.013377162419578,"Car1/Car2/Car4",3
"mmu04714","Organismal Systems","Environmental adaptation","mmu04714","Thermogenesis - Mus musculus (house mouse)","9/103","238/9717",0.00092558786018111,0.0174010517714049,0.0157837087736147,"Atp5mf/Uqcr10/Atp5me/Ndufa7/Ndufa3/Ndufc1/Ndufa11/Cyc1/Ndufa12",9
"mmu03010","Genetic Information Processing","Translation","mmu03010","Ribosome - Mus musculus (house mouse)","9/103","265/9717",0.00195456079049509,0.0328717708224082,0.0298164998501127,"Rps8/Uba52/Rps12/Rpl31/Mrps18c/Rpl36a/Rpl17-ps8/Rps7/Mrpl2",9
"mmu05415","Human Diseases","Cardiovascular disease","mmu05415","Diabetic cardiomyopathy - Mus musculus (house mouse)","8/103","217/9717",0.00209819813760053,0.0328717708224082,0.0298164998501127,"Uqcr10/Ndufa7/Ndufa3/Ndufc1/Rac2/Ndufa11/Cyc1/Ndufa12",8
"mmu05010","Human Diseases","Neurodegenerative disease","mmu05010","Alzheimer disease - Mus musculus (house mouse)","11/103","389/9717",0.00268341331523221,0.036711150154776,0.0332990275760006,"Uqcr10/Ndufa7/Ndufa3/Ndufc1/Tubb4b/Ndufa11/Cyc1/Psmc3/Psmc1/Ndufa12/Calml4",11
"mmu05171","Human Diseases","Infectious disease: viral","mmu05171","Coronavirus disease - COVID-19 - Mus musculus (house mouse)","10/103","334/9717",0.00278920890666422,0.036711150154776,0.0332990275760006,"Rps8/Uba52/Rps12/Rpl31/Rpl36a/Rpl17-ps8/Isg15/Rps7/Oas1g/Oas1a",10
"mmu05208","Human Diseases","Cancer: overview","mmu05208","Chemical carcinogenesis - reactive oxygen species - Mus musculus (house mouse)","8/103","229/9717",0.00292908112937042,0.036711150154776,0.0332990275760006,"Uqcr10/Ndufa7/Ndufa3/Ndufc1/Ndufa11/Cyc1/Mgst3/Ndufa12",8
