"","category","subcategory","ID","Description","GeneRatio","BgRatio","pvalue","p.adjust","qvalue","geneID","Count"
"mmu04110","Cellular Processes","Cell growth and death","mmu04110","Cell cycle - Mus musculus (house mouse)","19/261","157/9717",3.73736986795121e-08,1.03898882329044e-05,8.81232474127443e-06,"Ccnd2/Cdc20/E2f2/Cdkn1c/Plk1/Ccna2/Ccnb1/Pttg1/Ccnb2/Mcm7/Bub1b/Esco2/Fzr1/Cdc25c/Cdt1/Trip13/E2f1/Cdc6/Cdkn2d",19
"mmu01230","Metabolism","Global and overview maps","mmu01230","Biosynthesis of amino acids - Mus musculus (house mouse)","12/261","79/9717",1.13269431776684e-06,0.000157444510169591,0.000133538698515669,"Pkm/Gapdh/Idh1/Eno1/Psat1/Pfkp/Arg2/Shmt2/Got1/Acy1/Eno3/Phgdh",12
"mmu05322","Human Diseases","Immune disease","mmu05322","Systemic lupus erythematosus - Mus musculus (house mouse)","15/261","150/9717",1.16019578386013e-05,0.00107511475971039,0.000911873177490066,"C3/H2-Ab1/H2-Eb1/H2-Aa/H3c3/H4c16/H3c6/H2ac24/H2ac8/H2ac20/H2bc18/C1qa/H3c7/H4c4/H2ac18",15
"mmu01200","Metabolism","Global and overview maps","mmu01200","Carbon metabolism - Mus musculus (house mouse)","13/261","122/9717",2.27279978431797e-05,0.00157959585010099,0.00133975566233481,"Pkm/Gapdh/Idh1/Hk2/Eno1/Psat1/Pfkp/Shmt2/Got1/Eno3/Phgdh/G6pdx/Me1",13
"mmu04613","Organismal Systems","Immune system","mmu04613","Neutrophil extracellular trap formation - Mus musculus (house mouse)","17/261","209/9717",4.61820841689461e-05,0.0025677238797934,0.00217784986396714,"Cyba/C3/Gsdmd/Ncf4/H3c3/H4c16/H3c6/Padi4/Slc25a4/H2ac24/H2ac8/H2ac20/H2bc18/H3c7/Tlr2/H4c4/H2ac18",17
"mmu05140","Human Diseases","Infectious disease: parasitic","mmu05140","Leishmaniasis - Mus musculus (house mouse)","9/261","70/9717",9.84251502362297e-05,0.00423435886584173,0.00359142895096004,"Cyba/C3/H2-Ab1/H2-Eb1/Nos2/H2-Aa/Ncf4/Il1b/Tlr2",9
"mmu05323","Human Diseases","Immune disease","mmu05323","Rheumatoid arthritis - Mus musculus (house mouse)","10/261","87/9717",0.000106620546981626,0.00423435886584173,0.00359142895096004,"H2-Ab1/H2-Eb1/H2-Aa/Il18/Icam1/Cxcl2/Cxcl5/Il1b/Tlr2/Tcirg1",10
"mmu00480","Metabolism","Metabolism of other amino acids","mmu00480","Glutathione metabolism - Mus musculus (house mouse)","9/261","73/9717",0.000136979878937158,0.00476005079306622,0.00403730169498991,"Gpx2/Prdx6/Idh1/Gstp3/Rrm2/Gpx3/Mgst1/Gsta4/G6pdx",9
"mmu00360","Metabolism","Amino acid metabolism","mmu00360","Phenylalanine metabolism - Mus musculus (house mouse)","5/261","21/9717",0.000192364410560228,0.00594192290397148,0.00503972256906328,"Mif/Tat/Aldh3b1/Maoa/Got1",5
"mmu00010","Metabolism","Carbohydrate metabolism","mmu00010","Glycolysis / Gluconeogenesis - Mus musculus (house mouse)","8/261","67/9717",0.000402740190785041,0.0111961773038241,0.00949618976166834,"Pkm/Gapdh/Hk2/Eno1/Pfkp/Aldh3b1/Eno3/Aldh7a1",8
"mmu00983","Metabolism","Xenobiotics biodegradation and metabolism","mmu00983","Drug metabolism - other enzymes - Mus musculus (house mouse)","9/261","95/9717",0.000992873030308954,0.0250926093114445,0.0212826372047087,"Upp1/Ces2c/Ces2e/Gstp3/Tk1/Rrm2/Mgst1/Gsta4/Xdh",9
"mmu05152","Human Diseases","Infectious disease: bacterial","mmu05152","Tuberculosis - Mus musculus (house mouse)","13/261","180/9717",0.00111600639474737,0.0258541481449806,0.0219285467038079,"Cd74/C3/H2-Ab1/H2-Eb1/Lbp/Nos2/H2-Aa/Il18/Fcer1g/Il1b/Tlr2/Tlr1/Tcirg1",13
"mmu00052","Metabolism","Carbohydrate metabolism","mmu00052","Galactose metabolism - Mus musculus (house mouse)","5/261","32/9717",0.00149556535898509,0.0319820899844504,0.0271260437581101,"Akr1b8/Hk2/B4galt1/Pfkp/Akr1b10",5
"mmu00220","Metabolism","Amino acid metabolism","mmu00220","Arginine biosynthesis - Mus musculus (house mouse)","4/261","20/9717",0.00175486541397353,0.0348466132203316,0.0295556280248174,"Nos2/Arg2/Got1/Acy1",4
"mmu05230","Human Diseases","Cancer: overview","mmu05230","Central carbon metabolism in cancer - Mus musculus (house mouse)","7/261","69/9717",0.00242687507056494,0.0445796056386492,0.0378107976639811,"Pkm/Idh1/Hk2/Pfkp/Slc16a3/Tigar/G6pdx",7
"mmu00051","Metabolism","Carbohydrate metabolism","mmu00051","Fructose and mannose metabolism - Mus musculus (house mouse)","5/261","36/9717",0.00256573269862729,0.0445796056386492,0.0378107976639811,"Akr1b8/Hk2/Pfkp/Tigar/Akr1b10",5
"mmu00330","Metabolism","Amino acid metabolism","mmu00330","Arginine and proline metabolism - Mus musculus (house mouse)","6/261","54/9717",0.00310820993373595,0.0477681761447192,0.0405152270216475,"Nos2/Arg2/Maoa/Got1/Ckb/Aldh7a1",6
"mmu04978","Organismal Systems","Digestive system","mmu04978","Mineral absorption - Mus musculus (house mouse)","6/261","55/9717",0.00341196569818468,0.0477681761447192,0.0405152270216475,"Slc39a4/Slc26a3/Trpm6/Trf/Slc9a3/Slc34a1",6
"mmu04914","Organismal Systems","Endocrine system","mmu04914","Progesterone-mediated oocyte maturation - Mus musculus (house mouse)","8/261","93/9717",0.00345760754023403,0.0477681761447192,0.0405152270216475,"Plk1/Ccna2/Ccnb1/Ccnb2/Fzr1/Cdc25c/Aurka/Kif22",8
"mmu04640","Organismal Systems","Immune system","mmu04640","Hematopoietic cell lineage - Mus musculus (house mouse)","8/261","94/9717",0.00369366883129803,0.0477681761447192,0.0405152270216475,"H2-Ab1/H2-Eb1/H2-Aa/Cd38/Tfrc/Itga3/Il3ra/Il1b",8
"mmu04066","Environmental Information Processing","Signal transduction","mmu04066","HIF-1 signaling pathway - Mus musculus (house mouse)","9/261","116/9717",0.003959492455588,0.0477681761447192,0.0405152270216475,"Gapdh/Nos2/Hk2/Tfrc/Eno1/Egln3/Trf/Pfkp/Eno3",9
"mmu00260","Metabolism","Amino acid metabolism","mmu00260","Glycine, serine and threonine metabolism - Mus musculus (house mouse)","5/261","40/9717",0.00410481936712061,0.0477681761447192,0.0405152270216475,"Psat1/Maoa/Shmt2/Phgdh/Aldh7a1",5
"mmu00350","Metabolism","Amino acid metabolism","mmu00350","Tyrosine metabolism - Mus musculus (house mouse)","5/261","40/9717",0.00410481936712061,0.0477681761447192,0.0405152270216475,"Mif/Tat/Aldh3b1/Maoa/Got1",5
"mmu05310","Human Diseases","Immune disease","mmu05310","Asthma - Mus musculus (house mouse)","4/261","25/9717",0.00412387132184626,0.0477681761447192,0.0405152270216475,"H2-Ab1/H2-Eb1/H2-Aa/Fcer1g",4
