"","category","subcategory","ID","Description","GeneRatio","BgRatio","pvalue","p.adjust","qvalue","geneID","Count"
"mmu05208","Human Diseases","Cancer: overview","mmu05208","Chemical carcinogenesis - reactive oxygen species - Mus musculus (house mouse)","17/137","229/9717",2.02221107776953e-08,4.16263000326207e-06,3.57224219261129e-06,"Fos/Mgst3/Ndufa3/Ndufa6/Atp5f1d/Ndufa7/Lpo/Jun/Uqcr10/Akr1a1/Ndufa12/Cyc1/Atp5mc1/Cox7a1/Sdhc/Mgst1/Ndufb4",17
"mmu05171","Human Diseases","Infectious disease: viral","mmu05171","Coronavirus disease - COVID-19 - Mus musculus (house mouse)","20/137","334/9717",4.00589423278559e-08,4.16263000326207e-06,3.57224219261129e-06,"Fos/Rps8/Uba52/Rpl37/Rpl14/Isg15/Rpl17-ps8/Rps26/Jun/Rps12/Rpl23a/Rpl36a/Rpl31/Oas1a/Casp1/Ifih1/Rpl13a/C1qa/C1qc/Rps27",20
"mmu05012","Human Diseases","Neurodegenerative disease","mmu05012","Parkinson disease - Mus musculus (house mouse)","18/137","274/9717",5.01521687140008e-08,4.16263000326207e-06,3.57224219261129e-06,"Uba52/Ndufa3/Dusp1/Ndufa6/Atp5f1d/Ndufa7/Uqcr10/Calml4/Ndufa12/Cyc1/Psmc1/Atp5mc1/Maoa/Cox7a1/Psmd12/Sdhc/Tuba4a/Ndufb4",18
"mmu05020","Human Diseases","Neurodegenerative disease","mmu05020","Prion disease - Mus musculus (house mouse)","17/137","273/9717",2.62669931673645e-07,1.63512032466844e-05,1.40321042446711e-05,"Ndufa3/Ndufa6/Atp5f1d/Ndufa7/Egr1/Uqcr10/Ndufa12/Cyc1/Psmc1/Atp5mc1/C1qa/Cox7a1/Psmd12/C1qc/Sdhc/Tuba4a/Ndufb4",17
"mmu00010","Metabolism","Carbohydrate metabolism","mmu00010","Glycolysis / Gluconeogenesis - Mus musculus (house mouse)","9/137","67/9717",3.61702105908248e-07,1.80127648742308e-05,1.5458005789342e-05,"Ldha/Tpi1/Pkm/Akr1a1/Fbp2/Aldh2/Eno3/Gpi1/Adh1",9
"mmu00190","Metabolism","Energy metabolism","mmu00190","Oxidative phosphorylation - Mus musculus (house mouse)","12/137","141/9717",6.43075784797338e-07,2.66876450690895e-05,2.2902523563835e-05,"Ndufa3/Ndufa6/Atp5me/Atp5f1d/Ndufa7/Uqcr10/Ndufa12/Cyc1/Atp5mc1/Cox7a1/Sdhc/Ndufb4",12
"mmu00920","Metabolism","Energy metabolism","mmu00920","Sulfur metabolism - Mus musculus (house mouse)","4/137","11/9717",1.15585616021075e-05,0.000411154548417825,0.000352840301538019,"Selenbp1/Ethe1/Sqor/Tst",4
"mmu04932","Human Diseases","Endocrine and metabolic disease","mmu04932","Non-alcoholic fatty liver disease - Mus musculus (house mouse)","11/137","162/9717",1.70661962640954e-05,0.00052553965176504,0.000451002110793926,"Fos/Ndufa3/Ndufa6/Ndufa7/Jun/Uqcr10/Ndufa12/Cyc1/Cox7a1/Sdhc/Ndufb4",11
"mmu05014","Human Diseases","Neurodegenerative disease","mmu05014","Amyotrophic lateral sclerosis - Mus musculus (house mouse)","17/137","375/9717",1.97298997173576e-05,0.00052553965176504,0.000451002110793926,"Ndufa3/Ndufa6/Actg1/Atp5f1d/Ndufa7/Uqcr10/Casp1/Ndufa12/Cyc1/Psmc1/Dctn6/Atp5mc1/Cox7a1/Psmd12/Sdhc/Tuba4a/Ndufb4",17
"mmu03010","Genetic Information Processing","Translation","mmu03010","Ribosome - Mus musculus (house mouse)","14/137","265/9717",2.11060101110458e-05,0.00052553965176504,0.000451002110793926,"Rps8/Uba52/Rpl37/Rpl14/Rpl17-ps8/Rps26/Rps12/Rpl23a/Rpl36a/Rpl31/Rpl13a/Mrps6/Mrpl15/Rps27",14
"mmu05016","Human Diseases","Neurodegenerative disease","mmu05016","Huntington disease - Mus musculus (house mouse)","15/137","308/9717",2.75511595577385e-05,0.000612697663973415,0.000525798460311153,"Ndufa3/Ndufa6/Atp5f1d/Ndufa7/Uqcr10/Ndufa12/Cyc1/Psmc1/Dctn6/Atp5mc1/Cox7a1/Psmd12/Sdhc/Tuba4a/Ndufb4",15
"mmu04714","Organismal Systems","Environmental adaptation","mmu04714","Thermogenesis - Mus musculus (house mouse)","13/137","238/9717",2.98076671176272e-05,0.000612697663973415,0.000525798460311153,"Ndufa3/Ndufa6/Atp5me/Actg1/Atp5f1d/Ndufa7/Uqcr10/Ndufa12/Cyc1/Atp5mc1/Cox7a1/Sdhc/Ndufb4",13
"mmu00620","Metabolism","Carbohydrate metabolism","mmu00620","Pyruvate metabolism - Mus musculus (house mouse)","6/137","44/9717",3.19882314524273e-05,0.000612697663973415,0.000525798460311153,"Ldha/Pkm/Akr1a1/Aldh2/Mdh2/Adh1",6
"mmu01200","Metabolism","Global and overview maps","mmu01200","Carbon metabolism - Mus musculus (house mouse)","9/137","122/9717",5.36303922412635e-05,0.0009538548334339,0.000818569144735074,"Tpi1/Pkm/Fbp2/Acads/Eno3/Gpi1/Mdh2/Cs/Sdhc",9
"mmu05010","Human Diseases","Neurodegenerative disease","mmu05010","Alzheimer disease - Mus musculus (house mouse)","16/137","389/9717",0.000112083175307167,0.00186058071009898,0.00159669365525298,"Ndufa3/Ndufa6/Apoe/Atp5f1d/Ndufa7/Uqcr10/Calml4/Ndufa12/Cyc1/Psmc1/Atp5mc1/Cox7a1/Psmd12/Sdhc/Tuba4a/Ndufb4",16
"mmu05415","Human Diseases","Cardiovascular disease","mmu05415","Diabetic cardiomyopathy - Mus musculus (house mouse)","11/137","217/9717",0.000240834720105921,0.0037479903316484,0.0032164110645725,"Ndufa3/Ndufa6/Atp5f1d/Ndufa7/Uqcr10/Ndufa12/Cyc1/Atp5mc1/Cox7a1/Sdhc/Ndufb4",11
"mmu05022","Human Diseases","Neurodegenerative disease","mmu05022","Pathways of neurodegeneration - multiple diseases - Mus musculus (house mouse)","17/137","481/9717",0.000413871402001359,0.00606199877049049,0.00520222257623999,"Uba52/Ndufa3/Ndufa6/Atp5f1d/Ndufa7/Uqcr10/Calml4/Ndufa12/Cyc1/Psmc1/Dctn6/Atp5mc1/Cox7a1/Psmd12/Sdhc/Tuba4a/Ndufb4",17
"mmu05133","Human Diseases","Infectious disease: bacterial","mmu05133","Pertussis - Mus musculus (house mouse)","6/137","77/9717",0.000734580905745894,0.0101617025294849,0.00872046338400097,"Fos/Jun/Calml4/Casp1/C1qa/C1qc",6
"mmu00071","Metabolism","Lipid metabolism","mmu00071","Fatty acid degradation - Mus musculus (house mouse)","5/137","52/9717",0.000790655849054184,0.0103617529691838,0.00889214057385038,"Acads/Aldh2/Hadha/Acadl/Adh1",5
"mmu05418","Human Diseases","Cardiovascular disease","mmu05418","Fluid shear stress and atherosclerosis - Mus musculus (house mouse)","8/137","148/9717",0.00114472450351866,0.0142518200688073,0.0122304775902257,"Fos/Mgst3/Dusp1/Actg1/Jun/Klf2/Calml4/Mgst1",8
"mmu00910","Metabolism","Energy metabolism","mmu00910","Nitrogen metabolism - Mus musculus (house mouse)","3/137","17/9717",0.00161311312992763,0.0191269128262847,0.0164141336027723,"Car1/Car4/Car2",3
