"","category","subcategory","ID","Description","GeneRatio","BgRatio","pvalue","p.adjust","qvalue","geneID","Count"
"mmu05208","Human Diseases","Cancer: overview","mmu05208","Chemical carcinogenesis - reactive oxygen species - Mus musculus (house mouse)","20/154","229/9717",4.75450468986034e-10,8.11660347618829e-08,6.49998379517246e-08,"Cox4i1/Cox7b/Cox6c/Mgst3/Mgst1/Cox6a1/Uqcrb/Cox7c/Uqcr10/Uqcr11/Mapk13/Ndufc1/Lpo/Ndufa7/Gsta4/Cyc1/Ndufb6/Ndufa9/Gstm1/Slc26a2",20
"mmu00190","Metabolism","Energy metabolism","mmu00190","Oxidative phosphorylation - Mus musculus (house mouse)","16/154","141/9717",6.36596351073591e-10,8.11660347618829e-08,6.49998379517246e-08,"Cox4i1/Cox7b/Cox6c/Cox6a1/Uqcrb/Cox7c/Uqcr10/Uqcr11/Atp5me/Cycs/Ndufc1/Ndufa7/Cyc1/Ppa1/Ndufb6/Ndufa9",16
"mmu04260","Organismal Systems","Circulatory system","mmu04260","Cardiac muscle contraction - Mus musculus (house mouse)","12/154","89/9717",1.35647208876572e-08,1.15300127545086e-06,9.23352930598418e-07,"Cox4i1/Cox7b/Atp1b1/Cox6c/Cox6a1/Uqcrb/Cox7c/Uqcr10/Uqcr11/Atp1a1/Cyc1/Tpm1",12
"mmu04932","Human Diseases","Endocrine and metabolic disease","mmu04932","Non-alcoholic fatty liver disease - Mus musculus (house mouse)","15/154","162/9717",3.70537841827244e-08,2.36217874164868e-06,1.89169319248646e-06,"Cox4i1/Cox7b/Cox6c/Cox6a1/Uqcrb/Cox7c/Uqcr10/Uqcr11/Mapk13/Cycs/Ndufc1/Ndufa7/Cyc1/Ndufb6/Ndufa9",15
"mmu00920","Metabolism","Energy metabolism","mmu00920","Sulfur metabolism - Mus musculus (house mouse)","5/154","11/9717",4.00909776991063e-07,2.04463986265442e-05,1.63739993128981e-05,"Sqor/Selenbp1/Ethe1/Tst/Papss2",5
"mmu04714","Organismal Systems","Environmental adaptation","mmu04714","Thermogenesis - Mus musculus (house mouse)","16/154","238/9717",1.07052160325333e-06,4.54971681382663e-05,3.64352966721307e-05,"Cox4i1/Cox7b/Cox6c/Cox6a1/Uqcrb/Cox7c/Uqcr10/Uqcr11/Atp5me/Mapk13/Gcg/Ndufc1/Ndufa7/Cyc1/Ndufb6/Ndufa9",16
"mmu05012","Human Diseases","Neurodegenerative disease","mmu05012","Parkinson disease - Mus musculus (house mouse)","17/154","274/9717",1.47931548509101e-06,5.33068545184699e-05,4.26894934017881e-05,"Txn1/Cox4i1/Cox7b/Cox6c/Cox6a1/Uqcrb/Maoa/Cox7c/Uqcr10/Uqcr11/Calml4/Cycs/Ndufc1/Ndufa7/Cyc1/Ndufb6/Ndufa9",17
"mmu05415","Human Diseases","Cardiovascular disease","mmu05415","Diabetic cardiomyopathy - Mus musculus (house mouse)","15/154","217/9717",1.6723719064618e-06,5.33068545184699e-05,4.26894934017881e-05,"Cox4i1/Cox7b/Cox6c/Cox6a1/Uqcrb/Cox7c/Uqcr10/Uqcr11/Mapk13/Ndufc1/Ndufa7/Cyc1/Ndufb6/Gfpt1/Ndufa9",15
"mmu00983","Metabolism","Xenobiotics biodegradation and metabolism","mmu00983","Drug metabolism - other enzymes - Mus musculus (house mouse)","9/154","95/9717",1.83564996694258e-05,0.000520100823967064,0.000416510050978784,"Mgst3/Mgst1/Upp1/Ces2e/Ugt2b34/Gsta4/Ces2c/Nme7/Gstm1",9
"mmu05020","Human Diseases","Neurodegenerative disease","mmu05020","Prion disease - Mus musculus (house mouse)","15/154","273/9717",2.70728202587409e-05,0.000690356916597892,0.000552855487389024,"Cox4i1/Cox7b/Cox6c/Cox6a1/Uqcrb/Cox7c/Uqcr10/Uqcr11/Mapk13/Cycs/Ndufc1/Ndufa7/Cyc1/Ndufb6/Ndufa9",15
"mmu05014","Human Diseases","Neurodegenerative disease","mmu05014","Amyotrophic lateral sclerosis - Mus musculus (house mouse)","17/154","375/9717",8.91197268509864e-05,0.00206595730427287,0.00165447148412358,"Cox4i1/Gpx2/Cox7b/Chchd10/Cox6c/Cox6a1/Uqcrb/Cox7c/Uqcr10/Uqcr11/Mapk13/Cycs/Ndufc1/Ndufa7/Cyc1/Ndufb6/Ndufa9",17
"mmu05016","Human Diseases","Neurodegenerative disease","mmu05016","Huntington disease - Mus musculus (house mouse)","15/154","308/9717",0.000107358841690944,0.00228137538593257,0.00182698379719677,"Cox4i1/Gpx2/Cox7b/Cox6c/Cox6a1/Uqcrb/Cox7c/Uqcr10/Uqcr11/Cycs/Ndufc1/Ndufa7/Cyc1/Ndufb6/Ndufa9",15
"mmu05152","Human Diseases","Infectious disease: bacterial","mmu05152","Tuberculosis - Mus musculus (house mouse)","11/154","180/9717",0.000131281464170036,0.00236589497300148,0.00189466924566476,"Cd74/Il18/H2-Aa/Calml4/Mapk13/Cycs/H2-Ea/H2-Eb1/Cd14/H2-Ab1/Ifngr2",11
"mmu00982","Metabolism","Xenobiotics biodegradation and metabolism","mmu00982","Drug metabolism - cytochrome P450 - Mus musculus (house mouse)","7/154","72/9717",0.000136210286865275,0.00236589497300148,0.00189466924566476,"Mgst3/Mgst1/Adh1/Maoa/Ugt2b34/Gsta4/Gstm1",7
"mmu05010","Human Diseases","Neurodegenerative disease","mmu05010","Alzheimer disease - Mus musculus (house mouse)","17/154","389/9717",0.000139170292529499,0.00236589497300148,0.00189466924566476,"Cox4i1/Cox7b/Cox6c/Cox6a1/Uqcrb/Cox7c/Uqcr10/Uqcr11/Calml4/Cycs/Apoe/Ndufc1/App/Ndufa7/Cyc1/Ndufb6/Ndufa9",17
"mmu00480","Metabolism","Metabolism of other amino acids","mmu00480","Glutathione metabolism - Mus musculus (house mouse)","7/154","73/9717",0.000148679474058681,0.00236957911781023,0.00189761960311738,"Gpx2/Mgst3/Mgst1/Gsta4/Idh1/Gstm1/Lap3",7
"mmu04960","Organismal Systems","Excretory system","mmu04960","Aldosterone-regulated sodium reabsorption - Mus musculus (house mouse)","5/154","38/9717",0.000308336596208824,0.00462504894313236,0.00370385756436606,"Atp1b1/Hsd11b2/Atp1a1/Fxyd4/Sfn",5
"mmu05321","Human Diseases","Immune disease","mmu05321","Inflammatory bowel disease - Mus musculus (house mouse)","6/154","62/9717",0.00042507028535481,0.00594919349794682,0.00476426641321644,"Il18/H2-Aa/H2-Ea/H2-Eb1/H2-Ab1/Ifngr2",6
"mmu04970","Organismal Systems","Digestive system","mmu04970","Salivary secretion - Mus musculus (house mouse)","7/154","87/9717",0.000443273241023488,0.00594919349794682,0.00476426641321644,"Dmbt1/Atp1b1/Calml4/Atp1a1/Lyz2/Lpo/Slc12a2",7
"mmu04972","Organismal Systems","Digestive system","mmu04972","Pancreatic secretion - Mus musculus (house mouse)","8/154","115/9717",0.000468383193417935,0.00597188571607867,0.00478243892226733,"Pla2g2a/Atp1b1/Clca4b/Slc26a3/Clca3b/Atp1a1/Pla2g10/Slc12a2",8
"mmu04672","Organismal Systems","Immune system","mmu04672","Intestinal immune network for IgA production - Mus musculus (house mouse)","5/154","43/9717",0.000554845659331345,0.00656456357193834,0.00525707051787838,"Pigr/H2-Aa/H2-Ea/H2-Eb1/H2-Ab1",5
"mmu05022","Human Diseases","Neurodegenerative disease","mmu05022","Pathways of neurodegeneration - multiple diseases - Mus musculus (house mouse)","18/154","481/9717",0.000588453009101718,0.00656456357193834,0.00525707051787838,"Cox4i1/Gpx2/Cox7b/Cox6c/Cox6a1/Uqcrb/Cox7c/Uqcr10/Uqcr11/Calml4/Mapk13/Cycs/Ndufc1/App/Ndufa7/Cyc1/Ndufb6/Ndufa9",18
"mmu05310","Human Diseases","Immune disease","mmu05310","Asthma - Mus musculus (house mouse)","4/154","25/9717",0.000592097890802282,0.00656456357193834,0.00525707051787838,"H2-Aa/H2-Ea/H2-Eb1/H2-Ab1",4
"mmu05140","Human Diseases","Infectious disease: parasitic","mmu05140","Leishmaniasis - Mus musculus (house mouse)","6/154","70/9717",0.000817167754957396,0.00868240739642234,0.00695309405533925,"H2-Aa/Mapk13/H2-Ea/H2-Eb1/H2-Ab1/Ifngr2",6
"mmu00980","Metabolism","Xenobiotics biodegradation and metabolism","mmu00980","Metabolism of xenobiotics by cytochrome P450 - Mus musculus (house mouse)","6/154","76/9717",0.00126057493502839,0.0128578643372896,0.0102969068377056,"Mgst3/Mgst1/Adh1/Ugt2b34/Gsta4/Gstm1",6
"mmu05145","Human Diseases","Infectious disease: parasitic","mmu05145","Toxoplasmosis - Mus musculus (house mouse)","7/154","109/9717",0.0016924258370741,0.0156810721313547,0.0125578038946659,"H2-Aa/Mapk13/Cycs/H2-Ea/H2-Eb1/H2-Ab1/Ifngr2",7
"mmu05164","Human Diseases","Infectious disease: viral","mmu05164","Influenza A - Mus musculus (house mouse)","9/154","173/9717",0.00169815110846371,0.0156810721313547,0.0125578038946659,"Il18/H2-Aa/Cycs/H2-Ea/H2-Eb1/Tmprss4/H2-Ab1/Ifngr2/Rnasel",9
"mmu04978","Organismal Systems","Digestive system","mmu04978","Mineral absorption - Mus musculus (house mouse)","5/154","55/9717",0.00172184321442326,0.0156810721313547,0.0125578038946659,"Mt1/Atp1b1/Slc26a3/Mt2/Atp1a1",5
"mmu05418","Human Diseases","Cardiovascular disease","mmu05418","Fluid shear stress and atherosclerosis - Mus musculus (house mouse)","8/154","148/9717",0.00240619797169737,0.0208725252319153,0.0167152524045059,"Txn1/Mgst3/Mgst1/Calml4/Mapk13/Gsta4/Sdc4/Gstm1",8
"mmu05323","Human Diseases","Immune disease","mmu05323","Rheumatoid arthritis - Mus musculus (house mouse)","6/154","87/9717",0.0025256253488994,0.0208725252319153,0.0167152524045059,"Il18/H2-Aa/H2-Ea/H2-Eb1/Cxcl2/H2-Ab1",6
"mmu05134","Human Diseases","Infectious disease: bacterial","mmu05134","Legionellosis - Mus musculus (house mouse)","5/154","60/9717",0.0025374442438799,0.0208725252319153,0.0167152524045059,"Il18/Cycs/Cd14/Naip1/Cxcl2",5
"mmu04658","Organismal Systems","Immune system","mmu04658","Th1 and Th2 cell differentiation - Mus musculus (house mouse)","6/154","88/9717",0.0026756508992898,0.0213215931037156,0.0170748774494152,"H2-Aa/Mapk13/H2-Ea/H2-Eb1/H2-Ab1/Ifngr2",6
"mmu03320","Organismal Systems","Endocrine system","mmu03320","PPAR signaling pathway - Mus musculus (house mouse)","6/154","89/9717",0.00283226929403122,0.0218857172720594,0.0175266425212777,"Dbi/Hmgcs2/Scd2/Fabp6/Fabp2/Fads2",6
"mmu05204","Human Diseases","Cancer: overview","mmu05204","Chemical carcinogenesis - DNA adducts - Mus musculus (house mouse)","6/154","90/9717",0.00299565939632617,0.0224674454724462,0.0179925053525473,"Mgst3/Mgst1/Sult1a1/Ugt2b34/Gsta4/Gstm1",6
"mmu04640","Organismal Systems","Immune system","mmu04640","Hematopoietic cell lineage - Mus musculus (house mouse)","6/154","94/9717",0.00372054684640324,0.0271068413095093,0.0217078522767587,"H2-Aa/H2-Ea/H2-Eb1/Cd14/Cd9/H2-Ab1",6
"mmu05150","Human Diseases","Infectious disease: bacterial","mmu05150","Staphylococcus aureus infection - Mus musculus (house mouse)","7/154","128/9717",0.00418587765669818,0.0296499667349454,0.0237444522046622,"Krt19/Krt18/H2-Aa/H2-Ea/Krt20/H2-Eb1/H2-Ab1",7
"mmu04975","Organismal Systems","Digestive system","mmu04975","Fat digestion and absorption - Mus musculus (house mouse)","4/154","43/9717",0.0046323202220968,0.0319254501793158,0.0255667175842611,"Pla2g2a/Fabp2/Pla2g10/Plpp2",4
"mmu04964","Organismal Systems","Excretory system","mmu04964","Proximal tubule bicarbonate reclamation - Mus musculus (house mouse)","3/154","22/9717",0.00481922120814027,0.032339510738836,0.0258983078775405,"Car4/Atp1b1/Atp1a1",3
"mmu04976","Organismal Systems","Digestive system","mmu04976","Bile secretion - Mus musculus (house mouse)","6/154","101/9717",0.00529184570225092,0.0346005295916406,0.0277089896420156,"Atp1b1/Aqp4/Slc51b/Atp1a1/Aqp8/Ugt2b34",6
"mmu04659","Organismal Systems","Immune system","mmu04659","Th17 cell differentiation - Mus musculus (house mouse)","6/154","105/9717",0.00638298847420017,0.0406915515230261,0.0325868358946009,"H2-Aa/Mapk13/H2-Ea/H2-Eb1/H2-Ab1/Ifngr2",6
"mmu00592","Metabolism","Lipid metabolism","mmu00592","alpha-Linolenic acid metabolism - Mus musculus (house mouse)","3/154","25/9717",0.00695230111072997,0.0428755991982638,0.0343358771701266,"Pla2g2a/Pla2g10/Fads2",3
"mmu04936","Human Diseases","Endocrine and metabolic disease","mmu04936","Alcoholic liver disease - Mus musculus (house mouse)","7/154","141/9717",0.0070618633973611,0.0428755991982638,0.0343358771701266,"Adh1/Mapk13/Scd2/Cd14/Aldh2/Cxcl2/Tcf7l2",7
