"","category","subcategory","ID","Description","GeneRatio","BgRatio","pvalue","p.adjust","qvalue","geneID","Count"
"mmu05171","Human Diseases","Infectious disease: viral","mmu05171","Coronavirus disease - COVID-19 - Mus musculus (house mouse)","14/80","334/9717",4.73293832000009e-07,0.000106491112200002,8.32000736252647e-05,"Uba52/Rpl37/Rpl9/Nfkbia/Rpl31/Csf2/Cxcl10/Jun/Rps27/Rpl17-ps8/Fos/Rpl36a/Rps7/Isg15",14
"mmu05167","Human Diseases","Infectious disease: viral","mmu05167","Kaposi sarcoma-associated herpesvirus infection - Mus musculus (house mouse)","10/80","223/9717",1.3388004196586e-05,0.00150615047211592,0.00117673510569992,"Uba52/Nfkbia/Irf7/Myc/Csf2/Jun/Fos/Zfp36/Icam1/Gng12",10
"mmu04650","Organismal Systems","Immune system","mmu04650","Natural killer cell mediated cytotoxicity - Mus musculus (house mouse)","7/80","122/9717",6.15649926176276e-05,0.00461737444632207,0.00360749254987502,"Fcer1g/Csf2/Ncr1/Tyrobp/Klra3/Icam1/Lat2",7
"mmu04657","Organismal Systems","Immune system","mmu04657","IL-17 signaling pathway - Mus musculus (house mouse)","6/80","93/9717",0.00011110178182645,0.00624947522773783,0.00488263093816242,"Fosb/Nfkbia/Csf2/Cxcl10/Jun/Fos",6
"mmu05418","Human Diseases","Cardiovascular disease","mmu05418","Fluid shear stress and atherosclerosis - Mus musculus (house mouse)","7/80","148/9717",0.000206979382920315,0.00931407223141415,0.00727695935740895,"Gstp1/Jun/Fos/Sdc4/Mgst1/Icam1/Mgst3",7
"mmu04668","Environmental Information Processing","Signal transduction","mmu04668","TNF signaling pathway - Mus musculus (house mouse)","6/80","118/9717",0.000408096843079841,0.015303631615494,0.0119565215428655,"Nfkbia/Csf2/Cxcl10/Jun/Fos/Icam1",6
"mmu05169","Human Diseases","Infectious disease: viral","mmu05169","Epstein-Barr virus infection - Mus musculus (house mouse)","8/80","228/9717",0.000550565058338142,0.0159395063884775,0.0124533219502959,"Nfkbia/Irf7/Myc/Cxcl10/Jun/Gadd45g/Isg15/Icam1",8
"mmu05208","Human Diseases","Cancer: overview","mmu05208","Chemical carcinogenesis - reactive oxygen species - Mus musculus (house mouse)","8/80","229/9717",0.000566738004923644,0.0159395063884775,0.0124533219502959,"Nfkbia/Jun/Uqcr11/Ndufa3/Fos/Ndufa12/Mgst1/Mgst3",8
"mmu04380","Organismal Systems","Development and regeneration","mmu04380","Osteoclast differentiation - Mus musculus (house mouse)","6/80","136/9717",0.000865724994324948,0.0201616887637568,0.0157520562505141,"Fosb/Nfkbia/Jun/Tyrobp/Fos/Socs1",6
"mmu05166","Human Diseases","Infectious disease: viral","mmu05166","Human T-cell leukemia virus 1 infection - Mus musculus (house mouse)","8/80","247/9717",0.000930221644905446,0.0201616887637568,0.0157520562505141,"Nfkbia/Myc/Csf2/Jun/Fos/Il2ra/Zfp36/Icam1",8
"mmu00330","Metabolism","Amino acid metabolism","mmu00330","Arginine and proline metabolism - Mus musculus (house mouse)","4/80","54/9717",0.000985682561783664,0.0201616887637568,0.0157520562505141,"Smox/Aldh2/Ckmt1/Ckb",4
"mmu05224","Human Diseases","Cancer: specific types","mmu05224","Breast cancer - Mus musculus (house mouse)","6/80","147/9717",0.00129625528315176,0.0243047865590954,0.0189890028321354,"Myc/Jun/Gadd45g/Fos/Kit/Igf1r",6
"mmu03010","Genetic Information Processing","Translation","mmu03010","Ribosome - Mus musculus (house mouse)","8/80","265/9717",0.00146140225505038,0.0252935005681797,0.0197614717889404,"Uba52/Rpl37/Rpl9/Rpl31/Rps27/Rpl17-ps8/Rpl36a/Rps7",8
"mmu04620","Organismal Systems","Immune system","mmu04620","Toll-like receptor signaling pathway - Mus musculus (house mouse)","5/80","104/9717",0.00162328397256802,0.0254040303505368,0.0198478272212381,"Nfkbia/Irf7/Cxcl10/Jun/Fos",5
"mmu04659","Organismal Systems","Immune system","mmu04659","Th17 cell differentiation - Mus musculus (house mouse)","5/80","105/9717",0.00169360202336912,0.0254040303505368,0.0198478272212381,"Nfkbia/Jun/Il22/Fos/Il2ra",5
"mmu05221","Human Diseases","Cancer: specific types","mmu05221","Acute myeloid leukemia - Mus musculus (house mouse)","4/80","70/9717",0.00258743713592698,0.0363858347239732,0.0284277632697241,"Myc/Csf2/Kit/Pim2",4
"mmu04622","Organismal Systems","Immune system","mmu04622","RIG-I-like receptor signaling pathway - Mus musculus (house mouse)","4/80","72/9717",0.00286742900385126,0.0370525953151004,0.0289486943514469,"Nfkbia/Irf7/Cxcl10/Isg15",4
"mmu00480","Metabolism","Metabolism of other amino acids","mmu00480","Glutathione metabolism - Mus musculus (house mouse)","4/80","73/9717",0.00301491565385584,0.0370525953151004,0.0289486943514469,"Gstp1/Gpx2/Mgst1/Mgst3",4
"mmu05225","Human Diseases","Cancer: specific types","mmu05225","Hepatocellular carcinoma - Mus musculus (house mouse)","6/80","175/9717",0.00312888582660848,0.0370525953151004,0.0289486943514469,"Myc/Gstp1/Gadd45g/Igf1r/Mgst1/Mgst3",6
