"","category","subcategory","ID","Description","GeneRatio","BgRatio","pvalue","p.adjust","qvalue","geneID","Count"
"mmu00140","Metabolism","Lipid metabolism","mmu00140","Steroid hormone biosynthesis - Mus musculus (house mouse)","13/233","98/9717",5.48014105256474e-07,0.000138099554524631,0.000121716817062227,"Hsd3b3/Hsd17b2/Sult2b1/Cyp2d34/Akr1c18/Dhrs11/Cyp3a13/Cyp2d9/Cyp2d10/Cyp2c65/Ugt2b5/Cyp2d12/Cyp2d26",13
"mmu04978","Organismal Systems","Digestive system","mmu04978","Mineral absorption - Mus musculus (house mouse)","9/233","55/9717",5.46351506654059e-06,0.000688402898384114,0.00060673772581056,"Slc26a3/Slc40a1/Slc39a4/Clcn2/Trpm6/S100g/Slc9a3/Slc8a1/Trf",9
"mmu00983","Metabolism","Xenobiotics biodegradation and metabolism","mmu00983","Drug metabolism - other enzymes - Mus musculus (house mouse)","11/233","95/9717",1.57842082430768e-05,0.00132587349241845,0.00116858524185586,"Upp1/Mgst3/Mgst1/Ces2c/Ces2e/Gstp1/Cda/Xdh/Nat2/Ugt2b5/Gstp3",11
"mmu05160","Human Diseases","Infectious disease: viral","mmu05160","Hepatitis C - Mus musculus (house mouse)","14/233","167/9717",4.67544111193939e-05,0.00294552790052182,0.00259610019636635,"Irf7/Ifit1bl1/Ifit1/Oas1g/Oas1a/Oas3/Cldn8/Eif2ak2/Rsad2/Nr1h3/Mx1/E2f2/Mx2/Oas1b",14
"mmu05164","Human Diseases","Infectious disease: viral","mmu05164","Influenza A - Mus musculus (house mouse)","14/233","173/9717",6.88395202567128e-05,0.00346951182093833,0.00305792395245609,"Irf7/Oas1g/Oas1a/Il18/Oas3/Ifih1/Eif2ak2/Casp1/Tnfsf10/Rsad2/Mx1/Mx2/Il1b/Oas1b",14
"mmu05171","Human Diseases","Infectious disease: viral","mmu05171","Coronavirus disease - COVID-19 - Mus musculus (house mouse)","20/233","334/9717",0.000150472409125698,0.00631984118327933,0.0055701190044776,"Uba52/Isg15/Rps12/Rpl17-ps8/Oas1g/Oas1a/Oas3/Ifih1/Eif2ak2/Casp1/C1qa/C1qb/C3/C1qc/Rpl21/Cfb/Mx1/Mx2/Il1b/Oas1b",20
"mmu05204","Human Diseases","Cancer: overview","mmu05204","Chemical carcinogenesis - DNA adducts - Mus musculus (house mouse)","9/233","90/9717",0.000293155566316836,0.0105536003874061,0.00930162774328607,"Mgst3/Sult1a1/Mgst1/Gstp1/Cyp3a13/Nat2/Cyp2c65/Ugt2b5/Gstp3",9
"mmu04623","Organismal Systems","Immune system","mmu04623","Cytosolic DNA-sensing pathway - Mus musculus (house mouse)","8/233","82/9717",0.000749795575489549,0.0236185606279208,0.0208166929510914,"Irf7/Zbp1/Il18/Casp1/Samhd1/Mlkl/Ifi202b/Il1b",8
"mmu04726","Organismal Systems","Nervous system","mmu04726","Serotonergic synapse - Mus musculus (house mouse)","10/233","135/9717",0.00148843153081544,0.0411176292052891,0.0362398486312281,"Maoa/Cyp2d34/Cyp2d9/Cyp2d10/Cyp2c65/Ddc/Maob/Cyp2d12/Cyp2d26/Slc6a4",10
"mmu00982","Metabolism","Xenobiotics biodegradation and metabolism","mmu00982","Drug metabolism - cytochrome P450 - Mus musculus (house mouse)","7/233","72/9717",0.00163165195259084,0.0411176292052891,0.0362398486312281,"Mgst3/Maoa/Mgst1/Gstp1/Ugt2b5/Gstp3/Maob",7
"mmu05143","Human Diseases","Infectious disease: parasitic","mmu05143","African trypanosomiasis - Mus musculus (house mouse)","5/233","39/9717",0.0022479445539485,0.0455717795844988,0.0401656035602726,"Il18/Hbb-bs/Hba-a1/Il1b/Hba-a2",5
"mmu05144","Human Diseases","Infectious disease: parasitic","mmu05144","Malaria - Mus musculus (house mouse)","6/233","57/9717",0.00232842996561831,0.0455717795844988,0.0401656035602726,"Il18/Hbb-bs/Lrp1/Hba-a1/Il1b/Hba-a2",6
"mmu05133","Human Diseases","Infectious disease: bacterial","mmu05133","Pertussis - Mus musculus (house mouse)","7/233","77/9717",0.00240801453047897,0.0455717795844988,0.0401656035602726,"Casp1/C1qa/C1qb/C3/C1qc/Serping1/Il1b",7
"mmu05162","Human Diseases","Infectious disease: viral","mmu05162","Measles - Mus musculus (house mouse)","10/233","145/9717",0.00253176553247216,0.0455717795844988,0.0401656035602726,"Irf7/Oas1g/Oas1a/Oas3/Ifih1/Eif2ak2/Mx1/Mx2/Il1b/Oas1b",10
"mmu04976","Organismal Systems","Digestive system","mmu04976","Bile secretion - Mus musculus (house mouse)","8/233","101/9717",0.00288341060585041,0.048441298178287,0.0426947114269781,"Aqp8/Slc51b/Abcg2/Aqp4/Slc9a3/Slc10a2/Slc51a/Ugt2b5",8
