"","category","subcategory","ID","Description","GeneRatio","BgRatio","pvalue","p.adjust","qvalue","geneID","Count"
"mmu04612","Organismal Systems","Immune system","mmu04612","Antigen processing and presentation - Mus musculus (house mouse)","5/51","87/9717",8.70557215247852e-05,0.0089518502584261,0.00744280456268837,"Cd74/Ctsl/H2-Aa/H2-Eb1/H2-Ea",5
"mmu04979","Organismal Systems","Digestive system","mmu04979","Cholesterol metabolism - Mus musculus (house mouse)","4/51","50/9717",0.000129736960267045,0.0089518502584261,0.00744280456268837,"Apoe/Lpl/Angptl4/Apoc1",4
"mmu05310","Human Diseases","Immune disease","mmu05310","Asthma - Mus musculus (house mouse)","3/51","25/9717",0.000288794931490719,0.0132845668485731,0.0110451394850836,"H2-Aa/H2-Eb1/H2-Ea",3
"mmu05323","Human Diseases","Immune disease","mmu05323","Rheumatoid arthritis - Mus musculus (house mouse)","4/51","87/9717",0.00108712446377037,0.032660111216687,0.0271544784334011,"Ctsl/H2-Aa/H2-Eb1/H2-Ea",4
"mmu03320","Organismal Systems","Endocrine system","mmu03320","PPAR signaling pathway - Mus musculus (house mouse)","4/51","89/9717",0.00118333736292344,0.032660111216687,0.0271544784334011,"Fabp4/Lpl/Acadl/Angptl4",4
"mmu04672","Organismal Systems","Immune system","mmu04672","Intestinal immune network for IgA production - Mus musculus (house mouse)","3/51","43/9717",0.00144990105689229,0.0333477243085227,0.0277261781054842,"H2-Aa/H2-Eb1/H2-Ea",3
"mmu04514","Environmental Information Processing","Signaling molecules and interaction","mmu04514","Cell adhesion molecules - Mus musculus (house mouse)","5/51","179/9717",0.00237393139881457,0.0468003618623443,0.0389110560106448,"H2-Aa/H2-Eb1/Sdc4/H2-Ea/Cldn3",5
